Each line represents the best tour of each generation 
0,3,1,7,9,15,17,10,18,26,25,28,16,6,14,24,22,23,19,8,13,11,20,27,21,12,5,2,4,0
0,7,9,15,17,10,18,26,25,28,16,6,14,24,22,23,19,8,13,11,20,27,21,12,2,4,1,5,3,0
0,7,9,15,17,10,18,26,25,28,16,6,14,24,22,23,19,8,13,11,20,27,21,12,2,4,1,5,3,0
0,7,9,15,17,10,18,26,25,28,16,6,14,24,22,23,19,8,13,11,20,27,21,12,2,4,1,5,3,0
0,10,14,8,12,21,20,9,7,13,18,15,28,24,26,27,22,19,25,23,17,11,16,3,5,2,1,4,6,0
0,10,14,8,12,21,20,9,7,13,18,15,28,24,26,27,22,19,25,23,17,11,16,3,5,2,1,4,6,0
0,10,14,8,12,21,20,9,7,13,18,15,28,24,26,27,22,19,25,23,17,11,16,3,5,2,1,4,6,0
0,9,15,17,18,26,25,28,16,14,24,22,23,19,8,13,11,20,27,21,12,1,5,3,7,10,6,4,2,0
0,7,9,15,17,18,26,25,28,16,14,24,22,23,19,8,13,11,20,27,21,12,2,4,1,5,10,6,3,0
0,8,10,7,14,13,25,17,22,12,15,19,20,28,23,24,26,16,27,18,21,11,4,1,2,3,6,5,9,0
0,8,10,7,13,25,17,22,12,15,19,20,28,23,24,26,16,27,18,21,11,14,6,9,4,2,3,1,5,0
0,1,8,7,13,15,6,10,12,16,24,23,28,22,17,21,25,27,26,18,20,19,11,14,3,9,2,5,4,0
0,8,10,17,9,12,13,22,24,25,28,18,21,15,19,27,20,16,26,23,14,6,11,7,5,2,3,1,4,0
0,9,14,17,26,22,19,28,18,21,27,25,23,16,20,24,15,13,8,11,12,7,2,5,3,6,10,1,4,0
0,9,14,17,26,22,19,28,18,21,27,25,23,16,20,24,15,13,8,11,12,7,5,6,10,1,2,3,4,0
0,9,14,17,26,22,19,28,18,21,27,25,23,16,20,24,15,13,8,11,12,7,2,5,3,6,10,4,1,0
0,7,13,10,12,16,24,23,28,22,17,21,25,27,26,18,20,19,11,14,15,9,2,4,3,6,8,5,1,0
0,7,15,22,21,25,28,19,20,27,26,24,18,23,17,16,13,14,6,9,11,12,10,8,1,5,2,3,4,0
0,7,15,22,21,25,28,19,20,27,26,24,18,23,17,16,13,14,9,11,12,10,8,5,2,3,1,4,6,0
0,7,15,22,21,25,28,19,20,27,26,24,18,23,17,16,13,14,9,11,12,10,8,5,2,4,6,3,1,0
0,7,15,22,21,25,28,19,20,27,26,24,18,23,17,16,13,14,6,9,11,12,10,8,4,3,1,2,5,0
0,8,10,15,12,13,19,22,27,25,28,18,21,17,23,26,20,24,16,11,14,9,7,6,3,5,4,2,1,0
0,9,14,17,26,22,19,28,18,21,27,25,23,24,20,16,15,13,11,12,7,6,10,8,3,5,4,2,1,0
0,7,13,12,16,24,23,28,22,17,21,25,27,26,18,20,19,14,15,11,9,8,10,6,5,1,2,3,4,0
0,7,13,12,16,24,23,28,22,17,21,25,27,26,18,20,19,14,15,11,9,8,10,6,5,1,2,3,4,0
0,7,13,12,16,24,23,28,22,17,21,25,27,26,18,20,19,14,15,11,9,8,10,6,5,1,2,3,4,0
0,7,13,12,16,24,23,28,22,17,21,25,27,26,18,20,19,14,15,11,9,8,10,6,5,3,4,2,1,0
0,7,13,12,16,24,23,28,22,17,21,25,27,26,18,20,19,14,15,11,9,8,10,6,5,3,4,2,1,0
0,7,13,12,16,24,23,28,22,17,21,25,27,26,18,20,19,14,15,11,9,8,10,6,5,3,4,2,1,0
0,7,13,12,16,24,23,28,22,17,21,25,27,26,18,20,19,14,15,11,9,10,8,6,5,3,4,2,1,0
0,6,7,8,10,12,16,24,23,28,22,17,21,25,27,26,18,20,19,14,15,13,11,9,5,3,2,1,4,0
0,6,7,8,10,12,16,24,23,28,22,17,21,25,27,26,18,20,19,14,15,13,11,9,5,3,4,2,1,0
0,6,7,8,10,12,16,24,23,28,22,17,21,25,27,26,18,20,19,14,15,13,11,9,5,3,4,2,1,0
0,6,7,8,10,12,16,24,23,28,22,17,21,25,27,26,18,20,19,14,15,13,11,9,5,3,4,2,1,0
0,6,7,8,10,12,16,24,23,28,22,17,21,25,27,26,18,20,19,14,15,13,11,9,3,5,4,2,1,0
0,6,7,8,10,12,16,24,23,28,22,17,21,25,27,26,18,20,19,14,15,13,11,9,3,5,4,2,1,0
0,6,7,8,10,12,16,24,23,28,22,17,21,25,27,26,18,20,19,14,15,13,11,9,5,4,3,2,1,0
0,6,7,8,10,12,16,24,23,28,22,17,21,25,27,26,18,20,19,14,15,13,11,9,5,3,4,2,1,0
0,6,7,8,10,12,16,24,23,28,22,17,21,25,27,26,18,20,19,14,15,13,11,9,5,3,4,2,1,0
0,6,7,8,10,12,16,24,23,28,22,17,21,25,27,26,18,20,19,14,15,13,11,9,5,3,4,2,1,0
0,7,8,10,12,16,24,23,28,22,17,21,25,27,26,18,20,19,14,15,13,11,9,6,3,5,4,2,1,0
0,6,7,8,10,12,16,24,23,28,22,17,21,25,27,26,18,20,19,14,15,13,11,9,5,3,4,2,1,0
0,6,7,8,10,12,16,24,23,28,22,17,21,25,27,26,18,20,19,14,15,13,11,9,5,4,3,2,1,0
0,7,8,10,12,16,24,23,28,22,17,21,25,27,26,18,20,19,14,15,13,11,9,6,5,4,3,2,1,0
0,7,8,10,12,16,24,23,28,22,17,21,25,27,26,18,20,19,14,15,13,11,9,6,5,4,3,2,1,0
0,7,8,10,12,16,24,23,28,22,17,21,25,27,26,18,20,19,14,15,13,11,9,6,5,4,3,2,1,0
0,7,8,10,12,16,24,23,28,22,17,21,25,27,26,18,20,19,14,15,13,11,9,6,5,4,3,2,1,0
0,7,8,10,12,16,24,23,28,22,17,21,25,27,26,18,20,19,14,15,13,11,9,6,5,4,3,2,1,0
0,7,8,10,12,16,24,23,28,22,17,21,25,27,26,18,20,19,14,15,13,11,9,6,5,4,3,2,1,0
0,7,13,15,16,17,23,28,22,24,21,25,27,26,18,20,19,14,12,11,9,8,10,6,5,3,4,2,1,0
0,7,13,15,16,17,23,28,22,24,21,25,27,26,18,20,19,14,12,11,9,8,10,6,5,3,4,2,1,0
0,7,13,15,16,17,23,28,22,24,21,25,27,26,18,20,19,14,12,11,9,8,10,6,5,4,3,2,1,0
0,6,7,8,10,12,16,24,23,28,22,19,21,25,27,26,18,20,17,14,15,13,11,9,3,5,4,2,1,0
0,6,7,8,10,12,16,24,23,28,22,19,21,25,27,26,18,20,17,14,15,13,11,9,3,5,4,2,1,0
0,6,7,8,10,12,16,24,23,28,22,19,21,25,27,26,18,20,17,14,15,13,11,9,4,3,5,2,1,0
0,6,7,8,10,12,16,24,23,28,22,19,21,25,27,26,18,20,17,14,15,13,11,9,4,5,3,2,1,0
0,6,7,8,10,12,16,24,23,28,22,19,21,25,27,26,18,20,17,14,15,13,11,9,5,4,3,2,1,0
0,6,7,8,10,12,16,24,23,28,22,19,21,25,27,26,18,20,17,14,15,13,11,9,5,3,4,2,1,0
0,6,7,8,10,12,16,24,23,28,22,19,21,25,27,26,18,20,17,14,15,13,11,9,5,3,4,2,1,0
0,6,7,8,10,12,16,24,23,28,22,19,21,25,27,26,18,20,17,14,15,13,11,9,5,4,3,2,1,0
0,6,7,8,10,12,16,24,23,28,22,19,21,25,27,26,18,20,17,14,15,13,11,9,5,4,3,2,1,0
0,6,7,8,10,12,16,24,23,28,22,19,21,25,27,26,18,20,17,14,15,13,11,9,5,4,3,2,1,0
0,5,7,8,10,12,16,24,23,28,22,17,21,25,27,26,18,20,19,14,15,13,11,9,6,4,3,2,1,0
0,5,7,8,10,12,16,24,23,28,22,17,21,25,27,26,18,20,19,14,15,13,11,9,6,3,4,2,1,0
0,5,7,8,10,12,16,24,23,28,22,17,21,25,27,26,18,20,19,14,15,13,11,9,6,4,3,2,1,0
0,5,7,8,10,12,16,24,23,28,22,17,21,25,27,26,18,20,19,14,15,13,11,9,6,3,4,2,1,0
0,5,7,8,10,12,16,24,23,28,22,17,21,25,27,26,18,20,19,14,15,13,11,9,6,3,4,2,1,0
0,6,7,8,10,12,16,19,23,28,22,24,21,25,27,26,18,20,17,14,15,13,11,9,5,3,4,2,1,0
0,6,7,8,10,12,16,19,23,28,22,24,21,25,27,26,18,20,17,14,15,13,11,9,5,3,4,2,1,0
0,6,7,8,10,12,16,19,23,28,22,24,21,25,27,26,18,20,17,14,15,13,11,9,5,3,4,2,1,0
0,6,7,8,10,12,16,19,23,28,22,24,21,25,27,26,18,20,17,14,15,13,11,9,5,4,3,2,1,0
0,6,7,8,10,12,16,19,23,28,22,24,21,25,27,26,18,20,17,14,15,13,11,9,5,3,4,2,1,0
0,6,7,8,10,12,16,19,23,28,22,24,21,25,27,26,18,20,17,14,15,13,11,9,5,3,4,2,1,0
0,5,7,8,10,12,16,24,23,28,22,19,21,25,27,26,18,20,17,14,15,13,11,9,6,3,4,2,1,0
0,5,7,8,10,12,16,24,23,28,22,19,21,25,27,26,18,20,17,14,15,13,11,9,6,3,4,2,1,0
0,5,7,8,10,12,16,24,23,28,22,19,21,25,27,26,18,20,17,14,15,13,11,9,6,3,4,2,1,0
0,5,7,8,10,12,16,24,23,28,22,19,21,25,27,26,18,20,17,14,15,13,11,9,6,3,4,2,1,0
0,3,7,8,10,12,16,24,23,28,22,19,21,25,27,26,18,20,17,14,15,13,11,9,6,5,4,2,1,0
0,3,7,8,10,12,16,24,23,28,22,19,21,25,27,26,18,20,17,14,15,13,11,9,6,5,4,2,1,0
0,3,7,8,10,12,16,24,23,28,22,19,21,25,27,26,18,20,17,14,15,13,11,9,6,5,4,2,1,0
0,3,7,8,10,12,16,24,23,28,22,19,21,25,27,26,18,20,17,14,15,13,11,9,6,5,4,2,1,0
0,3,7,8,10,12,16,24,23,28,22,19,21,25,27,26,18,20,17,14,15,13,11,9,6,5,4,2,1,0
0,3,7,8,10,12,16,24,23,28,22,19,21,25,27,26,18,20,17,14,15,13,11,9,6,5,4,2,1,0
0,3,7,8,10,12,16,24,23,28,22,19,21,25,27,26,18,20,17,14,15,13,11,9,6,5,4,2,1,0
0,3,7,8,10,12,16,22,23,28,24,19,20,25,27,26,18,21,17,14,15,13,11,9,6,5,4,2,1,0
0,3,7,8,10,12,16,22,23,28,24,19,20,25,27,26,18,21,17,14,15,13,11,9,6,5,4,2,1,0
0,3,7,8,10,12,16,24,23,28,22,19,21,25,27,26,18,20,17,14,15,13,11,9,6,5,4,2,1,0
0,3,7,8,10,12,16,24,23,28,22,19,21,25,27,26,18,20,17,14,15,13,11,9,6,5,4,2,1,0
0,3,7,8,10,12,16,24,23,28,22,19,21,25,27,26,18,20,17,14,15,13,11,9,6,5,4,2,1,0
0,3,7,8,10,12,16,24,23,28,22,19,21,25,27,26,18,20,17,14,15,13,11,9,6,5,4,2,1,0
0,3,7,8,10,12,16,24,23,28,22,19,21,25,27,26,18,20,17,14,15,13,11,9,6,5,4,2,1,0
0,3,7,8,10,12,16,24,23,28,22,19,21,25,27,26,18,20,17,14,15,13,11,9,6,5,4,2,1,0
0,5,7,8,10,12,16,19,23,28,22,24,21,25,27,26,18,20,17,14,15,13,11,9,6,3,4,2,1,0
0,5,7,8,10,12,16,22,23,28,24,19,21,25,27,26,18,20,17,14,15,13,11,9,6,3,4,2,1,0
0,5,7,8,10,12,16,21,23,28,22,19,24,25,27,26,18,20,17,14,15,13,11,9,6,3,4,2,1,0
0,5,7,8,10,12,16,18,23,28,22,19,21,25,27,26,24,20,17,14,15,13,11,9,6,3,4,2,1,0
0,5,7,8,10,12,16,18,23,28,22,19,21,25,27,26,24,20,17,14,15,13,11,9,6,3,4,2,1,0
0,5,7,8,10,12,16,18,23,28,22,19,21,25,27,26,24,20,17,14,15,13,11,9,6,4,3,2,1,0
0,5,7,8,10,12,16,18,23,28,22,19,21,25,27,26,24,20,17,14,15,13,11,9,6,4,3,2,1,0
0,5,7,8,10,12,16,18,23,28,22,19,21,25,27,26,24,20,17,14,15,13,11,9,6,4,3,2,1,0
0,5,7,8,10,12,16,18,23,28,22,19,21,25,27,26,24,20,17,14,15,13,11,9,6,3,4,2,1,0
0,5,7,8,10,12,16,18,23,28,22,19,21,25,27,26,24,20,17,14,15,13,11,9,6,3,4,2,1,0
0,5,7,8,10,12,16,18,23,28,22,19,21,25,27,26,24,20,17,14,15,13,11,9,6,3,4,2,1,0
0,5,7,8,10,12,16,18,23,28,22,19,21,25,27,26,24,20,17,14,15,13,11,9,6,4,3,2,1,0
0,5,7,8,10,12,16,18,23,28,22,19,21,25,27,26,24,20,17,14,15,13,11,9,6,3,4,2,1,0
0,5,7,8,10,12,16,18,23,28,22,19,21,25,27,26,24,20,17,14,15,13,11,9,6,3,4,2,1,0
0,5,7,8,10,12,14,18,23,28,22,19,21,25,27,26,24,20,17,16,15,13,11,9,6,3,4,2,1,0
0,5,7,8,10,12,14,18,23,28,22,19,21,25,27,26,24,20,17,16,15,13,11,9,6,3,4,2,1,0
0,5,7,8,10,12,14,18,23,28,22,19,21,25,27,26,24,20,17,16,15,13,11,9,6,3,4,2,1,0
0,5,7,8,10,12,14,18,23,28,22,19,21,25,27,26,24,20,17,16,15,13,11,9,6,3,4,2,1,0
0,5,7,8,10,12,14,18,23,28,22,19,21,25,27,26,24,20,17,16,15,13,11,9,6,4,3,2,1,0
0,5,7,8,10,12,14,18,23,28,22,19,21,25,27,26,24,20,17,16,15,13,11,9,6,4,3,2,1,0
0,3,6,8,10,12,16,18,23,28,22,19,21,25,27,26,24,20,17,14,15,13,11,9,7,5,4,2,1,0
0,3,6,8,10,12,16,18,23,28,22,19,21,25,27,26,24,20,17,14,15,13,11,9,7,5,4,2,1,0
0,3,6,8,10,12,16,18,23,28,22,19,21,25,27,26,24,20,17,14,15,13,11,9,7,5,4,2,1,0
0,3,6,8,10,12,16,18,23,28,22,19,21,25,27,26,24,20,17,14,15,13,11,9,7,5,4,2,1,0
0,5,7,8,10,12,16,19,23,28,24,20,21,25,27,26,22,18,17,14,15,13,11,9,6,3,4,2,1,0
0,5,7,8,10,12,16,19,23,28,24,20,21,25,27,26,22,18,17,14,15,13,11,9,6,3,4,2,1,0
0,5,7,8,10,12,16,18,23,28,22,19,21,25,27,26,24,20,17,15,14,13,11,9,6,3,4,2,1,0
0,5,7,8,10,12,16,18,23,28,22,19,21,25,27,26,24,20,17,15,14,13,11,9,6,3,4,2,1,0
0,5,7,8,10,12,16,18,23,28,22,19,21,25,27,26,24,20,17,15,14,13,11,9,6,3,4,2,1,0
0,5,7,8,10,12,16,19,23,28,24,20,21,25,27,26,22,18,17,14,15,13,11,9,6,4,3,2,1,0
0,5,7,8,10,12,16,19,23,28,24,20,21,25,27,26,22,18,17,14,15,13,11,9,6,4,3,2,1,0
0,5,7,8,10,12,16,19,23,28,24,20,21,25,27,26,22,18,17,14,15,13,11,9,6,4,3,2,1,0
0,5,7,8,10,12,16,19,23,28,24,20,21,25,27,26,22,18,17,14,15,13,11,9,6,4,3,2,1,0
0,5,7,8,10,12,16,19,23,28,24,20,21,25,27,26,22,18,17,14,15,13,11,9,6,4,3,2,1,0
0,5,7,8,10,12,16,19,23,28,24,20,21,25,27,26,22,18,17,14,15,13,11,9,6,3,4,2,1,0
0,3,6,8,10,12,16,18,23,27,22,19,21,25,28,26,24,20,17,14,15,13,11,9,7,5,4,2,1,0
0,5,7,8,10,12,16,19,23,28,24,20,21,25,27,26,22,18,17,14,15,13,11,9,6,3,4,2,1,0
0,5,7,8,10,12,16,19,23,28,24,20,21,25,27,26,22,18,17,14,15,13,11,9,6,3,4,2,1,0
0,5,7,8,10,12,16,19,23,28,24,20,21,25,27,26,22,18,17,14,15,13,11,9,6,3,4,2,1,0
0,5,7,8,10,12,16,19,23,28,24,20,21,25,27,26,22,18,17,14,15,13,11,9,6,4,3,2,1,0
0,3,6,8,10,12,16,18,23,24,22,19,21,25,27,26,28,20,17,14,15,13,11,9,7,5,4,2,1,0
0,3,6,8,10,12,16,18,23,24,22,19,21,25,27,26,28,20,17,14,15,13,11,9,7,5,4,2,1,0
0,3,6,8,10,12,16,18,23,24,22,19,21,25,27,26,28,20,17,14,15,13,11,9,7,5,4,2,1,0
0,5,7,8,10,12,16,18,23,28,22,19,21,25,27,26,24,20,17,15,14,13,11,9,6,3,4,2,1,0
0,3,7,8,10,12,16,18,23,26,22,19,21,25,27,28,24,20,17,14,15,13,11,9,6,5,4,2,1,0
0,3,7,8,10,12,16,18,23,26,22,19,21,25,27,28,24,20,17,14,15,13,11,9,6,5,4,2,1,0
0,5,7,8,10,12,16,18,23,26,22,19,21,25,27,28,24,20,17,15,14,13,11,9,6,3,4,2,1,0
0,5,7,8,10,12,16,18,23,26,22,19,21,25,27,28,24,20,17,15,14,13,11,9,6,3,4,2,1,0
0,5,7,8,10,12,16,18,23,26,22,19,21,25,27,28,24,20,17,15,14,13,11,9,6,3,4,2,1,0
0,5,7,8,10,12,16,18,23,26,22,19,21,25,27,28,24,20,17,15,14,13,11,9,6,3,4,2,1,0
0,5,7,8,10,12,16,18,23,26,22,19,21,25,27,28,24,20,17,15,14,13,11,9,6,3,4,2,1,0
0,5,7,8,10,12,16,18,23,26,22,19,21,25,27,28,24,20,17,15,14,13,11,9,6,3,4,2,1,0
0,5,7,8,10,12,16,18,23,26,22,19,21,25,27,28,24,20,17,15,14,13,11,9,6,3,4,2,1,0
0,5,7,8,10,12,16,18,23,26,22,19,21,25,27,28,24,20,17,15,14,13,11,9,6,4,3,2,1,0
0,5,7,8,10,12,16,18,23,26,22,19,21,25,27,28,24,20,17,15,14,13,11,9,6,4,3,2,1,0
0,5,7,8,10,12,16,18,23,26,22,19,21,25,27,28,24,20,17,15,14,13,11,9,6,4,3,2,1,0
0,5,7,8,10,12,16,18,23,26,22,19,21,25,27,28,24,20,17,15,14,13,11,9,6,4,3,2,1,0
0,5,7,8,10,12,16,18,23,26,22,19,21,25,27,28,24,20,17,15,14,13,11,9,6,4,3,2,1,0
0,5,7,8,10,12,16,18,23,26,22,19,21,25,27,28,24,20,17,15,14,13,11,9,6,3,4,2,1,0
0,5,7,8,10,12,16,18,23,26,22,19,21,25,27,28,24,20,17,15,14,13,11,9,6,4,3,2,1,0
0,5,7,8,10,12,16,18,23,26,22,19,21,25,27,28,24,20,17,15,14,13,11,9,6,4,3,2,1,0
0,5,7,8,10,12,16,18,23,26,22,19,21,25,27,28,24,20,17,15,14,13,11,9,6,4,3,2,1,0
0,5,7,8,10,12,16,18,23,26,22,19,21,25,27,28,24,20,17,15,14,13,11,9,6,4,3,2,1,0
0,5,7,8,10,12,16,18,23,26,22,19,21,25,27,28,24,20,17,15,14,13,11,9,6,4,3,2,1,0
0,5,7,8,10,12,16,18,23,26,22,19,21,25,27,28,24,20,17,15,14,13,11,9,6,4,3,2,1,0
0,5,7,8,10,12,16,19,23,28,24,20,21,25,27,26,22,18,17,15,14,13,11,9,6,3,4,2,1,0
0,5,7,8,10,12,16,19,23,28,24,20,21,25,27,26,22,18,17,15,14,13,11,9,6,3,4,2,1,0
0,5,7,8,10,12,16,19,22,21,23,24,28,25,27,26,18,20,17,15,14,13,11,9,6,3,4,2,1,0
0,5,7,8,10,12,16,19,22,21,23,24,28,25,27,26,18,20,17,15,14,13,11,9,6,3,4,2,1,0
0,5,7,8,10,12,16,19,22,21,23,24,28,25,27,26,18,20,17,15,14,13,11,9,6,3,4,2,1,0
0,5,7,8,10,12,16,19,22,21,23,24,28,25,27,26,18,20,17,15,14,13,11,9,6,4,3,2,1,0
0,5,7,8,10,12,16,19,22,21,23,24,28,25,27,26,18,20,17,15,14,13,11,9,6,3,4,2,1,0
0,5,7,8,10,12,16,19,22,21,23,24,28,25,27,26,18,20,17,15,14,13,11,9,6,3,4,2,1,0
0,5,7,8,10,12,16,19,22,21,23,24,28,25,27,26,18,20,17,15,14,13,11,9,6,3,4,2,1,0
0,5,7,8,10,12,16,19,23,28,24,20,21,25,27,26,22,18,17,15,14,13,11,9,6,4,3,2,1,0
0,5,7,8,10,12,16,19,23,28,24,20,21,25,27,26,22,18,17,15,14,13,11,9,6,4,3,2,1,0
0,5,7,8,10,13,16,18,23,26,22,19,21,25,27,28,24,20,17,15,14,12,11,9,6,3,4,2,1,0
0,5,7,8,10,12,16,19,23,28,24,20,21,25,27,26,22,18,17,15,14,13,11,9,6,4,3,2,1,0
0,5,7,8,10,12,16,19,24,28,23,20,21,25,27,26,22,18,17,15,14,13,11,9,6,4,3,2,1,0
0,5,7,8,10,12,16,19,24,28,23,20,21,25,27,26,22,18,17,15,14,13,11,9,6,4,3,2,1,0
0,5,7,8,10,12,16,19,23,28,24,20,21,25,27,26,22,18,17,15,14,13,11,9,6,4,3,2,1,0
0,5,7,8,10,12,16,18,23,24,22,19,21,25,27,28,26,20,17,15,14,13,11,9,6,3,4,2,1,0
0,5,7,8,10,12,16,18,23,24,22,19,21,25,27,28,26,20,17,15,14,13,11,9,6,3,4,2,1,0
0,5,7,8,10,12,16,19,18,21,23,24,28,25,27,26,22,20,17,14,15,13,11,9,6,3,4,2,1,0
0,5,7,8,10,12,16,19,18,21,23,24,28,25,27,26,22,20,17,14,15,13,11,9,6,3,4,2,1,0
0,5,7,8,10,12,16,19,22,21,23,26,28,25,27,24,18,20,17,14,15,13,11,9,6,4,3,2,1,0
0,5,7,8,10,12,16,18,23,24,22,19,21,25,27,28,26,20,17,15,14,13,11,9,6,3,4,2,1,0
0,5,7,8,10,12,16,18,23,24,22,19,21,25,27,28,26,20,17,15,14,13,11,9,6,3,4,2,1,0
0,5,7,8,10,12,16,18,23,24,22,19,21,25,27,28,26,20,17,15,14,13,11,9,6,4,3,2,1,0
0,3,7,8,10,12,16,18,23,26,22,19,21,25,27,28,24,20,17,15,14,13,11,9,6,5,4,2,1,0
0,5,7,8,10,12,16,19,22,21,23,24,28,25,27,26,20,18,17,14,15,13,11,9,6,4,3,2,1,0
0,3,7,8,10,12,16,18,23,26,22,19,21,25,27,28,24,20,17,15,14,13,11,9,6,5,4,2,1,0
0,3,7,8,10,12,16,18,23,26,22,19,21,25,27,28,24,20,17,15,14,13,11,9,6,5,4,2,1,0
0,5,7,8,10,12,16,19,18,21,22,24,28,25,27,26,23,20,17,14,15,13,11,9,6,3,4,2,1,0
0,3,7,8,10,12,16,18,23,26,22,19,21,25,27,28,24,20,17,15,14,13,11,9,6,5,4,2,1,0
0,3,7,8,10,12,16,18,23,26,22,19,21,25,27,28,24,20,17,15,14,13,11,9,6,5,4,2,1,0
0,3,7,8,10,12,16,18,23,26,22,19,21,25,27,28,24,20,17,15,14,13,11,9,6,5,4,2,1,0
0,3,7,8,10,12,16,18,23,26,22,19,21,25,27,28,24,20,17,15,14,13,11,9,6,5,4,2,1,0
0,3,7,8,10,12,16,18,23,26,22,19,21,25,27,28,24,20,17,15,14,13,11,9,6,5,4,2,1,0
0,3,7,8,10,12,16,18,23,26,22,19,21,25,27,28,24,20,17,15,14,13,11,9,6,5,4,2,1,0
0,3,7,8,10,12,16,18,23,26,22,19,21,24,27,28,25,20,17,15,14,13,11,9,6,5,4,2,1,0
0,3,7,8,10,12,16,18,23,26,22,19,21,24,27,28,25,20,17,15,14,13,11,9,6,5,4,2,1,0
0,3,7,8,10,12,16,18,23,26,22,19,21,24,27,28,25,20,17,15,14,13,11,9,6,5,4,2,1,0
0,5,7,8,10,12,16,19,22,21,23,24,28,25,27,26,18,20,17,15,14,13,11,9,6,3,4,2,1,0
0,5,7,8,10,12,16,19,22,21,23,24,28,25,27,26,18,20,17,15,14,13,11,9,6,4,3,2,1,0
0,5,7,8,10,12,16,19,22,21,23,24,28,25,27,26,18,20,17,15,14,13,11,9,6,4,3,2,1,0
0,5,7,8,10,12,16,19,22,21,23,24,28,25,27,26,18,20,17,15,14,13,11,9,6,4,3,2,1,0
0,5,7,8,10,12,16,19,22,21,23,24,28,25,27,26,18,20,17,15,14,13,11,9,6,4,3,2,1,0
0,5,7,8,10,12,16,19,22,21,23,24,28,25,27,26,18,20,17,15,14,13,11,9,6,4,3,2,1,0
0,5,7,8,10,12,16,19,22,21,23,24,28,25,27,26,18,20,17,15,14,13,11,9,6,4,3,2,1,0
0,5,7,8,10,12,14,17,21,19,22,28,24,25,27,26,23,20,18,16,15,13,11,9,6,3,4,2,1,0
0,5,7,8,10,12,16,18,20,21,22,23,26,25,27,28,24,19,17,14,15,13,11,9,6,3,4,2,1,0
0,5,7,8,10,12,16,19,22,18,23,24,28,25,27,26,21,20,17,15,14,13,11,9,6,3,4,2,1,0
0,5,7,8,10,12,16,19,22,21,23,24,27,25,28,26,18,20,17,15,14,13,11,9,6,3,4,2,1,0
0,5,7,8,10,12,16,19,22,21,23,24,27,25,28,26,18,20,17,15,14,13,11,9,6,4,3,2,1,0
0,5,7,8,10,12,16,19,22,21,23,24,27,25,28,26,18,20,17,15,14,13,11,9,6,4,3,2,1,0
0,5,7,8,10,12,16,19,22,21,23,24,27,25,28,26,18,20,17,15,14,13,11,9,6,4,3,2,1,0
0,5,7,8,10,12,16,19,22,21,23,24,27,25,28,26,18,20,17,15,14,13,11,9,6,4,3,2,1,0
0,5,7,8,10,12,16,19,22,21,23,24,27,25,28,26,18,20,17,15,14,13,11,9,6,4,3,2,1,0
0,5,7,8,10,12,14,19,22,21,23,26,28,25,27,24,18,20,17,16,15,13,11,9,6,4,3,2,1,0
0,5,7,8,10,12,14,19,22,21,23,26,28,25,27,24,18,20,17,16,15,13,11,9,6,4,3,2,1,0
0,5,7,8,10,12,14,19,22,21,23,26,28,25,27,24,18,20,17,16,15,13,11,9,6,4,3,2,1,0
0,5,7,8,10,12,14,19,22,21,23,26,28,25,27,24,18,20,17,16,15,13,11,9,6,4,3,2,1,0
0,5,7,8,10,12,14,19,22,21,23,26,28,25,27,24,18,20,17,16,15,13,11,9,6,4,3,2,1,0
0,5,7,8,10,12,14,19,22,21,23,26,28,25,27,24,18,20,17,16,15,13,11,9,6,4,3,2,1,0
0,5,7,8,10,12,14,19,22,21,23,26,28,25,27,24,18,20,17,16,15,13,11,9,6,4,3,2,1,0
0,5,7,8,10,12,14,19,22,21,23,26,28,25,27,24,18,20,17,16,15,13,11,9,6,4,3,2,1,0
0,5,7,8,10,12,16,19,18,22,23,26,28,25,27,24,21,20,17,14,15,13,11,9,6,4,3,2,1,0
0,5,7,8,10,12,16,19,18,22,23,26,28,25,27,24,21,20,17,14,15,13,11,9,6,4,3,2,1,0
0,5,7,8,10,12,16,19,18,21,23,24,28,25,27,26,22,20,17,15,14,13,11,9,6,3,4,2,1,0
0,5,7,8,10,12,16,19,18,21,23,24,28,25,27,26,22,20,17,15,14,13,11,9,6,3,4,2,1,0
0,5,7,8,10,12,16,19,18,21,23,24,28,25,27,26,22,20,17,15,14,13,11,9,6,3,4,2,1,0
0,5,7,8,10,12,16,19,22,21,23,26,28,25,27,24,18,20,17,15,14,13,11,9,6,4,3,2,1,0
0,5,7,8,10,12,16,19,22,21,23,26,28,25,27,24,18,20,17,15,14,13,11,9,6,4,3,2,1,0
0,5,7,8,10,12,16,19,18,21,23,24,28,25,27,26,22,20,17,15,14,13,11,9,6,4,3,2,1,0
0,5,7,8,10,12,16,19,18,21,23,24,28,25,27,26,22,20,17,15,14,13,11,9,6,4,3,2,1,0
0,5,7,8,10,12,16,19,22,21,23,26,28,25,27,24,18,20,17,15,14,13,11,9,6,4,3,2,1,0
0,5,7,8,10,12,16,19,18,21,23,24,28,25,27,26,22,20,17,15,14,13,11,9,6,4,3,2,1,0
0,5,7,8,10,12,16,19,22,21,23,26,28,25,27,24,18,20,17,15,14,13,11,9,6,4,3,2,1,0
0,5,7,8,10,12,16,19,22,21,23,26,28,25,27,24,18,20,17,15,14,13,11,9,6,4,3,2,1,0
0,5,7,8,10,12,16,19,18,21,23,24,28,25,27,26,22,20,17,15,14,13,11,9,6,4,3,2,1,0
0,5,7,8,10,12,16,19,22,21,23,24,28,25,27,26,20,18,17,15,14,13,11,9,6,4,3,2,1,0
0,5,7,8,10,12,16,19,22,21,23,24,28,25,27,26,20,18,17,15,14,13,11,9,6,4,3,2,1,0
0,5,7,8,10,12,16,19,22,21,23,24,28,25,27,26,20,18,17,15,14,13,11,9,6,4,3,2,1,0
0,5,7,8,10,12,16,19,22,21,23,24,28,25,27,26,20,18,17,15,14,13,11,9,6,4,3,2,1,0
0,5,7,8,10,12,16,19,22,21,23,24,28,25,27,26,20,18,17,15,14,13,11,9,6,4,3,2,1,0
0,5,7,8,10,12,16,19,22,21,23,24,28,25,27,26,20,18,17,15,14,13,11,9,6,4,3,2,1,0
0,5,7,8,10,12,16,19,22,21,23,24,28,25,27,26,20,18,17,15,14,13,11,9,6,4,3,2,1,0
0,5,7,8,10,12,16,19,22,21,23,24,28,25,27,26,20,18,17,15,14,13,11,9,6,4,3,2,1,0
0,5,7,8,10,12,16,19,22,21,23,24,28,25,27,26,20,18,17,15,14,13,11,9,6,4,3,2,1,0
0,5,7,8,10,12,16,19,22,21,23,24,28,25,27,26,20,18,17,15,14,13,11,9,6,4,3,2,1,0
0,5,7,8,10,12,16,19,22,21,23,24,28,25,27,26,20,18,17,15,14,13,11,9,6,4,3,2,1,0
0,5,7,8,10,12,16,19,22,21,23,24,28,25,27,26,20,18,17,15,14,13,11,9,6,4,3,2,1,0
0,5,7,8,10,12,16,19,22,21,23,24,28,25,27,26,20,18,17,15,14,13,11,9,6,4,3,2,1,0
0,5,7,8,10,12,16,19,22,21,23,24,28,25,27,26,20,18,17,15,14,13,11,9,6,4,3,2,1,0
0,5,7,8,10,12,16,19,22,21,23,24,28,25,27,26,20,18,17,15,14,13,11,9,6,4,3,2,1,0
0,5,7,8,10,12,16,19,22,21,23,24,28,25,27,26,20,18,17,15,14,13,11,9,6,4,3,2,1,0
0,5,7,8,10,12,16,19,22,21,23,24,28,25,27,26,20,18,17,15,14,13,11,9,6,4,3,2,1,0
0,5,7,8,10,12,16,19,22,21,23,24,28,25,27,26,20,18,17,15,14,13,11,9,6,4,3,2,1,0
0,5,7,8,10,12,16,19,22,21,23,24,28,25,27,26,20,18,17,15,14,13,11,9,6,4,3,2,1,0
0,5,7,8,10,12,16,19,22,21,23,26,28,27,25,24,18,20,17,15,14,13,11,9,6,4,3,2,1,0
0,5,7,8,10,12,16,19,22,21,23,26,28,27,25,24,18,20,17,15,14,13,11,9,6,4,3,2,1,0
0,3,7,8,10,12,16,19,22,21,23,24,28,25,27,26,20,18,17,15,14,13,11,9,6,5,4,2,1,0
0,3,7,8,10,12,16,19,22,21,23,24,28,25,27,26,20,18,17,15,14,13,11,9,6,5,4,2,1,0
0,3,7,8,10,12,16,19,22,21,23,24,28,25,27,26,20,18,17,15,14,13,11,9,6,5,4,2,1,0
0,3,7,8,10,12,16,19,22,21,23,24,28,25,27,26,20,18,17,15,14,13,11,9,6,5,4,2,1,0
0,5,7,8,10,12,16,19,22,21,23,26,28,25,27,24,20,18,17,15,14,13,11,9,6,3,4,2,1,0
0,5,7,8,10,12,16,19,22,21,23,26,28,27,25,24,18,20,17,15,14,13,11,9,6,3,4,2,1,0
0,5,7,8,10,12,16,19,22,21,23,26,28,27,25,24,18,20,17,15,14,13,11,9,6,3,4,2,1,0
0,5,7,8,10,12,15,18,21,19,22,23,28,25,27,26,24,20,17,16,14,13,11,9,6,4,3,2,1,0
0,5,7,8,10,12,15,18,21,19,22,23,28,25,27,26,24,20,17,16,14,13,11,9,6,4,3,2,1,0
0,5,7,8,10,12,16,19,22,21,23,24,28,25,27,26,20,18,17,15,14,13,11,9,6,4,3,2,1,0
0,5,7,8,10,12,15,18,21,19,22,23,28,25,27,26,24,20,17,16,14,13,11,9,6,4,3,2,1,0
0,5,7,8,10,12,14,17,21,19,22,23,28,25,27,26,24,20,18,16,15,13,11,9,6,3,4,2,1,0
0,5,7,8,10,12,16,19,22,21,23,24,28,27,25,26,20,18,17,15,14,13,11,9,6,4,3,2,1,0
0,5,7,8,10,12,16,19,22,21,23,24,28,27,25,26,20,18,17,15,14,13,11,9,6,3,4,2,1,0
0,5,7,8,10,12,14,17,21,19,22,23,28,25,27,26,24,20,18,16,15,13,11,9,6,3,4,2,1,0
0,5,7,8,10,12,16,19,22,21,23,24,28,27,25,26,20,18,17,15,14,13,11,9,6,3,4,2,1,0
0,5,7,8,10,12,16,19,18,21,23,26,28,25,27,24,22,20,17,15,14,13,11,9,6,3,4,2,1,0
0,5,7,8,10,12,16,19,22,21,23,26,28,25,27,24,20,18,17,15,14,13,11,9,6,3,4,2,1,0
0,5,7,8,10,12,16,19,22,21,23,26,28,25,27,24,20,18,17,15,14,13,11,9,6,3,4,2,1,0
0,5,7,8,10,12,16,19,18,21,23,26,28,25,27,24,22,20,17,15,14,13,11,9,6,4,3,2,1,0
0,5,7,8,10,12,16,19,22,21,23,26,28,27,25,24,18,20,17,15,14,13,11,9,6,3,4,2,1,0
0,5,7,8,10,12,16,19,22,21,23,24,28,27,25,26,20,18,17,15,14,13,11,9,6,4,3,2,1,0
0,5,7,8,10,12,16,19,22,21,23,24,28,27,25,26,20,18,17,15,14,13,11,9,6,4,3,2,1,0
0,5,7,8,10,12,16,19,22,21,23,24,28,27,25,26,20,18,17,15,14,13,11,9,6,4,3,2,1,0
0,5,7,8,10,12,16,19,22,21,23,24,28,27,25,26,20,18,17,15,14,13,11,9,6,4,3,2,1,0
0,5,7,8,10,12,16,19,22,21,23,26,28,27,25,24,18,20,17,15,14,13,11,9,6,3,4,2,1,0
0,5,7,8,10,12,16,19,22,21,23,26,28,27,25,24,18,20,17,15,14,13,11,9,6,3,4,2,1,0
0,5,7,8,10,12,16,19,22,21,23,26,28,27,25,24,18,20,17,15,14,13,11,9,6,3,4,2,1,0
0,5,7,8,10,12,16,19,22,21,23,26,28,27,25,24,18,20,17,15,14,13,11,9,6,4,3,2,1,0
0,5,7,8,10,12,14,17,22,21,23,26,28,25,27,24,18,20,19,16,15,13,11,9,6,4,3,2,1,0
0,5,7,8,10,12,14,17,22,21,23,26,28,25,27,24,18,20,19,16,15,13,11,9,6,4,3,2,1,0
0,5,7,8,10,12,14,17,22,21,23,26,28,25,27,24,18,20,19,16,15,13,11,9,6,4,3,2,1,0
0,5,7,8,10,12,14,17,22,21,23,26,28,25,27,24,18,20,19,16,15,13,11,9,6,4,3,2,1,0
0,5,7,8,10,12,14,17,22,21,23,26,28,25,27,24,18,20,19,16,15,13,11,9,6,4,3,2,1,0
0,5,7,8,10,12,16,18,20,21,22,24,26,25,28,27,23,19,17,15,14,13,11,9,6,3,4,2,1,0
0,5,7,8,10,12,16,18,20,21,22,24,26,25,28,27,23,19,17,15,14,13,11,9,6,4,3,2,1,0
0,5,7,8,10,12,16,18,20,21,22,24,26,25,28,27,23,19,17,15,14,13,11,9,6,4,3,2,1,0
0,5,7,8,10,12,16,18,20,21,22,24,26,25,28,27,23,19,17,15,14,13,11,9,6,4,3,2,1,0
0,5,7,8,10,12,16,18,20,21,22,24,26,25,28,27,23,19,17,15,14,13,11,9,6,4,3,2,1,0
0,5,7,8,10,12,16,19,22,21,23,26,28,25,27,24,20,18,17,15,14,13,11,9,6,4,3,2,1,0
0,5,7,8,10,12,16,18,20,21,22,24,26,25,28,27,23,19,17,15,14,13,11,9,6,4,3,2,1,0
0,5,7,8,10,12,16,18,20,21,22,24,26,25,28,27,23,19,17,15,14,13,11,9,6,4,3,2,1,0
0,5,7,8,10,12,16,18,20,21,22,24,26,25,28,27,23,19,17,15,14,13,11,9,6,4,3,2,1,0
0,5,7,8,10,12,16,18,20,21,22,24,26,25,28,27,23,19,17,15,14,13,11,9,6,4,3,2,1,0
0,5,7,8,10,12,16,18,20,21,22,24,26,25,28,27,23,19,17,15,14,13,11,9,6,4,3,2,1,0
0,5,7,8,10,12,16,18,20,21,22,24,26,25,28,27,23,19,17,15,14,13,11,9,6,4,3,2,1,0
0,5,7,8,10,12,16,18,20,21,22,24,26,25,28,27,23,19,17,15,14,13,11,9,6,4,3,2,1,0
0,5,7,8,10,12,16,18,20,21,22,24,26,25,28,27,23,19,17,15,14,13,11,9,6,4,3,2,1,0
0,5,7,8,10,12,16,18,20,21,22,24,26,25,28,27,23,19,17,15,14,13,11,9,6,4,3,2,1,0
0,5,7,8,10,12,16,18,20,21,22,24,26,25,28,27,23,19,17,15,14,13,11,9,6,4,3,2,1,0
0,5,7,8,10,12,16,18,20,21,22,24,26,25,28,27,23,19,17,15,14,13,11,9,6,4,3,2,1,0
0,5,7,8,10,12,16,18,20,21,22,24,26,25,28,27,23,19,17,15,14,13,11,9,6,4,3,2,1,0
0,5,7,8,10,12,16,19,22,21,23,26,28,25,27,24,20,18,17,15,14,13,11,9,6,4,3,2,1,0
0,5,7,8,10,12,16,19,22,21,23,26,28,25,27,24,20,18,17,15,14,13,11,9,6,4,3,2,1,0
0,5,7,8,10,12,16,19,22,21,23,26,28,25,27,24,20,18,17,15,14,13,11,9,6,4,3,2,1,0
0,5,7,8,10,12,16,18,20,21,22,24,26,25,28,27,23,19,17,15,14,13,11,9,6,4,3,2,1,0
0,5,7,8,10,12,16,18,20,21,22,24,26,25,28,27,23,19,17,15,14,13,11,9,6,4,3,2,1,0
0,5,7,8,10,12,14,17,21,19,22,23,28,25,27,26,24,20,18,16,15,13,11,9,6,4,3,2,1,0
0,5,7,8,10,12,14,17,21,19,22,23,28,25,27,26,24,20,18,16,15,13,11,9,6,4,3,2,1,0
0,5,7,8,10,12,14,17,21,19,22,23,28,25,27,26,24,20,18,16,15,13,11,9,6,4,3,2,1,0
0,5,7,8,10,12,16,19,22,21,23,26,28,27,25,24,20,18,17,15,14,13,11,9,6,3,4,2,1,0
0,5,7,8,10,12,16,19,22,21,23,26,28,27,25,24,20,18,17,15,14,13,11,9,6,3,4,2,1,0
0,5,7,8,10,12,14,17,21,19,22,23,28,25,27,26,24,20,18,16,15,13,11,9,6,4,3,2,1,0
0,5,7,8,10,12,14,17,21,19,22,23,28,25,27,26,24,20,18,16,15,13,11,9,6,3,4,2,1,0
0,5,7,8,10,12,15,17,21,19,22,25,23,28,27,26,24,20,18,16,14,13,11,9,6,4,3,2,1,0
0,5,7,8,10,12,14,17,21,19,22,23,28,25,27,26,24,20,18,16,15,13,11,9,6,3,4,2,1,0
0,5,7,8,10,12,14,17,21,19,22,23,28,25,27,26,24,20,18,16,15,13,11,9,6,3,4,2,1,0
0,5,7,8,10,12,14,17,21,19,22,23,28,25,27,26,24,20,18,16,15,13,11,9,6,4,3,2,1,0
0,5,7,8,10,12,14,17,21,19,22,23,28,25,27,26,24,20,18,16,15,13,11,9,6,4,3,2,1,0
0,5,7,8,10,12,14,17,21,19,22,23,28,25,27,26,24,20,18,16,15,13,11,9,6,4,3,2,1,0
0,5,7,8,10,12,14,17,21,19,22,23,28,25,27,26,24,20,18,16,15,13,11,9,6,4,3,2,1,0
0,5,7,8,10,12,14,17,21,19,22,23,28,25,27,26,24,20,18,16,15,13,11,9,6,4,3,2,1,0
0,5,7,8,10,12,14,17,21,19,22,23,28,25,27,26,24,20,18,16,15,13,11,9,6,4,3,2,1,0
0,5,7,8,10,12,14,17,21,19,22,23,26,25,27,28,24,20,18,16,15,13,11,9,6,3,4,2,1,0
0,5,7,8,10,12,16,19,22,21,23,26,28,27,25,24,20,18,17,15,14,13,11,9,6,3,4,2,1,0
0,5,7,8,10,12,16,19,22,21,23,26,28,27,25,24,20,18,17,15,14,13,11,9,6,3,4,2,1,0
0,5,7,8,10,12,16,19,22,21,23,26,28,27,25,24,20,18,17,15,14,13,11,9,6,3,4,2,1,0
0,5,7,9,10,12,14,17,19,21,22,23,28,25,27,26,24,20,18,16,15,13,11,8,6,4,3,2,1,0
0,5,7,9,10,12,14,17,19,21,22,23,28,25,27,26,24,20,18,16,15,13,11,8,6,4,3,2,1,0
0,5,7,9,10,12,14,17,19,21,22,23,28,25,27,26,24,20,18,16,15,13,11,8,6,4,3,2,1,0
0,5,7,9,10,12,14,17,19,21,22,23,28,25,27,26,24,20,18,16,15,13,11,8,6,4,3,2,1,0
0,5,7,9,10,12,14,17,19,21,22,23,28,25,27,26,24,20,18,16,15,13,11,8,6,3,4,2,1,0
0,5,7,9,10,12,14,17,19,21,22,23,28,25,27,26,24,20,18,16,15,13,11,8,6,3,4,2,1,0
0,5,7,9,10,12,14,17,19,21,22,23,28,25,27,26,24,20,18,16,15,13,11,8,6,3,4,2,1,0
0,5,7,8,10,12,16,19,22,21,23,26,28,27,25,24,20,18,17,15,14,13,11,9,6,4,3,2,1,0
0,5,7,8,10,12,16,19,22,21,23,26,28,27,25,24,20,18,17,15,14,13,11,9,6,4,3,2,1,0
0,5,7,8,10,12,16,19,22,21,23,26,28,27,25,24,20,18,17,15,14,13,11,9,6,4,3,2,1,0
0,5,7,8,10,12,16,19,22,21,23,26,28,27,25,24,20,18,17,15,14,13,11,9,6,4,3,2,1,0
0,5,7,8,10,12,16,19,22,21,23,26,28,27,25,24,20,18,17,15,14,13,11,9,6,4,3,2,1,0
0,5,7,8,10,12,16,19,22,21,23,26,28,27,25,24,20,18,17,15,14,13,11,9,6,4,3,2,1,0
0,5,7,8,10,12,16,19,22,21,23,26,28,27,25,24,20,18,17,15,14,13,11,9,6,4,3,2,1,0
0,5,7,8,10,12,16,19,22,21,23,26,28,27,25,24,20,18,17,15,14,13,11,9,6,4,3,2,1,0
0,5,7,8,10,12,16,19,22,21,23,26,28,27,25,24,20,18,17,15,14,13,11,9,6,4,3,2,1,0
0,5,7,8,10,12,16,19,22,21,23,26,28,27,25,24,20,18,17,15,14,13,11,9,6,4,3,2,1,0
0,5,7,8,10,12,16,19,22,21,23,26,28,27,25,24,20,18,17,15,14,13,11,9,6,4,3,2,1,0
0,5,7,8,10,12,16,19,22,21,23,26,28,27,25,24,20,18,17,15,14,13,11,9,6,4,3,2,1,0
0,5,7,8,10,12,16,19,22,21,23,26,28,27,25,24,20,18,17,15,14,13,11,9,6,4,3,2,1,0
0,5,7,8,10,12,16,19,22,21,23,26,28,27,25,24,20,18,17,15,14,13,11,9,6,4,3,2,1,0
0,5,7,8,10,12,16,19,22,21,23,26,28,27,25,24,20,18,17,15,14,13,11,9,6,4,3,2,1,0
0,5,7,8,10,12,14,17,20,19,22,23,28,25,27,26,24,21,18,16,15,13,11,9,6,4,3,2,1,0
0,3,7,8,10,12,14,17,21,19,22,23,28,25,27,26,24,20,18,16,15,13,11,9,6,5,4,2,1,0
0,3,7,8,10,12,14,17,21,19,22,23,28,25,27,26,24,20,18,16,15,13,11,9,6,5,4,2,1,0
0,3,7,8,10,12,14,17,21,19,22,23,28,25,27,26,24,20,18,16,15,13,11,9,6,5,4,2,1,0
0,5,7,8,10,12,14,17,18,21,23,26,28,25,27,24,22,20,19,16,15,13,11,9,6,4,3,2,1,0
0,5,7,8,10,12,14,17,20,19,22,23,26,25,27,28,24,21,18,16,15,13,11,9,6,4,3,2,1,0
0,5,7,8,10,12,14,17,20,19,22,23,26,25,27,28,24,21,18,16,15,13,11,9,6,4,3,2,1,0
0,5,7,8,10,12,16,19,20,21,23,26,28,27,25,24,22,18,17,15,14,13,11,9,6,4,3,2,1,0
0,5,7,8,10,12,14,17,19,21,22,23,26,25,27,28,24,20,18,16,15,13,11,9,6,4,3,2,1,0
0,5,7,8,10,12,14,17,21,19,22,23,25,28,27,26,24,20,18,16,15,13,11,9,6,3,4,2,1,0
0,5,7,8,10,12,16,19,20,21,23,26,28,27,25,24,22,18,17,15,14,13,11,9,6,4,3,2,1,0
0,5,7,8,10,12,16,19,20,21,23,26,28,27,25,24,22,18,17,15,14,13,11,9,6,4,3,2,1,0
0,5,7,8,10,12,16,19,20,21,23,26,28,27,25,24,22,18,17,15,14,13,11,9,6,4,3,2,1,0
0,5,7,8,10,12,14,17,20,19,22,23,28,25,27,26,24,21,18,16,15,13,11,9,6,4,3,2,1,0
0,4,7,8,10,12,16,19,22,21,23,26,28,25,27,24,20,18,17,15,14,13,11,9,6,5,3,2,1,0
0,5,7,8,10,12,15,17,21,19,22,23,28,26,27,25,24,20,18,16,14,13,11,9,6,3,4,2,1,0
0,5,7,8,10,12,15,17,21,19,22,23,28,26,27,25,24,20,18,16,14,13,11,9,6,4,3,2,1,0
0,5,7,8,10,12,16,19,20,21,23,26,28,27,25,24,22,18,17,15,14,13,11,9,6,3,4,2,1,0
0,5,7,8,10,12,16,19,20,21,23,26,28,27,25,24,22,18,17,15,14,13,11,9,6,3,4,2,1,0
0,5,7,8,10,12,16,19,20,21,23,26,28,27,25,24,22,18,17,15,14,13,11,9,6,4,3,2,1,0
0,5,7,8,10,12,16,19,20,21,23,26,28,27,25,24,22,18,17,15,14,13,11,9,6,3,4,2,1,0
0,5,7,8,10,12,16,19,20,21,23,26,28,27,25,24,22,18,17,15,14,13,11,9,6,4,3,2,1,0
0,5,7,8,10,12,16,19,20,21,23,26,28,27,25,24,22,18,17,15,14,13,11,9,6,4,3,2,1,0
0,5,7,8,10,12,16,19,20,21,23,26,28,27,25,24,22,18,17,15,14,13,11,9,6,4,3,2,1,0
0,5,7,8,10,12,16,19,20,21,23,26,28,27,25,24,22,18,17,15,14,13,11,9,6,4,3,2,1,0
0,5,7,8,10,12,16,19,20,21,23,26,28,27,25,24,22,18,17,15,14,13,11,9,6,4,3,2,1,0
0,5,7,8,10,12,16,19,20,21,23,26,28,27,25,24,22,18,17,15,14,13,11,9,6,4,3,2,1,0
0,5,7,8,10,12,16,19,20,21,23,26,28,27,25,24,22,18,17,15,14,13,11,9,6,4,3,2,1,0
0,5,7,8,10,12,14,17,19,21,22,23,26,27,25,28,24,20,18,16,15,13,11,9,6,4,3,2,1,0
0,5,7,8,10,12,14,17,19,21,22,23,26,27,25,28,24,20,18,16,15,13,11,9,6,4,3,2,1,0
0,5,7,8,10,12,14,17,19,21,22,23,26,27,25,28,24,20,18,16,15,13,11,9,6,4,3,2,1,0
0,5,7,8,10,12,14,17,19,21,22,23,26,27,25,28,24,20,18,16,15,13,11,9,6,4,3,2,1,0
0,5,7,8,10,12,14,17,18,21,23,26,28,25,27,24,22,20,19,16,15,13,11,9,6,3,4,2,1,0
0,5,7,8,10,12,14,17,18,21,23,26,28,25,27,24,22,20,19,16,15,13,11,9,6,4,3,2,1,0
0,5,7,8,10,12,14,17,21,19,22,23,26,28,27,25,24,20,18,16,15,13,11,9,6,4,3,2,1,0
0,5,7,8,10,12,14,17,21,19,22,23,26,28,27,25,24,20,18,16,15,13,11,9,6,4,3,2,1,0
0,5,7,8,10,12,14,17,21,19,22,23,26,28,27,25,24,20,18,16,15,13,11,9,6,4,3,2,1,0
0,5,7,8,10,12,14,17,21,19,22,23,26,28,27,25,24,20,18,16,15,13,11,9,6,4,3,2,1,0
0,5,7,8,10,12,14,17,21,19,22,23,26,28,27,25,24,20,18,16,15,13,11,9,6,4,3,2,1,0
0,5,7,8,10,12,14,17,21,19,22,23,26,28,27,25,24,20,18,16,15,13,11,9,6,4,3,2,1,0
0,5,7,8,10,12,14,17,21,19,22,23,26,28,27,25,24,20,18,16,15,13,11,9,6,4,3,2,1,0
0,5,7,8,10,12,14,17,21,19,22,23,26,28,27,25,24,20,18,16,15,13,11,9,6,4,3,2,1,0
0,5,7,8,10,12,14,17,21,19,22,23,26,28,27,25,24,20,18,16,15,13,11,9,6,4,3,2,1,0
0,5,7,8,10,12,14,17,21,19,22,23,26,28,27,25,24,20,18,16,15,13,11,9,6,4,3,2,1,0
0,5,7,8,10,12,14,17,19,21,22,23,26,25,27,28,24,20,18,16,15,13,11,9,6,4,3,2,1,0
0,5,7,8,10,12,14,17,20,19,22,23,26,25,27,28,24,21,18,16,15,13,11,9,6,4,3,2,1,0
0,5,7,8,10,12,15,17,21,19,22,23,28,26,27,25,24,20,18,16,14,13,11,9,6,4,3,2,1,0
0,5,7,8,10,12,15,17,21,19,22,23,28,26,27,25,24,20,18,16,14,13,11,9,6,4,3,2,1,0
0,5,7,8,10,12,15,17,21,19,22,23,28,26,27,25,24,20,18,16,14,13,11,9,6,4,3,2,1,0
0,5,7,8,10,12,15,17,21,19,22,23,28,26,27,25,24,20,18,16,14,13,11,9,6,4,3,2,1,0
0,5,7,8,10,12,15,17,21,19,22,23,28,26,27,25,24,20,18,16,14,13,11,9,6,4,3,2,1,0
0,5,7,8,10,12,14,17,18,21,23,26,28,25,27,24,22,20,19,16,15,13,11,9,6,3,4,2,1,0
0,5,7,8,10,12,14,17,18,21,23,26,28,25,27,24,22,20,19,16,15,13,11,9,6,3,4,2,1,0
0,5,7,8,10,12,14,17,18,21,23,26,28,25,27,24,22,20,19,16,15,13,11,9,6,4,3,2,1,0
0,5,7,8,10,12,14,17,18,21,23,26,28,25,27,24,22,20,19,16,15,13,11,9,6,3,4,2,1,0
0,5,7,8,10,12,14,17,18,21,23,26,28,25,27,24,22,20,19,16,15,13,11,9,6,4,3,2,1,0
0,5,7,8,10,12,14,17,18,21,23,26,28,25,27,24,22,20,19,16,15,13,11,9,6,4,3,2,1,0
0,5,7,8,10,12,14,17,18,21,23,26,28,25,27,24,22,20,19,16,15,13,11,9,6,3,4,2,1,0
0,5,7,8,10,12,14,17,18,21,23,26,28,25,27,24,22,20,19,16,15,13,11,9,6,4,3,2,1,0
0,5,7,8,10,12,14,17,18,21,23,26,28,25,27,24,22,20,19,16,15,13,11,9,6,4,3,2,1,0
0,4,7,8,10,12,14,17,21,19,22,23,26,28,27,25,24,20,18,16,15,13,11,9,6,5,3,2,1,0
0,4,7,8,10,12,14,17,21,19,22,23,26,28,27,25,24,20,18,16,15,13,11,9,6,5,3,2,1,0
0,5,7,8,10,12,14,17,18,21,23,26,28,25,27,24,22,20,19,16,15,13,11,9,6,4,3,2,1,0
0,5,7,8,10,12,14,17,18,21,23,26,28,25,27,24,22,20,19,16,15,13,11,9,6,4,3,2,1,0
0,5,7,8,10,12,15,17,18,21,23,26,28,25,27,24,22,20,19,16,14,13,11,9,6,4,3,2,1,0
0,5,7,8,10,12,15,17,18,21,23,26,28,25,27,24,22,20,19,16,14,13,11,9,6,4,3,2,1,0
0,5,7,8,10,12,15,17,18,21,23,26,28,25,27,24,22,20,19,16,14,13,11,9,6,4,3,2,1,0
0,5,7,8,10,12,14,17,18,21,23,26,28,25,27,24,22,20,19,16,15,13,11,9,6,4,3,2,1,0
0,5,7,8,10,12,14,17,18,21,23,26,28,25,27,24,22,20,19,16,15,13,11,9,6,4,3,2,1,0
0,5,7,8,10,12,14,17,18,21,23,26,28,25,27,24,22,20,19,16,15,13,11,9,6,4,3,2,1,0
0,5,7,8,10,12,14,17,18,21,23,26,28,25,27,24,22,20,19,16,15,13,11,9,6,4,3,2,1,0
0,5,7,8,10,12,14,17,18,21,23,26,28,25,27,24,22,20,19,16,15,13,11,9,6,4,3,2,1,0
0,5,7,8,10,12,14,17,18,21,23,26,28,25,27,24,22,20,19,16,15,13,11,9,6,4,3,2,1,0
0,5,7,8,10,12,14,17,18,21,23,26,28,25,27,24,22,20,19,16,15,13,11,9,6,4,3,2,1,0
0,5,7,8,10,12,14,17,18,21,23,26,28,25,27,24,22,20,19,16,15,13,11,9,6,4,3,2,1,0
0,5,7,8,10,12,14,17,18,21,23,26,28,25,27,24,22,20,19,16,15,13,11,9,6,4,3,2,1,0
0,5,7,8,10,12,14,17,18,21,23,26,28,25,27,24,22,20,19,16,15,13,11,9,6,4,3,2,1,0
0,5,7,8,10,12,14,17,18,21,23,26,28,25,27,24,22,20,19,16,15,13,11,9,6,4,3,2,1,0
0,5,7,8,10,12,14,17,18,21,23,26,28,25,27,24,22,20,19,16,15,13,11,9,6,4,3,2,1,0
0,5,7,8,10,12,14,17,18,21,23,26,28,25,27,24,22,20,19,16,15,13,11,9,6,4,3,2,1,0
0,5,7,8,10,12,14,17,18,21,23,26,28,25,27,24,22,20,19,16,15,13,11,9,6,4,3,2,1,0
0,5,7,8,10,12,14,17,18,21,23,26,28,25,27,24,22,20,19,16,15,13,11,9,6,4,3,2,1,0
0,5,7,8,10,12,14,17,18,21,23,26,28,25,27,24,22,20,19,16,15,13,11,9,6,4,3,2,1,0
0,5,7,8,10,12,14,17,18,21,23,26,28,25,27,24,22,20,19,16,15,13,11,9,6,4,3,2,1,0
0,5,7,8,10,12,14,17,18,21,23,26,28,25,27,24,22,20,19,16,15,13,11,9,6,4,3,2,1,0
0,5,7,8,10,12,14,17,18,21,23,26,28,25,27,24,22,20,19,16,15,13,11,9,6,4,3,2,1,0
0,5,7,8,10,12,14,17,18,21,23,26,28,25,27,24,22,20,19,16,15,13,11,9,6,4,3,2,1,0
0,5,7,8,10,12,14,17,18,21,23,26,28,27,25,24,22,20,19,16,15,13,11,9,6,3,4,2,1,0
0,5,7,8,10,12,14,17,18,21,23,26,28,27,25,24,22,20,19,16,15,13,11,9,6,3,4,2,1,0
0,5,7,8,10,12,14,17,18,21,23,26,28,27,25,24,22,20,19,16,15,13,11,9,6,3,4,2,1,0
0,5,7,8,10,12,14,17,18,21,23,26,28,27,25,24,22,20,19,16,15,13,11,9,6,3,4,2,1,0
0,5,7,8,10,12,14,17,18,21,23,26,28,27,25,24,22,20,19,16,15,13,11,9,6,4,3,2,1,0
0,5,7,8,10,12,15,17,19,21,22,23,28,26,27,25,24,20,18,16,14,13,11,9,6,4,3,2,1,0
0,5,7,8,10,12,15,17,18,21,23,26,28,25,27,24,22,20,19,16,14,13,11,9,6,4,3,2,1,0
0,5,7,8,10,12,15,17,18,21,23,26,28,25,27,24,22,20,19,16,14,13,11,9,6,4,3,2,1,0
0,5,7,8,10,12,15,17,18,21,23,26,28,25,27,24,22,20,19,16,14,13,11,9,6,4,3,2,1,0
0,5,7,8,10,12,15,17,18,21,23,26,28,25,27,24,22,20,19,16,14,13,11,9,6,4,3,2,1,0
0,5,7,8,10,12,15,17,18,21,23,26,28,25,27,24,22,20,19,16,14,13,11,9,6,4,3,2,1,0
0,5,7,8,10,12,15,17,18,21,23,26,28,25,27,24,22,20,19,16,14,13,11,9,6,4,3,2,1,0
0,5,7,8,10,12,14,17,18,21,23,26,28,27,25,24,22,20,19,16,15,13,11,9,6,3,4,2,1,0
0,5,7,8,10,12,15,17,18,21,23,26,28,25,27,24,22,20,19,16,14,13,11,9,6,4,3,2,1,0
0,5,7,8,10,12,15,17,18,21,23,26,28,25,27,24,22,20,19,16,14,13,11,9,6,4,3,2,1,0
0,5,7,8,10,12,15,17,19,21,22,23,28,26,27,25,24,20,18,16,14,13,11,9,6,4,3,2,1,0
0,5,7,8,10,12,15,17,18,21,23,26,28,25,27,24,22,20,19,16,14,13,11,9,6,4,3,2,1,0
0,5,7,8,10,12,15,17,19,21,22,23,28,26,27,25,24,20,18,16,14,13,11,9,6,4,3,2,1,0
0,5,7,8,10,12,15,17,19,21,22,23,28,26,27,25,24,20,18,16,14,13,11,9,6,4,3,2,1,0
0,4,7,8,10,12,14,17,18,21,23,26,28,25,27,24,22,20,19,16,15,13,11,9,6,5,3,2,1,0
0,5,7,8,10,12,15,17,19,21,22,23,28,26,27,25,24,20,18,16,14,13,11,9,6,4,3,2,1,0
0,5,7,8,10,12,14,16,18,21,23,26,28,25,27,24,22,20,19,17,15,13,11,9,6,3,4,2,1,0
0,5,7,8,10,12,15,17,19,21,22,23,28,26,27,25,24,20,18,16,14,13,11,9,6,4,3,2,1,0
0,4,7,8,10,12,14,17,18,21,23,26,28,25,27,24,22,20,19,16,15,13,11,9,6,5,3,2,1,0
0,4,7,8,10,12,14,17,18,21,23,26,28,25,27,24,22,20,19,16,15,13,11,9,6,5,3,2,1,0
0,4,7,8,10,12,14,17,18,21,23,26,28,25,27,24,22,20,19,16,15,13,11,9,6,5,3,2,1,0
0,4,7,8,10,12,14,17,18,21,23,26,28,25,27,24,22,20,19,16,15,13,11,9,6,5,3,2,1,0
0,4,7,8,10,12,14,17,18,21,23,26,28,25,27,24,22,20,19,16,15,13,11,9,6,5,3,2,1,0
0,4,7,8,10,12,14,17,18,21,23,26,28,25,27,24,22,20,19,16,15,13,11,9,6,5,3,2,1,0
0,4,7,8,10,12,14,17,18,21,23,26,28,25,27,24,22,20,19,16,15,13,11,9,6,5,3,2,1,0
0,4,7,8,10,12,14,17,18,21,23,26,28,25,27,24,22,20,19,16,15,13,11,9,6,5,3,2,1,0
0,5,7,8,10,12,14,17,18,21,23,26,28,27,25,24,22,20,19,16,15,13,11,9,6,4,3,2,1,0
0,3,7,8,10,12,14,17,18,21,23,26,28,25,27,24,22,20,19,16,15,13,11,9,6,5,4,2,1,0
0,3,7,8,10,12,14,17,18,21,23,26,28,25,27,24,22,20,19,16,15,13,11,9,6,5,4,2,1,0
0,5,7,8,10,12,14,17,18,21,23,26,28,27,25,24,22,20,19,16,15,13,11,9,6,4,3,2,1,0
0,5,7,8,10,12,14,17,18,21,23,26,28,27,25,24,22,20,19,16,15,13,11,9,6,4,3,2,1,0
0,4,7,8,10,12,14,17,18,21,23,26,28,25,27,24,22,20,19,16,15,13,11,9,6,5,3,2,1,0
0,5,7,8,10,12,14,17,18,21,23,26,28,27,25,24,22,20,19,16,15,13,11,9,6,4,3,2,1,0
0,4,7,8,10,12,14,17,18,21,23,26,28,25,27,24,22,20,19,16,15,13,11,9,6,5,3,2,1,0
0,4,7,8,10,12,14,17,18,21,23,26,28,25,27,24,22,20,19,16,15,13,11,9,6,5,3,2,1,0
0,4,7,8,10,12,14,17,18,21,23,26,28,25,27,24,22,20,19,16,15,13,11,9,6,5,3,2,1,0
0,5,7,8,10,12,14,17,18,21,23,26,28,27,25,24,22,20,19,16,15,13,11,9,6,4,3,2,1,0
0,3,7,8,10,12,14,17,18,21,23,26,28,25,27,24,22,20,19,16,15,13,11,9,6,5,4,2,1,0
0,3,7,8,10,12,14,17,18,21,23,26,28,25,27,24,22,20,19,16,15,13,11,9,6,5,4,2,1,0
0,3,7,8,10,12,14,17,18,21,23,26,28,25,27,24,22,20,19,16,15,13,11,9,6,5,4,2,1,0
0,5,7,8,10,12,14,17,19,21,23,26,28,27,25,24,22,20,18,16,15,13,11,9,6,4,3,2,1,0
0,5,7,8,10,12,14,17,19,21,23,26,28,27,25,24,22,20,18,16,15,13,11,9,6,4,3,2,1,0
0,4,7,9,10,12,15,17,19,21,22,23,28,26,27,25,24,20,18,16,14,13,11,8,6,5,3,2,1,0
0,4,7,9,10,12,15,17,19,21,22,23,28,26,27,25,24,20,18,16,14,13,11,8,6,5,3,2,1,0
0,4,7,9,10,12,15,17,19,21,22,23,28,26,27,25,24,20,18,16,14,13,11,8,6,5,3,2,1,0
0,4,7,9,10,12,15,17,19,21,22,23,28,26,27,25,24,20,18,16,14,13,11,8,6,5,3,2,1,0
0,4,7,9,10,12,15,17,19,21,22,23,28,26,27,25,24,20,18,16,14,13,11,8,6,5,3,2,1,0
0,4,7,9,10,12,15,17,19,21,22,23,28,26,27,25,24,20,18,16,14,13,11,8,6,5,3,2,1,0
0,4,7,9,10,12,15,17,19,21,22,23,28,26,27,25,24,20,18,16,14,13,11,8,6,5,3,2,1,0
0,4,7,9,10,12,15,17,19,21,22,23,28,26,27,25,24,20,18,16,14,13,11,8,6,5,3,2,1,0
0,4,7,9,10,12,15,17,19,21,22,23,28,26,27,25,24,20,18,16,14,13,11,8,6,5,3,2,1,0
0,4,7,9,10,12,15,17,19,21,22,23,28,26,27,25,24,20,18,16,14,13,11,8,6,5,3,2,1,0
0,4,7,9,10,12,15,17,19,21,22,23,28,26,27,25,24,20,18,16,14,13,11,8,6,5,3,2,1,0
0,4,7,8,10,12,14,17,18,21,23,26,28,25,27,24,22,20,19,16,15,13,11,9,6,5,3,2,1,0
0,4,7,8,10,12,15,17,19,21,22,23,28,26,27,25,24,20,18,16,14,13,11,9,6,5,3,2,1,0
0,4,7,8,10,12,15,17,19,21,22,23,28,26,27,25,24,20,18,16,14,13,11,9,6,5,3,2,1,0
0,4,7,8,10,12,15,17,19,21,22,23,28,26,27,25,24,20,18,16,14,13,11,9,6,5,3,2,1,0
0,4,7,8,10,12,15,17,19,21,22,23,28,26,27,25,24,20,18,16,14,13,11,9,6,5,3,2,1,0
0,4,7,8,10,12,15,17,19,21,22,23,28,26,27,25,24,20,18,16,14,13,11,9,6,5,3,2,1,0
0,4,7,8,10,12,15,17,19,21,22,23,28,26,27,25,24,20,18,16,14,13,11,9,6,5,3,2,1,0
0,4,7,8,10,12,15,17,19,21,22,23,28,26,27,25,24,20,18,16,14,13,11,9,6,5,3,2,1,0
0,4,7,8,10,12,14,17,18,21,23,26,28,25,27,24,22,20,19,16,15,13,11,9,6,5,3,2,1,0
0,4,7,8,10,12,14,17,18,21,23,26,28,25,27,24,22,20,19,16,15,13,11,9,6,5,3,2,1,0
0,5,7,8,10,12,14,16,18,21,23,25,28,26,27,24,22,20,19,17,15,13,11,9,6,4,3,2,1,0
0,5,7,8,10,12,14,16,18,21,23,25,28,26,27,24,22,20,19,17,15,13,11,9,6,4,3,2,1,0
0,5,7,8,10,12,14,16,18,21,23,25,28,26,27,24,22,20,19,17,15,13,11,9,6,4,3,2,1,0
0,5,7,8,10,12,14,16,18,21,23,25,28,26,27,24,22,20,19,17,15,13,11,9,6,4,3,2,1,0
0,5,7,8,10,12,14,16,18,21,23,25,28,26,27,24,22,20,19,17,15,13,11,9,6,4,3,2,1,0
0,3,7,8,10,12,15,17,19,21,22,23,28,26,27,25,24,20,18,16,14,13,11,9,6,5,4,2,1,0
0,3,7,8,10,12,15,17,19,21,22,23,28,26,27,25,24,20,18,16,14,13,11,9,6,5,4,2,1,0
0,4,7,8,10,12,15,17,19,21,22,23,28,26,27,25,24,20,18,16,14,13,11,9,6,5,3,2,1,0
0,4,7,8,10,12,15,17,19,21,22,23,28,26,27,25,24,20,18,16,14,13,11,9,6,5,3,2,1,0
0,5,7,8,10,12,14,16,18,21,23,25,28,26,27,24,22,20,19,17,15,13,11,9,6,4,3,2,1,0
0,5,7,8,10,12,14,16,18,21,23,25,28,26,27,24,22,20,19,17,15,13,11,9,6,4,3,2,1,0
0,5,7,8,10,12,14,16,18,21,23,25,28,26,27,24,22,20,19,17,15,13,11,9,6,4,3,2,1,0
0,5,7,8,10,12,14,16,18,21,23,25,28,26,27,24,22,20,19,17,15,13,11,9,6,4,3,2,1,0
0,5,7,8,10,12,14,16,18,21,23,26,28,27,25,24,22,20,19,17,15,13,11,9,6,4,3,2,1,0
0,5,7,8,10,12,14,16,18,21,23,26,28,27,25,24,22,20,19,17,15,13,11,9,6,4,3,2,1,0
0,5,7,8,10,12,14,16,18,21,23,26,28,27,25,24,22,20,19,17,15,13,11,9,6,4,3,2,1,0
0,5,7,8,10,12,14,16,18,21,23,26,28,27,25,24,22,20,19,17,15,13,11,9,6,4,3,2,1,0
0,4,7,8,10,12,14,17,18,21,24,26,28,27,25,23,22,20,19,16,15,13,11,9,6,5,3,2,1,0
0,5,7,8,10,12,14,16,18,21,23,26,28,27,25,24,22,20,19,17,15,13,11,9,6,4,3,2,1,0
0,5,7,8,10,12,14,16,18,21,23,26,28,27,25,24,22,20,19,17,15,13,11,9,6,4,3,2,1,0
0,5,7,8,10,12,14,16,18,21,23,26,28,27,25,24,22,20,19,17,15,13,11,9,6,4,3,2,1,0
0,5,7,8,10,12,14,16,18,21,23,26,28,27,25,24,22,20,19,17,15,13,11,9,6,4,3,2,1,0
0,5,7,8,10,12,14,16,18,21,23,26,28,27,25,24,22,20,19,17,15,13,11,9,6,4,3,2,1,0
0,5,7,8,10,12,14,16,18,21,23,26,28,27,25,24,22,20,19,17,15,13,11,9,6,4,3,2,1,0
0,3,7,8,10,12,14,16,18,21,23,26,28,25,27,24,22,20,19,17,15,13,11,9,6,5,4,2,1,0
0,3,7,8,10,12,14,16,18,21,23,26,28,25,27,24,22,20,19,17,15,13,11,9,6,5,4,2,1,0
0,3,7,8,10,12,14,16,18,21,23,26,28,25,27,24,22,20,19,17,15,13,11,9,6,5,4,2,1,0
0,4,7,8,10,12,14,16,18,21,23,26,28,25,27,24,22,20,19,17,15,13,11,9,6,5,3,2,1,0
0,5,7,8,10,12,14,16,18,21,23,26,28,27,25,24,22,20,19,17,15,13,11,9,6,4,3,2,1,0
0,3,7,8,10,12,14,16,18,21,23,26,28,25,27,24,22,20,19,17,15,13,11,9,6,5,4,2,1,0
0,3,7,8,10,12,14,16,18,21,23,26,28,25,27,24,22,20,19,17,15,13,11,9,6,5,4,2,1,0
0,3,7,8,10,12,14,16,18,21,23,26,28,25,27,24,22,20,19,17,15,13,11,9,6,5,4,2,1,0
0,3,7,8,10,12,14,16,18,21,23,26,28,25,27,24,22,20,19,17,15,13,11,9,6,5,4,2,1,0
0,5,7,8,10,12,14,16,18,21,23,26,28,27,25,24,22,20,19,17,15,13,11,9,6,4,3,2,1,0
0,5,7,8,10,12,14,16,18,21,23,26,28,27,25,24,22,20,19,17,15,13,11,9,6,4,3,2,1,0
0,3,7,8,10,12,14,16,18,21,23,26,28,25,27,24,22,20,19,17,15,13,11,9,6,5,4,2,1,0
0,3,7,8,10,12,14,16,18,21,23,26,28,25,27,24,22,20,19,17,15,13,11,9,6,5,4,2,1,0
0,3,7,8,10,12,14,16,18,21,23,26,28,25,27,24,22,20,19,17,15,13,11,9,6,5,4,2,1,0
0,3,7,8,10,12,14,16,18,21,23,26,28,25,27,24,22,20,19,17,15,13,11,9,6,5,4,2,1,0
0,3,7,8,10,12,14,16,18,21,23,26,28,25,27,24,22,20,19,17,15,13,11,9,6,5,4,2,1,0
0,5,7,8,10,12,14,16,18,21,23,26,28,27,25,24,22,20,19,17,15,13,11,9,6,4,3,2,1,0
0,5,7,8,10,12,14,16,18,21,23,26,28,27,25,24,22,20,19,17,15,13,11,9,6,4,3,2,1,0
0,4,7,8,10,12,14,16,18,21,23,26,28,25,27,24,22,20,19,17,15,13,11,9,6,5,3,2,1,0
0,4,7,8,10,12,14,16,18,21,23,26,28,25,27,24,22,20,19,17,15,13,11,9,6,5,3,2,1,0
0,4,7,8,10,12,14,16,18,21,23,26,28,25,27,24,22,20,19,17,15,13,11,9,6,5,3,2,1,0
0,4,7,8,10,12,14,16,18,21,23,26,28,25,27,24,22,20,19,17,15,13,11,9,6,5,3,2,1,0
0,4,7,8,10,12,14,16,18,21,23,26,28,25,27,24,22,20,19,17,15,13,11,9,6,5,3,2,1,0
0,4,7,8,10,12,14,16,18,21,23,26,28,25,27,24,22,20,19,17,15,13,11,9,6,5,3,2,1,0
0,5,7,8,10,12,14,16,18,21,23,26,28,27,25,24,22,20,19,17,15,13,11,9,6,4,3,2,1,0
0,5,7,8,10,12,14,16,18,21,24,26,28,27,25,23,22,20,19,17,15,13,11,9,6,4,3,2,1,0
0,4,7,8,10,12,14,17,18,21,24,26,28,27,25,23,22,20,19,16,15,13,11,9,6,5,3,2,1,0
0,4,7,8,10,12,14,17,18,21,24,26,28,27,25,23,22,20,19,16,15,13,11,9,6,5,3,2,1,0
0,4,7,8,10,12,14,17,18,21,24,26,28,27,25,23,22,20,19,16,15,13,11,9,6,5,3,2,1,0
0,4,7,8,10,12,14,17,18,21,24,26,28,27,25,23,22,20,19,16,15,13,11,9,6,5,3,2,1,0
0,4,7,8,10,12,14,17,18,21,24,26,28,27,25,23,22,20,19,16,15,13,11,9,6,5,3,2,1,0
0,4,7,8,10,12,14,17,18,21,24,26,28,27,25,23,22,20,19,16,15,13,11,9,6,5,3,2,1,0
0,4,7,8,10,12,14,17,18,21,24,26,28,27,25,23,22,20,19,16,15,13,11,9,6,5,3,2,1,0
0,5,7,8,10,12,14,16,18,21,23,26,28,27,25,24,22,20,19,17,15,13,11,9,6,4,3,2,1,0
0,5,7,8,10,12,14,16,18,21,23,26,28,27,25,24,22,20,19,17,15,13,11,9,6,4,3,2,1,0
0,5,7,8,10,12,14,16,18,21,23,26,28,27,25,24,22,20,19,17,15,13,11,9,6,4,3,2,1,0
0,5,7,8,10,12,14,16,18,21,23,26,28,27,25,24,22,20,19,17,15,13,11,9,6,4,3,2,1,0
0,3,7,8,10,12,14,16,18,21,23,26,28,25,27,24,22,20,19,17,15,13,11,9,6,5,4,2,1,0
0,4,7,8,10,12,14,16,18,21,23,26,28,25,27,24,22,20,19,17,15,13,11,9,6,5,3,2,1,0
0,4,7,8,10,12,14,16,18,21,23,26,28,25,27,24,22,20,19,17,15,13,11,9,6,5,3,2,1,0
0,4,7,8,10,12,14,17,18,21,24,26,28,27,25,23,22,20,19,16,15,13,11,9,6,5,3,2,1,0
0,4,7,8,10,12,14,17,18,21,24,26,28,27,25,23,22,20,19,16,15,13,11,9,6,5,3,2,1,0
0,4,7,8,10,12,14,17,18,21,24,26,28,27,25,23,22,20,19,16,15,13,11,9,6,5,3,2,1,0
0,3,7,8,10,12,15,17,18,21,23,26,28,27,25,24,22,20,19,16,14,13,11,9,6,5,4,2,1,0
0,3,7,8,10,12,15,17,18,21,23,26,28,27,25,24,22,20,19,16,14,13,11,9,6,5,4,2,1,0
0,3,7,8,10,12,14,16,18,21,23,26,28,25,27,24,22,20,19,17,15,13,11,9,6,5,4,2,1,0
0,3,7,8,10,12,14,16,18,21,23,26,28,25,27,24,22,20,19,17,15,13,11,9,6,5,4,2,1,0
0,4,7,8,10,12,14,17,18,21,23,26,28,27,25,24,22,20,19,16,15,13,11,9,6,5,3,2,1,0
0,4,7,8,10,12,14,16,18,21,23,26,28,27,25,24,22,20,19,17,15,13,11,9,6,5,3,2,1,0
0,4,7,8,10,12,14,16,18,21,23,26,28,27,25,24,22,20,19,17,15,13,11,9,6,5,3,2,1,0
0,4,7,8,10,12,14,16,18,21,23,26,28,27,25,24,22,20,19,17,15,13,11,9,6,5,3,2,1,0
0,4,7,8,10,12,14,17,18,21,24,26,28,27,25,23,22,20,19,16,15,13,11,9,6,5,3,2,1,0
0,4,7,8,10,12,14,16,18,21,23,26,28,25,27,24,22,20,19,17,15,13,11,9,6,5,3,2,1,0
0,3,7,8,10,12,14,17,18,21,24,26,28,27,25,23,22,20,19,16,15,13,11,9,6,5,4,2,1,0
0,4,7,8,10,12,14,17,18,21,23,26,28,27,25,24,22,20,19,16,15,13,11,9,6,5,3,2,1,0
0,3,7,8,10,12,14,16,18,21,23,25,28,26,27,24,22,20,19,17,15,13,11,9,6,5,4,2,1,0
0,4,7,8,10,12,14,16,18,21,23,26,28,25,27,24,22,20,19,17,15,13,11,9,6,5,3,2,1,0
0,3,7,8,10,12,14,16,18,21,23,26,28,25,27,24,22,20,19,17,15,13,11,9,6,5,4,2,1,0
0,4,7,8,10,12,14,16,18,21,23,26,28,25,27,24,22,20,19,17,15,13,11,9,6,5,3,2,1,0
0,4,7,8,10,12,14,17,18,21,23,26,28,27,25,24,22,20,19,16,15,13,11,9,6,5,3,2,1,0
0,4,7,8,10,12,14,16,18,21,23,25,28,26,27,24,22,20,19,17,15,13,11,9,6,5,3,2,1,0
0,4,7,8,10,12,14,16,18,21,23,25,28,26,27,24,22,20,19,17,15,13,11,9,6,5,3,2,1,0
0,4,7,8,10,12,14,16,18,21,23,25,28,26,27,24,22,20,19,17,15,13,11,9,6,5,3,2,1,0
0,4,7,8,10,12,14,16,18,21,23,25,28,26,27,24,22,20,19,17,15,13,11,9,6,5,3,2,1,0
0,4,7,8,10,12,14,16,18,21,23,25,28,26,27,24,22,20,19,17,15,13,11,9,6,5,3,2,1,0
0,4,7,8,10,12,14,16,18,21,23,25,28,26,27,24,22,20,19,17,15,13,11,9,6,5,3,2,1,0
0,4,7,8,10,12,14,16,18,21,23,25,28,26,27,24,22,20,19,17,15,13,11,9,6,5,3,2,1,0
0,4,7,8,10,12,14,16,18,21,23,25,28,26,27,24,22,20,19,17,15,13,11,9,6,5,3,2,1,0
0,4,7,8,10,12,14,16,18,21,23,25,28,26,27,24,22,20,19,17,15,13,11,9,6,5,3,2,1,0
0,4,7,8,10,12,14,16,18,21,23,25,28,26,27,24,22,20,19,17,15,13,11,9,6,5,3,2,1,0
0,4,7,8,10,12,14,16,18,21,24,26,28,25,27,23,22,20,19,17,15,13,11,9,6,5,3,2,1,0
0,4,7,8,10,12,14,16,18,21,24,26,28,25,27,23,22,20,19,17,15,13,11,9,6,5,3,2,1,0
0,4,7,8,10,12,14,16,18,21,23,26,28,25,27,24,22,20,19,17,15,13,11,9,6,5,3,2,1,0
0,4,7,8,10,12,14,17,18,21,23,26,28,27,25,24,22,20,19,16,15,13,11,9,6,5,3,2,1,0
0,4,7,8,10,12,14,16,18,21,23,26,28,27,25,24,22,20,19,17,15,13,11,9,6,5,3,2,1,0
0,4,7,8,10,12,14,16,18,21,23,26,28,27,25,24,22,20,19,17,15,13,11,9,6,5,3,2,1,0
0,4,7,8,10,12,14,17,18,21,23,26,28,27,25,24,22,20,19,16,15,13,11,9,6,5,3,2,1,0
0,4,7,8,10,12,14,17,18,21,23,26,28,27,25,24,22,20,19,16,15,13,11,9,6,5,3,2,1,0
0,4,7,8,10,12,14,17,18,21,23,26,28,27,25,24,22,20,19,16,15,13,11,9,6,5,3,2,1,0
0,4,7,8,10,12,14,17,18,21,23,26,28,27,25,24,22,20,19,16,15,13,11,9,6,5,3,2,1,0
0,4,7,8,10,12,14,16,18,21,23,26,28,27,25,24,22,20,19,17,15,13,11,9,6,5,3,2,1,0
0,4,7,8,10,12,14,16,18,21,23,26,28,27,25,24,22,20,19,17,15,13,11,9,6,5,3,2,1,0
0,4,7,8,10,12,14,17,18,21,23,26,28,27,25,24,22,20,19,16,15,13,11,9,6,5,3,2,1,0
0,4,7,8,10,12,14,16,18,21,23,25,28,26,27,24,22,20,19,17,15,13,11,9,6,5,3,2,1,0
0,4,7,8,10,12,14,16,18,21,23,26,28,25,27,24,22,20,19,17,15,13,11,9,6,5,3,2,1,0
0,4,7,8,10,12,14,16,18,21,23,26,28,25,27,24,22,20,19,17,15,13,11,9,6,5,3,2,1,0
0,4,7,8,10,12,14,17,18,21,24,26,28,27,25,23,22,20,19,16,15,13,11,9,6,5,3,2,1,0
0,4,7,8,10,12,14,17,18,21,24,26,28,27,25,23,22,20,19,16,15,13,11,9,6,5,3,2,1,0
0,4,7,8,10,12,14,16,18,21,23,26,28,27,25,24,22,20,19,17,15,13,11,9,6,5,3,2,1,0
0,4,7,8,10,12,14,16,18,21,23,26,28,27,25,24,22,20,19,17,15,13,11,9,6,5,3,2,1,0
0,4,7,8,10,12,14,16,18,21,23,26,28,27,25,24,22,20,19,17,15,13,11,9,6,5,3,2,1,0
0,4,7,8,10,12,14,16,18,21,23,26,28,25,27,24,22,20,19,17,15,13,11,9,6,5,3,2,1,0
0,4,7,8,10,12,14,16,18,21,23,26,28,25,27,24,22,20,19,17,15,13,11,9,6,5,3,2,1,0
0,4,7,8,10,12,14,16,18,21,23,25,28,26,27,24,22,20,19,17,15,13,11,9,6,5,3,2,1,0
0,4,7,8,10,12,14,16,18,21,23,25,28,26,27,24,22,20,19,17,15,13,11,9,6,5,3,2,1,0
0,4,7,8,10,12,14,16,18,21,23,25,28,26,27,24,22,20,19,17,15,13,11,9,6,5,3,2,1,0
0,4,7,8,10,12,14,16,18,21,23,25,28,26,27,24,22,20,19,17,15,13,11,9,6,5,3,2,1,0
0,4,7,8,10,12,14,16,18,21,23,25,28,26,27,24,22,20,19,17,15,13,11,9,6,5,3,2,1,0
0,4,7,8,10,12,14,16,18,21,23,25,28,26,27,24,22,20,19,17,15,13,11,9,6,5,3,2,1,0
0,4,7,8,10,12,14,16,18,21,24,25,28,26,27,23,22,20,19,17,15,13,11,9,6,5,3,2,1,0
0,4,7,8,10,12,14,16,18,21,24,25,28,26,27,23,22,20,19,17,15,13,11,9,6,5,3,2,1,0
0,4,7,8,10,12,14,16,18,21,23,26,28,27,25,24,22,20,19,17,15,13,11,9,6,5,3,2,1,0
0,4,7,8,10,12,14,16,18,21,23,26,28,27,25,24,22,20,19,17,15,13,11,9,6,5,3,2,1,0
0,4,7,8,10,12,14,16,18,21,23,26,28,27,25,24,22,20,19,17,15,13,11,9,6,5,3,2,1,0
0,4,7,8,10,12,14,16,18,21,23,26,28,27,25,24,22,20,19,17,15,13,11,9,6,5,3,2,1,0
0,4,7,8,10,12,14,16,18,21,23,26,28,27,25,24,22,20,19,17,15,13,11,9,6,5,3,2,1,0
0,4,7,8,10,12,14,16,18,21,23,26,28,27,25,24,22,20,19,17,15,13,11,9,6,5,3,2,1,0
0,4,7,8,10,12,14,16,18,21,23,26,28,27,25,24,22,20,19,17,15,13,11,9,6,5,3,2,1,0
0,4,7,8,10,12,14,16,18,21,23,26,28,27,25,24,22,20,19,17,15,13,11,9,6,5,3,2,1,0
0,4,7,8,10,12,14,16,18,21,23,26,28,27,25,24,22,20,19,17,15,13,11,9,6,5,3,2,1,0
0,4,7,8,10,12,14,16,18,21,23,26,28,27,25,24,22,20,19,17,15,13,11,9,6,5,3,2,1,0
0,4,7,8,10,12,14,16,18,21,23,26,28,27,25,24,22,20,19,17,15,13,11,9,6,5,3,2,1,0
0,4,7,8,10,12,14,16,18,21,23,26,28,27,25,24,22,20,19,17,15,13,11,9,6,5,3,2,1,0
0,4,7,8,10,12,14,16,18,21,23,26,28,27,25,24,22,20,19,17,15,13,11,9,6,5,3,2,1,0
0,4,7,8,10,12,14,16,18,21,23,26,28,27,25,24,22,20,19,17,15,13,11,9,6,5,3,2,1,0
0,4,7,8,10,12,14,16,18,21,23,26,28,27,25,24,22,20,19,17,15,13,11,9,6,5,3,2,1,0
0,4,7,8,10,12,14,16,18,21,23,26,28,27,25,24,22,20,19,17,15,13,11,9,6,5,3,2,1,0
0,4,7,8,10,12,14,16,18,21,23,26,28,27,25,24,22,20,19,17,15,13,11,9,6,5,3,2,1,0
0,4,7,8,10,12,14,16,18,21,23,25,28,26,27,24,22,20,19,17,15,13,11,9,6,5,3,2,1,0
0,4,7,8,10,12,14,16,18,21,23,25,28,26,27,24,22,20,19,17,15,13,11,9,6,5,3,2,1,0
0,4,7,8,10,12,14,16,18,21,23,25,28,26,27,24,22,20,19,17,15,13,11,9,6,5,3,2,1,0
0,4,7,8,10,12,14,16,18,21,23,25,28,26,27,24,22,20,19,17,15,13,11,9,6,5,3,2,1,0
0,4,7,8,10,12,14,16,18,21,23,26,28,27,25,24,22,20,19,17,15,13,11,9,6,5,3,2,1,0
0,4,7,8,10,12,14,16,18,21,23,26,28,27,25,24,22,20,19,17,15,13,11,9,6,5,3,2,1,0
0,4,7,8,10,12,14,16,18,21,23,26,28,27,25,24,22,20,19,17,15,13,11,9,6,5,3,2,1,0
0,4,7,8,10,12,14,16,18,21,23,26,28,27,25,24,22,20,19,17,15,13,11,9,6,5,3,2,1,0
0,4,7,8,10,12,14,16,18,21,23,26,28,27,25,24,22,20,19,17,15,13,11,9,6,5,3,2,1,0
0,4,7,8,10,12,14,16,18,21,23,26,28,27,25,24,22,20,19,17,15,13,11,9,6,5,3,2,1,0
0,4,7,8,10,12,14,16,18,21,23,26,28,27,25,24,22,20,19,17,15,13,11,9,6,5,3,2,1,0
0,4,7,8,10,12,14,16,18,21,23,26,28,27,25,24,22,20,19,17,15,13,11,9,6,5,3,2,1,0
0,4,7,8,10,12,14,16,18,21,23,26,28,27,25,24,22,20,19,17,15,13,11,9,6,5,3,2,1,0
0,4,7,8,10,12,14,16,18,21,23,26,28,27,25,24,22,20,19,17,15,13,11,9,6,5,3,2,1,0
0,4,7,8,10,12,14,16,18,21,23,26,28,27,25,24,22,20,19,17,15,13,11,9,6,5,3,2,1,0
0,4,7,8,10,12,14,16,18,21,23,26,28,27,25,24,22,20,19,17,15,13,11,9,6,5,3,2,1,0
0,4,7,8,10,12,14,16,18,21,23,26,28,27,25,24,22,20,19,17,15,13,11,9,6,5,3,2,1,0
0,4,7,8,10,12,14,16,18,21,23,26,28,27,25,24,22,20,19,17,15,13,11,9,6,5,3,2,1,0
0,4,7,8,10,12,14,16,18,21,23,26,28,27,25,24,22,20,19,17,15,13,11,9,6,5,3,2,1,0
0,4,7,8,10,12,14,16,18,21,23,26,28,27,25,24,22,20,19,17,15,13,11,9,6,5,3,2,1,0
0,4,7,8,10,12,14,16,18,21,23,26,28,27,25,24,22,20,19,17,15,13,11,9,6,5,3,2,1,0
0,4,7,8,10,12,14,16,18,21,23,26,28,27,25,24,22,20,19,17,15,13,11,9,6,5,3,2,1,0
0,4,7,8,10,12,14,16,18,21,23,26,28,27,25,24,22,20,19,17,15,13,11,9,6,5,3,2,1,0
0,4,7,8,10,12,14,16,18,21,23,26,28,27,25,24,22,20,19,17,15,13,11,9,6,5,3,2,1,0
0,4,7,8,10,12,14,16,18,21,23,26,28,27,25,24,22,20,19,17,15,13,11,9,6,5,3,2,1,0
0,4,6,8,10,12,14,16,18,21,23,26,28,25,27,24,22,20,19,17,15,13,11,9,7,5,3,2,1,0
0,4,6,8,10,12,14,16,18,21,23,26,28,25,27,24,22,20,19,17,15,13,11,9,7,5,3,2,1,0
0,4,7,8,10,12,14,17,18,21,23,26,28,27,25,24,22,20,19,16,15,13,11,9,6,5,3,2,1,0
0,4,7,8,10,12,14,16,18,21,23,26,28,27,25,24,22,20,19,17,15,13,11,9,6,5,3,2,1,0
0,4,7,8,10,12,14,17,18,21,24,26,28,27,25,23,22,20,19,16,15,13,11,9,6,5,3,2,1,0
0,4,7,8,10,12,14,16,18,21,23,26,28,27,25,24,22,20,19,17,15,13,11,9,6,5,3,2,1,0
0,3,7,8,10,12,14,16,18,21,23,26,28,27,25,24,22,20,19,17,15,13,11,9,6,5,4,2,1,0
0,4,7,8,10,12,15,17,18,21,23,26,28,27,25,24,22,20,19,16,14,13,11,9,6,5,3,2,1,0
0,3,7,8,10,12,14,16,18,21,23,26,28,27,25,24,22,20,19,17,15,13,11,9,6,5,4,2,1,0
0,4,7,8,10,12,14,16,18,21,23,26,28,27,25,24,22,20,19,17,15,13,11,9,6,5,3,2,1,0
0,4,7,8,10,12,14,16,18,21,23,26,28,27,25,24,22,20,19,17,15,13,11,9,6,5,3,2,1,0
0,4,7,8,10,12,14,16,18,21,23,26,28,27,25,24,22,20,19,17,15,13,11,9,6,5,3,2,1,0
0,4,7,8,10,12,14,16,18,21,23,26,28,27,25,24,22,20,19,17,15,13,11,9,6,5,3,2,1,0
0,4,7,8,10,12,14,16,18,21,23,26,28,27,25,24,22,20,19,17,15,13,11,9,6,5,3,2,1,0
0,4,7,8,10,12,14,16,18,21,23,26,28,27,25,24,22,20,19,17,15,13,11,9,6,5,3,2,1,0
0,4,7,8,10,12,14,16,18,21,23,26,28,27,25,24,22,20,19,17,15,13,11,9,6,5,3,2,1,0
0,4,7,8,10,12,14,16,18,21,23,26,28,27,25,24,22,20,19,17,15,13,11,9,6,5,3,2,1,0
0,4,7,8,10,12,14,16,18,21,23,26,28,27,25,24,22,20,19,17,15,13,11,9,6,5,3,2,1,0
0,4,7,8,10,12,14,16,18,21,23,26,28,27,25,24,22,20,19,17,15,13,11,9,6,5,3,2,1,0
0,4,7,8,10,12,14,16,18,21,23,26,28,27,25,24,22,20,19,17,15,13,11,9,6,5,3,2,1,0
0,4,7,8,10,12,14,16,18,21,23,26,28,27,25,24,22,20,19,17,15,13,11,9,6,5,3,2,1,0
0,4,7,8,10,12,14,16,18,21,23,26,28,27,25,24,22,20,19,17,15,13,11,9,6,5,3,2,1,0
0,4,7,8,10,12,14,16,18,21,23,26,28,27,25,24,22,20,19,17,15,13,11,9,6,5,3,2,1,0
0,4,7,8,10,12,14,16,18,21,23,26,28,27,25,24,22,20,19,17,15,13,11,9,6,5,3,2,1,0
0,4,7,8,10,12,14,16,18,21,23,26,28,27,25,24,22,20,19,17,15,13,11,9,6,5,3,2,1,0
0,4,7,8,10,12,14,16,18,21,23,26,28,27,25,24,22,20,19,17,15,13,11,9,6,5,3,2,1,0
0,4,7,8,10,12,14,16,18,21,23,26,28,27,25,24,22,20,19,17,15,13,11,9,6,5,3,2,1,0
0,4,7,8,10,12,14,16,18,21,23,26,28,27,25,24,22,20,19,17,15,13,11,9,6,5,3,2,1,0
0,4,7,8,10,12,14,16,18,21,23,26,28,27,25,24,22,20,19,17,15,13,11,9,6,5,3,2,1,0
0,4,7,8,10,12,14,16,18,21,23,26,28,27,25,24,22,20,19,17,15,13,11,9,6,5,3,2,1,0
0,4,7,8,10,12,14,16,18,21,23,26,28,27,25,24,22,20,19,17,15,13,11,9,6,5,3,2,1,0
0,4,7,8,10,12,14,16,18,21,23,26,28,27,25,24,22,20,19,17,15,13,11,9,6,5,3,2,1,0
0,4,7,8,10,12,14,16,18,21,23,26,28,27,25,24,22,20,19,17,15,13,11,9,6,5,3,2,1,0
0,4,7,8,10,12,14,16,18,21,23,26,28,27,25,24,22,20,19,17,15,13,11,9,6,5,3,2,1,0
0,4,7,8,10,12,14,16,18,21,23,26,28,27,25,24,22,20,19,17,15,13,11,9,6,5,3,2,1,0
0,4,7,8,10,12,14,16,18,21,23,26,28,27,25,24,22,20,19,17,15,13,11,9,6,5,3,2,1,0
0,4,7,8,10,12,14,16,18,21,23,26,28,27,25,24,22,20,19,17,15,13,11,9,6,5,3,2,1,0
0,4,7,8,10,12,14,16,18,21,23,26,28,27,25,24,22,20,19,17,15,13,11,9,6,5,3,2,1,0
0,4,7,8,10,12,14,16,18,21,23,26,28,27,25,24,22,20,19,17,15,13,11,9,6,5,3,2,1,0
0,4,7,8,10,12,14,16,18,21,23,26,28,27,25,24,22,20,19,17,15,13,11,9,6,5,3,2,1,0
0,4,7,8,10,12,14,16,18,21,23,26,28,27,25,24,22,20,19,17,15,13,11,9,6,5,3,2,1,0
0,4,7,8,10,12,14,16,18,21,23,26,28,27,25,24,22,20,19,17,15,13,11,9,6,5,3,2,1,0
0,4,7,8,10,12,14,16,18,21,23,26,28,27,25,24,22,20,19,17,15,13,11,9,6,5,3,2,1,0
0,4,7,8,10,12,14,16,18,21,23,26,28,27,25,24,22,20,19,17,15,13,11,9,6,5,3,2,1,0
0,4,7,8,10,12,14,16,18,21,23,26,28,27,25,24,22,20,19,17,15,13,11,9,6,5,3,2,1,0
0,4,7,8,10,12,14,16,18,21,23,26,28,27,25,24,22,20,19,17,15,13,11,9,6,5,3,2,1,0
0,4,7,8,10,12,14,16,18,21,23,26,28,27,25,24,22,20,19,17,15,13,11,9,6,5,3,2,1,0
0,4,7,8,10,12,14,16,18,21,23,26,28,27,25,24,22,20,19,17,15,13,11,9,6,5,3,2,1,0
0,4,7,8,10,12,14,16,18,21,23,26,28,27,25,24,22,20,19,17,15,13,11,9,6,5,3,2,1,0
0,4,7,8,10,12,14,16,18,21,23,26,28,27,25,24,22,20,19,17,15,13,11,9,6,5,3,2,1,0
0,4,7,8,10,12,14,16,18,21,23,26,28,27,25,24,22,20,19,17,15,13,11,9,6,5,3,2,1,0
0,4,7,8,10,12,14,16,18,21,23,26,28,27,25,24,22,20,19,17,15,13,11,9,6,5,3,2,1,0
0,4,7,8,10,12,14,16,18,21,23,26,28,27,25,24,22,20,19,17,15,13,11,9,6,5,3,2,1,0
0,4,7,8,10,12,14,16,18,21,23,26,28,27,25,24,22,20,19,17,15,13,11,9,6,5,3,2,1,0
0,4,7,8,10,12,14,16,18,21,23,26,28,27,25,24,22,20,19,17,15,13,11,9,6,5,3,2,1,0
0,3,6,8,10,12,14,16,18,21,24,26,28,27,25,23,22,20,19,17,15,13,11,9,7,5,4,2,1,0
0,3,6,8,10,12,14,16,18,21,24,26,28,27,25,23,22,20,19,17,15,13,11,9,7,5,4,2,1,0
0,3,6,8,10,12,14,16,18,21,24,26,28,27,25,23,22,20,19,17,15,13,11,9,7,5,4,2,1,0
0,3,6,8,10,12,14,16,18,21,24,26,28,27,25,23,22,20,19,17,15,13,11,9,7,5,4,2,1,0
0,4,7,8,10,12,14,16,18,21,23,26,28,27,25,24,22,20,19,17,15,13,11,9,6,5,3,2,1,0
0,4,7,8,10,12,14,16,18,21,23,26,28,27,25,24,22,20,19,17,15,13,11,9,6,5,3,2,1,0
0,4,7,8,10,12,14,16,18,21,23,26,28,27,25,24,22,20,19,17,15,13,11,9,6,5,3,2,1,0
0,4,7,8,10,12,14,16,18,21,23,26,28,27,25,24,22,20,19,17,15,13,11,9,6,5,3,2,1,0
0,4,7,8,10,12,14,16,18,21,23,26,28,27,25,24,22,20,19,17,15,13,11,9,6,5,3,2,1,0
0,4,7,8,10,12,14,16,18,21,23,26,28,27,25,24,22,20,19,17,15,13,11,9,6,5,3,2,1,0
0,4,7,8,10,12,14,16,18,21,23,26,28,27,25,24,22,20,19,17,15,13,11,9,6,5,3,2,1,0
0,4,7,8,10,12,14,16,18,21,24,26,28,27,25,23,22,20,19,17,15,13,11,9,6,5,3,2,1,0
0,4,7,8,10,12,14,16,18,21,24,26,28,27,25,23,22,20,19,17,15,13,11,9,6,5,3,2,1,0
0,4,7,8,10,12,14,16,18,21,24,26,28,27,25,23,22,20,19,17,15,13,11,9,6,5,3,2,1,0
0,4,7,8,10,12,14,16,18,21,24,26,28,27,25,23,22,20,19,17,15,13,11,9,6,5,3,2,1,0
0,4,7,8,10,12,14,16,18,21,24,26,28,27,25,23,22,20,19,17,15,13,11,9,6,5,3,2,1,0
0,4,7,8,10,12,14,16,18,21,24,26,28,27,25,23,22,20,19,17,15,13,11,9,6,5,3,2,1,0
0,4,7,8,10,12,14,16,18,21,24,26,28,27,25,23,22,20,19,17,15,13,11,9,6,5,3,2,1,0
0,4,7,8,10,12,14,16,18,21,23,26,28,27,25,24,22,20,19,17,15,13,11,9,6,5,3,2,1,0
0,4,7,8,10,12,14,16,18,21,23,26,28,27,25,24,22,20,19,17,15,13,11,9,6,5,3,2,1,0
0,4,7,8,10,12,14,16,18,21,23,26,28,27,25,24,22,20,19,17,15,13,11,9,6,5,3,2,1,0
0,4,7,8,10,12,14,16,18,21,23,26,28,27,25,24,22,20,19,17,15,13,11,9,6,5,3,2,1,0
0,4,7,8,10,12,14,16,18,21,23,26,28,27,25,24,22,20,19,17,15,13,11,9,6,5,3,2,1,0
0,4,7,8,10,12,14,16,18,21,23,26,28,27,25,24,22,20,19,17,15,13,11,9,6,5,3,2,1,0
0,4,7,8,10,12,14,16,18,21,23,26,28,27,25,24,22,20,19,17,15,13,11,9,6,5,3,2,1,0
0,4,7,8,10,12,14,16,18,21,23,26,28,27,25,24,22,20,19,17,15,13,11,9,6,5,3,2,1,0
0,4,7,8,10,12,14,16,18,21,23,26,28,27,25,24,22,20,19,17,15,13,11,9,6,5,3,2,1,0
0,4,7,8,10,12,14,16,18,21,23,26,28,27,25,24,22,20,19,17,15,13,11,9,6,5,3,2,1,0
0,4,7,8,10,12,14,16,18,21,23,26,28,27,25,24,22,20,19,17,15,13,11,9,6,5,3,2,1,0
0,4,7,8,10,12,14,16,18,21,23,26,28,27,25,24,22,20,19,17,15,13,11,9,6,5,3,2,1,0
0,4,7,8,10,12,14,16,18,21,23,26,28,27,25,24,22,20,19,17,15,13,11,9,6,5,3,2,1,0
0,4,7,8,10,12,14,16,18,21,23,26,28,27,25,24,22,20,19,17,15,13,11,9,6,5,3,2,1,0
0,4,7,8,10,12,14,16,18,21,23,26,28,27,25,24,22,20,19,17,15,13,11,9,6,5,3,2,1,0
0,4,7,8,10,12,14,16,18,21,23,26,28,27,25,24,22,20,19,17,15,13,11,9,6,5,3,2,1,0
0,4,7,8,10,12,14,16,18,21,23,26,28,27,25,24,22,20,19,17,15,13,11,9,6,5,3,2,1,0
0,4,7,8,10,12,14,16,18,21,23,26,28,27,25,24,22,20,19,17,15,13,11,9,6,5,3,2,1,0
0,4,7,8,10,12,14,16,18,21,23,26,28,27,25,24,22,20,19,17,15,13,11,9,6,5,3,2,1,0
0,4,7,8,10,12,14,16,18,21,23,26,28,27,25,24,22,20,19,17,15,13,11,9,6,5,3,2,1,0
0,4,7,8,10,12,14,16,18,21,23,26,28,27,25,24,22,20,19,17,15,13,11,9,6,5,3,2,1,0
0,4,7,8,10,12,14,16,18,21,23,26,28,27,25,24,22,20,19,17,15,13,11,9,6,5,3,2,1,0
0,4,7,8,10,12,14,16,18,21,23,26,28,27,25,24,22,20,19,17,15,13,11,9,6,5,3,2,1,0
0,4,7,8,10,12,14,16,18,21,23,26,28,27,25,24,22,20,19,17,15,13,11,9,6,5,3,2,1,0
0,4,7,8,10,12,14,16,18,21,23,26,28,27,25,24,22,20,19,17,15,13,11,9,6,5,3,2,1,0
0,4,7,8,10,12,14,16,18,21,23,26,28,27,25,24,22,20,19,17,15,13,11,9,6,5,3,2,1,0
0,4,7,8,10,12,14,16,18,21,23,26,28,27,25,24,22,20,19,17,15,13,11,9,6,5,3,2,1,0
0,4,7,8,10,12,14,16,18,21,23,26,28,27,25,24,22,20,19,17,15,13,11,9,6,5,3,2,1,0
0,4,7,8,10,12,14,16,18,21,23,26,28,27,25,24,22,20,19,17,15,13,11,9,6,5,3,2,1,0
0,4,7,8,10,12,14,16,18,21,23,26,28,27,25,24,22,20,19,17,15,13,11,9,6,5,3,2,1,0
0,4,7,8,10,12,14,16,18,21,23,26,28,27,25,24,22,20,19,17,15,13,11,9,6,5,3,2,1,0
0,4,7,8,10,12,14,16,18,21,24,26,28,27,25,23,22,20,19,17,15,13,11,9,6,5,3,2,1,0
0,4,7,8,10,12,14,16,18,21,24,26,28,27,25,23,22,20,19,17,15,13,11,9,6,5,3,2,1,0
0,4,7,8,10,12,14,16,18,21,24,26,28,27,25,23,22,20,19,17,15,13,11,9,6,5,3,2,1,0
0,4,7,8,10,12,14,16,18,21,24,26,28,27,25,23,22,20,19,17,15,13,11,9,6,5,3,2,1,0
0,4,7,8,10,12,14,16,18,21,24,26,28,27,25,23,22,20,19,17,15,13,11,9,6,5,3,2,1,0
0,4,6,8,10,12,14,16,18,21,23,26,28,27,25,24,22,20,19,17,15,13,11,9,7,5,3,2,1,0
0,4,6,8,10,12,14,16,18,21,23,26,28,27,25,24,22,20,19,17,15,13,11,9,7,5,3,2,1,0
0,4,6,8,10,12,14,16,18,21,23,26,28,27,25,24,22,20,19,17,15,13,11,9,7,5,3,2,1,0
0,4,6,8,10,12,14,16,18,21,23,26,28,27,25,24,22,20,19,17,15,13,11,9,7,5,3,2,1,0
0,4,6,8,10,12,14,16,18,21,23,26,28,27,25,24,22,20,19,17,15,13,11,9,7,5,3,2,1,0
0,4,6,8,10,12,14,16,18,21,23,26,28,27,25,24,22,20,19,17,15,13,11,9,7,5,3,2,1,0
0,4,6,8,10,12,14,16,18,21,23,26,28,27,25,24,22,20,19,17,15,13,11,9,7,5,3,2,1,0
0,4,6,8,10,12,14,16,18,21,23,26,28,27,25,24,22,20,19,17,15,13,11,9,7,5,3,2,1,0
0,4,6,8,10,12,14,16,18,21,23,26,28,27,25,24,22,20,19,17,15,13,11,9,7,5,3,2,1,0
0,4,6,8,10,12,14,16,18,21,23,26,28,27,25,24,22,20,19,17,15,13,11,9,7,5,3,2,1,0
0,4,6,8,10,12,14,16,18,21,23,26,28,27,25,24,22,20,19,17,15,13,11,9,7,5,3,2,1,0
0,4,6,8,10,12,14,16,18,21,23,26,28,27,25,24,22,20,19,17,15,13,11,9,7,5,3,2,1,0
0,4,6,8,10,12,14,16,18,21,23,26,28,27,25,24,22,20,19,17,15,13,11,9,7,5,3,2,1,0
0,4,6,8,10,12,14,16,18,21,23,26,28,27,25,24,22,20,19,17,15,13,11,9,7,5,3,2,1,0
0,4,6,8,10,12,14,16,18,21,23,26,28,27,25,24,22,20,19,17,15,13,11,9,7,5,3,2,1,0
0,4,6,8,10,12,14,16,18,21,23,26,28,27,25,24,22,20,19,17,15,13,11,9,7,5,3,2,1,0
0,4,6,8,10,12,14,16,18,21,23,26,28,27,25,24,22,20,19,17,15,13,11,9,7,5,3,2,1,0
0,4,6,8,10,12,14,16,18,21,23,26,28,27,25,24,22,20,19,17,15,13,11,9,7,5,3,2,1,0
0,4,6,8,10,12,14,16,18,21,23,26,28,27,25,24,22,20,19,17,15,13,11,9,7,5,3,2,1,0
0,4,6,8,10,12,14,16,18,21,23,26,28,27,25,24,22,20,19,17,15,13,11,9,7,5,3,2,1,0
0,4,6,8,10,12,14,16,18,21,23,26,28,27,25,24,22,20,19,17,15,13,11,9,7,5,3,2,1,0
0,4,6,8,10,12,14,16,18,21,23,26,28,27,25,24,22,20,19,17,15,13,11,9,7,5,3,2,1,0
0,4,6,8,10,12,14,16,18,21,23,26,28,27,25,24,22,20,19,17,15,13,11,9,7,5,3,2,1,0
0,4,6,8,10,12,14,16,18,21,23,26,28,27,25,24,22,20,19,17,15,13,11,9,7,5,3,2,1,0
0,4,6,8,10,12,14,16,18,21,23,26,28,27,25,24,22,20,19,17,15,13,11,9,7,5,3,2,1,0
0,4,6,8,10,12,14,16,18,21,23,26,28,27,25,24,22,20,19,17,15,13,11,9,7,5,3,2,1,0
0,4,6,8,10,12,14,16,18,21,23,26,28,27,25,24,22,20,19,17,15,13,11,9,7,5,3,2,1,0
0,4,6,8,10,12,14,16,18,21,23,26,28,27,25,24,22,20,19,17,15,13,11,9,7,5,3,2,1,0
0,4,6,8,10,12,14,16,18,21,23,26,28,27,25,24,22,20,19,17,15,13,11,9,7,5,3,2,1,0
0,4,6,8,10,12,14,16,18,21,23,26,28,27,25,24,22,20,19,17,15,13,11,9,7,5,3,2,1,0
0,4,6,8,10,12,14,16,18,21,23,26,28,27,25,24,22,20,19,17,15,13,11,9,7,5,3,2,1,0
0,4,6,8,10,12,14,16,18,21,23,26,28,27,25,24,22,20,19,17,15,13,11,9,7,5,3,2,1,0
0,4,6,8,10,12,14,16,18,21,23,26,28,27,25,24,22,20,19,17,15,13,11,9,7,5,3,2,1,0
0,4,6,8,10,12,14,16,18,21,23,26,28,27,25,24,22,20,19,17,15,13,11,9,7,5,3,2,1,0
0,4,6,8,10,12,14,16,18,21,23,26,28,27,25,24,22,20,19,17,15,13,11,9,7,5,3,2,1,0
0,4,6,8,10,12,14,16,18,21,23,26,28,27,25,24,22,20,19,17,15,13,11,9,7,5,3,2,1,0
0,4,6,8,10,12,14,16,18,21,23,26,28,27,25,24,22,20,19,17,15,13,11,9,7,5,3,2,1,0
0,4,6,8,10,12,14,16,18,21,23,26,28,27,25,24,22,20,19,17,15,13,11,9,7,5,3,2,1,0
0,4,6,8,10,12,14,16,18,21,23,26,28,27,25,24,22,20,19,17,15,13,11,9,7,5,3,2,1,0
0,4,6,8,10,12,14,16,18,21,23,26,28,27,25,24,22,20,19,17,15,13,11,9,7,5,3,2,1,0
0,4,6,8,10,12,14,16,18,21,23,26,28,27,25,24,22,20,19,17,15,13,11,9,7,5,3,2,1,0
0,4,6,8,10,12,14,16,18,21,23,26,28,27,25,24,22,20,19,17,15,13,11,9,7,5,3,2,1,0
0,4,6,8,10,12,14,16,18,21,23,26,28,27,25,24,22,20,19,17,15,13,11,9,7,5,3,2,1,0
0,4,6,8,10,12,14,16,18,21,24,26,28,27,25,23,22,20,19,17,15,13,11,9,7,5,3,2,1,0
0,4,6,8,10,12,14,16,18,21,24,26,28,27,25,23,22,20,19,17,15,13,11,9,7,5,3,2,1,0
0,4,6,8,10,12,14,16,18,21,23,26,28,27,25,24,22,20,19,17,15,13,11,9,7,5,3,2,1,0
0,4,6,8,10,12,14,16,18,21,23,26,28,27,25,24,22,20,19,17,15,13,11,9,7,5,3,2,1,0
0,4,6,8,10,12,14,16,18,21,24,26,28,27,25,23,22,20,19,17,15,13,11,9,7,5,3,2,1,0
0,4,6,8,10,12,14,16,18,21,24,26,28,27,25,23,22,20,19,17,15,13,11,9,7,5,3,2,1,0
0,4,6,8,10,12,14,16,18,21,24,26,28,27,25,23,22,20,19,17,15,13,11,9,7,5,3,2,1,0
0,4,6,8,10,12,14,16,18,21,24,26,28,27,25,23,22,20,19,17,15,13,11,9,7,5,3,2,1,0
0,4,6,8,10,12,14,16,18,21,24,26,28,27,25,23,22,20,19,17,15,13,11,9,7,5,3,2,1,0
0,4,6,8,10,12,14,16,18,21,24,26,28,27,25,23,22,20,19,17,15,13,11,9,7,5,3,2,1,0
0,4,6,8,10,12,14,16,18,21,23,26,28,27,25,24,22,20,19,17,15,13,11,9,7,5,3,2,1,0
0,4,6,8,10,12,14,16,18,21,23,26,28,27,25,24,22,20,19,17,15,13,11,9,7,5,3,2,1,0
0,4,6,8,10,12,14,16,18,21,23,26,28,27,25,24,22,20,19,17,15,13,11,9,7,5,3,2,1,0
0,4,6,8,10,12,14,16,18,21,23,26,28,27,25,24,22,20,19,17,15,13,11,9,7,5,3,2,1,0
0,4,6,8,10,12,14,16,18,21,23,26,28,27,25,24,22,20,19,17,15,13,11,9,7,5,3,2,1,0
0,4,6,8,10,12,14,16,18,21,23,26,28,27,25,24,22,20,19,17,15,13,11,9,7,5,3,2,1,0
0,4,6,8,10,12,14,16,18,21,23,26,28,27,25,24,22,20,19,17,15,13,11,9,7,5,3,2,1,0
0,4,6,8,10,12,14,16,18,21,23,26,28,27,25,24,22,20,19,17,15,13,11,9,7,5,3,2,1,0
0,4,6,8,10,12,14,16,18,21,23,26,28,27,25,24,22,20,19,17,15,13,11,9,7,5,3,2,1,0
0,4,6,8,10,12,14,16,18,21,23,26,28,27,25,24,22,20,19,17,15,13,11,9,7,5,3,2,1,0
0,4,6,8,10,12,14,16,18,21,23,26,28,27,25,24,22,20,19,17,15,13,11,9,7,5,3,2,1,0
0,4,6,8,10,12,14,16,18,21,23,26,28,27,25,24,22,20,19,17,15,13,11,9,7,5,3,2,1,0
0,4,6,8,10,12,14,16,18,21,23,26,28,27,25,24,22,20,19,17,15,13,11,9,7,5,3,2,1,0
0,4,6,8,10,12,14,16,18,21,23,26,28,27,25,24,22,20,19,17,15,13,11,9,7,5,3,2,1,0
0,4,6,8,10,12,14,16,18,21,23,26,28,27,25,24,22,20,19,17,15,13,11,9,7,5,3,2,1,0
0,4,6,8,10,12,14,16,18,21,23,26,28,27,25,24,22,20,19,17,15,13,11,9,7,5,3,2,1,0
0,4,6,8,10,12,14,16,18,21,24,26,28,27,25,23,22,20,19,17,15,13,11,9,7,5,3,2,1,0
0,4,6,8,10,12,14,16,18,21,24,26,28,27,25,23,22,20,19,17,15,13,11,9,7,5,3,2,1,0
0,4,6,8,10,12,14,16,18,21,24,26,28,27,25,23,22,20,19,17,15,13,11,9,7,5,3,2,1,0
0,4,6,8,10,12,14,16,18,21,24,26,28,27,25,23,22,20,19,17,15,13,11,9,7,5,3,2,1,0
0,4,6,8,10,12,14,16,18,21,23,26,28,27,25,24,22,20,19,17,15,13,11,9,7,5,3,2,1,0
0,4,6,8,10,12,14,16,18,21,23,26,28,27,25,24,22,20,19,17,15,13,11,9,7,5,3,2,1,0
0,4,6,8,10,12,14,16,18,21,23,26,28,27,25,24,22,20,19,17,15,13,11,9,7,5,3,2,1,0
0,4,6,8,10,12,14,16,18,21,23,26,28,27,25,24,22,20,19,17,15,13,11,9,7,5,3,2,1,0
0,4,6,8,10,12,14,16,18,21,23,26,28,27,25,24,22,20,19,17,15,13,11,9,7,5,3,2,1,0
0,4,6,8,10,12,14,16,18,21,23,26,28,27,25,24,22,20,19,17,15,13,11,9,7,5,3,2,1,0
0,4,6,8,10,12,14,16,18,21,23,26,28,27,25,24,22,20,19,17,15,13,11,9,7,5,3,2,1,0
0,4,6,8,10,12,14,16,18,21,23,26,28,27,25,24,22,20,19,17,15,13,11,9,7,5,3,2,1,0
0,4,6,8,10,12,14,16,18,21,23,26,28,27,25,24,22,20,19,17,15,13,11,9,7,5,3,2,1,0
0,4,6,8,10,12,14,16,18,21,23,26,28,27,25,24,22,20,19,17,15,13,11,9,7,5,3,2,1,0
0,4,6,8,10,12,14,16,18,21,23,26,28,27,25,24,22,20,19,17,15,13,11,9,7,5,3,2,1,0
0,4,6,8,10,12,14,16,18,21,23,26,28,27,25,24,22,20,19,17,15,13,11,9,7,5,3,2,1,0
0,4,6,8,10,12,14,16,18,21,23,26,28,27,25,24,22,20,19,17,15,13,11,9,7,5,3,2,1,0
0,4,6,8,10,12,14,16,18,21,23,26,28,27,25,24,22,20,19,17,15,13,11,9,7,5,3,2,1,0
0,4,6,8,10,12,14,16,18,21,23,26,28,27,25,24,22,20,19,17,15,13,11,9,7,5,3,2,1,0
0,4,6,8,10,12,14,16,18,21,23,26,28,27,25,24,22,20,19,17,15,13,11,9,7,5,3,2,1,0
0,4,7,8,10,12,14,16,18,21,23,26,28,27,25,24,22,20,19,17,15,13,11,9,6,5,3,2,1,0
0,4,7,8,10,12,14,16,18,21,23,26,28,27,25,24,22,20,19,17,15,13,11,9,6,5,3,2,1,0
0,4,6,8,10,12,14,16,18,21,23,26,28,27,25,24,22,20,19,17,15,13,11,9,7,5,3,2,1,0
0,4,6,8,10,12,14,16,18,21,23,26,28,27,25,24,22,20,19,17,15,13,11,9,7,5,3,2,1,0
0,4,6,8,10,12,14,16,18,21,23,26,28,27,25,24,22,20,19,17,15,13,11,9,7,5,3,2,1,0
0,4,6,8,10,12,14,16,18,21,23,26,28,27,25,24,22,20,19,17,15,13,11,9,7,5,3,2,1,0
0,4,7,8,10,12,14,16,18,21,23,26,28,27,25,24,22,20,19,17,15,13,11,9,6,5,3,2,1,0
0,4,7,8,10,12,14,16,18,21,23,26,28,27,25,24,22,20,19,17,15,13,11,9,6,5,3,2,1,0
0,4,7,8,10,12,14,16,18,21,23,26,28,27,25,24,22,20,19,17,15,13,11,9,6,5,3,2,1,0
0,4,7,8,10,12,14,16,18,21,23,26,28,27,25,24,22,20,19,17,15,13,11,9,6,5,3,2,1,0
0,4,7,8,10,12,14,16,18,21,23,26,28,27,25,24,22,20,19,17,15,13,11,9,6,5,3,2,1,0
0,4,7,8,10,12,14,16,18,21,23,26,28,27,25,24,22,20,19,17,15,13,11,9,6,5,3,2,1,0
0,4,7,8,10,12,14,16,18,21,23,26,28,27,25,24,22,20,19,17,15,13,11,9,6,5,3,2,1,0
0,4,7,8,10,12,14,16,18,21,23,26,28,27,25,24,22,20,19,17,15,13,11,9,6,5,3,2,1,0
0,4,7,8,10,12,14,16,18,21,23,26,28,27,25,24,22,20,19,17,15,13,11,9,6,5,3,2,1,0
0,4,7,8,10,12,14,16,18,21,23,26,28,27,25,24,22,20,19,17,15,13,11,9,6,5,3,2,1,0
0,4,7,8,10,12,14,16,18,21,23,26,28,27,25,24,22,20,19,17,15,13,11,9,6,5,3,2,1,0
0,4,7,8,10,12,14,16,18,21,23,26,28,27,25,24,22,20,19,17,15,13,11,9,6,5,3,2,1,0
0,4,7,8,10,12,14,16,18,21,23,26,28,27,25,24,22,20,19,17,15,13,11,9,6,5,3,2,1,0
0,4,7,8,10,12,14,16,18,21,23,26,28,27,25,24,22,20,19,17,15,13,11,9,6,5,3,2,1,0
0,4,7,8,10,12,14,16,18,21,23,26,28,27,25,24,22,20,19,17,15,13,11,9,6,5,3,2,1,0
0,4,7,8,10,12,14,16,18,21,23,26,28,27,25,24,22,20,19,17,15,13,11,9,6,5,3,2,1,0
0,4,7,8,10,12,14,16,18,21,23,26,28,27,25,24,22,20,19,17,15,13,11,9,6,5,3,2,1,0
0,4,7,8,10,12,14,16,18,21,23,26,28,27,25,24,22,20,19,17,15,13,11,9,6,5,3,2,1,0
0,4,7,8,10,12,14,16,18,21,23,26,28,27,25,24,22,20,19,17,15,13,11,9,6,5,3,2,1,0
0,4,7,8,10,12,14,16,18,21,23,26,28,27,25,24,22,20,19,17,15,13,11,9,6,5,3,2,1,0
0,4,7,8,10,12,14,16,18,21,23,26,28,27,25,24,22,20,19,17,15,13,11,9,6,5,3,2,1,0
0,4,7,8,10,12,14,16,18,21,23,26,28,27,25,24,22,20,19,17,15,13,11,9,6,5,3,2,1,0
0,4,7,8,10,12,14,16,18,21,23,26,28,27,25,24,22,20,19,17,15,13,11,9,6,5,3,2,1,0
0,4,7,8,10,12,14,16,18,21,23,26,28,27,25,24,22,20,19,17,15,13,11,9,6,5,3,2,1,0
0,4,7,8,10,12,14,16,18,21,23,26,28,27,25,24,22,20,19,17,15,13,11,9,6,5,3,2,1,0
0,4,6,8,10,12,14,16,18,21,23,26,28,27,25,24,22,20,19,17,15,13,11,9,7,5,3,2,1,0
0,4,7,8,10,12,14,16,18,21,23,26,28,27,25,24,22,20,19,17,15,13,11,9,6,5,3,2,1,0
0,4,7,8,10,12,14,16,18,21,23,26,28,27,25,24,22,20,19,17,15,13,11,9,6,5,3,2,1,0
0,4,7,8,10,12,14,16,18,21,23,26,28,27,25,24,22,20,19,17,15,13,11,9,6,5,3,2,1,0
0,4,7,8,10,12,14,16,18,21,24,26,28,27,25,23,22,20,19,17,15,13,11,9,6,5,3,2,1,0
0,4,7,8,10,12,14,16,18,21,23,26,28,27,25,24,22,20,19,17,15,13,11,9,6,5,3,2,1,0
0,4,7,8,10,12,14,16,18,21,23,26,28,27,25,24,22,20,19,17,15,13,11,9,6,5,3,2,1,0
0,4,7,8,10,12,14,16,18,21,23,26,28,27,25,24,22,20,19,17,15,13,11,9,6,5,3,2,1,0
0,4,7,8,10,12,14,16,18,21,23,26,28,27,25,24,22,20,19,17,15,13,11,9,6,5,3,2,1,0
0,4,7,8,10,12,14,16,18,21,23,26,28,27,25,24,22,20,19,17,15,13,11,9,6,5,3,2,1,0
0,4,7,8,10,12,14,16,18,21,23,26,28,27,25,24,22,20,19,17,15,13,11,9,6,5,3,2,1,0
0,4,7,8,10,12,14,16,18,21,23,26,28,27,25,24,22,20,19,17,15,13,11,9,6,5,3,2,1,0
0,4,7,8,10,12,14,16,18,21,23,26,28,27,25,24,22,20,19,17,15,13,11,9,6,5,3,2,1,0
0,4,7,8,10,12,14,16,18,21,23,26,28,27,25,24,22,20,19,17,15,13,11,9,6,5,3,2,1,0
0,4,7,8,10,12,14,16,18,21,23,26,28,27,25,24,22,20,19,17,15,13,11,9,6,5,3,2,1,0
0,4,7,8,10,12,14,16,18,21,23,26,28,27,25,24,22,20,19,17,15,13,11,9,6,5,3,2,1,0
0,4,7,8,10,12,14,16,18,21,23,26,28,27,25,24,22,20,19,17,15,13,11,9,6,5,3,2,1,0
0,4,7,8,10,12,14,16,18,21,23,26,28,27,25,24,22,20,19,17,15,13,11,9,6,5,3,2,1,0
0,4,7,8,10,12,14,16,18,21,23,26,28,27,25,24,22,20,19,17,15,13,11,9,6,5,3,2,1,0
0,4,7,8,10,12,14,16,18,21,23,26,28,27,25,24,22,20,19,17,15,13,11,9,6,5,3,2,1,0
0,4,7,8,10,12,14,16,18,21,23,26,28,27,25,24,22,20,19,17,15,13,11,9,6,5,3,2,1,0
0,4,7,8,10,12,14,16,18,21,23,26,28,27,25,24,22,20,19,17,15,13,11,9,6,5,3,2,1,0
0,4,7,8,10,12,14,16,18,21,23,26,28,27,25,24,22,20,19,17,15,13,11,9,6,5,3,2,1,0
0,4,7,8,10,12,14,16,18,21,23,26,28,27,25,24,22,20,19,17,15,13,11,9,6,5,3,2,1,0
0,4,7,8,10,12,14,16,18,21,23,26,28,27,25,24,22,20,19,17,15,13,11,9,6,5,3,2,1,0
0,4,7,8,10,12,14,16,18,21,23,26,28,27,25,24,22,20,19,17,15,13,11,9,6,5,3,2,1,0
0,4,7,8,10,12,14,16,18,21,23,26,28,27,25,24,22,20,19,17,15,13,11,9,6,5,3,2,1,0
0,4,7,8,10,12,14,16,18,21,23,26,28,27,25,24,22,20,19,17,15,13,11,9,6,5,3,2,1,0
0,4,7,8,10,12,14,16,18,21,23,26,28,27,25,24,22,20,19,17,15,13,11,9,6,5,3,2,1,0
0,4,7,8,10,12,14,16,18,21,23,26,28,27,25,24,22,20,19,17,15,13,11,9,6,5,3,2,1,0
0,4,7,8,10,12,14,16,18,21,23,26,28,27,25,24,22,20,19,17,15,13,11,9,6,5,3,2,1,0
0,4,7,8,10,12,14,16,18,21,23,26,28,27,25,24,22,20,19,17,15,13,11,9,6,5,3,2,1,0
0,4,7,8,10,12,14,16,18,21,24,26,28,27,25,23,22,20,19,17,15,13,11,9,6,5,3,2,1,0
0,4,7,8,10,12,14,16,18,21,23,26,28,27,25,24,22,20,19,17,15,13,11,9,6,5,3,2,1,0
0,4,7,8,10,12,14,16,18,21,23,26,28,27,25,24,22,20,19,17,15,13,11,9,6,5,3,2,1,0
0,4,7,8,10,12,14,16,18,21,23,26,28,27,25,24,22,20,19,17,15,13,11,9,6,5,3,2,1,0
0,4,7,8,10,12,14,16,18,21,23,26,28,27,25,24,22,20,19,17,15,13,11,9,6,5,3,2,1,0
0,4,7,8,10,12,14,16,18,21,23,26,28,27,25,24,22,20,19,17,15,13,11,9,6,5,3,2,1,0
0,4,7,8,10,12,14,16,18,21,23,26,28,27,25,24,22,20,19,17,15,13,11,9,6,5,3,2,1,0
0,4,7,8,10,12,14,16,18,21,23,26,28,27,25,24,22,20,19,17,15,13,11,9,6,5,3,2,1,0
0,4,7,8,10,12,14,16,18,21,23,26,28,27,25,24,22,20,19,17,15,13,11,9,6,5,3,2,1,0
0,4,7,8,10,12,14,16,18,21,24,26,28,27,25,23,22,20,19,17,15,13,11,9,6,5,3,2,1,0
0,4,7,8,10,12,14,16,18,21,23,26,28,27,25,24,22,20,19,17,15,13,11,9,6,5,3,2,1,0
0,4,7,8,10,12,14,16,18,21,23,26,28,27,25,24,22,20,19,17,15,13,11,9,6,5,3,2,1,0
0,4,7,8,10,12,14,16,18,21,23,26,28,27,25,24,22,20,19,17,15,13,11,9,6,5,3,2,1,0
0,4,7,8,10,12,14,16,18,21,23,26,28,27,25,24,22,20,19,17,15,13,11,9,6,5,3,2,1,0
0,4,7,8,10,12,14,16,18,21,23,26,28,27,25,24,22,20,19,17,15,13,11,9,6,5,3,2,1,0
0,4,7,8,10,12,14,16,18,21,24,26,28,27,25,23,22,20,19,17,15,13,11,9,6,5,3,2,1,0
0,4,7,8,10,12,14,16,18,21,24,26,28,27,25,23,22,20,19,17,15,13,11,9,6,5,3,2,1,0
0,4,7,8,10,12,14,16,18,21,23,26,28,27,25,24,22,20,19,17,15,13,11,9,6,5,3,2,1,0
0,4,7,8,10,12,14,16,18,21,23,26,28,27,25,24,22,20,19,17,15,13,11,9,6,5,3,2,1,0
0,4,7,8,10,12,14,16,18,21,23,26,28,27,25,24,22,20,19,17,15,13,11,9,6,5,3,2,1,0
0,4,7,8,10,12,14,16,18,21,23,26,28,27,25,24,22,20,19,17,15,13,11,9,6,5,3,2,1,0
0,4,7,8,10,12,14,16,18,21,23,26,28,27,25,24,22,20,19,17,15,13,11,9,6,5,3,2,1,0
0,4,7,8,10,12,14,16,18,21,23,26,28,27,25,24,22,20,19,17,15,13,11,9,6,5,3,2,1,0
0,4,7,8,10,12,14,16,18,21,23,26,28,27,25,24,22,20,19,17,15,13,11,9,6,5,3,2,1,0
0,4,7,8,10,12,14,16,18,21,24,26,28,27,25,23,22,20,19,17,15,13,11,9,6,5,3,2,1,0
0,4,7,8,10,12,14,16,18,21,24,26,28,27,25,23,22,20,19,17,15,13,11,9,6,5,3,2,1,0
0,4,7,8,10,12,14,16,18,21,24,26,28,27,25,23,22,20,19,17,15,13,11,9,6,5,3,2,1,0
0,4,7,8,10,12,14,16,18,21,24,26,28,27,25,23,22,20,19,17,15,13,11,9,6,5,3,2,1,0
0,4,7,8,10,12,14,16,18,21,24,26,28,27,25,23,22,20,19,17,15,13,11,9,6,5,3,2,1,0
0,4,7,8,10,12,14,16,18,21,24,26,28,27,25,23,22,20,19,17,15,13,11,9,6,5,3,2,1,0
0,4,7,8,10,12,14,16,18,21,24,26,28,27,25,23,22,20,19,17,15,13,11,9,6,5,3,2,1,0
0,4,7,8,10,12,14,16,18,21,24,26,28,27,25,23,22,20,19,17,15,13,11,9,6,5,3,2,1,0
0,4,7,8,10,12,14,16,18,21,24,26,28,27,25,23,22,20,19,17,15,13,11,9,6,5,3,2,1,0
0,4,7,8,10,12,14,16,18,21,23,26,28,27,25,24,22,20,19,17,15,13,11,9,6,5,3,2,1,0
0,4,7,8,10,12,14,16,18,21,24,26,28,27,25,23,22,20,19,17,15,13,11,9,6,5,3,2,1,0
0,4,7,8,10,12,14,16,18,21,23,26,28,27,25,24,22,20,19,17,15,13,11,9,6,5,3,2,1,0
0,4,7,8,10,12,14,16,18,21,23,26,28,27,25,24,22,20,19,17,15,13,11,9,6,5,3,2,1,0
0,4,7,8,10,12,14,16,18,21,23,26,28,27,25,24,22,20,19,17,15,13,11,9,6,5,3,2,1,0
0,4,7,8,10,12,14,16,18,21,23,26,28,27,25,24,22,20,19,17,15,13,11,9,6,5,3,2,1,0
0,4,7,8,10,12,14,16,18,21,23,26,28,27,25,24,22,20,19,17,15,13,11,9,6,5,3,2,1,0
0,4,7,8,10,12,14,16,18,21,23,26,28,27,25,24,22,20,19,17,15,13,11,9,6,5,3,2,1,0
0,4,7,8,10,12,14,16,18,21,24,26,28,27,25,23,22,20,19,17,15,13,11,9,6,5,3,2,1,0
0,4,7,8,10,12,14,16,18,21,24,26,28,27,25,23,22,20,19,17,15,13,11,9,6,5,3,2,1,0
0,4,7,8,10,12,14,16,18,21,24,26,28,27,25,23,22,20,19,17,15,13,11,9,6,5,3,2,1,0
0,4,7,8,10,12,14,16,18,21,24,26,28,27,25,23,22,20,19,17,15,13,11,9,6,5,3,2,1,0
0,4,7,8,10,12,14,16,18,21,24,26,28,27,25,23,22,20,19,17,15,13,11,9,6,5,3,2,1,0
0,4,7,8,10,12,14,16,18,21,24,26,28,27,25,23,22,20,19,17,15,13,11,9,6,5,3,2,1,0
0,4,7,8,10,12,14,16,18,21,24,26,28,27,25,23,22,20,19,17,15,13,11,9,6,5,3,2,1,0
0,4,7,8,10,12,14,16,18,21,24,26,28,27,25,23,22,20,19,17,15,13,11,9,6,5,3,2,1,0
0,4,7,8,10,12,14,16,18,21,24,26,28,27,25,23,22,20,19,17,15,13,11,9,6,5,3,2,1,0
0,4,7,8,10,12,14,16,18,21,23,26,28,27,25,24,22,20,19,17,15,13,11,9,6,5,3,2,1,0
0,4,7,8,10,12,14,16,18,21,24,26,28,27,25,23,22,20,19,17,15,13,11,9,6,5,3,2,1,0
0,4,7,8,10,12,14,16,18,21,24,26,28,27,25,23,22,20,19,17,15,13,11,9,6,5,3,2,1,0
0,4,7,8,10,12,14,16,18,21,24,26,28,27,25,23,22,20,19,17,15,13,11,9,6,5,3,2,1,0
0,4,7,8,10,12,14,16,18,21,24,26,28,27,25,23,22,20,19,17,15,13,11,9,6,5,3,2,1,0
0,4,7,8,10,12,14,16,18,21,24,26,28,27,25,23,22,20,19,17,15,13,11,9,6,5,3,2,1,0
0,4,7,8,10,12,14,16,18,21,24,26,28,27,25,23,22,20,19,17,15,13,11,9,6,5,3,2,1,0
0,4,7,8,10,12,14,16,18,21,24,26,28,27,25,23,22,20,19,17,15,13,11,9,6,5,3,2,1,0
0,4,7,8,10,12,14,16,18,21,24,26,28,27,25,23,22,20,19,17,15,13,11,9,6,5,3,2,1,0
0,4,7,8,10,12,14,16,18,21,24,26,28,27,25,23,22,20,19,17,15,13,11,9,6,5,3,2,1,0
0,4,7,8,10,12,14,16,18,21,24,26,28,27,25,23,22,20,19,17,15,13,11,9,6,5,3,2,1,0
0,4,7,8,10,12,14,16,18,21,24,26,28,27,25,23,22,20,19,17,15,13,11,9,6,5,3,2,1,0
0,4,6,8,10,12,14,16,18,21,23,26,28,27,25,24,22,20,19,17,15,13,11,9,7,5,3,2,1,0
0,4,6,8,10,12,14,16,18,21,23,26,28,27,25,24,22,20,19,17,15,13,11,9,7,5,3,2,1,0
0,4,6,8,10,12,14,16,18,21,23,26,28,27,25,24,22,20,19,17,15,13,11,9,7,5,3,2,1,0
0,4,6,8,10,12,14,16,18,21,23,26,28,27,25,24,22,20,19,17,15,13,11,9,7,5,3,2,1,0
0,4,6,8,10,12,14,16,18,21,23,26,28,27,25,24,22,20,19,17,15,13,11,9,7,5,3,2,1,0
0,4,6,8,10,12,14,16,18,21,23,26,28,27,25,24,22,20,19,17,15,13,11,9,7,5,3,2,1,0
0,4,6,8,10,12,14,16,18,21,23,26,28,27,25,24,22,20,19,17,15,13,11,9,7,5,3,2,1,0
0,4,6,8,10,12,14,16,18,21,23,26,28,27,25,24,22,20,19,17,15,13,11,9,7,5,3,2,1,0
0,4,6,8,10,12,14,16,18,21,23,26,28,27,25,24,22,20,19,17,15,13,11,9,7,5,3,2,1,0
0,4,6,8,10,12,14,16,18,21,23,26,28,27,25,24,22,20,19,17,15,13,11,9,7,5,3,2,1,0
0,4,6,8,10,12,14,16,18,21,23,26,28,27,25,24,22,20,19,17,15,13,11,9,7,5,3,2,1,0
0,4,6,8,10,12,14,16,18,21,23,26,28,27,25,24,22,20,19,17,15,13,11,9,7,5,3,2,1,0
0,4,6,8,10,12,14,16,18,21,23,26,28,27,25,24,22,20,19,17,15,13,11,9,7,5,3,2,1,0
0,4,6,8,10,12,14,16,18,21,23,26,28,27,25,24,22,20,19,17,15,13,11,9,7,5,3,2,1,0
0,4,6,8,10,12,14,16,18,21,23,26,28,27,25,24,22,20,19,17,15,13,11,9,7,5,3,2,1,0
0,4,6,8,10,12,14,16,18,21,23,26,28,27,25,24,22,20,19,17,15,13,11,9,7,5,3,2,1,0
0,4,6,8,10,12,14,16,18,21,23,26,28,27,25,24,22,20,19,17,15,13,11,9,7,5,3,2,1,0
0,4,6,8,10,12,14,16,18,21,23,26,28,27,25,24,22,20,19,17,15,13,11,9,7,5,3,2,1,0
0,4,6,8,10,12,14,16,18,21,23,26,28,27,25,24,22,20,19,17,15,13,11,9,7,5,3,2,1,0
0,4,6,8,10,12,14,16,18,21,23,26,28,27,25,24,22,20,19,17,15,13,11,9,7,5,3,2,1,0
0,4,6,8,10,12,14,16,18,21,23,26,28,27,25,24,22,20,19,17,15,13,11,9,7,5,3,2,1,0
0,4,6,8,10,12,14,16,18,21,23,26,28,27,25,24,22,20,19,17,15,13,11,9,7,5,3,2,1,0
0,4,6,8,10,12,14,16,18,21,23,26,28,27,25,24,22,20,19,17,15,13,11,9,7,5,3,2,1,0
0,4,6,8,10,12,14,16,18,21,23,26,28,27,25,24,22,20,19,17,15,13,11,9,7,5,3,2,1,0
0,4,6,8,10,12,14,16,18,21,23,26,28,27,25,24,22,20,19,17,15,13,11,9,7,5,3,2,1,0
0,4,6,8,10,12,14,16,18,21,23,26,28,27,25,24,22,20,19,17,15,13,11,9,7,5,3,2,1,0
0,4,6,8,10,12,14,16,18,21,23,26,28,27,25,24,22,20,19,17,15,13,11,9,7,5,3,2,1,0
0,4,6,8,10,12,14,16,18,21,23,26,28,27,25,24,22,20,19,17,15,13,11,9,7,5,3,2,1,0
0,4,6,8,10,12,14,16,18,21,23,26,28,27,25,24,22,20,19,17,15,13,11,9,7,5,3,2,1,0
0,4,6,8,10,12,14,16,18,21,23,26,28,27,25,24,22,20,19,17,15,13,11,9,7,5,3,2,1,0
0,4,6,8,10,12,14,16,18,21,23,26,28,27,25,24,22,20,19,17,15,13,11,9,7,5,3,2,1,0
0,4,6,8,10,12,14,16,18,21,23,26,28,27,25,24,22,20,19,17,15,13,11,9,7,5,3,2,1,0
0,4,6,8,10,12,14,16,18,21,23,26,28,27,25,24,22,20,19,17,15,13,11,9,7,5,3,2,1,0
0,4,6,8,10,12,14,16,18,21,23,26,28,27,25,24,22,20,19,17,15,13,11,9,7,5,3,2,1,0
0,4,6,8,10,12,14,16,18,21,23,26,28,27,25,24,22,20,19,17,15,13,11,9,7,5,3,2,1,0
0,4,6,8,10,12,14,16,18,21,23,26,28,27,25,24,22,20,19,17,15,13,11,9,7,5,3,2,1,0
0,4,6,8,10,12,14,16,18,21,23,26,28,27,25,24,22,20,19,17,15,13,11,9,7,5,3,2,1,0
0,4,6,8,10,12,14,16,18,21,23,26,28,27,25,24,22,20,19,17,15,13,11,9,7,5,3,2,1,0
0,4,6,8,10,12,14,16,18,21,23,26,28,27,25,24,22,20,19,17,15,13,11,9,7,5,3,2,1,0
0,4,6,8,10,12,14,16,18,21,23,26,28,27,25,24,22,20,19,17,15,13,11,9,7,5,3,2,1,0
0,4,6,8,10,12,14,16,18,21,23,26,28,27,25,24,22,20,19,17,15,13,11,9,7,5,3,2,1,0
0,4,6,8,10,12,14,16,18,21,23,26,28,27,25,24,22,20,19,17,15,13,11,9,7,5,3,2,1,0
0,4,6,8,10,12,14,16,18,21,23,26,28,27,25,24,22,20,19,17,15,13,11,9,7,5,3,2,1,0
0,4,6,8,10,12,14,16,18,21,23,26,28,27,25,24,22,20,19,17,15,13,11,9,7,5,3,2,1,0
0,4,6,8,10,12,14,16,18,21,23,26,28,27,25,24,22,20,19,17,15,13,11,9,7,5,3,2,1,0
0,4,6,8,10,12,14,16,18,21,23,26,28,27,25,24,22,20,19,17,15,13,11,9,7,5,3,2,1,0
0,4,6,8,10,12,14,16,18,21,23,26,28,27,25,24,22,20,19,17,15,13,11,9,7,5,3,2,1,0
0,4,6,8,10,12,14,16,18,21,23,26,28,27,25,24,22,20,19,17,15,13,11,9,7,5,3,2,1,0
0,4,6,8,10,12,14,16,18,21,23,26,28,27,25,24,22,20,19,17,15,13,11,9,7,5,3,2,1,0
0,4,6,8,10,12,14,16,18,21,23,26,28,27,25,24,22,20,19,17,15,13,11,9,7,5,3,2,1,0
0,4,6,8,10,12,14,16,18,21,23,26,28,27,25,24,22,20,19,17,15,13,11,9,7,5,3,2,1,0
0,4,6,8,10,12,14,16,18,21,23,26,28,27,25,24,22,20,19,17,15,13,11,9,7,5,3,2,1,0
0,4,6,8,10,12,14,16,18,21,23,26,28,27,25,24,22,20,19,17,15,13,11,9,7,5,3,2,1,0
0,4,6,8,10,12,14,16,18,21,23,26,28,27,25,24,22,20,19,17,15,13,11,9,7,5,3,2,1,0
0,4,7,8,10,12,14,16,18,21,23,26,28,27,25,24,22,20,19,17,15,13,11,9,6,5,3,2,1,0
0,4,7,8,10,12,14,16,18,21,23,26,28,27,25,24,22,20,19,17,15,13,11,9,6,5,3,2,1,0
0,4,7,8,10,12,14,16,18,21,23,26,28,27,25,24,22,20,19,17,15,13,11,9,6,5,3,2,1,0
0,4,7,8,10,12,14,16,18,21,23,26,28,27,25,24,22,20,19,17,15,13,11,9,6,5,3,2,1,0
0,4,7,8,10,12,14,16,18,21,23,26,28,27,25,24,22,20,19,17,15,13,11,9,6,5,3,2,1,0
0,4,7,8,10,12,14,16,18,21,23,26,28,27,25,24,22,20,19,17,15,13,11,9,6,5,3,2,1,0
0,4,7,8,10,12,14,16,18,21,23,26,28,27,25,24,22,20,19,17,15,13,11,9,6,5,3,2,1,0
0,4,7,8,10,12,14,16,18,21,23,26,28,27,25,24,22,20,19,17,15,13,11,9,6,5,3,2,1,0
0,4,6,8,10,12,14,16,19,21,23,26,28,27,25,24,22,20,18,17,15,13,11,9,7,5,3,2,1,0
0,4,7,8,10,12,14,16,18,21,23,26,28,27,25,24,22,20,19,17,15,13,11,9,6,5,3,2,1,0
0,4,7,8,10,12,14,16,18,21,23,26,28,27,25,24,22,20,19,17,15,13,11,9,6,5,3,2,1,0
0,4,7,8,10,12,14,16,18,21,23,26,28,27,25,24,22,20,19,17,15,13,11,9,6,5,3,2,1,0
0,4,6,8,10,12,14,16,18,21,23,26,28,27,25,24,22,20,19,17,15,13,11,9,7,5,3,2,1,0
0,4,6,8,10,12,14,16,18,21,23,26,28,27,25,24,22,20,19,17,15,13,11,9,7,5,3,2,1,0
0,4,7,8,10,12,14,16,18,21,23,26,28,27,25,24,22,20,19,17,15,13,11,9,6,5,3,2,1,0
0,4,7,8,10,12,14,16,18,21,23,26,28,27,25,24,22,20,19,17,15,13,11,9,6,5,3,2,1,0
0,4,7,8,10,12,14,16,18,21,23,26,28,27,25,24,22,20,19,17,15,13,11,9,6,5,3,2,1,0
0,4,7,8,10,12,14,16,18,21,23,26,28,27,25,24,22,20,19,17,15,13,11,9,6,5,3,2,1,0
0,4,7,8,10,12,14,16,18,21,23,26,28,27,25,24,22,20,19,17,15,13,11,9,6,5,3,2,1,0
0,4,7,8,10,12,14,16,18,21,23,26,28,27,25,24,22,20,19,17,15,13,11,9,6,5,3,2,1,0
0,4,7,8,10,12,14,16,18,21,23,26,28,27,25,24,22,20,19,17,15,13,11,9,6,5,3,2,1,0
0,4,7,8,10,12,14,16,18,21,23,26,28,27,25,24,22,20,19,17,15,13,11,9,6,5,3,2,1,0
0,4,7,8,10,12,14,16,18,21,23,26,28,27,25,24,22,20,19,17,15,13,11,9,6,5,3,2,1,0
0,4,7,8,10,12,14,16,18,21,23,26,28,27,25,24,22,20,19,17,15,13,11,9,6,5,3,2,1,0
0,4,6,8,10,12,14,16,18,21,23,26,28,27,25,24,22,20,19,17,15,13,11,9,7,5,3,2,1,0
0,4,6,8,10,12,14,16,18,21,23,26,28,27,25,24,22,20,19,17,15,13,11,9,7,5,3,2,1,0
0,4,6,8,10,12,14,16,18,21,23,26,28,27,25,24,22,20,19,17,15,13,11,9,7,5,3,2,1,0
0,4,6,8,10,12,14,16,18,21,23,26,28,27,25,24,22,20,19,17,15,13,11,9,7,5,3,2,1,0
0,4,6,8,10,12,14,16,18,21,23,26,28,27,25,24,22,20,19,17,15,13,11,9,7,5,3,2,1,0
0,4,7,8,10,12,14,16,18,21,23,26,28,27,25,24,22,20,19,17,15,13,11,9,6,5,3,2,1,0
0,4,7,8,10,12,14,16,18,21,23,26,28,27,25,24,22,20,19,17,15,13,11,9,6,5,3,2,1,0
0,4,7,8,10,12,14,16,18,21,23,26,28,27,25,24,22,20,19,17,15,13,11,9,6,5,3,2,1,0
0,4,7,8,10,12,14,16,18,21,23,26,28,27,25,24,22,20,19,17,15,13,11,9,6,5,3,2,1,0
0,4,7,8,10,12,14,16,18,21,23,26,28,27,25,24,22,20,19,17,15,13,11,9,6,5,3,2,1,0
0,4,7,8,10,12,14,16,18,21,23,26,28,27,25,24,22,20,19,17,15,13,11,9,6,5,3,2,1,0
0,4,7,8,10,12,14,16,18,21,23,26,28,27,25,24,22,20,19,17,15,13,11,9,6,5,3,2,1,0
0,4,7,8,10,12,14,16,18,21,23,26,28,27,25,24,22,20,19,17,15,13,11,9,6,5,3,2,1,0
0,4,7,8,10,12,14,16,18,21,23,26,28,27,25,24,22,20,19,17,15,13,11,9,6,5,3,2,1,0
0,4,7,8,10,12,14,16,18,21,23,26,28,27,25,24,22,20,19,17,15,13,11,9,6,5,3,2,1,0
0,4,7,8,10,12,14,16,18,21,23,26,28,27,25,24,22,20,19,17,15,13,11,9,6,5,3,2,1,0
0,4,7,8,10,12,14,16,18,21,23,26,28,27,25,24,22,20,19,17,15,13,11,9,6,5,3,2,1,0
0,4,7,8,10,12,14,16,18,21,23,26,28,27,25,24,22,20,19,17,15,13,11,9,6,5,3,2,1,0
0,4,7,8,10,12,14,16,18,21,23,26,28,27,25,24,22,20,19,17,15,13,11,9,6,5,3,2,1,0
0,4,7,8,10,12,14,16,18,21,23,26,28,27,25,24,22,20,19,17,15,13,11,9,6,5,3,2,1,0
0,4,7,8,10,12,14,16,18,21,23,26,28,27,25,24,22,20,19,17,15,13,11,9,6,5,3,2,1,0
0,4,7,8,10,12,14,16,18,21,23,26,28,27,25,24,22,20,19,17,15,13,11,9,6,5,3,2,1,0
0,4,7,8,10,12,14,16,18,21,23,26,28,27,25,24,22,20,19,17,15,13,11,9,6,5,3,2,1,0
0,4,7,8,10,12,14,16,18,21,23,26,28,27,25,24,22,20,19,17,15,13,11,9,6,5,3,2,1,0
0,4,7,8,10,12,14,16,18,21,23,26,28,27,25,24,22,20,19,17,15,13,11,9,6,5,3,2,1,0
0,4,7,8,10,12,14,16,18,21,23,26,28,27,25,24,22,20,19,17,15,13,11,9,6,5,3,2,1,0
0,4,7,8,10,12,14,16,18,21,23,26,28,27,25,24,22,20,19,17,15,13,11,9,6,5,3,2,1,0
0,4,7,8,10,12,14,16,18,21,23,26,28,27,25,24,22,20,19,17,15,13,11,9,6,5,3,2,1,0
0,4,7,8,10,12,14,16,18,21,23,26,28,27,25,24,22,20,19,17,15,13,11,9,6,5,3,2,1,0
0,4,7,8,10,12,14,16,18,21,23,26,28,27,25,24,22,20,19,17,15,13,11,9,6,5,3,2,1,0
0,4,7,8,10,12,14,16,18,21,23,26,28,27,25,24,22,20,19,17,15,13,11,9,6,5,3,2,1,0
0,4,7,8,10,12,14,16,18,21,23,26,28,27,25,24,22,20,19,17,15,13,11,9,6,5,3,2,1,0
0,4,7,8,10,12,14,16,18,21,23,26,28,27,25,24,22,20,19,17,15,13,11,9,6,5,3,2,1,0
0,4,7,8,10,12,14,16,18,21,23,26,28,27,25,24,22,20,19,17,15,13,11,9,6,5,3,2,1,0
0,4,7,8,10,12,14,16,18,21,23,26,28,27,25,24,22,20,19,17,15,13,11,9,6,5,3,2,1,0
0,4,7,8,10,12,14,16,18,21,23,26,28,27,25,24,22,20,19,17,15,13,11,9,6,5,3,2,1,0
0,4,7,8,10,12,14,16,18,21,23,26,28,27,25,24,22,20,19,17,15,13,11,9,6,5,3,2,1,0
0,4,7,8,10,12,14,16,18,21,23,26,28,27,25,24,22,20,19,17,15,13,11,9,6,5,3,2,1,0
0,4,7,8,10,12,14,16,18,21,23,26,28,27,25,24,22,20,19,17,15,13,11,9,6,5,3,2,1,0
0,4,7,8,10,12,14,16,18,21,23,26,28,27,25,24,22,20,19,17,15,13,11,9,6,5,3,2,1,0
0,4,7,8,10,12,14,16,18,21,23,26,28,27,25,24,22,20,19,17,15,13,11,9,6,5,3,2,1,0
0,4,7,8,10,12,14,16,18,21,23,26,28,27,25,24,22,20,19,17,15,13,11,9,6,5,3,2,1,0
0,4,7,8,10,12,14,16,18,21,23,26,28,27,25,24,22,20,19,17,15,13,11,9,6,5,3,2,1,0
0,4,7,8,10,12,14,16,18,21,23,26,28,27,25,24,22,20,19,17,15,13,11,9,6,5,3,2,1,0
0,4,7,8,10,12,14,16,18,21,23,26,28,27,25,24,22,20,19,17,15,13,11,9,6,5,3,2,1,0
0,4,7,8,10,12,14,16,18,21,23,26,28,27,25,24,22,20,19,17,15,13,11,9,6,5,3,2,1,0
0,4,7,8,10,12,14,16,18,21,23,26,28,27,25,24,22,20,19,17,15,13,11,9,6,5,3,2,1,0
0,4,7,8,10,12,14,16,18,21,23,26,28,27,25,24,22,20,19,17,15,13,11,9,6,5,3,2,1,0
0,4,7,8,10,12,14,16,18,21,23,26,28,27,25,24,22,20,19,17,15,13,11,9,6,5,3,2,1,0
0,4,7,8,10,12,14,16,18,21,23,26,28,27,25,24,22,20,19,17,15,13,11,9,6,5,3,2,1,0
0,4,7,8,10,12,14,16,18,21,23,26,28,27,25,24,22,20,19,17,15,13,11,9,6,5,3,2,1,0
0,4,7,8,10,12,14,16,18,21,23,26,28,27,25,24,22,20,19,17,15,13,11,9,6,5,3,2,1,0
0,3,6,8,10,12,14,16,18,21,23,27,28,26,25,24,22,20,19,17,15,13,11,9,7,5,4,2,1,0
0,4,7,8,10,12,14,16,18,21,23,26,28,27,25,24,22,20,19,17,15,13,11,9,6,5,3,2,1,0
0,4,7,8,10,12,14,16,18,21,23,26,28,27,25,24,22,20,19,17,15,13,11,9,6,5,3,2,1,0
0,4,7,8,10,12,14,16,18,21,23,26,28,27,25,24,22,20,19,17,15,13,11,9,6,5,3,2,1,0
0,4,7,8,10,12,14,16,18,21,23,26,28,27,25,24,22,20,19,17,15,13,11,9,6,5,3,2,1,0
0,4,7,8,10,12,14,16,18,21,23,26,28,27,25,24,22,20,19,17,15,13,11,9,6,5,3,2,1,0
0,4,7,8,10,12,14,16,18,21,23,26,28,27,25,24,22,20,19,17,15,13,11,9,6,5,3,2,1,0
0,4,7,8,10,12,14,16,18,21,23,26,28,27,25,24,22,20,19,17,15,13,11,9,6,5,3,2,1,0
0,4,7,8,10,12,14,16,18,21,23,26,28,27,25,24,22,20,19,17,15,13,11,9,6,5,3,2,1,0
0,4,7,8,10,12,14,16,18,21,23,26,28,27,25,24,22,20,19,17,15,13,11,9,6,5,3,2,1,0
0,4,6,8,10,12,14,16,18,21,23,26,28,27,25,24,22,20,19,17,15,13,11,9,7,5,3,2,1,0
0,4,6,8,10,12,14,16,18,21,23,26,28,27,25,24,22,20,19,17,15,13,11,9,7,5,3,2,1,0
0,4,6,8,10,12,14,16,18,21,23,26,28,27,25,24,22,20,19,17,15,13,11,9,7,5,3,2,1,0
0,4,6,8,10,12,14,16,18,21,23,26,28,27,25,24,22,20,19,17,15,13,11,9,7,5,3,2,1,0
0,4,6,8,10,12,14,16,18,21,23,26,28,27,25,24,22,20,19,17,15,13,11,9,7,5,3,2,1,0
0,4,6,8,10,12,14,16,18,21,23,26,28,27,25,24,22,20,19,17,15,13,11,9,7,5,3,2,1,0
0,4,6,8,10,12,14,16,18,21,23,26,28,27,25,24,22,20,19,17,15,13,11,9,7,5,3,2,1,0
0,4,6,8,10,12,14,16,18,21,23,26,28,27,25,24,22,20,19,17,15,13,11,9,7,5,3,2,1,0
0,4,6,8,10,12,14,16,18,21,23,26,28,27,25,24,22,20,19,17,15,13,11,9,7,5,3,2,1,0
0,4,6,8,10,12,14,16,18,21,23,26,28,27,25,24,22,20,19,17,15,13,11,9,7,5,3,2,1,0
0,4,6,8,10,12,14,16,18,21,23,26,28,27,25,24,22,20,19,17,15,13,11,9,7,5,3,2,1,0
0,4,6,8,10,12,14,16,18,21,23,26,28,27,25,24,22,20,19,17,15,13,11,9,7,5,3,2,1,0
0,4,6,8,10,12,14,16,18,21,23,26,28,27,25,24,22,20,19,17,15,13,11,9,7,5,3,2,1,0
0,4,6,8,10,12,14,16,18,21,23,26,28,27,25,24,22,20,19,17,15,13,11,9,7,5,3,2,1,0
0,4,6,8,10,12,14,16,18,21,23,26,28,27,25,24,22,20,19,17,15,13,11,9,7,5,3,2,1,0
0,4,6,8,10,12,14,16,18,21,23,26,28,27,25,24,22,20,19,17,15,13,11,9,7,5,3,2,1,0
0,4,6,8,10,12,14,16,18,21,23,26,28,27,25,24,22,20,19,17,15,13,11,9,7,5,3,2,1,0
0,4,6,8,10,12,14,16,18,21,23,26,28,27,25,24,22,20,19,17,15,13,11,9,7,5,3,2,1,0
0,4,6,8,10,12,14,16,18,21,23,26,28,27,25,24,22,20,19,17,15,13,11,9,7,5,3,2,1,0
0,4,6,8,10,12,14,16,18,21,23,26,28,27,25,24,22,20,19,17,15,13,11,9,7,5,3,2,1,0
0,4,7,8,10,12,14,16,18,21,23,26,28,27,25,24,22,20,19,17,15,13,11,9,6,5,3,2,1,0
0,4,7,8,10,12,14,16,18,21,23,26,28,27,25,24,22,20,19,17,15,13,11,9,6,5,3,2,1,0
0,4,7,8,10,12,14,16,18,21,23,26,28,27,25,24,22,20,19,17,15,13,11,9,6,5,3,2,1,0
0,4,7,8,10,12,14,16,18,21,24,26,28,27,25,23,22,20,19,17,15,13,11,9,6,5,3,2,1,0
0,4,7,8,10,12,14,16,18,21,24,26,28,27,25,23,22,20,19,17,15,13,11,9,6,5,3,2,1,0
0,4,7,8,10,12,14,16,18,21,24,26,28,27,25,23,22,20,19,17,15,13,11,9,6,5,3,2,1,0
0,4,7,8,10,12,14,16,18,21,24,26,28,27,25,23,22,20,19,17,15,13,11,9,6,5,3,2,1,0
0,4,7,8,10,12,14,16,18,21,24,26,28,27,25,23,22,20,19,17,15,13,11,9,6,5,3,2,1,0
0,4,7,8,10,12,14,16,18,21,24,26,28,27,25,23,22,20,19,17,15,13,11,9,6,5,3,2,1,0
0,4,7,8,10,12,14,16,18,21,24,26,28,27,25,23,22,20,19,17,15,13,11,9,6,5,3,2,1,0
0,4,7,8,10,12,14,16,18,21,24,26,28,27,25,23,22,20,19,17,15,13,11,9,6,5,3,2,1,0
0,4,7,8,10,12,14,16,18,21,24,26,28,27,25,23,22,20,19,17,15,13,11,9,6,5,3,2,1,0
0,4,7,8,10,12,14,16,18,21,24,26,28,27,25,23,22,20,19,17,15,13,11,9,6,5,3,2,1,0
0,4,6,8,10,12,14,16,18,21,23,26,28,27,25,24,22,20,19,17,15,13,11,9,7,5,3,2,1,0
0,4,6,8,10,12,14,16,18,21,23,26,28,27,25,24,22,20,19,17,15,13,11,9,7,5,3,2,1,0
0,4,6,8,10,12,14,16,18,21,23,26,28,27,25,24,22,20,19,17,15,13,11,9,7,5,3,2,1,0
0,4,6,8,10,12,14,16,18,21,23,26,28,27,25,24,22,20,19,17,15,13,11,9,7,5,3,2,1,0
0,4,7,8,10,12,14,16,18,21,24,26,28,27,25,23,22,20,19,17,15,13,11,9,6,5,3,2,1,0
0,4,7,8,10,12,14,16,18,21,24,26,28,27,25,23,22,20,19,17,15,13,11,9,6,5,3,2,1,0
0,4,7,8,10,12,14,16,18,21,24,26,28,27,25,23,22,20,19,17,15,13,11,9,6,5,3,2,1,0
0,4,7,8,10,12,14,16,18,21,24,26,28,27,25,23,22,20,19,17,15,13,11,9,6,5,3,2,1,0
0,4,7,8,10,12,14,16,18,21,24,26,28,27,25,23,22,20,19,17,15,13,11,9,6,5,3,2,1,0
0,4,6,8,10,12,14,16,18,21,23,26,28,27,25,24,22,20,19,17,15,13,11,9,7,5,3,2,1,0
0,4,6,8,10,12,14,16,18,21,23,26,28,27,25,24,22,20,19,17,15,13,11,9,7,5,3,2,1,0
0,4,6,8,10,12,14,16,18,21,23,26,28,27,25,24,22,20,19,17,15,13,11,9,7,5,3,2,1,0
0,4,7,8,10,12,14,16,18,21,23,26,28,27,25,24,22,20,19,17,15,13,11,9,6,5,3,2,1,0
0,4,7,8,10,12,14,16,18,21,23,26,28,27,25,24,22,20,19,17,15,13,11,9,6,5,3,2,1,0
0,4,7,8,10,12,14,16,18,21,23,26,28,27,25,24,22,20,19,17,15,13,11,9,6,5,3,2,1,0
0,4,7,8,10,12,14,16,18,21,23,26,28,27,25,24,22,20,19,17,15,13,11,9,6,5,3,2,1,0
0,4,7,8,10,12,14,16,18,21,23,26,28,27,25,24,22,20,19,17,15,13,11,9,6,5,3,2,1,0
0,4,7,8,10,12,14,16,18,21,23,26,28,27,25,24,22,20,19,17,15,13,11,9,6,5,3,2,1,0
0,4,7,8,10,12,14,16,18,21,23,26,28,27,25,24,22,20,19,17,15,13,11,9,6,5,3,2,1,0
0,4,7,8,10,12,14,16,18,21,23,26,28,27,25,24,22,20,19,17,15,13,11,9,6,5,3,2,1,0
0,4,7,8,10,12,14,16,18,21,23,26,28,27,25,24,22,20,19,17,15,13,11,9,6,5,3,2,1,0
0,4,7,8,10,12,14,16,18,21,23,26,28,27,25,24,22,20,19,17,15,13,11,9,6,5,3,2,1,0
0,4,7,8,10,12,14,16,18,21,23,26,28,27,25,24,22,20,19,17,15,13,11,9,6,5,3,2,1,0
0,4,7,8,10,12,14,16,18,21,23,26,28,27,25,24,22,20,19,17,15,13,11,9,6,5,3,2,1,0
0,4,7,8,10,12,14,16,18,21,24,26,28,27,25,23,22,20,19,17,15,13,11,9,6,5,3,2,1,0
0,4,7,8,10,12,14,16,18,21,23,26,28,27,25,24,22,20,19,17,15,13,11,9,6,5,3,2,1,0
0,4,7,8,10,12,14,16,18,21,23,26,28,27,25,24,22,20,19,17,15,13,11,9,6,5,3,2,1,0
0,4,7,8,10,12,14,16,18,21,23,26,28,27,25,24,22,20,19,17,15,13,11,9,6,5,3,2,1,0
0,4,7,8,10,12,14,16,18,21,23,26,28,27,25,24,22,20,19,17,15,13,11,9,6,5,3,2,1,0
0,4,7,8,10,12,14,16,18,21,23,26,28,27,25,24,22,20,19,17,15,13,11,9,6,5,3,2,1,0
0,4,7,8,10,12,14,16,18,21,23,26,28,27,25,24,22,20,19,17,15,13,11,9,6,5,3,2,1,0
0,4,6,8,10,12,14,16,18,21,23,26,28,27,25,24,22,20,19,17,15,13,11,9,7,5,3,2,1,0
0,4,6,8,10,12,14,16,18,21,23,26,28,27,25,24,22,20,19,17,15,13,11,9,7,5,3,2,1,0
0,4,6,8,10,12,14,16,18,21,23,26,28,27,25,24,22,20,19,17,15,13,11,9,7,5,3,2,1,0
0,4,7,8,10,12,14,16,18,21,23,26,28,27,25,24,22,20,19,17,15,13,11,9,6,5,3,2,1,0
0,4,7,8,10,12,14,16,18,21,24,26,28,27,25,23,22,20,19,17,15,13,11,9,6,5,3,2,1,0
0,4,7,8,10,12,14,16,18,21,24,26,28,27,25,23,22,20,19,17,15,13,11,9,6,5,3,2,1,0
0,4,7,8,10,12,14,16,18,21,23,26,28,27,25,24,22,20,19,17,15,13,11,9,6,5,3,2,1,0
0,4,7,8,10,12,14,16,18,21,23,26,28,27,25,24,22,20,19,17,15,13,11,9,6,5,3,2,1,0
0,4,6,8,10,12,14,16,18,21,23,26,28,27,25,24,22,20,19,17,15,13,11,9,7,5,3,2,1,0
0,4,6,8,10,12,14,16,18,21,23,26,28,27,25,24,22,20,19,17,15,13,11,9,7,5,3,2,1,0
0,4,6,8,10,12,14,16,18,21,23,26,28,27,25,24,22,20,19,17,15,13,11,9,7,5,3,2,1,0
0,4,6,8,10,12,14,16,18,21,23,26,28,27,25,24,22,20,19,17,15,13,11,9,7,5,3,2,1,0
0,4,6,8,10,12,14,16,18,21,23,26,28,27,25,24,22,20,19,17,15,13,11,9,7,5,3,2,1,0
0,4,6,8,10,12,14,16,18,21,23,26,28,27,25,24,22,20,19,17,15,13,11,9,7,5,3,2,1,0
0,4,6,8,10,12,14,16,18,21,23,26,28,27,25,24,22,20,19,17,15,13,11,9,7,5,3,2,1,0
0,4,6,8,10,12,14,16,18,21,23,26,28,27,25,24,22,20,19,17,15,13,11,9,7,5,3,2,1,0
0,4,6,8,10,12,14,16,18,21,23,26,28,27,25,24,22,20,19,17,15,13,11,9,7,5,3,2,1,0
0,4,6,8,10,12,14,16,18,21,23,26,28,27,25,24,22,20,19,17,15,13,11,9,7,5,3,2,1,0
0,4,6,8,10,12,14,16,18,21,23,26,28,27,25,24,22,20,19,17,15,13,11,9,7,5,3,2,1,0
0,4,6,8,10,12,14,16,18,21,23,26,28,27,25,24,22,20,19,17,15,13,11,9,7,5,3,2,1,0
0,4,6,8,10,12,14,16,18,21,23,26,28,27,25,24,22,20,19,17,15,13,11,9,7,5,3,2,1,0
0,4,6,8,10,12,14,16,18,21,23,26,28,27,25,24,22,20,19,17,15,13,11,9,7,5,3,2,1,0
0,4,6,8,10,12,14,16,18,21,23,26,28,27,25,24,22,20,19,17,15,13,11,9,7,5,3,2,1,0
0,4,6,8,10,12,14,16,18,21,23,26,28,27,25,24,22,20,19,17,15,13,11,9,7,5,3,2,1,0
0,4,6,8,10,12,14,16,18,21,23,26,28,27,25,24,22,20,19,17,15,13,11,9,7,5,3,2,1,0
0,4,6,8,10,12,14,16,18,21,23,26,28,27,25,24,22,20,19,17,15,13,11,9,7,5,3,2,1,0
0,4,6,8,10,12,14,16,18,21,23,26,28,27,25,24,22,20,19,17,15,13,11,9,7,5,3,2,1,0
0,4,6,8,10,12,14,16,18,21,23,26,28,27,25,24,22,20,19,17,15,13,11,9,7,5,3,2,1,0
0,4,6,8,10,12,14,16,18,21,23,26,28,27,25,24,22,20,19,17,15,13,11,9,7,5,3,2,1,0
0,4,6,8,10,12,14,16,18,21,23,26,28,27,25,24,22,20,19,17,15,13,11,9,7,5,3,2,1,0
0,4,6,8,10,12,14,16,18,21,23,26,28,27,25,24,22,20,19,17,15,13,11,9,7,5,3,2,1,0
0,4,6,8,10,12,14,16,18,21,23,26,28,27,25,24,22,20,19,17,15,13,11,9,7,5,3,2,1,0
0,4,6,8,10,12,14,16,18,21,23,26,28,27,25,24,22,20,19,17,15,13,11,9,7,5,3,2,1,0
0,4,6,8,10,12,14,16,18,21,23,26,28,27,25,24,22,20,19,17,15,13,11,9,7,5,3,2,1,0
0,4,6,8,10,12,14,16,18,21,23,26,28,27,25,24,22,20,19,17,15,13,11,9,7,5,3,2,1,0
0,4,6,8,10,12,14,16,18,21,23,26,28,27,25,24,22,20,19,17,15,13,11,9,7,5,3,2,1,0
0,4,6,8,10,12,14,16,18,21,23,26,28,27,25,24,22,20,19,17,15,13,11,9,7,5,3,2,1,0
0,4,6,8,10,12,14,16,18,21,23,26,28,27,25,24,22,20,19,17,15,13,11,9,7,5,3,2,1,0
0,4,6,8,10,12,14,16,18,21,23,26,28,27,25,24,22,20,19,17,15,13,11,9,7,5,3,2,1,0
0,4,6,8,10,12,14,16,18,21,23,26,28,27,25,24,22,20,19,17,15,13,11,9,7,5,3,2,1,0
0,4,6,8,10,12,14,16,18,21,23,26,28,27,25,24,22,20,19,17,15,13,11,9,7,5,3,2,1,0
0,4,6,8,10,12,14,16,18,21,23,26,28,27,25,24,22,20,19,17,15,13,11,9,7,5,3,2,1,0
0,4,6,8,10,12,14,16,18,21,23,26,28,27,25,24,22,20,19,17,15,13,11,9,7,5,3,2,1,0
0,4,6,8,10,12,14,16,18,22,23,26,28,27,25,24,21,20,19,17,15,13,11,9,7,5,3,2,1,0
0,4,6,8,10,12,14,16,18,22,23,26,28,27,25,24,21,20,19,17,15,13,11,9,7,5,3,2,1,0
0,4,6,8,10,12,14,16,18,21,23,26,28,27,25,24,22,20,19,17,15,13,11,9,7,5,3,2,1,0
0,4,6,8,10,12,14,16,18,21,23,26,28,27,25,24,22,20,19,17,15,13,11,9,7,5,3,2,1,0
0,4,6,8,10,12,14,16,18,21,23,26,28,27,25,24,22,20,19,17,15,13,11,9,7,5,3,2,1,0
0,4,6,8,10,12,14,16,18,21,23,26,28,27,25,24,22,20,19,17,15,13,11,9,7,5,3,2,1,0
0,4,6,8,10,12,14,16,18,21,23,26,28,27,25,24,22,20,19,17,15,13,11,9,7,5,3,2,1,0
0,4,6,8,10,12,14,16,18,21,23,26,28,27,25,24,22,20,19,17,15,13,11,9,7,5,3,2,1,0
0,4,6,8,10,12,14,16,18,21,23,26,28,27,25,24,22,20,19,17,15,13,11,9,7,5,3,2,1,0
0,4,6,8,10,12,14,16,18,21,23,26,28,27,25,24,22,20,19,17,15,13,11,9,7,5,3,2,1,0
0,4,6,8,10,12,14,16,18,21,23,26,28,27,25,24,22,20,19,17,15,13,11,9,7,5,3,2,1,0
0,4,6,8,10,12,14,16,18,21,23,26,28,27,25,24,22,20,19,17,15,13,11,9,7,5,3,2,1,0
0,4,6,8,10,12,14,16,18,21,23,26,28,27,25,24,22,20,19,17,15,13,11,9,7,5,3,2,1,0
0,4,6,8,10,12,14,16,18,21,23,26,28,27,25,24,22,20,19,17,15,13,11,9,7,5,3,2,1,0
0,4,6,8,10,12,14,16,18,21,23,26,28,27,25,24,22,20,19,17,15,13,11,9,7,5,3,2,1,0
0,4,6,8,10,12,14,16,18,21,23,26,28,27,25,24,22,20,19,17,15,13,11,9,7,5,3,2,1,0
0,4,6,8,10,12,14,16,18,21,23,26,28,27,25,24,22,20,19,17,15,13,11,9,7,5,3,2,1,0
0,4,6,8,10,12,14,16,18,21,23,26,28,27,25,24,22,20,19,17,15,13,11,9,7,5,3,2,1,0
0,4,6,8,10,12,14,16,18,21,23,26,28,27,25,24,22,20,19,17,15,13,11,9,7,5,3,2,1,0
0,4,6,8,10,12,14,16,18,21,23,26,28,27,25,24,22,20,19,17,15,13,11,9,7,5,3,2,1,0
0,4,6,8,10,12,14,16,18,21,23,26,28,27,25,24,22,20,19,17,15,13,11,9,7,5,3,2,1,0
0,4,6,8,10,12,14,16,18,21,23,26,28,27,25,24,22,20,19,17,15,13,11,9,7,5,3,2,1,0
0,4,6,8,10,12,14,16,18,21,23,26,28,27,25,24,22,20,19,17,15,13,11,9,7,5,3,2,1,0
0,4,6,8,10,12,14,16,18,21,23,26,28,27,25,24,22,20,19,17,15,13,11,9,7,5,3,2,1,0
0,4,6,8,10,12,14,16,18,21,23,26,28,27,25,24,22,20,19,17,15,13,11,9,7,5,3,2,1,0
0,4,6,8,10,12,14,16,18,21,23,26,28,27,25,24,22,20,19,17,15,13,11,9,7,5,3,2,1,0
0,4,6,8,10,12,14,16,18,21,23,26,28,27,25,24,22,20,19,17,15,13,11,9,7,5,3,2,1,0
0,4,6,8,10,12,14,16,18,21,23,26,28,27,25,24,22,20,19,17,15,13,11,9,7,5,3,2,1,0
0,4,6,8,10,12,14,16,18,21,23,26,28,27,25,24,22,20,19,17,15,13,11,9,7,5,3,2,1,0
0,4,6,8,10,12,14,16,18,21,23,26,28,27,25,24,22,20,19,17,15,13,11,9,7,5,3,2,1,0
0,4,6,8,10,12,14,16,18,21,23,26,28,27,25,24,22,20,19,17,15,13,11,9,7,5,3,2,1,0
0,4,6,8,10,12,14,16,18,21,23,26,28,27,25,24,22,20,19,17,15,13,11,9,7,5,3,2,1,0
0,4,6,8,10,12,14,16,18,21,23,26,28,27,25,24,22,20,19,17,15,13,11,9,7,5,3,2,1,0
0,4,6,8,10,12,14,16,18,21,23,26,28,27,25,24,22,20,19,17,15,13,11,9,7,5,3,2,1,0
0,4,6,8,10,12,14,16,18,21,23,26,28,27,25,24,22,20,19,17,15,13,11,9,7,5,3,2,1,0
0,4,6,8,10,12,14,16,18,21,23,26,28,27,25,24,22,20,19,17,15,13,11,9,7,5,3,2,1,0
0,4,6,8,10,12,14,16,18,21,23,26,28,27,25,24,22,20,19,17,15,13,11,9,7,5,3,2,1,0
0,4,6,8,10,12,14,16,18,21,23,26,28,27,25,24,22,20,19,17,15,13,11,9,7,5,3,2,1,0
0,4,6,8,10,12,14,16,18,21,23,26,28,27,25,24,22,20,19,17,15,13,11,9,7,5,3,2,1,0
0,4,6,8,10,12,14,16,18,21,23,26,28,27,25,24,22,20,19,17,15,13,11,9,7,5,3,2,1,0
0,4,6,8,10,12,14,16,18,21,23,26,28,27,25,24,22,20,19,17,15,13,11,9,7,5,3,2,1,0
0,4,6,8,10,12,14,16,18,21,23,26,28,27,25,24,22,20,19,17,15,13,11,9,7,5,3,2,1,0
0,4,6,8,10,12,14,16,18,21,23,26,28,27,25,24,22,20,19,17,15,13,11,9,7,5,3,2,1,0
0,4,6,8,10,12,14,16,18,21,23,26,28,27,25,24,22,20,19,17,15,13,11,9,7,5,3,2,1,0
0,4,6,8,10,12,14,16,18,21,23,26,28,27,25,24,22,20,19,17,15,13,11,9,7,5,3,2,1,0
0,4,6,8,10,12,14,16,18,21,23,26,28,27,25,24,22,20,19,17,15,13,11,9,7,5,3,2,1,0
0,4,6,8,10,12,14,16,18,21,23,26,28,27,25,24,22,20,19,17,15,13,11,9,7,5,3,2,1,0
0,4,6,8,10,12,14,16,18,21,23,26,28,27,25,24,22,20,19,17,15,13,11,9,7,5,3,2,1,0
0,4,6,8,10,12,14,16,18,21,23,26,28,27,25,24,22,20,19,17,15,13,11,9,7,5,3,2,1,0
0,4,6,8,10,12,14,16,18,21,23,26,28,27,25,24,22,20,19,17,15,13,11,9,7,5,3,2,1,0
0,4,6,8,10,12,14,16,18,21,23,26,28,27,25,24,22,20,19,17,15,13,11,9,7,5,3,2,1,0
0,4,6,8,10,12,14,16,18,21,23,26,28,27,25,24,22,20,19,17,15,13,11,9,7,5,3,2,1,0
0,4,6,8,10,12,14,16,18,21,23,26,28,27,25,24,22,20,19,17,15,13,11,9,7,5,3,2,1,0
0,4,6,8,10,12,14,16,18,21,23,26,28,27,25,24,22,20,19,17,15,13,11,9,7,5,3,2,1,0
0,4,6,8,10,12,14,16,18,21,23,26,28,27,25,24,22,20,19,17,15,13,11,9,7,5,3,2,1,0
0,4,6,8,10,12,14,16,18,21,23,26,28,27,25,24,22,20,19,17,15,13,11,9,7,5,3,2,1,0
0,4,6,8,10,12,14,16,18,21,23,26,28,27,25,24,22,20,19,17,15,13,11,9,7,5,3,2,1,0
0,4,6,8,10,12,14,16,18,21,23,26,28,27,25,24,22,20,19,17,15,13,11,9,7,5,3,2,1,0
0,4,6,8,10,12,14,16,18,21,23,26,28,27,25,24,22,20,19,17,15,13,11,9,7,5,3,2,1,0
0,4,6,8,10,12,14,16,18,21,23,26,28,27,25,24,22,20,19,17,15,13,11,9,7,5,3,2,1,0
0,4,6,8,10,12,14,16,18,21,23,26,28,27,25,24,22,20,19,17,15,13,11,9,7,5,3,2,1,0
0,4,6,8,10,12,14,16,18,21,23,26,28,27,25,24,22,20,19,17,15,13,11,9,7,5,3,2,1,0
0,4,6,8,10,12,14,16,18,21,23,26,28,27,25,24,22,20,19,17,15,13,11,9,7,5,3,2,1,0
0,4,6,8,10,12,14,16,18,21,23,26,28,27,25,24,22,20,19,17,15,13,11,9,7,5,3,2,1,0
0,4,6,8,10,12,14,16,18,21,23,26,28,27,25,24,22,20,19,17,15,13,11,9,7,5,3,2,1,0
0,4,6,8,10,12,14,16,18,21,23,26,28,27,25,24,22,20,19,17,15,13,11,9,7,5,3,2,1,0
0,4,6,8,10,12,14,16,18,21,23,26,28,27,25,24,22,20,19,17,15,13,11,9,7,5,3,2,1,0
0,4,6,8,10,12,14,16,18,21,23,26,28,27,25,24,22,20,19,17,15,13,11,9,7,5,3,2,1,0
0,4,6,8,10,12,14,16,18,21,23,26,28,27,25,24,22,20,19,17,15,13,11,9,7,5,3,2,1,0
0,4,6,8,10,12,14,16,18,21,23,26,28,27,25,24,22,20,19,17,15,13,11,9,7,5,3,2,1,0
0,4,6,8,10,12,14,16,18,21,23,26,28,27,25,24,22,20,19,17,15,13,11,9,7,5,3,2,1,0
0,4,6,8,10,12,14,16,18,21,23,26,28,27,25,24,22,20,19,17,15,13,11,9,7,5,3,2,1,0
0,4,6,8,10,12,14,16,18,21,23,26,28,27,25,24,22,20,19,17,15,13,11,9,7,5,3,2,1,0
0,4,6,8,10,12,14,16,18,21,23,26,28,27,25,24,22,20,19,17,15,13,11,9,7,5,3,2,1,0
0,4,6,8,10,12,14,16,18,21,23,26,28,27,25,24,22,20,19,17,15,13,11,9,7,5,3,2,1,0
0,4,6,8,10,12,14,16,18,21,23,26,28,27,25,24,22,20,19,17,15,13,11,9,7,5,3,2,1,0
0,4,6,8,10,12,14,16,18,21,23,26,28,27,25,24,22,20,19,17,15,13,11,9,7,5,3,2,1,0
0,4,6,8,10,12,14,16,18,21,23,26,28,27,25,24,22,20,19,17,15,13,11,9,7,5,3,2,1,0
0,4,6,8,10,12,14,16,18,21,23,26,28,27,25,24,22,20,19,17,15,13,11,9,7,5,3,2,1,0
0,4,6,8,10,12,14,16,18,21,23,26,28,27,25,24,22,20,19,17,15,13,11,9,7,5,3,2,1,0
0,4,6,8,10,12,14,16,18,21,23,26,28,27,25,24,22,20,19,17,15,13,11,9,7,5,3,2,1,0
0,4,6,8,10,12,14,16,18,21,23,26,28,27,25,24,22,20,19,17,15,13,11,9,7,5,3,2,1,0
0,4,6,8,10,12,14,16,18,21,24,26,28,27,25,23,22,20,19,17,15,13,11,9,7,5,3,2,1,0
0,4,6,8,10,12,14,16,18,21,24,26,28,27,25,23,22,20,19,17,15,13,11,9,7,5,3,2,1,0
0,4,6,8,10,12,14,16,18,21,23,26,28,27,25,24,22,20,19,17,15,13,11,9,7,5,3,2,1,0
0,4,6,8,10,12,14,16,18,21,23,26,28,27,25,24,22,20,19,17,15,13,11,9,7,5,3,2,1,0
0,4,6,8,10,12,14,16,18,21,23,26,28,27,25,24,22,20,19,17,15,13,11,9,7,5,3,2,1,0
0,4,6,8,10,12,14,16,18,21,23,26,28,27,25,24,22,20,19,17,15,13,11,9,7,5,3,2,1,0
0,4,6,8,10,12,14,16,18,21,23,26,28,27,25,24,22,20,19,17,15,13,11,9,7,5,3,2,1,0
0,4,6,8,10,12,14,16,18,21,23,26,28,27,25,24,22,20,19,17,15,13,11,9,7,5,3,2,1,0
0,4,6,8,10,12,14,16,18,21,23,26,28,27,25,24,22,20,19,17,15,13,11,9,7,5,3,2,1,0
0,4,6,8,10,12,14,16,18,21,23,26,28,27,25,24,22,20,19,17,15,13,11,9,7,5,3,2,1,0
0,4,6,8,10,12,14,16,18,21,23,26,28,27,25,24,22,20,19,17,15,13,11,9,7,5,3,2,1,0
0,4,6,8,10,12,14,16,18,21,23,26,28,27,25,24,22,20,19,17,15,13,11,9,7,5,3,2,1,0
0,4,6,8,10,12,14,16,18,21,23,26,28,27,25,24,22,20,19,17,15,13,11,9,7,5,3,2,1,0
0,4,6,8,10,12,14,16,18,21,23,26,28,27,25,24,22,20,19,17,15,13,11,9,7,5,3,2,1,0
0,4,6,8,10,12,14,16,18,21,24,26,28,27,25,23,22,20,19,17,15,13,11,9,7,5,3,2,1,0
0,4,6,8,10,12,14,16,18,21,24,26,28,27,25,23,22,20,19,17,15,13,11,9,7,5,3,2,1,0
0,4,6,8,10,12,14,16,18,21,24,26,28,27,25,23,22,20,19,17,15,13,11,9,7,5,3,2,1,0
0,4,6,8,10,12,14,16,18,21,24,26,28,27,25,23,22,20,19,17,15,13,11,9,7,5,3,2,1,0
0,4,6,8,10,12,14,16,18,21,24,26,28,27,25,23,22,20,19,17,15,13,11,9,7,5,3,2,1,0
0,4,6,8,10,12,14,16,18,21,24,26,28,27,25,23,22,20,19,17,15,13,11,9,7,5,3,2,1,0
0,4,6,8,10,12,14,16,18,21,24,26,28,27,25,23,22,20,19,17,15,13,11,9,7,5,3,2,1,0
0,4,6,8,10,12,14,16,18,21,23,26,28,27,25,24,22,20,19,17,15,13,11,9,7,5,3,2,1,0
0,4,6,8,10,12,14,16,18,21,23,26,28,27,25,24,22,20,19,17,15,13,11,9,7,5,3,2,1,0
0,4,6,8,10,12,14,16,18,21,23,26,28,27,25,24,22,20,19,17,15,13,11,9,7,5,3,2,1,0
0,4,6,8,10,12,14,16,18,21,23,26,28,27,25,24,22,20,19,17,15,13,11,9,7,5,3,2,1,0
0,4,6,8,10,12,14,16,18,21,23,26,28,27,25,24,22,20,19,17,15,13,11,9,7,5,3,2,1,0
0,4,6,8,10,12,14,16,18,21,23,26,28,27,25,24,22,20,19,17,15,13,11,9,7,5,3,2,1,0
0,4,6,8,10,12,14,16,18,21,23,26,28,27,25,24,22,20,19,17,15,13,11,9,7,5,3,2,1,0
0,4,6,8,10,12,14,16,18,21,23,26,28,27,25,24,22,20,19,17,15,13,11,9,7,5,3,2,1,0
0,4,6,8,10,12,14,16,18,21,23,26,28,27,25,24,22,20,19,17,15,13,11,9,7,5,3,2,1,0
0,4,6,8,10,12,14,16,18,21,24,26,28,27,25,23,22,20,19,17,15,13,11,9,7,5,3,2,1,0
0,4,6,8,10,12,14,16,18,21,23,26,28,27,25,24,22,20,19,17,15,13,11,9,7,5,3,2,1,0
0,4,6,8,10,12,14,16,18,21,23,26,28,27,25,24,22,20,19,17,15,13,11,9,7,5,3,2,1,0
0,4,6,8,10,12,14,16,18,21,23,26,28,27,25,24,22,20,19,17,15,13,11,9,7,5,3,2,1,0
0,4,6,8,10,12,14,16,18,21,23,26,28,27,25,24,22,20,19,17,15,13,11,9,7,5,3,2,1,0
0,4,6,8,10,12,14,16,18,21,23,26,28,27,25,24,22,20,19,17,15,13,11,9,7,5,3,2,1,0
0,4,6,8,10,12,14,16,18,21,23,26,28,27,25,24,22,20,19,17,15,13,11,9,7,5,3,2,1,0
0,4,6,8,10,12,14,16,18,21,23,26,28,27,25,24,22,20,19,17,15,13,11,9,7,5,3,2,1,0
0,4,6,8,10,12,14,16,18,21,23,26,28,27,25,24,22,20,19,17,15,13,11,9,7,5,3,2,1,0
0,4,6,8,10,12,14,16,18,21,23,26,28,27,25,24,22,20,19,17,15,13,11,9,7,5,3,2,1,0
0,4,6,8,10,12,14,16,18,21,23,26,28,27,25,24,22,20,19,17,15,13,11,9,7,5,3,2,1,0
0,4,6,8,10,12,14,16,18,21,23,26,28,27,25,24,22,20,19,17,15,13,11,9,7,5,3,2,1,0
0,4,6,8,10,12,14,16,18,21,23,26,28,27,25,24,22,20,19,17,15,13,11,9,7,5,3,2,1,0
0,4,6,8,10,12,14,16,18,21,23,26,28,27,25,24,22,20,19,17,15,13,11,9,7,5,3,2,1,0
0,4,6,8,10,12,14,16,18,21,23,26,28,27,25,24,22,20,19,17,15,13,11,9,7,5,3,2,1,0
0,4,6,8,10,12,14,16,18,21,23,26,28,27,25,24,22,20,19,17,15,13,11,9,7,5,3,2,1,0
0,4,6,8,10,12,14,16,18,21,23,26,28,27,25,24,22,20,19,17,15,13,11,9,7,5,3,2,1,0
0,4,6,8,10,12,14,16,18,21,23,26,28,27,25,24,22,20,19,17,15,13,11,9,7,5,3,2,1,0
0,4,6,8,10,12,14,16,18,21,23,26,28,27,25,24,22,20,19,17,15,13,11,9,7,5,3,2,1,0
0,4,6,8,10,12,14,16,18,21,23,26,28,27,25,24,22,20,19,17,15,13,11,9,7,5,3,2,1,0
0,4,6,8,10,12,14,16,18,21,24,26,28,27,25,23,22,20,19,17,15,13,11,9,7,5,3,2,1,0
0,4,6,8,10,12,14,16,18,21,23,26,28,27,25,24,22,20,19,17,15,13,11,9,7,5,3,2,1,0
0,4,6,8,10,12,14,16,18,21,23,26,28,27,25,24,22,20,19,17,15,13,11,9,7,5,3,2,1,0
0,4,6,8,10,12,14,16,18,21,23,26,28,27,25,24,22,20,19,17,15,13,11,9,7,5,3,2,1,0
0,4,6,8,10,12,14,16,18,21,24,26,28,27,25,23,22,20,19,17,15,13,11,9,7,5,3,2,1,0
0,4,6,8,10,12,14,16,18,21,24,26,28,27,25,23,22,20,19,17,15,13,11,9,7,5,3,2,1,0
0,4,6,8,10,12,14,16,18,21,23,26,28,27,25,24,22,20,19,17,15,13,11,9,7,5,3,2,1,0
0,4,6,8,10,12,14,16,18,21,23,26,28,27,25,24,22,20,19,17,15,13,11,9,7,5,3,2,1,0
0,4,6,8,10,12,14,16,18,21,23,26,28,27,25,24,22,20,19,17,15,13,11,9,7,5,3,2,1,0
0,4,6,8,10,12,14,16,18,21,23,26,28,27,25,24,22,20,19,17,15,13,11,9,7,5,3,2,1,0
0,4,6,8,10,12,14,16,18,21,23,26,28,27,25,24,22,20,19,17,15,13,11,9,7,5,3,2,1,0
0,4,6,8,10,12,14,16,18,21,23,26,28,27,25,24,22,20,19,17,15,13,11,9,7,5,3,2,1,0
0,4,6,8,10,12,14,16,18,21,23,26,28,27,25,24,22,20,19,17,15,13,11,9,7,5,3,2,1,0
0,4,6,8,10,12,14,16,18,21,23,26,28,27,25,24,22,20,19,17,15,13,11,9,7,5,3,2,1,0
0,4,6,8,10,12,14,16,18,21,23,26,28,27,25,24,22,20,19,17,15,13,11,9,7,5,3,2,1,0
0,4,6,8,10,12,14,16,18,21,23,26,28,27,25,24,22,20,19,17,15,13,11,9,7,5,3,2,1,0
0,4,6,8,10,12,14,16,18,21,23,26,28,27,25,24,22,20,19,17,15,13,11,9,7,5,3,2,1,0
0,4,6,8,10,12,14,16,18,21,23,26,28,27,25,24,22,20,19,17,15,13,11,9,7,5,3,2,1,0
0,4,6,8,10,12,14,16,18,21,23,26,28,27,25,24,22,20,19,17,15,13,11,9,7,5,3,2,1,0
0,4,6,8,10,12,14,16,18,21,23,26,28,27,25,24,22,20,19,17,15,13,11,9,7,5,3,2,1,0
0,4,6,8,10,12,14,16,18,21,23,26,28,27,25,24,22,20,19,17,15,13,11,9,7,5,3,2,1,0
0,4,6,8,10,12,14,16,18,21,23,26,28,27,25,24,22,20,19,17,15,13,11,9,7,5,3,2,1,0
0,4,6,8,10,12,14,16,18,21,23,26,28,27,25,24,22,20,19,17,15,13,11,9,7,5,3,2,1,0
0,4,6,8,10,12,14,16,18,21,23,26,28,27,25,24,22,20,19,17,15,13,11,9,7,5,3,2,1,0
0,4,6,8,10,12,14,16,18,21,23,26,28,27,25,24,22,20,19,17,15,13,11,9,7,5,3,2,1,0
0,4,6,8,10,12,14,16,18,21,23,26,28,27,25,24,22,20,19,17,15,13,11,9,7,5,3,2,1,0
0,4,6,8,10,12,14,16,18,21,24,26,28,27,25,23,22,20,19,17,15,13,11,9,7,5,3,2,1,0
0,4,6,8,10,12,14,16,18,21,24,26,28,27,25,23,22,20,19,17,15,13,11,9,7,5,3,2,1,0
0,4,6,8,10,12,14,16,18,21,24,26,28,27,25,23,22,20,19,17,15,13,11,9,7,5,3,2,1,0
0,4,6,8,10,12,14,16,18,21,23,26,28,27,25,24,22,20,19,17,15,13,11,9,7,5,3,2,1,0
0,4,6,8,10,12,14,16,18,21,24,26,28,27,25,23,22,20,19,17,15,13,11,9,7,5,3,2,1,0
0,4,6,8,10,12,14,16,18,21,23,26,28,27,25,24,22,20,19,17,15,13,11,9,7,5,3,2,1,0
0,4,6,8,10,12,14,16,18,21,23,26,28,27,25,24,22,20,19,17,15,13,11,9,7,5,3,2,1,0
0,4,6,8,10,12,14,16,18,21,23,26,28,27,25,24,22,20,19,17,15,13,11,9,7,5,3,2,1,0
0,4,6,8,10,12,14,16,18,21,23,26,28,27,25,24,22,20,19,17,15,13,11,9,7,5,3,2,1,0
0,4,6,8,10,12,14,16,18,21,23,26,28,27,25,24,22,20,19,17,15,13,11,9,7,5,3,2,1,0
0,4,6,8,10,12,14,16,18,21,23,26,28,27,25,24,22,20,19,17,15,13,11,9,7,5,3,2,1,0
0,4,6,8,10,12,14,16,18,21,24,26,28,27,25,23,22,20,19,17,15,13,11,9,7,5,3,2,1,0
0,4,6,8,10,12,14,16,18,21,24,26,28,27,25,23,22,20,19,17,15,13,11,9,7,5,3,2,1,0
0,4,6,8,10,12,14,16,18,21,24,26,28,27,25,23,22,20,19,17,15,13,11,9,7,5,3,2,1,0
0,4,6,8,10,12,14,16,18,21,24,26,28,27,25,23,22,20,19,17,15,13,11,9,7,5,3,2,1,0
0,4,6,8,10,12,14,16,18,21,24,26,28,27,25,23,22,20,19,17,15,13,11,9,7,5,3,2,1,0
0,4,6,8,10,12,14,16,18,21,24,26,28,27,25,23,22,20,19,17,15,13,11,9,7,5,3,2,1,0
0,4,6,8,10,12,14,16,18,21,24,26,28,27,25,23,22,20,19,17,15,13,11,9,7,5,3,2,1,0
0,4,6,8,10,12,14,16,18,21,24,26,28,27,25,23,22,20,19,17,15,13,11,9,7,5,3,2,1,0
0,4,6,8,10,12,14,16,18,21,24,26,28,27,25,23,22,20,19,17,15,13,11,9,7,5,3,2,1,0
0,4,6,8,10,12,14,16,18,21,24,26,28,27,25,23,22,20,19,17,15,13,11,9,7,5,3,2,1,0
0,4,6,8,10,12,14,16,18,21,24,26,28,27,25,23,22,20,19,17,15,13,11,9,7,5,3,2,1,0
0,4,6,8,10,12,14,16,18,21,23,25,27,28,26,24,22,20,19,17,15,13,11,9,7,5,3,2,1,0
0,4,6,8,10,12,14,16,18,21,24,26,28,27,25,23,22,20,19,17,15,13,11,9,7,5,3,2,1,0
0,4,6,8,10,12,14,16,18,21,24,26,28,27,25,23,22,20,19,17,15,13,11,9,7,5,3,2,1,0
0,4,6,8,10,12,14,16,18,21,24,26,28,27,25,23,22,20,19,17,15,13,11,9,7,5,3,2,1,0
0,4,6,8,10,12,14,16,18,21,24,26,28,27,25,23,22,20,19,17,15,13,11,9,7,5,3,2,1,0
0,4,6,8,10,12,14,16,18,21,24,26,28,27,25,23,22,20,19,17,15,13,11,9,7,5,3,2,1,0
0,4,6,8,10,12,14,16,18,21,24,26,28,27,25,23,22,20,19,17,15,13,11,9,7,5,3,2,1,0
0,4,6,8,10,12,14,16,18,21,24,26,28,27,25,23,22,20,19,17,15,13,11,9,7,5,3,2,1,0
0,4,6,8,10,12,14,16,18,21,24,26,28,27,25,23,22,20,19,17,15,13,11,9,7,5,3,2,1,0
0,4,6,8,10,12,14,16,18,21,24,26,28,27,25,23,22,20,19,17,15,13,11,9,7,5,3,2,1,0
0,4,6,8,10,12,14,16,18,21,24,26,28,27,25,23,22,20,19,17,15,13,11,9,7,5,3,2,1,0
0,4,6,8,10,12,14,16,18,21,24,26,28,27,25,23,22,20,19,17,15,13,11,9,7,5,3,2,1,0
0,4,6,8,10,12,14,16,18,21,24,26,28,27,25,23,22,20,19,17,15,13,11,9,7,5,3,2,1,0
0,4,6,8,10,12,14,16,18,21,24,26,28,27,25,23,22,20,19,17,15,13,11,9,7,5,3,2,1,0
0,4,6,8,10,12,14,16,18,21,24,26,28,27,25,23,22,20,19,17,15,13,11,9,7,5,3,2,1,0
0,4,6,8,10,12,14,16,18,21,24,26,28,27,25,23,22,20,19,17,15,13,11,9,7,5,3,2,1,0
0,4,6,8,10,12,14,16,18,21,24,26,28,27,25,23,22,20,19,17,15,13,11,9,7,5,3,2,1,0
0,4,6,8,10,12,14,16,18,21,24,26,28,27,25,23,22,20,19,17,15,13,11,9,7,5,3,2,1,0
0,4,6,8,10,12,14,16,18,21,24,26,28,27,25,23,22,20,19,17,15,13,11,9,7,5,3,2,1,0
0,4,6,8,10,12,14,16,18,21,24,26,28,27,25,23,22,20,19,17,15,13,11,9,7,5,3,2,1,0
0,4,6,8,10,12,14,16,18,21,24,26,28,27,25,23,22,20,19,17,15,13,11,9,7,5,3,2,1,0
0,4,6,8,10,12,14,16,18,21,24,26,28,27,25,23,22,20,19,17,15,13,11,9,7,5,3,2,1,0
0,4,6,8,10,12,14,16,18,21,24,26,28,27,25,23,22,20,19,17,15,13,11,9,7,5,3,2,1,0
0,4,6,8,10,12,14,16,18,21,24,26,28,27,25,23,22,20,19,17,15,13,11,9,7,5,3,2,1,0
0,4,6,8,10,12,14,16,18,21,24,26,28,27,25,23,22,20,19,17,15,13,11,9,7,5,3,2,1,0
0,4,6,8,10,12,14,16,18,21,24,26,28,27,25,23,22,20,19,17,15,13,11,9,7,5,3,2,1,0
0,4,6,8,10,12,14,16,18,21,24,26,28,27,25,23,22,20,19,17,15,13,11,9,7,5,3,2,1,0
0,4,6,8,10,12,14,16,18,21,24,26,28,27,25,23,22,20,19,17,15,13,11,9,7,5,3,2,1,0
0,4,6,8,10,12,14,16,18,21,24,26,28,27,25,23,22,20,19,17,15,13,11,9,7,5,3,2,1,0
0,4,6,8,10,12,14,16,18,21,24,26,28,27,25,23,22,20,19,17,15,13,11,9,7,5,3,2,1,0
0,4,6,8,10,12,14,16,18,21,24,26,28,27,25,23,22,20,19,17,15,13,11,9,7,5,3,2,1,0
0,4,6,8,10,12,14,16,18,21,24,26,28,27,25,23,22,20,19,17,15,13,11,9,7,5,3,2,1,0
0,4,6,8,10,12,14,16,18,21,24,26,28,27,25,23,22,20,19,17,15,13,11,9,7,5,3,2,1,0
0,4,6,8,10,12,14,16,18,21,24,26,28,27,25,23,22,20,19,17,15,13,11,9,7,5,3,2,1,0
0,4,6,8,10,12,14,16,18,21,24,26,28,27,25,23,22,20,19,17,15,13,11,9,7,5,3,2,1,0
0,4,6,8,10,12,14,16,18,21,24,26,28,27,25,23,22,20,19,17,15,13,11,9,7,5,3,2,1,0
0,4,6,8,10,12,14,16,18,21,24,26,28,27,25,23,22,20,19,17,15,13,11,9,7,5,3,2,1,0
0,4,6,8,10,12,14,16,18,21,24,26,28,27,25,23,22,20,19,17,15,13,11,9,7,5,3,2,1,0
0,4,6,8,10,12,14,16,18,21,24,26,28,27,25,23,22,20,19,17,15,13,11,9,7,5,3,2,1,0
0,4,6,8,10,12,14,16,18,21,24,26,28,27,25,23,22,20,19,17,15,13,11,9,7,5,3,2,1,0
0,4,6,8,10,12,14,16,18,21,24,26,28,27,25,23,22,20,19,17,15,13,11,9,7,5,3,2,1,0
0,4,6,8,10,12,14,16,18,21,24,26,28,27,25,23,22,20,19,17,15,13,11,9,7,5,3,2,1,0
0,4,6,8,10,12,14,16,18,21,24,26,28,27,25,23,22,20,19,17,15,13,11,9,7,5,3,2,1,0
0,4,6,8,10,12,14,16,18,21,24,26,28,27,25,23,22,20,19,17,15,13,11,9,7,5,3,2,1,0
0,4,6,8,10,12,14,16,18,21,24,26,28,27,25,23,22,20,19,17,15,13,11,9,7,5,3,2,1,0
0,4,6,8,10,12,14,16,18,21,24,26,28,27,25,23,22,20,19,17,15,13,11,9,7,5,3,2,1,0
0,4,6,8,10,12,14,16,18,21,24,26,28,27,25,23,22,20,19,17,15,13,11,9,7,5,3,2,1,0
0,4,6,8,10,12,14,16,18,21,24,26,28,27,25,23,22,20,19,17,15,13,11,9,7,5,3,2,1,0
0,4,6,8,10,12,14,16,18,21,24,26,28,27,25,23,22,20,19,17,15,13,11,9,7,5,3,2,1,0
0,4,6,8,10,12,14,16,18,21,24,26,28,27,25,23,22,20,19,17,15,13,11,9,7,5,3,2,1,0
0,4,6,8,10,12,14,16,18,21,24,26,28,27,25,23,22,20,19,17,15,13,11,9,7,5,3,2,1,0
0,4,6,8,10,12,14,16,18,21,24,26,28,27,25,23,22,20,19,17,15,13,11,9,7,5,3,2,1,0
0,4,6,8,10,12,14,16,18,21,24,26,28,27,25,23,22,20,19,17,15,13,11,9,7,5,3,2,1,0
0,4,6,8,10,12,14,16,18,21,24,26,28,27,25,23,22,20,19,17,15,13,11,9,7,5,3,2,1,0
0,4,6,8,10,12,14,16,18,21,24,26,28,27,25,23,22,20,19,17,15,13,11,9,7,5,3,2,1,0
0,4,6,8,10,12,14,16,18,21,24,26,28,27,25,23,22,20,19,17,15,13,11,9,7,5,3,2,1,0
0,4,6,8,10,12,14,16,18,21,24,26,28,27,25,23,22,20,19,17,15,13,11,9,7,5,3,2,1,0
0,4,6,8,10,12,14,16,18,21,24,26,28,27,25,23,22,20,19,17,15,13,11,9,7,5,3,2,1,0
0,4,6,8,10,12,14,16,18,21,24,26,28,27,25,23,22,20,19,17,15,13,11,9,7,5,3,2,1,0
0,4,6,8,10,12,14,16,18,21,24,26,28,27,25,23,22,20,19,17,15,13,11,9,7,5,3,2,1,0
0,4,6,8,10,12,14,16,18,21,24,26,28,27,25,23,22,20,19,17,15,13,11,9,7,5,3,2,1,0
0,4,6,8,10,12,14,16,18,21,24,26,28,27,25,23,22,20,19,17,15,13,11,9,7,5,3,2,1,0
0,4,6,8,10,12,14,16,18,21,24,26,28,27,25,23,22,20,19,17,15,13,11,9,7,5,3,2,1,0
0,4,6,8,10,12,14,16,18,21,24,26,28,27,25,23,22,20,19,17,15,13,11,9,7,5,3,2,1,0
0,4,6,8,10,12,14,16,18,21,24,26,28,27,25,23,22,20,19,17,15,13,11,9,7,5,3,2,1,0
0,4,6,8,10,12,14,16,18,21,24,26,28,27,25,23,22,20,19,17,15,13,11,9,7,5,3,2,1,0
0,4,6,8,10,12,14,16,18,21,24,26,28,27,25,23,22,20,19,17,15,13,11,9,7,5,3,2,1,0
0,4,6,8,10,12,14,16,18,21,24,26,28,27,25,23,22,20,19,17,15,13,11,9,7,5,3,2,1,0
0,4,6,8,10,12,14,16,18,21,24,26,28,27,25,23,22,20,19,17,15,13,11,9,7,5,3,2,1,0
0,4,6,8,10,12,14,16,18,21,24,26,28,27,25,23,22,20,19,17,15,13,11,9,7,5,3,2,1,0
0,4,6,8,10,12,14,16,18,21,24,26,28,27,25,23,22,20,19,17,15,13,11,9,7,5,3,2,1,0
0,4,6,8,10,12,14,16,18,21,24,26,28,27,25,23,22,20,19,17,15,13,11,9,7,5,3,2,1,0
0,4,6,8,10,12,14,16,18,21,24,26,28,27,25,23,22,20,19,17,15,13,11,9,7,5,3,2,1,0
0,4,6,8,10,12,14,16,18,21,24,26,28,27,25,23,22,20,19,17,15,13,11,9,7,5,3,2,1,0
0,4,6,8,10,12,14,16,18,21,24,26,28,27,25,23,22,20,19,17,15,13,11,9,7,5,3,2,1,0
0,4,6,8,10,12,14,16,18,21,24,26,28,27,25,23,22,20,19,17,15,13,11,9,7,5,3,2,1,0
0,4,6,8,10,12,14,16,18,21,24,26,28,27,25,23,22,20,19,17,15,13,11,9,7,5,3,2,1,0
0,4,6,8,10,12,14,16,18,21,24,26,28,27,25,23,22,20,19,17,15,13,11,9,7,5,3,2,1,0
0,4,6,8,10,12,14,16,18,21,24,26,28,27,25,23,22,20,19,17,15,13,11,9,7,5,3,2,1,0
0,4,6,8,10,12,14,16,18,21,24,26,28,27,25,23,22,20,19,17,15,13,11,9,7,5,3,2,1,0
0,4,6,8,10,12,14,16,18,21,24,26,28,27,25,23,22,20,19,17,15,13,11,9,7,5,3,2,1,0
0,4,6,8,10,12,14,16,18,21,24,26,28,27,25,23,22,20,19,17,15,13,11,9,7,5,3,2,1,0
0,4,6,8,10,12,14,16,18,21,24,26,28,27,25,23,22,20,19,17,15,13,11,9,7,5,3,2,1,0
0,4,6,8,10,12,14,16,18,21,24,26,28,27,25,23,22,20,19,17,15,13,11,9,7,5,3,2,1,0
0,4,6,8,10,12,14,16,18,21,24,26,28,27,25,23,22,20,19,17,15,13,11,9,7,5,3,2,1,0
0,4,6,8,10,12,14,16,18,21,24,26,28,27,25,23,22,20,19,17,15,13,11,9,7,5,3,2,1,0
0,4,6,8,10,12,14,16,18,21,24,26,28,27,25,23,22,20,19,17,15,13,11,9,7,5,3,2,1,0
0,4,6,8,10,12,14,16,18,21,24,26,28,27,25,23,22,20,19,17,15,13,11,9,7,5,3,2,1,0
0,4,6,8,10,12,14,16,18,21,24,26,28,27,25,23,22,20,19,17,15,13,11,9,7,5,3,2,1,0
0,4,6,8,10,12,14,16,18,21,24,26,28,27,25,23,22,20,19,17,15,13,11,9,7,5,3,2,1,0
0,4,6,8,10,12,14,16,18,21,24,26,28,27,25,23,22,20,19,17,15,13,11,9,7,5,3,2,1,0
0,4,6,8,10,12,14,16,18,21,24,26,28,27,25,23,22,20,19,17,15,13,11,9,7,5,3,2,1,0
0,4,6,8,10,12,14,16,18,21,24,26,28,27,25,23,22,20,19,17,15,13,11,9,7,5,3,2,1,0
0,4,6,8,10,12,14,16,18,21,24,26,28,27,25,23,22,20,19,17,15,13,11,9,7,5,3,2,1,0
0,4,6,8,10,12,14,16,18,21,24,26,28,27,25,23,22,20,19,17,15,13,11,9,7,5,3,2,1,0
0,4,6,8,10,12,14,16,18,21,24,26,28,27,25,23,22,20,19,17,15,13,11,9,7,5,3,2,1,0
0,4,6,8,10,12,14,16,18,21,24,26,28,27,25,23,22,20,19,17,15,13,11,9,7,5,3,2,1,0
0,4,6,8,10,12,14,16,18,21,24,26,28,27,25,23,22,20,19,17,15,13,11,9,7,5,3,2,1,0
0,4,6,8,10,12,14,16,18,21,24,26,28,27,25,23,22,20,19,17,15,13,11,9,7,5,3,2,1,0
0,4,6,8,10,12,14,16,18,21,24,26,28,27,25,23,22,20,19,17,15,13,11,9,7,5,3,2,1,0
0,4,6,8,10,12,14,16,18,21,24,26,28,27,25,23,22,20,19,17,15,13,11,9,7,5,3,2,1,0
0,4,6,8,10,12,14,16,18,21,24,26,28,27,25,23,22,20,19,17,15,13,11,9,7,5,3,2,1,0
0,4,6,8,10,12,14,16,18,21,24,26,28,27,25,23,22,20,19,17,15,13,11,9,7,5,3,2,1,0
0,4,6,8,10,12,14,16,18,21,24,26,28,27,25,23,22,20,19,17,15,13,11,9,7,5,3,2,1,0
0,4,6,8,10,12,14,16,18,21,24,26,28,27,25,23,22,20,19,17,15,13,11,9,7,5,3,2,1,0
0,4,6,8,10,12,14,16,18,21,24,26,28,27,25,23,22,20,19,17,15,13,11,9,7,5,3,2,1,0
0,4,6,8,10,12,14,16,18,21,24,26,28,27,25,23,22,20,19,17,15,13,11,9,7,5,3,2,1,0
0,4,6,8,10,12,14,16,18,21,24,26,28,27,25,23,22,20,19,17,15,13,11,9,7,5,3,2,1,0
0,4,6,8,10,12,14,16,18,21,24,26,28,27,25,23,22,20,19,17,15,13,11,9,7,5,3,2,1,0
0,4,6,8,10,12,14,16,18,21,24,26,28,27,25,23,22,20,19,17,15,13,11,9,7,5,3,2,1,0
0,4,6,8,10,12,14,16,18,21,24,26,28,27,25,23,22,20,19,17,15,13,11,9,7,5,3,2,1,0
0,4,6,8,10,12,14,16,18,21,24,26,28,27,25,23,22,20,19,17,15,13,11,9,7,5,3,2,1,0
0,4,6,8,10,12,14,16,18,21,24,26,28,27,25,23,22,20,19,17,15,13,11,9,7,5,3,2,1,0
0,4,6,8,10,12,14,16,18,21,24,26,28,27,25,23,22,20,19,17,15,13,11,9,7,5,3,2,1,0
0,4,6,8,10,12,14,16,18,21,24,26,28,27,25,23,22,20,19,17,15,13,11,9,7,5,3,2,1,0
0,4,6,8,10,12,14,16,18,21,24,26,28,27,25,23,22,20,19,17,15,13,11,9,7,5,3,2,1,0
0,4,6,8,10,12,14,16,18,21,24,26,28,27,25,23,22,20,19,17,15,13,11,9,7,5,3,2,1,0
0,4,6,8,10,12,14,16,18,21,24,26,28,27,25,23,22,20,19,17,15,13,11,9,7,5,3,2,1,0
0,4,6,8,10,12,14,16,18,21,24,26,28,27,25,23,22,20,19,17,15,13,11,9,7,5,3,2,1,0
0,4,6,8,10,12,14,16,18,21,24,26,28,27,25,23,22,20,19,17,15,13,11,9,7,5,3,2,1,0
0,4,6,8,10,12,14,16,18,21,24,26,28,27,25,23,22,20,19,17,15,13,11,9,7,5,3,2,1,0
0,4,6,8,10,12,14,16,18,21,24,26,28,27,25,23,22,20,19,17,15,13,11,9,7,5,3,2,1,0
0,4,6,8,10,12,14,16,18,21,24,26,28,27,25,23,22,20,19,17,15,13,11,9,7,5,3,2,1,0
0,4,6,8,10,12,14,16,18,21,24,26,28,27,25,23,22,20,19,17,15,13,11,9,7,5,3,2,1,0
0,4,6,8,10,12,14,16,18,21,24,26,28,27,25,23,22,20,19,17,15,13,11,9,7,5,3,2,1,0
0,4,6,8,10,12,14,16,18,21,24,26,28,27,25,23,22,20,19,17,15,13,11,9,7,5,3,2,1,0
0,4,6,8,10,12,14,16,18,21,24,26,28,27,25,23,22,20,19,17,15,13,11,9,7,5,3,2,1,0
0,4,6,8,10,12,14,16,18,21,24,26,28,27,25,23,22,20,19,17,15,13,11,9,7,5,3,2,1,0
0,4,6,8,10,12,14,16,18,21,24,26,28,27,25,23,22,20,19,17,15,13,11,9,7,5,3,2,1,0
0,4,6,8,10,12,14,16,18,21,24,26,28,27,25,23,22,20,19,17,15,13,11,9,7,5,3,2,1,0
0,4,6,8,10,12,14,16,18,21,24,26,28,27,25,23,22,20,19,17,15,13,11,9,7,5,3,2,1,0
0,4,6,8,10,12,14,16,18,21,24,26,28,27,25,23,22,20,19,17,15,13,11,9,7,5,3,2,1,0
0,4,6,8,10,12,14,16,18,21,23,25,27,28,26,24,22,20,19,17,15,13,11,9,7,5,3,2,1,0
0,4,6,8,10,12,14,16,18,21,24,26,28,27,25,23,22,20,19,17,15,13,11,9,7,5,3,2,1,0
0,4,6,8,10,12,14,16,18,21,24,26,28,27,25,23,22,20,19,17,15,13,11,9,7,5,3,2,1,0
0,4,6,8,10,12,14,16,18,21,24,26,28,27,25,23,22,20,19,17,15,13,11,9,7,5,3,2,1,0
0,4,6,8,10,12,14,16,18,21,24,26,28,27,25,23,22,20,19,17,15,13,11,9,7,5,3,2,1,0
0,4,6,8,10,12,14,16,18,21,24,26,28,27,25,23,22,20,19,17,15,13,11,9,7,5,3,2,1,0
0,4,6,8,10,12,14,16,18,21,24,26,28,27,25,23,22,20,19,17,15,13,11,9,7,5,3,2,1,0
0,4,6,8,10,12,14,16,18,21,23,25,27,28,26,24,22,20,19,17,15,13,11,9,7,5,3,2,1,0
0,4,6,8,10,12,14,16,18,21,23,25,27,28,26,24,22,20,19,17,15,13,11,9,7,5,3,2,1,0
0,4,6,8,10,12,14,16,18,21,24,26,28,27,25,23,22,20,19,17,15,13,11,9,7,5,3,2,1,0
0,4,6,8,10,12,14,16,18,21,24,26,28,27,25,23,22,20,19,17,15,13,11,9,7,5,3,2,1,0
0,4,6,8,10,12,14,16,18,21,24,26,28,27,25,23,22,20,19,17,15,13,11,9,7,5,3,2,1,0
0,4,6,8,10,12,14,16,18,21,24,26,28,27,25,23,22,20,19,17,15,13,11,9,7,5,3,2,1,0
0,4,6,8,10,12,14,16,18,21,24,26,28,27,25,23,22,20,19,17,15,13,11,9,7,5,3,2,1,0
0,4,6,8,10,12,14,16,18,21,24,26,28,27,25,23,22,20,19,17,15,13,11,9,7,5,3,2,1,0
0,4,6,8,10,12,14,16,18,21,24,26,28,27,25,23,22,20,19,17,15,13,11,9,7,5,3,2,1,0
0,4,6,8,10,12,14,16,18,21,24,26,28,27,25,23,22,20,19,17,15,13,11,9,7,5,3,2,1,0
0,4,6,8,10,12,14,16,18,21,24,26,28,27,25,23,22,20,19,17,15,13,11,9,7,5,3,2,1,0
0,4,6,8,10,12,14,16,18,21,24,26,28,27,25,23,22,20,19,17,15,13,11,9,7,5,3,2,1,0
0,4,6,8,10,12,14,16,18,21,24,26,28,27,25,23,22,20,19,17,15,13,11,9,7,5,3,2,1,0
0,4,6,8,10,12,14,16,18,21,24,26,28,27,25,23,22,20,19,17,15,13,11,9,7,5,3,2,1,0
0,4,6,8,10,12,14,16,18,21,24,26,28,27,25,23,22,20,19,17,15,13,11,9,7,5,3,2,1,0
0,4,6,8,10,12,14,16,18,21,24,26,28,27,25,23,22,20,19,17,15,13,11,9,7,5,3,2,1,0
0,4,6,8,10,12,14,16,18,21,24,26,28,27,25,23,22,20,19,17,15,13,11,9,7,5,3,2,1,0
0,4,6,8,10,12,14,16,18,21,24,26,28,27,25,23,22,20,19,17,15,13,11,9,7,5,3,2,1,0
0,4,6,8,10,12,14,16,18,21,24,26,28,27,25,23,22,20,19,17,15,13,11,9,7,5,3,2,1,0
0,4,6,8,10,12,14,16,18,21,24,26,28,27,25,23,22,20,19,17,15,13,11,9,7,5,3,2,1,0
0,4,6,8,10,12,14,16,18,21,24,26,28,27,25,23,22,20,19,17,15,13,11,9,7,5,3,2,1,0
0,4,6,8,10,12,14,16,18,21,24,26,28,27,25,23,22,20,19,17,15,13,11,9,7,5,3,2,1,0
0,4,6,8,10,12,14,16,18,21,24,26,28,27,25,23,22,20,19,17,15,13,11,9,7,5,3,2,1,0
0,4,6,8,10,12,14,16,18,21,24,26,28,27,25,23,22,20,19,17,15,13,11,9,7,5,3,2,1,0
0,4,6,8,10,12,14,16,18,21,24,26,28,27,25,23,22,20,19,17,15,13,11,9,7,5,3,2,1,0
0,4,6,8,10,12,14,16,18,21,24,26,28,27,25,23,22,20,19,17,15,13,11,9,7,5,3,2,1,0
0,4,6,8,10,12,14,16,18,21,24,26,28,27,25,23,22,20,19,17,15,13,11,9,7,5,3,2,1,0
0,4,6,8,10,12,14,16,18,21,24,26,28,27,25,23,22,20,19,17,15,13,11,9,7,5,3,2,1,0
0,4,6,8,10,12,14,16,18,21,24,26,28,27,25,23,22,20,19,17,15,13,11,9,7,5,3,2,1,0
0,4,6,8,10,12,14,16,18,21,24,26,28,27,25,23,22,20,19,17,15,13,11,9,7,5,3,2,1,0
0,4,6,8,10,12,14,16,18,21,24,26,28,27,25,23,22,20,19,17,15,13,11,9,7,5,3,2,1,0
0,4,6,8,10,12,14,16,18,21,24,26,28,27,25,23,22,20,19,17,15,13,11,9,7,5,3,2,1,0
0,4,6,8,10,12,14,16,18,21,24,26,28,27,25,23,22,20,19,17,15,13,11,9,7,5,3,2,1,0
0,4,6,8,10,12,14,16,18,21,24,26,28,27,25,23,22,20,19,17,15,13,11,9,7,5,3,2,1,0
0,4,6,8,10,12,14,16,18,21,24,26,28,27,25,23,22,20,19,17,15,13,11,9,7,5,3,2,1,0
0,4,6,8,10,12,14,16,18,21,24,26,28,27,25,23,22,20,19,17,15,13,11,9,7,5,3,2,1,0
0,4,6,8,10,12,14,16,18,21,24,26,28,27,25,23,22,20,19,17,15,13,11,9,7,5,3,2,1,0
0,4,6,8,10,12,14,16,18,21,24,26,28,27,25,23,22,20,19,17,15,13,11,9,7,5,3,2,1,0
0,4,6,8,10,12,14,16,18,21,24,26,28,27,25,23,22,20,19,17,15,13,11,9,7,5,3,2,1,0
0,4,6,8,10,12,14,16,18,21,24,26,28,27,25,23,22,20,19,17,15,13,11,9,7,5,3,2,1,0
0,4,6,8,10,12,14,16,18,21,24,26,28,27,25,23,22,20,19,17,15,13,11,9,7,5,3,2,1,0
0,4,6,8,10,12,14,16,18,21,24,26,28,27,25,23,22,20,19,17,15,13,11,9,7,5,3,2,1,0
0,4,6,8,10,12,14,16,18,21,24,26,28,27,25,23,22,20,19,17,15,13,11,9,7,5,3,2,1,0
0,4,6,8,10,12,14,16,18,21,24,26,28,27,25,23,22,20,19,17,15,13,11,9,7,5,3,2,1,0
0,4,6,8,10,12,14,16,18,21,24,26,28,27,25,23,22,20,19,17,15,13,11,9,7,5,3,2,1,0
0,4,6,8,10,12,14,16,18,21,24,26,28,27,25,23,22,20,19,17,15,13,11,9,7,5,3,2,1,0
0,4,6,8,10,12,14,16,18,21,24,26,28,27,25,23,22,20,19,17,15,13,11,9,7,5,3,2,1,0
0,4,6,8,10,12,14,16,18,21,24,26,28,27,25,23,22,20,19,17,15,13,11,9,7,5,3,2,1,0
0,4,6,8,10,12,14,16,18,21,23,25,27,28,26,24,22,20,19,17,15,13,11,9,7,5,3,2,1,0
0,4,6,8,10,12,14,16,18,21,23,25,27,28,26,24,22,20,19,17,15,13,11,9,7,5,3,2,1,0
0,4,6,8,10,12,14,16,18,21,24,26,28,27,25,23,22,20,19,17,15,13,11,9,7,5,3,2,1,0
0,4,6,8,10,12,14,16,18,21,24,26,28,27,25,23,22,20,19,17,15,13,11,9,7,5,3,2,1,0
0,4,6,8,10,12,14,16,18,21,24,26,28,27,25,23,22,20,19,17,15,13,11,9,7,5,3,2,1,0
0,4,6,8,10,12,14,16,18,21,24,26,28,27,25,23,22,20,19,17,15,13,11,9,7,5,3,2,1,0
0,4,6,8,10,12,14,16,18,21,24,26,28,27,25,23,22,20,19,17,15,13,11,9,7,5,3,2,1,0
0,4,6,8,10,12,14,16,18,21,24,26,28,27,25,23,22,20,19,17,15,13,11,9,7,5,3,2,1,0
0,4,6,8,10,12,14,16,18,21,24,26,28,27,25,23,22,20,19,17,15,13,11,9,7,5,3,2,1,0
0,4,6,8,10,12,14,16,18,21,24,26,28,27,25,23,22,20,19,17,15,13,11,9,7,5,3,2,1,0
0,4,6,8,10,12,14,16,18,21,24,26,28,27,25,23,22,20,19,17,15,13,11,9,7,5,3,2,1,0
0,4,6,8,10,12,14,16,18,21,24,26,28,27,25,23,22,20,19,17,15,13,11,9,7,5,3,2,1,0
0,4,6,8,10,12,14,16,18,21,24,26,28,27,25,23,22,20,19,17,15,13,11,9,7,5,3,2,1,0
0,4,6,8,10,12,14,16,18,21,24,26,28,27,25,23,22,20,19,17,15,13,11,9,7,5,3,2,1,0
0,4,6,8,10,12,14,16,18,21,24,26,28,27,25,23,22,20,19,17,15,13,11,9,7,5,3,2,1,0
0,4,6,8,10,12,14,16,18,21,24,26,28,27,25,23,22,20,19,17,15,13,11,9,7,5,3,2,1,0
0,4,6,8,10,12,14,16,18,21,24,26,28,27,25,23,22,20,19,17,15,13,11,9,7,5,3,2,1,0
0,4,6,8,10,12,14,16,18,21,24,26,28,27,25,23,22,20,19,17,15,13,11,9,7,5,3,2,1,0
0,4,6,8,10,12,14,16,18,21,24,26,28,27,25,23,22,20,19,17,15,13,11,9,7,5,3,2,1,0
0,4,6,8,10,12,14,16,18,21,24,26,28,27,25,23,22,20,19,17,15,13,11,9,7,5,3,2,1,0
0,4,6,8,10,12,14,16,18,21,24,26,28,27,25,23,22,20,19,17,15,13,11,9,7,5,3,2,1,0
0,4,6,8,10,12,14,16,18,21,24,26,28,27,25,23,22,20,19,17,15,13,11,9,7,5,3,2,1,0
0,4,6,8,10,12,14,16,18,21,24,26,28,27,25,23,22,20,19,17,15,13,11,9,7,5,3,2,1,0
0,4,6,8,10,12,14,16,18,21,24,26,28,27,25,23,22,20,19,17,15,13,11,9,7,5,3,2,1,0
0,4,6,8,10,12,14,16,18,21,24,26,28,27,25,23,22,20,19,17,15,13,11,9,7,5,3,2,1,0
0,4,6,8,10,12,14,16,18,21,24,26,28,27,25,23,22,20,19,17,15,13,11,9,7,5,3,2,1,0
0,4,6,8,10,12,14,16,18,21,24,26,28,27,25,23,22,20,19,17,15,13,11,9,7,5,3,2,1,0
0,4,6,8,10,12,14,16,18,21,24,26,28,27,25,23,22,20,19,17,15,13,11,9,7,5,3,2,1,0
0,4,6,8,10,12,14,16,18,21,24,26,28,27,25,23,22,20,19,17,15,13,11,9,7,5,3,2,1,0
0,4,6,8,10,12,14,16,18,21,24,26,28,27,25,23,22,20,19,17,15,13,11,9,7,5,3,2,1,0
0,4,6,8,10,12,14,16,18,21,24,26,28,27,25,23,22,20,19,17,15,13,11,9,7,5,3,2,1,0
0,4,6,8,10,12,14,16,18,21,24,26,28,27,25,23,22,20,19,17,15,13,11,9,7,5,3,2,1,0
0,4,6,8,10,12,14,16,18,21,24,26,28,27,25,23,22,20,19,17,15,13,11,9,7,5,3,2,1,0
0,4,6,8,10,12,14,16,18,21,24,26,28,27,25,23,22,20,19,17,15,13,11,9,7,5,3,2,1,0
0,4,6,8,10,12,14,16,18,21,24,26,28,27,25,23,22,20,19,17,15,13,11,9,7,5,3,2,1,0
0,4,6,8,10,12,14,16,18,21,24,26,28,27,25,23,22,20,19,17,15,13,11,9,7,5,3,2,1,0
0,4,6,8,10,12,14,16,18,21,24,26,28,27,25,23,22,20,19,17,15,13,11,9,7,5,3,2,1,0
0,4,6,8,10,12,14,16,18,21,24,26,28,27,25,23,22,20,19,17,15,13,11,9,7,5,3,2,1,0
0,4,6,8,10,12,14,16,18,21,24,26,28,27,25,23,22,20,19,17,15,13,11,9,7,5,3,2,1,0
0,4,6,8,10,12,14,16,18,21,24,26,28,27,25,23,22,20,19,17,15,13,11,9,7,5,3,2,1,0
0,4,6,8,10,12,14,16,18,21,24,26,28,27,25,23,22,20,19,17,15,13,11,9,7,5,3,2,1,0
0,4,6,8,10,12,14,16,18,21,24,26,28,27,25,23,22,20,19,17,15,13,11,9,7,5,3,2,1,0
0,4,6,8,10,12,14,16,18,21,24,26,28,27,25,23,22,20,19,17,15,13,11,9,7,5,3,2,1,0
0,4,6,8,10,12,14,16,18,21,24,26,28,27,25,23,22,20,19,17,15,13,11,9,7,5,3,2,1,0
0,4,6,8,10,12,14,16,18,21,24,26,28,27,25,23,22,20,19,17,15,13,11,9,7,5,3,2,1,0
0,4,6,8,10,12,14,16,18,21,24,26,28,27,25,23,22,20,19,17,15,13,11,9,7,5,3,2,1,0
0,4,6,8,10,12,14,16,18,21,24,26,28,27,25,23,22,20,19,17,15,13,11,9,7,5,3,2,1,0
0,4,6,8,10,12,14,16,18,21,24,26,28,27,25,23,22,20,19,17,15,13,11,9,7,5,3,2,1,0
0,4,6,8,10,12,14,16,18,21,24,26,28,27,25,23,22,20,19,17,15,13,11,9,7,5,3,2,1,0
0,4,6,8,10,12,14,16,18,21,24,26,28,27,25,23,22,20,19,17,15,13,11,9,7,5,3,2,1,0
0,4,6,8,10,12,14,16,18,21,24,26,28,27,25,23,22,20,19,17,15,13,11,9,7,5,3,2,1,0
0,4,6,8,10,12,14,16,18,21,24,26,28,27,25,23,22,20,19,17,15,13,11,9,7,5,3,2,1,0
0,4,6,8,10,12,14,16,18,21,24,26,28,27,25,23,22,20,19,17,15,13,11,9,7,5,3,2,1,0
0,4,6,8,10,12,14,16,18,21,24,26,28,27,25,23,22,20,19,17,15,13,11,9,7,5,3,2,1,0
0,4,6,8,10,12,14,16,18,21,24,26,28,27,25,23,22,20,19,17,15,13,11,9,7,5,3,2,1,0
0,4,6,8,10,12,14,16,18,21,24,26,28,27,25,23,22,20,19,17,15,13,11,9,7,5,3,2,1,0
0,4,6,8,10,12,14,16,18,21,24,26,28,27,25,23,22,20,19,17,15,13,11,9,7,5,3,2,1,0
0,4,6,8,10,12,14,16,18,21,24,26,28,27,25,23,22,20,19,17,15,13,11,9,7,5,3,2,1,0
0,4,6,8,10,12,14,16,18,21,24,26,28,27,25,23,22,20,19,17,15,13,11,9,7,5,3,2,1,0
0,4,6,8,10,12,14,16,18,21,24,26,28,27,25,23,22,20,19,17,15,13,11,9,7,5,3,2,1,0
0,4,6,8,10,12,14,16,18,21,24,26,28,27,25,23,22,20,19,17,15,13,11,9,7,5,3,2,1,0
0,4,6,8,10,12,14,16,18,21,24,26,28,27,25,23,22,20,19,17,15,13,11,9,7,5,3,2,1,0
0,4,6,8,10,12,14,16,18,21,24,26,28,27,25,23,22,20,19,17,15,13,11,9,7,5,3,2,1,0
0,4,6,8,10,12,14,16,18,21,24,26,28,27,25,23,22,20,19,17,15,13,11,9,7,5,3,2,1,0
0,4,6,8,10,12,14,16,18,21,24,26,28,27,25,23,22,20,19,17,15,13,11,9,7,5,3,2,1,0
0,4,6,8,10,12,14,16,18,21,24,26,28,27,25,23,22,20,19,17,15,13,11,9,7,5,3,2,1,0
0,4,6,8,10,12,14,16,18,21,24,26,28,27,25,23,22,20,19,17,15,13,11,9,7,5,3,2,1,0
0,4,6,8,10,12,14,16,18,21,24,26,28,27,25,23,22,20,19,17,15,13,11,9,7,5,3,2,1,0
0,4,6,8,10,12,14,16,18,21,24,26,28,27,25,23,22,20,19,17,15,13,11,9,7,5,3,2,1,0
0,4,6,8,10,12,14,16,18,21,24,26,28,27,25,23,22,20,19,17,15,13,11,9,7,5,3,2,1,0
0,4,6,8,10,12,14,16,18,21,24,26,28,27,25,23,22,20,19,17,15,13,11,9,7,5,3,2,1,0
0,4,6,8,10,12,14,16,18,21,24,26,28,27,25,23,22,20,19,17,15,13,11,9,7,5,3,2,1,0
0,4,6,8,10,12,14,16,18,21,24,26,28,27,25,23,22,20,19,17,15,13,11,9,7,5,3,2,1,0
0,4,6,8,10,12,14,16,18,21,24,26,28,27,25,23,22,20,19,17,15,13,11,9,7,5,3,2,1,0
0,4,6,8,10,12,14,16,18,21,24,26,28,27,25,23,22,20,19,17,15,13,11,9,7,5,3,2,1,0
0,4,6,8,10,12,14,16,18,21,24,26,28,27,25,23,22,20,19,17,15,13,11,9,7,5,3,2,1,0
0,4,6,8,10,12,14,16,18,21,24,26,28,27,25,23,22,20,19,17,15,13,11,9,7,5,3,2,1,0
0,4,6,8,10,12,14,16,18,21,24,26,28,27,25,23,22,20,19,17,15,13,11,9,7,5,3,2,1,0
0,4,6,8,10,12,14,16,18,21,24,26,28,27,25,23,22,20,19,17,15,13,11,9,7,5,3,2,1,0
0,4,6,8,10,12,14,16,18,21,24,26,28,27,25,23,22,20,19,17,15,13,11,9,7,5,3,2,1,0
0,4,6,8,10,12,14,16,18,21,24,26,28,27,25,23,22,20,19,17,15,13,11,9,7,5,3,2,1,0
0,4,6,8,10,12,14,16,18,21,24,26,28,27,25,23,22,20,19,17,15,13,11,9,7,5,3,2,1,0
0,4,6,8,10,12,14,16,18,21,24,26,28,27,25,23,22,20,19,17,15,13,11,9,7,5,3,2,1,0
0,4,6,8,10,12,14,16,18,21,24,26,28,27,25,23,22,20,19,17,15,13,11,9,7,5,3,2,1,0
0,4,6,8,10,12,14,16,18,21,24,26,28,27,25,23,22,20,19,17,15,13,11,9,7,5,3,2,1,0
0,4,6,8,10,12,14,16,18,21,24,26,28,27,25,23,22,20,19,17,15,13,11,9,7,5,3,2,1,0
0,4,6,8,10,12,14,16,18,21,24,26,28,27,25,23,22,20,19,17,15,13,11,9,7,5,3,2,1,0
0,4,6,8,10,12,14,16,18,21,24,26,28,27,25,23,22,20,19,17,15,13,11,9,7,5,3,2,1,0
0,4,6,8,10,12,14,16,18,21,24,26,28,27,25,23,22,20,19,17,15,13,11,9,7,5,3,2,1,0
0,4,6,8,10,12,14,16,18,21,24,26,28,27,25,23,22,20,19,17,15,13,11,9,7,5,3,2,1,0
0,4,6,8,10,12,14,16,18,21,24,26,28,27,25,23,22,20,19,17,15,13,11,9,7,5,3,2,1,0
0,4,6,8,10,12,14,16,18,21,24,26,28,27,25,23,22,20,19,17,15,13,11,9,7,5,3,2,1,0
0,4,6,8,10,12,14,16,18,21,24,26,28,27,25,23,22,20,19,17,15,13,11,9,7,5,3,2,1,0
0,4,6,8,10,12,14,16,18,21,24,26,28,27,25,23,22,20,19,17,15,13,11,9,7,5,3,2,1,0
0,4,6,8,10,12,14,16,18,21,24,26,28,27,25,23,22,20,19,17,15,13,11,9,7,5,3,2,1,0
0,4,6,8,10,12,14,16,18,21,24,26,28,27,25,23,22,20,19,17,15,13,11,9,7,5,3,2,1,0
0,4,6,8,10,12,14,16,18,21,24,26,28,27,25,23,22,20,19,17,15,13,11,9,7,5,3,2,1,0
0,4,6,8,10,12,14,16,18,21,24,26,28,27,25,23,22,20,19,17,15,13,11,9,7,5,3,2,1,0
0,4,6,8,10,12,14,16,18,21,24,26,28,27,25,23,22,20,19,17,15,13,11,9,7,5,3,2,1,0
0,4,6,8,10,12,14,16,18,21,24,26,28,27,25,23,22,20,19,17,15,13,11,9,7,5,3,2,1,0
0,4,6,8,10,12,14,16,18,21,24,26,28,27,25,23,22,20,19,17,15,13,11,9,7,5,3,2,1,0
0,4,6,8,10,12,14,16,18,21,24,26,28,27,25,23,22,20,19,17,15,13,11,9,7,5,3,2,1,0
0,4,6,8,10,12,14,16,18,21,24,26,28,27,25,23,22,20,19,17,15,13,11,9,7,5,3,2,1,0
0,4,6,8,10,12,14,16,18,21,24,26,28,27,25,23,22,20,19,17,15,13,11,9,7,5,3,2,1,0
0,4,6,8,10,12,14,16,18,21,24,26,28,27,25,23,22,20,19,17,15,13,11,9,7,5,3,2,1,0
0,4,6,8,10,12,14,16,18,21,24,26,28,27,25,23,22,20,19,17,15,13,11,9,7,5,3,2,1,0
0,4,6,8,10,12,14,16,18,21,24,26,28,27,25,23,22,20,19,17,15,13,11,9,7,5,3,2,1,0
0,4,6,8,10,12,14,16,18,21,24,26,28,27,25,23,22,20,19,17,15,13,11,9,7,5,3,2,1,0
0,4,6,8,10,12,14,16,18,21,24,26,28,27,25,23,22,20,19,17,15,13,11,9,7,5,3,2,1,0
0,4,6,8,10,12,14,16,18,21,24,26,28,27,25,23,22,20,19,17,15,13,11,9,7,5,3,2,1,0
0,4,6,8,10,12,14,16,18,21,24,26,28,27,25,23,22,20,19,17,15,13,11,9,7,5,3,2,1,0
0,4,6,8,10,12,14,16,18,21,24,26,28,27,25,23,22,20,19,17,15,13,11,9,7,5,3,2,1,0
0,4,6,8,10,12,14,16,18,21,24,26,28,27,25,23,22,20,19,17,15,13,11,9,7,5,3,2,1,0
0,4,6,8,10,12,14,16,18,21,24,26,28,27,25,23,22,20,19,17,15,13,11,9,7,5,3,2,1,0
0,4,6,8,10,12,14,16,18,21,24,26,28,27,25,23,22,20,19,17,15,13,11,9,7,5,3,2,1,0
0,4,6,8,10,12,14,16,18,21,24,26,28,27,25,23,22,20,19,17,15,13,11,9,7,5,3,2,1,0
0,4,6,8,10,12,14,16,18,21,24,26,28,27,25,23,22,20,19,17,15,13,11,9,7,5,3,2,1,0
0,4,6,8,10,12,14,16,18,21,24,26,28,27,25,23,22,20,19,17,15,13,11,9,7,5,3,2,1,0
0,4,6,8,10,12,14,16,18,21,24,26,28,27,25,23,22,20,19,17,15,13,11,9,7,5,3,2,1,0
0,4,6,8,10,12,14,16,18,21,24,26,28,27,25,23,22,20,19,17,15,13,11,9,7,5,3,2,1,0
0,4,6,8,10,12,14,16,18,21,24,26,28,27,25,23,22,20,19,17,15,13,11,9,7,5,3,2,1,0
0,4,6,8,10,12,14,16,18,21,24,26,28,27,25,23,22,20,19,17,15,13,11,9,7,5,3,2,1,0
0,4,6,8,10,12,14,16,18,21,24,26,28,27,25,23,22,20,19,17,15,13,11,9,7,5,3,2,1,0
0,4,6,8,10,12,14,16,18,21,24,26,28,27,25,23,22,20,19,17,15,13,11,9,7,5,3,2,1,0
0,4,6,8,10,12,14,16,18,21,24,26,28,27,25,23,22,20,19,17,15,13,11,9,7,5,3,2,1,0
0,4,6,8,10,12,14,16,18,21,24,26,28,27,25,23,22,20,19,17,15,13,11,9,7,5,3,2,1,0
0,4,6,8,10,12,14,16,18,21,24,26,28,27,25,23,22,20,19,17,15,13,11,9,7,5,3,2,1,0
0,4,6,8,10,12,14,16,18,21,24,26,28,27,25,23,22,20,19,17,15,13,11,9,7,5,3,2,1,0
0,4,6,8,10,12,14,16,18,21,24,26,28,27,25,23,22,20,19,17,15,13,11,9,7,5,3,2,1,0
0,4,6,8,10,12,14,16,18,21,24,26,28,27,25,23,22,20,19,17,15,13,11,9,7,5,3,2,1,0
0,4,6,8,10,12,14,16,18,21,23,25,27,28,26,24,22,20,19,17,15,13,11,9,7,5,3,2,1,0
0,4,6,8,10,12,14,16,18,21,23,25,27,28,26,24,22,20,19,17,15,13,11,9,7,5,3,2,1,0
0,4,6,8,10,12,14,16,18,21,24,26,28,27,25,23,22,20,19,17,15,13,11,9,7,5,3,2,1,0
0,4,6,8,10,12,14,16,18,21,24,26,28,27,25,23,22,20,19,17,15,13,11,9,7,5,3,2,1,0
0,4,6,8,10,12,14,16,18,21,24,26,28,27,25,23,22,20,19,17,15,13,11,9,7,5,3,2,1,0
0,4,6,8,10,12,14,16,18,21,24,26,28,27,25,23,22,20,19,17,15,13,11,9,7,5,3,2,1,0
0,4,6,8,10,12,14,16,18,21,24,26,28,27,25,23,22,20,19,17,15,13,11,9,7,5,3,2,1,0
0,4,6,8,10,12,14,16,18,21,24,26,28,27,25,23,22,20,19,17,15,13,11,9,7,5,3,2,1,0
0,4,6,8,10,12,14,16,18,21,24,26,28,27,25,23,22,20,19,17,15,13,11,9,7,5,3,2,1,0
0,4,6,8,10,12,14,16,18,21,24,26,28,27,25,23,22,20,19,17,15,13,11,9,7,5,3,2,1,0
0,4,6,8,10,12,14,16,18,21,24,26,28,27,25,23,22,20,19,17,15,13,11,9,7,5,3,2,1,0
0,4,6,8,10,12,14,16,18,21,24,26,28,27,25,23,22,20,19,17,15,13,11,9,7,5,3,2,1,0
0,4,6,8,10,12,14,16,18,21,24,26,28,27,25,23,22,20,19,17,15,13,11,9,7,5,3,2,1,0
0,4,6,8,10,12,14,16,18,21,24,26,28,27,25,23,22,20,19,17,15,13,11,9,7,5,3,2,1,0
0,4,6,8,10,12,14,16,18,21,23,25,27,28,26,24,22,20,19,17,15,13,11,9,7,5,3,2,1,0
0,4,6,8,10,12,14,16,18,21,24,26,28,27,25,23,22,20,19,17,15,13,11,9,7,5,3,2,1,0
0,4,6,8,10,12,14,16,18,21,24,26,28,27,25,23,22,20,19,17,15,13,11,9,7,5,3,2,1,0
0,4,6,8,10,12,14,16,18,21,24,26,28,27,25,23,22,20,19,17,15,13,11,9,7,5,3,2,1,0
0,4,6,8,10,12,14,16,18,21,24,26,28,27,25,23,22,20,19,17,15,13,11,9,7,5,3,2,1,0
0,4,6,8,10,12,14,16,18,21,24,26,28,27,25,23,22,20,19,17,15,13,11,9,7,5,3,2,1,0
0,4,6,8,10,12,14,16,18,21,24,26,28,27,25,23,22,20,19,17,15,13,11,9,7,5,3,2,1,0
0,4,6,8,10,12,14,16,18,21,24,26,28,27,25,23,22,20,19,17,15,13,11,9,7,5,3,2,1,0
0,4,6,8,10,12,14,16,18,21,24,26,28,27,25,23,22,20,19,17,15,13,11,9,7,5,3,2,1,0
0,4,6,8,10,12,14,16,18,21,24,26,28,27,25,23,22,20,19,17,15,13,11,9,7,5,3,2,1,0
0,4,6,8,10,12,14,16,18,21,24,26,28,27,25,23,22,20,19,17,15,13,11,9,7,5,3,2,1,0
0,4,6,8,10,12,14,16,18,21,24,26,28,27,25,23,22,20,19,17,15,13,11,9,7,5,3,2,1,0
0,4,6,8,10,12,14,16,18,21,24,26,28,27,25,23,22,20,19,17,15,13,11,9,7,5,3,2,1,0
0,4,6,8,10,12,14,16,18,21,24,26,28,27,25,23,22,20,19,17,15,13,11,9,7,5,3,2,1,0
0,4,6,8,10,12,14,16,18,21,24,26,28,27,25,23,22,20,19,17,15,13,11,9,7,5,3,2,1,0
0,4,6,8,10,12,14,16,18,21,24,26,28,27,25,23,22,20,19,17,15,13,11,9,7,5,3,2,1,0
0,4,6,8,10,12,14,16,18,21,24,26,28,27,25,23,22,20,19,17,15,13,11,9,7,5,3,2,1,0
0,4,6,8,10,12,14,16,18,21,24,26,28,27,25,23,22,20,19,17,15,13,11,9,7,5,3,2,1,0
0,4,6,8,10,12,14,16,18,21,24,26,28,27,25,23,22,20,19,17,15,13,11,9,7,5,3,2,1,0
0,4,6,8,10,12,14,16,18,21,24,26,28,27,25,23,22,20,19,17,15,13,11,9,7,5,3,2,1,0
0,4,6,8,10,12,14,16,18,21,24,26,28,27,25,23,22,20,19,17,15,13,11,9,7,5,3,2,1,0
0,4,6,8,10,12,14,16,18,21,24,26,28,27,25,23,22,20,19,17,15,13,11,9,7,5,3,2,1,0
0,4,6,8,10,12,14,16,18,21,24,26,28,27,25,23,22,20,19,17,15,13,11,9,7,5,3,2,1,0
0,4,6,8,10,12,14,16,18,21,24,26,28,27,25,23,22,20,19,17,15,13,11,9,7,5,3,2,1,0
0,4,6,8,10,12,14,16,18,21,24,26,28,27,25,23,22,20,19,17,15,13,11,9,7,5,3,2,1,0
0,4,6,8,10,12,14,16,18,21,24,26,28,27,25,23,22,20,19,17,15,13,11,9,7,5,3,2,1,0
0,4,6,8,10,12,14,16,18,21,24,26,28,27,25,23,22,20,19,17,15,13,11,9,7,5,3,2,1,0
0,4,6,8,10,12,14,16,18,21,24,26,28,27,25,23,22,20,19,17,15,13,11,9,7,5,3,2,1,0
0,4,6,8,10,12,14,16,18,21,24,26,28,27,25,23,22,20,19,17,15,13,11,9,7,5,3,2,1,0
0,4,6,8,10,12,14,16,18,21,24,26,28,27,25,23,22,20,19,17,15,13,11,9,7,5,3,2,1,0
0,4,6,8,10,12,14,16,18,21,24,26,28,27,25,23,22,20,19,17,15,13,11,9,7,5,3,2,1,0
0,4,6,8,10,12,14,16,18,21,24,26,28,27,25,23,22,20,19,17,15,13,11,9,7,5,3,2,1,0
0,4,6,8,10,12,14,16,18,21,24,26,28,27,25,23,22,20,19,17,15,13,11,9,7,5,3,2,1,0
0,4,6,8,10,12,14,16,18,21,24,26,28,27,25,23,22,20,19,17,15,13,11,9,7,5,3,2,1,0
0,4,6,8,10,12,14,16,18,21,24,26,28,27,25,23,22,20,19,17,15,13,11,9,7,5,3,2,1,0
0,4,6,8,10,12,14,16,18,21,24,26,28,27,25,23,22,20,19,17,15,13,11,9,7,5,3,2,1,0
0,4,6,8,10,12,14,16,18,21,24,26,28,27,25,23,22,20,19,17,15,13,11,9,7,5,3,2,1,0
0,4,6,8,10,12,14,16,18,21,24,26,28,27,25,23,22,20,19,17,15,13,11,9,7,5,3,2,1,0
0,4,6,8,10,12,14,16,18,21,24,26,28,27,25,23,22,20,19,17,15,13,11,9,7,5,3,2,1,0
0,4,6,8,10,12,14,16,18,21,24,26,28,27,25,23,22,20,19,17,15,13,11,9,7,5,3,2,1,0
0,4,6,8,10,12,14,16,18,21,24,26,28,27,25,23,22,20,19,17,15,13,11,9,7,5,3,2,1,0
0,4,6,8,10,12,14,16,18,21,24,26,28,27,25,23,22,20,19,17,15,13,11,9,7,5,3,2,1,0
0,4,6,8,10,12,14,16,18,21,24,26,28,27,25,23,22,20,19,17,15,13,11,9,7,5,3,2,1,0
0,4,6,8,10,12,14,16,18,21,24,26,28,27,25,23,22,20,19,17,15,13,11,9,7,5,3,2,1,0
0,4,6,8,10,12,14,16,18,21,24,26,28,27,25,23,22,20,19,17,15,13,11,9,7,5,3,2,1,0
0,4,6,8,10,12,14,16,18,21,24,26,28,27,25,23,22,20,19,17,15,13,11,9,7,5,3,2,1,0
0,4,6,8,10,12,14,16,18,21,24,26,28,27,25,23,22,20,19,17,15,13,11,9,7,5,3,2,1,0
0,4,6,8,10,12,14,16,18,21,24,26,28,27,25,23,22,20,19,17,15,13,11,9,7,5,3,2,1,0
0,4,6,8,10,12,14,16,18,21,23,25,27,28,26,24,22,20,19,17,15,13,11,9,7,5,3,2,1,0
0,4,6,8,10,12,14,16,18,21,23,25,27,28,26,24,22,20,19,17,15,13,11,9,7,5,3,2,1,0
0,4,6,8,10,12,14,16,18,21,23,25,27,28,26,24,22,20,19,17,15,13,11,9,7,5,3,2,1,0
0,4,6,8,10,12,14,16,18,21,23,25,27,28,26,24,22,20,19,17,15,13,11,9,7,5,3,2,1,0
0,4,6,8,10,12,14,16,18,21,23,25,27,28,26,24,22,20,19,17,15,13,11,9,7,5,3,2,1,0
0,4,6,8,10,12,14,16,18,21,23,25,27,28,26,24,22,20,19,17,15,13,11,9,7,5,3,2,1,0
0,4,6,8,10,12,14,16,18,21,23,25,27,28,26,24,22,20,19,17,15,13,11,9,7,5,3,2,1,0
0,4,6,8,10,12,14,16,18,21,23,25,27,28,26,24,22,20,19,17,15,13,11,9,7,5,3,2,1,0
0,4,6,8,10,12,14,16,18,21,23,25,27,28,26,24,22,20,19,17,15,13,11,9,7,5,3,2,1,0
0,4,6,8,10,12,14,16,18,21,23,25,27,28,26,24,22,20,19,17,15,13,11,9,7,5,3,2,1,0
0,4,6,8,10,12,14,16,18,21,23,25,27,28,26,24,22,20,19,17,15,13,11,9,7,5,3,2,1,0
0,4,6,8,10,12,14,16,18,21,24,26,28,27,25,23,22,20,19,17,15,13,11,9,7,5,3,2,1,0
0,4,6,8,10,12,14,16,18,21,24,26,28,27,25,23,22,20,19,17,15,13,11,9,7,5,3,2,1,0
0,4,6,8,10,12,14,16,18,21,24,26,28,27,25,23,22,20,19,17,15,13,11,9,7,5,3,2,1,0
0,4,6,8,10,12,14,16,18,21,24,26,28,27,25,23,22,20,19,17,15,13,11,9,7,5,3,2,1,0
0,4,6,8,10,12,14,16,18,21,24,26,28,27,25,23,22,20,19,17,15,13,11,9,7,5,3,2,1,0
0,4,6,8,10,12,14,16,18,21,24,26,28,27,25,23,22,20,19,17,15,13,11,9,7,5,3,2,1,0
0,4,6,8,10,12,14,16,18,21,24,26,28,27,25,23,22,20,19,17,15,13,11,9,7,5,3,2,1,0
0,4,6,8,10,12,14,16,18,21,24,26,28,27,25,23,22,20,19,17,15,13,11,9,7,5,3,2,1,0
0,4,6,8,10,12,14,16,18,21,24,26,28,27,25,23,22,20,19,17,15,13,11,9,7,5,3,2,1,0
0,4,6,8,10,12,14,16,18,21,24,26,28,27,25,23,22,20,19,17,15,13,11,9,7,5,3,2,1,0
0,4,6,8,10,12,14,16,18,21,24,26,28,27,25,23,22,20,19,17,15,13,11,9,7,5,3,2,1,0
0,4,6,8,10,12,14,16,18,21,24,26,28,27,25,23,22,20,19,17,15,13,11,9,7,5,3,2,1,0
0,4,6,8,10,12,14,16,18,21,24,26,28,27,25,23,22,20,19,17,15,13,11,9,7,5,3,2,1,0
0,4,6,8,10,12,14,16,18,21,24,26,28,27,25,23,22,20,19,17,15,13,11,9,7,5,3,2,1,0
0,4,6,8,10,12,14,16,18,21,24,26,28,27,25,23,22,20,19,17,15,13,11,9,7,5,3,2,1,0
0,4,6,8,10,12,14,16,18,21,24,26,28,27,25,23,22,20,19,17,15,13,11,9,7,5,3,2,1,0
0,4,6,8,10,12,14,16,18,21,24,26,28,27,25,23,22,20,19,17,15,13,11,9,7,5,3,2,1,0
0,4,6,8,10,12,14,16,18,21,24,26,28,27,25,23,22,20,19,17,15,13,11,9,7,5,3,2,1,0
0,4,6,8,10,12,14,16,18,21,24,26,28,27,25,23,22,20,19,17,15,13,11,9,7,5,3,2,1,0
0,4,6,8,10,12,14,16,18,21,24,26,28,27,25,23,22,20,19,17,15,13,11,9,7,5,3,2,1,0
0,4,6,8,10,12,14,16,18,21,24,26,28,27,25,23,22,20,19,17,15,13,11,9,7,5,3,2,1,0
0,4,6,8,10,12,14,16,18,21,24,26,28,27,25,23,22,20,19,17,15,13,11,9,7,5,3,2,1,0
0,4,6,8,10,12,14,16,18,21,24,26,28,27,25,23,22,20,19,17,15,13,11,9,7,5,3,2,1,0
0,4,6,8,10,12,14,16,18,21,24,26,28,27,25,23,22,20,19,17,15,13,11,9,7,5,3,2,1,0
0,4,6,8,10,12,14,16,18,21,24,26,28,27,25,23,22,20,19,17,15,13,11,9,7,5,3,2,1,0
0,4,6,8,10,12,14,16,18,21,24,26,28,27,25,23,22,20,19,17,15,13,11,9,7,5,3,2,1,0
0,4,6,8,10,12,14,16,18,21,24,26,28,27,25,23,22,20,19,17,15,13,11,9,7,5,3,2,1,0
0,4,6,8,10,12,14,16,18,21,24,26,28,27,25,23,22,20,19,17,15,13,11,9,7,5,3,2,1,0
0,4,6,8,10,12,14,16,18,21,24,26,28,27,25,23,22,20,19,17,15,13,11,9,7,5,3,2,1,0
0,4,6,8,10,12,14,16,18,21,24,26,28,27,25,23,22,20,19,17,15,13,11,9,7,5,3,2,1,0
0,4,6,8,10,12,14,16,18,21,24,26,28,27,25,23,22,20,19,17,15,13,11,9,7,5,3,2,1,0
0,4,6,8,10,12,14,16,18,21,24,26,28,27,25,23,22,20,19,17,15,13,11,9,7,5,3,2,1,0
0,4,6,8,10,12,14,16,18,21,24,26,28,27,25,23,22,20,19,17,15,13,11,9,7,5,3,2,1,0
0,4,6,8,10,12,14,16,18,21,24,26,28,27,25,23,22,20,19,17,15,13,11,9,7,5,3,2,1,0
0,4,6,8,10,12,14,16,18,21,24,26,28,27,25,23,22,20,19,17,15,13,11,9,7,5,3,2,1,0
0,4,6,8,10,12,14,16,18,21,24,26,28,27,25,23,22,20,19,17,15,13,11,9,7,5,3,2,1,0
0,4,6,8,10,12,14,16,18,21,24,26,28,27,25,23,22,20,19,17,15,13,11,9,7,5,3,2,1,0
0,4,6,8,10,12,14,16,18,21,23,25,27,28,26,24,22,20,19,17,15,13,11,9,7,5,3,2,1,0
0,4,6,8,10,12,14,16,18,21,23,25,27,28,26,24,22,20,19,17,15,13,11,9,7,5,3,2,1,0
0,4,6,8,10,12,14,16,18,21,23,25,27,28,26,24,22,20,19,17,15,13,11,9,7,5,3,2,1,0
0,4,6,8,10,12,14,16,18,21,23,25,27,28,26,24,22,20,19,17,15,13,11,9,7,5,3,2,1,0
0,4,6,8,10,12,14,16,18,21,23,25,27,28,26,24,22,20,19,17,15,13,11,9,7,5,3,2,1,0
0,4,6,8,10,12,14,16,18,21,23,25,27,28,26,24,22,20,19,17,15,13,11,9,7,5,3,2,1,0
0,4,6,8,10,12,14,16,18,21,23,25,27,28,26,24,22,20,19,17,15,13,11,9,7,5,3,2,1,0
0,4,6,8,10,12,14,16,18,21,23,25,27,28,26,24,22,20,19,17,15,13,11,9,7,5,3,2,1,0
0,4,6,8,10,12,14,16,18,21,23,25,27,28,26,24,22,20,19,17,15,13,11,9,7,5,3,2,1,0
0,4,6,8,10,12,14,16,18,21,23,25,27,28,26,24,22,20,19,17,15,13,11,9,7,5,3,2,1,0
0,4,6,8,10,12,14,16,18,21,23,25,27,28,26,24,22,20,19,17,15,13,11,9,7,5,3,2,1,0
0,4,6,8,10,12,14,16,18,21,24,26,28,27,25,23,22,20,19,17,15,13,11,9,7,5,3,2,1,0
0,4,6,8,10,12,14,16,18,21,23,25,27,28,26,24,22,20,19,17,15,13,11,9,7,5,3,2,1,0
0,4,6,8,10,12,14,16,18,21,24,26,28,27,25,23,22,20,19,17,15,13,11,9,7,5,3,2,1,0
0,4,6,8,10,12,14,16,18,21,24,26,28,27,25,23,22,20,19,17,15,13,11,9,7,5,3,2,1,0
0,4,6,8,10,12,14,16,18,21,24,26,28,27,25,23,22,20,19,17,15,13,11,9,7,5,3,2,1,0
0,4,6,8,10,12,14,16,18,21,24,26,28,27,25,23,22,20,19,17,15,13,11,9,7,5,3,2,1,0
0,4,6,8,10,12,14,16,18,21,24,26,28,27,25,23,22,20,19,17,15,13,11,9,7,5,3,2,1,0
0,4,6,8,10,12,14,16,18,21,24,26,28,27,25,23,22,20,19,17,15,13,11,9,7,5,3,2,1,0
0,4,6,8,10,12,14,16,18,21,24,26,28,27,25,23,22,20,19,17,15,13,11,9,7,5,3,2,1,0
0,4,6,8,10,12,14,16,18,21,24,26,28,27,25,23,22,20,19,17,15,13,11,9,7,5,3,2,1,0
0,4,6,8,10,12,14,16,18,21,24,26,28,27,25,23,22,20,19,17,15,13,11,9,7,5,3,2,1,0
0,4,6,8,10,12,14,16,18,21,24,26,28,27,25,23,22,20,19,17,15,13,11,9,7,5,3,2,1,0
0,4,6,8,10,12,14,16,18,21,24,26,28,27,25,23,22,20,19,17,15,13,11,9,7,5,3,2,1,0
0,4,6,8,10,12,14,16,18,21,24,26,28,27,25,23,22,20,19,17,15,13,11,9,7,5,3,2,1,0
0,4,6,8,10,12,14,16,18,21,24,26,28,27,25,23,22,20,19,17,15,13,11,9,7,5,3,2,1,0
0,4,6,8,10,12,14,16,18,21,24,26,28,27,25,23,22,20,19,17,15,13,11,9,7,5,3,2,1,0
0,4,6,8,10,12,14,16,18,21,24,26,28,27,25,23,22,20,19,17,15,13,11,9,7,5,3,2,1,0
0,4,6,8,10,12,14,16,18,21,24,26,28,27,25,23,22,20,19,17,15,13,11,9,7,5,3,2,1,0
0,4,6,8,10,12,14,16,18,21,24,26,28,27,25,23,22,20,19,17,15,13,11,9,7,5,3,2,1,0
0,4,6,8,10,12,14,16,18,21,24,26,28,27,25,23,22,20,19,17,15,13,11,9,7,5,3,2,1,0
0,4,6,8,10,12,14,16,18,21,24,26,28,27,25,23,22,20,19,17,15,13,11,9,7,5,3,2,1,0
0,4,6,8,10,12,14,16,18,21,24,26,28,27,25,23,22,20,19,17,15,13,11,9,7,5,3,2,1,0
0,4,6,8,10,12,14,16,18,21,24,26,28,27,25,23,22,20,19,17,15,13,11,9,7,5,3,2,1,0
0,4,6,8,10,12,14,16,18,21,24,26,28,27,25,23,22,20,19,17,15,13,11,9,7,5,3,2,1,0
0,4,6,8,10,12,14,16,18,21,24,26,28,27,25,23,22,20,19,17,15,13,11,9,7,5,3,2,1,0
0,4,6,8,10,12,14,16,18,21,24,26,28,27,25,23,22,20,19,17,15,13,11,9,7,5,3,2,1,0
0,4,6,8,10,12,14,16,18,21,24,26,28,27,25,23,22,20,19,17,15,13,11,9,7,5,3,2,1,0
0,4,6,8,10,12,14,16,18,21,24,26,28,27,25,23,22,20,19,17,15,13,11,9,7,5,3,2,1,0
0,4,6,8,10,12,14,16,18,21,23,25,27,28,26,24,22,20,19,17,15,13,11,9,7,5,3,2,1,0
0,4,6,8,10,12,14,16,18,21,23,25,27,28,26,24,22,20,19,17,15,13,11,9,7,5,3,2,1,0
0,4,6,8,10,12,14,16,18,21,23,25,27,28,26,24,22,20,19,17,15,13,11,9,7,5,3,2,1,0
0,4,6,8,10,12,14,16,18,21,23,25,27,28,26,24,22,20,19,17,15,13,11,9,7,5,3,2,1,0
0,4,6,8,10,12,14,16,18,21,23,25,27,28,26,24,22,20,19,17,15,13,11,9,7,5,3,2,1,0
0,4,6,8,10,12,14,16,18,21,23,25,27,28,26,24,22,20,19,17,15,13,11,9,7,5,3,2,1,0
0,4,6,8,10,12,14,16,18,21,23,25,27,28,26,24,22,20,19,17,15,13,11,9,7,5,3,2,1,0
0,4,6,8,10,12,14,16,18,21,23,25,27,28,26,24,22,20,19,17,15,13,11,9,7,5,3,2,1,0
0,4,6,8,10,12,14,16,18,21,23,25,27,28,26,24,22,20,19,17,15,13,11,9,7,5,3,2,1,0
0,4,6,8,10,12,14,16,18,21,23,25,27,28,26,24,22,20,19,17,15,13,11,9,7,5,3,2,1,0
0,4,6,8,10,12,14,16,18,21,24,26,28,27,25,23,22,20,19,17,15,13,11,9,7,5,3,2,1,0
0,4,6,8,10,12,14,16,18,21,24,26,28,27,25,23,22,20,19,17,15,13,11,9,7,5,3,2,1,0
0,4,6,8,10,12,14,16,18,21,24,26,28,27,25,23,22,20,19,17,15,13,11,9,7,5,3,2,1,0
0,4,6,8,10,12,14,16,18,21,24,26,28,27,25,23,22,20,19,17,15,13,11,9,7,5,3,2,1,0
0,4,6,8,10,12,14,16,18,21,24,26,28,27,25,23,22,20,19,17,15,13,11,9,7,5,3,2,1,0
0,4,6,8,10,12,14,16,18,21,24,26,28,27,25,23,22,20,19,17,15,13,11,9,7,5,3,2,1,0
0,4,6,8,10,12,14,16,18,21,24,26,28,27,25,23,22,20,19,17,15,13,11,9,7,5,3,2,1,0
0,4,6,8,10,12,14,16,18,21,24,26,28,27,25,23,22,20,19,17,15,13,11,9,7,5,3,2,1,0
0,4,6,8,10,12,14,16,18,21,24,26,28,27,25,23,22,20,19,17,15,13,11,9,7,5,3,2,1,0
0,4,6,8,10,12,14,16,18,21,24,26,28,27,25,23,22,20,19,17,15,13,11,9,7,5,3,2,1,0
0,4,6,8,10,12,14,16,18,21,24,26,28,27,25,23,22,20,19,17,15,13,11,9,7,5,3,2,1,0
0,4,6,8,10,12,14,16,18,21,24,26,28,27,25,23,22,20,19,17,15,13,11,9,7,5,3,2,1,0
0,4,6,8,10,12,14,16,18,21,24,26,28,27,25,23,22,20,19,17,15,13,11,9,7,5,3,2,1,0
0,4,6,8,10,12,14,16,18,21,24,26,28,27,25,23,22,20,19,17,15,13,11,9,7,5,3,2,1,0
0,4,6,8,10,12,14,16,18,21,24,26,28,27,25,23,22,20,19,17,15,13,11,9,7,5,3,2,1,0
0,4,6,8,10,12,14,16,18,21,24,26,28,27,25,23,22,20,19,17,15,13,11,9,7,5,3,2,1,0
0,4,6,8,10,12,14,16,18,21,24,26,28,27,25,23,22,20,19,17,15,13,11,9,7,5,3,2,1,0
0,4,6,8,10,12,14,16,18,21,24,26,28,27,25,23,22,20,19,17,15,13,11,9,7,5,3,2,1,0
0,4,6,8,10,12,14,16,18,21,24,26,28,27,25,23,22,20,19,17,15,13,11,9,7,5,3,2,1,0
0,4,6,8,10,12,14,16,18,21,24,26,28,27,25,23,22,20,19,17,15,13,11,9,7,5,3,2,1,0
0,4,6,8,10,12,14,16,18,21,24,26,28,27,25,23,22,20,19,17,15,13,11,9,7,5,3,2,1,0
0,4,6,8,10,12,14,16,18,21,23,25,27,28,26,24,22,20,19,17,15,13,11,9,7,5,3,2,1,0
0,4,6,8,10,12,14,16,18,21,23,25,27,28,26,24,22,20,19,17,15,13,11,9,7,5,3,2,1,0
0,4,6,8,10,12,14,16,18,21,23,25,27,28,26,24,22,20,19,17,15,13,11,9,7,5,3,2,1,0
0,4,6,8,10,12,14,16,18,21,24,26,28,27,25,23,22,20,19,17,15,13,11,9,7,5,3,2,1,0
0,4,6,8,10,12,14,16,18,21,24,26,28,27,25,23,22,20,19,17,15,13,11,9,7,5,3,2,1,0
0,4,6,8,10,12,14,16,18,21,24,26,28,27,25,23,22,20,19,17,15,13,11,9,7,5,3,2,1,0
0,4,6,8,10,12,14,16,18,21,24,26,28,27,25,23,22,20,19,17,15,13,11,9,7,5,3,2,1,0
0,4,6,8,10,12,14,16,18,21,24,26,28,27,25,23,22,20,19,17,15,13,11,9,7,5,3,2,1,0
0,4,6,8,10,12,14,16,18,21,24,26,28,27,25,23,22,20,19,17,15,13,11,9,7,5,3,2,1,0
0,4,6,8,10,12,14,16,18,21,24,26,28,27,25,23,22,20,19,17,15,13,11,9,7,5,3,2,1,0
0,4,6,8,10,12,14,16,18,21,24,26,28,27,25,23,22,20,19,17,15,13,11,9,7,5,3,2,1,0
0,4,6,8,10,12,14,16,18,21,24,26,28,27,25,23,22,20,19,17,15,13,11,9,7,5,3,2,1,0
0,4,6,8,10,12,14,16,18,21,24,26,28,27,25,23,22,20,19,17,15,13,11,9,7,5,3,2,1,0
0,4,6,8,10,12,14,16,18,21,24,26,28,27,25,23,22,20,19,17,15,13,11,9,7,5,3,2,1,0
0,4,6,8,10,12,14,16,18,21,24,26,28,27,25,23,22,20,19,17,15,13,11,9,7,5,3,2,1,0
0,4,6,8,10,12,14,16,18,21,24,26,28,27,25,23,22,20,19,17,15,13,11,9,7,5,3,2,1,0
0,4,6,8,10,12,14,16,18,21,24,26,28,27,25,23,22,20,19,17,15,13,11,9,7,5,3,2,1,0
0,4,6,8,10,12,14,16,18,21,24,26,28,27,25,23,22,20,19,17,15,13,11,9,7,5,3,2,1,0
0,4,6,8,10,12,14,16,18,21,24,26,28,27,25,23,22,20,19,17,15,13,11,9,7,5,3,2,1,0
0,4,6,8,10,12,14,16,18,21,24,26,28,27,25,23,22,20,19,17,15,13,11,9,7,5,3,2,1,0
0,4,6,8,10,12,14,16,18,21,24,26,28,27,25,23,22,20,19,17,15,13,11,9,7,5,3,2,1,0
0,4,6,8,10,12,14,16,18,21,24,26,28,27,25,23,22,20,19,17,15,13,11,9,7,5,3,2,1,0
0,4,6,8,10,12,14,16,18,21,24,26,28,27,25,23,22,20,19,17,15,13,11,9,7,5,3,2,1,0
0,4,6,8,10,12,14,16,18,21,24,26,28,27,25,23,22,20,19,17,15,13,11,9,7,5,3,2,1,0
0,4,6,8,10,12,14,16,18,21,24,26,28,27,25,23,22,20,19,17,15,13,11,9,7,5,3,2,1,0
0,4,6,8,10,12,14,16,18,21,24,26,28,27,25,23,22,20,19,17,15,13,11,9,7,5,3,2,1,0
0,4,6,8,10,12,14,16,18,21,24,26,28,27,25,23,22,20,19,17,15,13,11,9,7,5,3,2,1,0
0,4,6,8,10,12,14,16,18,21,24,26,28,27,25,23,22,20,19,17,15,13,11,9,7,5,3,2,1,0
0,4,6,8,10,12,14,16,18,21,24,26,28,27,25,23,22,20,19,17,15,13,11,9,7,5,3,2,1,0
0,4,6,8,10,12,14,16,18,21,24,26,28,27,25,23,22,20,19,17,15,13,11,9,7,5,3,2,1,0
0,4,6,8,10,12,14,16,18,21,24,26,28,27,25,23,22,20,19,17,15,13,11,9,7,5,3,2,1,0
0,4,6,8,10,12,14,16,18,21,24,26,28,27,25,23,22,20,19,17,15,13,11,9,7,5,3,2,1,0
0,4,6,8,10,12,14,16,18,21,24,26,28,27,25,23,22,20,19,17,15,13,11,9,7,5,3,2,1,0
0,4,6,8,10,12,14,16,18,21,24,26,28,27,25,23,22,20,19,17,15,13,11,9,7,5,3,2,1,0
0,4,6,8,10,12,14,16,18,21,24,26,28,27,25,23,22,20,19,17,15,13,11,9,7,5,3,2,1,0
0,4,6,8,10,12,14,16,18,21,24,26,28,27,25,23,22,20,19,17,15,13,11,9,7,5,3,2,1,0
0,4,6,8,10,12,14,16,18,21,24,26,28,27,25,23,22,20,19,17,15,13,11,9,7,5,3,2,1,0
0,4,6,8,10,12,14,16,18,21,24,26,28,27,25,23,22,20,19,17,15,13,11,9,7,5,3,2,1,0
0,4,6,8,10,12,14,16,18,21,24,26,28,27,25,23,22,20,19,17,15,13,11,9,7,5,3,2,1,0
0,4,6,8,10,12,14,16,18,21,24,26,28,27,25,23,22,20,19,17,15,13,11,9,7,5,3,2,1,0
0,4,6,8,10,12,14,16,18,21,24,26,28,27,25,23,22,20,19,17,15,13,11,9,7,5,3,2,1,0
0,4,6,8,10,12,14,16,18,21,24,26,28,27,25,23,22,20,19,17,15,13,11,9,7,5,3,2,1,0
0,4,6,8,10,12,14,16,18,21,23,25,27,28,26,24,22,20,19,17,15,13,11,9,7,5,3,2,1,0
0,4,6,8,10,12,14,16,18,21,23,25,27,28,26,24,22,20,19,17,15,13,11,9,7,5,3,2,1,0
0,4,6,8,10,12,14,16,18,21,24,26,28,27,25,23,22,20,19,17,15,13,11,9,7,5,3,2,1,0
0,4,6,8,10,12,14,16,18,21,24,26,28,27,25,23,22,20,19,17,15,13,11,9,7,5,3,2,1,0
0,4,6,8,10,12,14,16,18,21,24,26,28,27,25,23,22,20,19,17,15,13,11,9,7,5,3,2,1,0
0,4,6,8,10,12,14,16,18,21,24,26,28,27,25,23,22,20,19,17,15,13,11,9,7,5,3,2,1,0
0,4,6,8,10,12,14,16,18,21,24,26,28,27,25,23,22,20,19,17,15,13,11,9,7,5,3,2,1,0
0,4,6,8,10,12,14,16,18,21,24,26,28,27,25,23,22,20,19,17,15,13,11,9,7,5,3,2,1,0
0,4,6,8,10,12,14,16,18,21,24,26,28,27,25,23,22,20,19,17,15,13,11,9,7,5,3,2,1,0
0,4,6,8,10,12,14,16,18,21,24,26,28,27,25,23,22,20,19,17,15,13,11,9,7,5,3,2,1,0
0,4,6,8,10,12,14,16,18,21,24,26,28,27,25,23,22,20,19,17,15,13,11,9,7,5,3,2,1,0
0,4,6,8,10,12,14,16,18,21,24,26,28,27,25,23,22,20,19,17,15,13,11,9,7,5,3,2,1,0
0,4,6,8,10,12,14,16,18,21,24,26,28,27,25,23,22,20,19,17,15,13,11,9,7,5,3,2,1,0
0,4,6,8,10,12,14,16,18,21,24,26,28,27,25,23,22,20,19,17,15,13,11,9,7,5,3,2,1,0
0,4,6,8,10,12,14,16,18,21,24,26,28,27,25,23,22,20,19,17,15,13,11,9,7,5,3,2,1,0
0,4,6,8,10,12,14,16,18,21,23,25,27,28,26,24,22,20,19,17,15,13,11,9,7,5,3,2,1,0
0,4,6,8,10,12,14,16,18,21,23,25,27,28,26,24,22,20,19,17,15,13,11,9,7,5,3,2,1,0
0,4,6,8,10,12,14,16,18,21,23,25,27,28,26,24,22,20,19,17,15,13,11,9,7,5,3,2,1,0
0,4,6,8,10,12,14,16,18,21,23,25,27,28,26,24,22,20,19,17,15,13,11,9,7,5,3,2,1,0
0,4,6,8,10,12,14,16,18,21,23,25,27,28,26,24,22,20,19,17,15,13,11,9,7,5,3,2,1,0
0,4,6,8,10,12,14,16,18,21,23,25,27,28,26,24,22,20,19,17,15,13,11,9,7,5,3,2,1,0
0,4,6,8,10,12,14,16,18,21,23,25,27,28,26,24,22,20,19,17,15,13,11,9,7,5,3,2,1,0
0,4,6,8,10,12,14,16,18,21,23,25,27,28,26,24,22,20,19,17,15,13,11,9,7,5,3,2,1,0
0,4,6,8,10,12,14,16,18,21,23,25,27,28,26,24,22,20,19,17,15,13,11,9,7,5,3,2,1,0
0,4,6,8,10,12,14,16,18,21,23,25,27,28,26,24,22,20,19,17,15,13,11,9,7,5,3,2,1,0
0,4,6,8,10,12,14,16,18,21,24,26,28,27,25,23,22,20,19,17,15,13,11,9,7,5,3,2,1,0
0,4,6,8,10,12,14,16,18,21,24,26,28,27,25,23,22,20,19,17,15,13,11,9,7,5,3,2,1,0
0,4,6,8,10,12,14,16,18,21,24,26,28,27,25,23,22,20,19,17,15,13,11,9,7,5,3,2,1,0
0,4,6,8,10,12,14,16,18,21,24,26,28,27,25,23,22,20,19,17,15,13,11,9,7,5,3,2,1,0
0,4,6,8,10,12,14,16,18,21,24,26,28,27,25,23,22,20,19,17,15,13,11,9,7,5,3,2,1,0
0,4,6,8,10,12,14,16,18,21,24,26,28,27,25,23,22,20,19,17,15,13,11,9,7,5,3,2,1,0
0,4,6,8,10,12,14,16,18,21,24,26,28,27,25,23,22,20,19,17,15,13,11,9,7,5,3,2,1,0
0,4,6,8,10,12,14,16,18,21,24,26,28,27,25,23,22,20,19,17,15,13,11,9,7,5,3,2,1,0
0,4,6,8,10,12,14,16,18,21,24,26,28,27,25,23,22,20,19,17,15,13,11,9,7,5,3,2,1,0
0,4,6,8,10,12,14,16,18,21,24,26,28,27,25,23,22,20,19,17,15,13,11,9,7,5,3,2,1,0
0,4,6,8,10,12,14,16,18,21,24,26,28,27,25,23,22,20,19,17,15,13,11,9,7,5,3,2,1,0
0,4,6,8,10,12,14,16,18,21,24,26,28,27,25,23,22,20,19,17,15,13,11,9,7,5,3,2,1,0
0,4,6,8,10,12,14,16,18,21,24,26,28,27,25,23,22,20,19,17,15,13,11,9,7,5,3,2,1,0
0,4,6,8,10,12,14,16,18,21,24,26,28,27,25,23,22,20,19,17,15,13,11,9,7,5,3,2,1,0
0,4,6,8,10,12,14,16,18,21,24,26,28,27,25,23,22,20,19,17,15,13,11,9,7,5,3,2,1,0
0,4,6,8,10,12,14,16,18,21,24,26,28,27,25,23,22,20,19,17,15,13,11,9,7,5,3,2,1,0
0,4,6,8,10,12,14,16,18,21,24,26,28,27,25,23,22,20,19,17,15,13,11,9,7,5,3,2,1,0
0,4,6,8,10,12,14,16,18,21,24,26,28,27,25,23,22,20,19,17,15,13,11,9,7,5,3,2,1,0
0,4,6,8,10,12,14,16,18,21,24,26,28,27,25,23,22,20,19,17,15,13,11,9,7,5,3,2,1,0
0,4,6,8,10,12,14,16,18,21,24,26,28,27,25,23,22,20,19,17,15,13,11,9,7,5,3,2,1,0
0,4,6,8,10,12,14,16,18,21,24,26,28,27,25,23,22,20,19,17,15,13,11,9,7,5,3,2,1,0
0,4,6,8,10,12,14,16,18,21,24,26,28,27,25,23,22,20,19,17,15,13,11,9,7,5,3,2,1,0
0,4,6,8,10,12,14,16,18,21,24,26,28,27,25,23,22,20,19,17,15,13,11,9,7,5,3,2,1,0
0,4,6,8,10,12,14,16,18,21,24,26,28,27,25,23,22,20,19,17,15,13,11,9,7,5,3,2,1,0
0,4,6,8,10,12,14,16,18,21,24,26,28,27,25,23,22,20,19,17,15,13,11,9,7,5,3,2,1,0
0,4,6,8,10,12,14,16,18,21,24,26,28,27,25,23,22,20,19,17,15,13,11,9,7,5,3,2,1,0
0,4,6,8,10,12,14,16,18,21,24,26,28,27,25,23,22,20,19,17,15,13,11,9,7,5,3,2,1,0
0,4,6,8,10,12,14,16,18,21,24,26,28,27,25,23,22,20,19,17,15,13,11,9,7,5,3,2,1,0
0,4,6,8,10,12,14,16,18,21,24,26,28,27,25,23,22,20,19,17,15,13,11,9,7,5,3,2,1,0
0,4,6,8,10,12,14,16,18,21,24,26,28,27,25,23,22,20,19,17,15,13,11,9,7,5,3,2,1,0
0,4,6,8,10,12,14,16,18,21,24,26,28,27,25,23,22,20,19,17,15,13,11,9,7,5,3,2,1,0
0,4,6,8,10,12,14,16,18,21,24,26,28,27,25,23,22,20,19,17,15,13,11,9,7,5,3,2,1,0
0,4,6,8,10,12,14,16,18,21,24,26,28,27,25,23,22,20,19,17,15,13,11,9,7,5,3,2,1,0
0,4,6,8,10,12,14,16,18,21,24,26,28,27,25,23,22,20,19,17,15,13,11,9,7,5,3,2,1,0
0,4,6,8,10,12,14,16,18,21,24,26,28,27,25,23,22,20,19,17,15,13,11,9,7,5,3,2,1,0
0,4,6,8,10,12,14,16,18,21,24,26,28,27,25,23,22,20,19,17,15,13,11,9,7,5,3,2,1,0
0,4,6,8,10,12,14,16,18,21,24,26,28,27,25,23,22,20,19,17,15,13,11,9,7,5,3,2,1,0
0,4,6,8,10,12,14,16,18,21,24,26,28,27,25,23,22,20,19,17,15,13,11,9,7,5,3,2,1,0
0,4,6,8,10,12,14,16,18,21,24,26,28,27,25,23,22,20,19,17,15,13,11,9,7,5,3,2,1,0
0,4,6,8,10,12,14,16,18,21,24,26,28,27,25,23,22,20,19,17,15,13,11,9,7,5,3,2,1,0
0,4,6,8,10,12,14,16,18,21,24,26,28,27,25,23,22,20,19,17,15,13,11,9,7,5,3,2,1,0
0,4,6,8,10,12,14,16,18,21,24,26,28,27,25,23,22,20,19,17,15,13,11,9,7,5,3,2,1,0
0,4,6,8,10,12,14,16,18,21,24,26,28,27,25,23,22,20,19,17,15,13,11,9,7,5,3,2,1,0
0,4,6,8,10,12,14,16,18,21,24,26,28,27,25,23,22,20,19,17,15,13,11,9,7,5,3,2,1,0
0,4,6,8,10,12,14,16,18,21,24,26,28,27,25,23,22,20,19,17,15,13,11,9,7,5,3,2,1,0
0,4,6,8,10,12,14,16,18,21,24,26,28,27,25,23,22,20,19,17,15,13,11,9,7,5,3,2,1,0
0,4,6,8,10,12,14,16,18,21,24,26,28,27,25,23,22,20,19,17,15,13,11,9,7,5,3,2,1,0
0,4,6,8,10,12,14,16,18,21,24,26,28,27,25,23,22,20,19,17,15,13,11,9,7,5,3,2,1,0
0,4,6,8,10,12,14,16,18,21,24,26,28,27,25,23,22,20,19,17,15,13,11,9,7,5,3,2,1,0
0,4,6,8,10,12,14,16,18,21,24,26,28,27,25,23,22,20,19,17,15,13,11,9,7,5,3,2,1,0
0,4,6,8,10,12,14,16,18,21,24,26,28,27,25,23,22,20,19,17,15,13,11,9,7,5,3,2,1,0
0,4,6,8,10,12,14,16,18,21,24,26,28,27,25,23,22,20,19,17,15,13,11,9,7,5,3,2,1,0
0,4,6,8,10,12,14,16,18,21,24,26,28,27,25,23,22,20,19,17,15,13,11,9,7,5,3,2,1,0
0,4,6,8,10,12,14,16,18,21,24,26,28,27,25,23,22,20,19,17,15,13,11,9,7,5,3,2,1,0
0,4,6,8,10,12,14,16,18,21,24,26,28,27,25,23,22,20,19,17,15,13,11,9,7,5,3,2,1,0
0,4,6,8,10,12,14,16,18,21,24,26,28,27,25,23,22,20,19,17,15,13,11,9,7,5,3,2,1,0
0,4,6,8,10,12,14,16,18,21,24,26,28,27,25,23,22,20,19,17,15,13,11,9,7,5,3,2,1,0
0,4,6,8,10,12,14,16,18,21,24,26,28,27,25,23,22,20,19,17,15,13,11,9,7,5,3,2,1,0
0,4,6,8,10,12,14,16,18,21,24,26,28,27,25,23,22,20,19,17,15,13,11,9,7,5,3,2,1,0
0,4,6,8,10,12,14,16,18,21,24,26,28,27,25,23,22,20,19,17,15,13,11,9,7,5,3,2,1,0
0,4,6,8,10,12,14,16,18,21,24,26,28,27,25,23,22,20,19,17,15,13,11,9,7,5,3,2,1,0
0,4,6,8,10,12,14,16,18,21,24,26,28,27,25,23,22,20,19,17,15,13,11,9,7,5,3,2,1,0
0,4,6,8,10,12,14,16,18,21,24,26,28,27,25,23,22,20,19,17,15,13,11,9,7,5,3,2,1,0
0,4,6,8,10,12,14,16,18,21,24,26,28,27,25,23,22,20,19,17,15,13,11,9,7,5,3,2,1,0
0,4,6,8,10,12,14,16,18,21,24,26,28,27,25,23,22,20,19,17,15,13,11,9,7,5,3,2,1,0
0,4,6,8,10,12,14,16,18,21,24,26,28,27,25,23,22,20,19,17,15,13,11,9,7,5,3,2,1,0
0,4,6,8,10,12,14,16,18,21,24,26,28,27,25,23,22,20,19,17,15,13,11,9,7,5,3,2,1,0
0,4,6,8,10,12,14,16,18,21,24,26,28,27,25,23,22,20,19,17,15,13,11,9,7,5,3,2,1,0
0,4,6,8,10,12,14,16,18,21,24,26,28,27,25,23,22,20,19,17,15,13,11,9,7,5,3,2,1,0
0,4,6,8,10,12,14,16,18,21,24,26,28,27,25,23,22,20,19,17,15,13,11,9,7,5,3,2,1,0
0,4,6,8,10,12,14,16,18,21,24,26,28,27,25,23,22,20,19,17,15,13,11,9,7,5,3,2,1,0
0,4,6,8,10,12,14,16,18,21,24,26,28,27,25,23,22,20,19,17,15,13,11,9,7,5,3,2,1,0
0,4,6,8,10,12,14,16,18,21,24,26,28,27,25,23,22,20,19,17,15,13,11,9,7,5,3,2,1,0
0,4,6,8,10,12,14,16,18,21,24,26,28,27,25,23,22,20,19,17,15,13,11,9,7,5,3,2,1,0
0,4,6,8,10,12,14,16,18,21,24,26,28,27,25,23,22,20,19,17,15,13,11,9,7,5,3,2,1,0
0,4,6,8,10,12,14,16,18,21,24,26,28,27,25,23,22,20,19,17,15,13,11,9,7,5,3,2,1,0
0,4,6,8,10,12,14,16,18,21,24,26,28,27,25,23,22,20,19,17,15,13,11,9,7,5,3,2,1,0
0,4,6,8,10,12,14,16,18,21,24,26,28,27,25,23,22,20,19,17,15,13,11,9,7,5,3,2,1,0
0,4,6,8,10,12,14,16,18,21,24,26,28,27,25,23,22,20,19,17,15,13,11,9,7,5,3,2,1,0
0,4,6,8,10,12,14,16,18,21,24,26,28,27,25,23,22,20,19,17,15,13,11,9,7,5,3,2,1,0
0,4,6,8,10,12,14,16,18,21,24,26,28,27,25,23,22,20,19,17,15,13,11,9,7,5,3,2,1,0
0,4,6,8,10,12,14,16,18,21,24,26,28,27,25,23,22,20,19,17,15,13,11,9,7,5,3,2,1,0
0,4,6,8,10,12,14,16,18,21,24,26,28,27,25,23,22,20,19,17,15,13,11,9,7,5,3,2,1,0
0,4,6,8,10,12,14,16,18,21,24,26,28,27,25,23,22,20,19,17,15,13,11,9,7,5,3,2,1,0
0,4,6,8,10,12,14,16,18,21,24,26,28,27,25,23,22,20,19,17,15,13,11,9,7,5,3,2,1,0
0,4,6,8,10,12,14,16,18,21,24,26,28,27,25,23,22,20,19,17,15,13,11,9,7,5,3,2,1,0
0,4,6,8,10,12,14,16,18,21,24,26,28,27,25,23,22,20,19,17,15,13,11,9,7,5,3,2,1,0
0,4,6,8,10,12,14,16,18,21,24,26,28,27,25,23,22,20,19,17,15,13,11,9,7,5,3,2,1,0
0,4,6,8,10,12,14,16,18,21,24,26,28,27,25,23,22,20,19,17,15,13,11,9,7,5,3,2,1,0
0,4,6,8,10,12,14,16,18,21,24,26,28,27,25,23,22,20,19,17,15,13,11,9,7,5,3,2,1,0
0,4,6,8,10,12,14,16,18,21,24,26,28,27,25,23,22,20,19,17,15,13,11,9,7,5,3,2,1,0
0,4,6,8,10,12,14,16,18,21,24,26,28,27,25,23,22,20,19,17,15,13,11,9,7,5,3,2,1,0
0,4,6,8,10,12,14,16,18,21,24,26,28,27,25,23,22,20,19,17,15,13,11,9,7,5,3,2,1,0
0,4,6,8,10,12,14,16,18,21,24,26,28,27,25,23,22,20,19,17,15,13,11,9,7,5,3,2,1,0
0,4,6,8,10,12,14,16,18,21,24,26,28,27,25,23,22,20,19,17,15,13,11,9,7,5,3,2,1,0
0,4,6,8,10,12,14,16,18,21,24,26,28,27,25,23,22,20,19,17,15,13,11,9,7,5,3,2,1,0
0,4,6,8,10,12,14,16,18,21,24,26,28,27,25,23,22,20,19,17,15,13,11,9,7,5,3,2,1,0
0,4,6,8,10,12,14,16,18,21,24,26,28,27,25,23,22,20,19,17,15,13,11,9,7,5,3,2,1,0
0,4,6,8,10,12,14,16,18,21,24,26,28,27,25,23,22,20,19,17,15,13,11,9,7,5,3,2,1,0
0,4,6,8,10,12,14,16,18,21,24,26,28,27,25,23,22,20,19,17,15,13,11,9,7,5,3,2,1,0
0,4,6,8,10,12,14,16,18,21,24,26,28,27,25,23,22,20,19,17,15,13,11,9,7,5,3,2,1,0
0,4,6,8,10,12,14,16,18,21,24,26,28,27,25,23,22,20,19,17,15,13,11,9,7,5,3,2,1,0
0,4,6,8,10,12,14,16,18,21,24,26,28,27,25,23,22,20,19,17,15,13,11,9,7,5,3,2,1,0
0,4,6,8,10,12,14,16,18,21,24,26,28,27,25,23,22,20,19,17,15,13,11,9,7,5,3,2,1,0
0,4,6,8,10,12,14,16,18,21,24,26,28,27,25,23,22,20,19,17,15,13,11,9,7,5,3,2,1,0
0,4,6,8,10,12,14,16,18,21,24,26,28,27,25,23,22,20,19,17,15,13,11,9,7,5,3,2,1,0
0,4,6,8,10,12,14,16,18,21,24,26,28,27,25,23,22,20,19,17,15,13,11,9,7,5,3,2,1,0
0,4,6,8,10,12,14,16,18,21,24,26,28,27,25,23,22,20,19,17,15,13,11,9,7,5,3,2,1,0
0,4,6,8,10,12,14,16,18,21,24,26,28,27,25,23,22,20,19,17,15,13,11,9,7,5,3,2,1,0
0,4,6,8,10,12,14,16,18,21,24,26,28,27,25,23,22,20,19,17,15,13,11,9,7,5,3,2,1,0
0,4,6,8,10,12,14,16,18,21,24,26,28,27,25,23,22,20,19,17,15,13,11,9,7,5,3,2,1,0
0,4,6,8,10,12,14,16,18,21,24,26,28,27,25,23,22,20,19,17,15,13,11,9,7,5,3,2,1,0
0,4,6,8,10,12,14,16,18,21,24,26,28,27,25,23,22,20,19,17,15,13,11,9,7,5,3,2,1,0
0,4,6,8,10,12,14,16,18,21,24,26,28,27,25,23,22,20,19,17,15,13,11,9,7,5,3,2,1,0
0,4,6,8,10,12,14,16,18,21,24,26,28,27,25,23,22,20,19,17,15,13,11,9,7,5,3,2,1,0
0,4,6,8,10,12,14,16,18,21,24,26,28,27,25,23,22,20,19,17,15,13,11,9,7,5,3,2,1,0
0,4,6,8,10,12,14,16,18,21,24,26,28,27,25,23,22,20,19,17,15,13,11,9,7,5,3,2,1,0
0,4,6,8,10,12,14,16,18,21,23,25,27,28,26,24,22,20,19,17,15,13,11,9,7,5,3,2,1,0
0,4,6,8,10,12,14,16,18,21,23,25,27,28,26,24,22,20,19,17,15,13,11,9,7,5,3,2,1,0
0,4,6,8,10,12,14,16,18,21,24,26,28,27,25,23,22,20,19,17,15,13,11,9,7,5,3,2,1,0
0,4,6,8,10,12,14,16,18,21,23,25,27,28,26,24,22,20,19,17,15,13,11,9,7,5,3,2,1,0
0,4,6,8,10,12,14,16,18,21,24,26,28,27,25,23,22,20,19,17,15,13,11,9,7,5,3,2,1,0
0,4,6,8,10,12,14,16,18,21,24,26,28,27,25,23,22,20,19,17,15,13,11,9,7,5,3,2,1,0
0,4,6,8,10,12,14,16,18,21,24,26,28,27,25,23,22,20,19,17,15,13,11,9,7,5,3,2,1,0
0,4,6,8,10,12,14,16,18,21,24,26,28,27,25,23,22,20,19,17,15,13,11,9,7,5,3,2,1,0
0,4,6,8,10,12,14,16,18,21,24,26,28,27,25,23,22,20,19,17,15,13,11,9,7,5,3,2,1,0
0,4,6,8,10,12,14,16,18,21,24,26,28,27,25,23,22,20,19,17,15,13,11,9,7,5,3,2,1,0
0,4,6,8,10,12,14,16,18,21,24,26,28,27,25,23,22,20,19,17,15,13,11,9,7,5,3,2,1,0
0,4,6,8,10,12,14,16,18,21,24,26,28,27,25,23,22,20,19,17,15,13,11,9,7,5,3,2,1,0
0,4,6,8,10,12,14,16,18,21,24,26,28,27,25,23,22,20,19,17,15,13,11,9,7,5,3,2,1,0
0,4,6,8,10,12,14,16,18,21,24,26,28,27,25,23,22,20,19,17,15,13,11,9,7,5,3,2,1,0
0,4,6,8,10,12,14,16,18,21,24,26,28,27,25,23,22,20,19,17,15,13,11,9,7,5,3,2,1,0
0,4,6,8,10,12,14,16,18,21,24,26,28,27,25,23,22,20,19,17,15,13,11,9,7,5,3,2,1,0
0,4,6,8,10,12,14,16,18,21,24,26,28,27,25,23,22,20,19,17,15,13,11,9,7,5,3,2,1,0
0,4,6,8,10,12,14,16,18,21,24,26,28,27,25,23,22,20,19,17,15,13,11,9,7,5,3,2,1,0
0,4,6,8,10,12,14,16,18,21,24,26,28,27,25,23,22,20,19,17,15,13,11,9,7,5,3,2,1,0
0,4,6,8,10,12,14,16,18,21,24,26,28,27,25,23,22,20,19,17,15,13,11,9,7,5,3,2,1,0
0,4,6,8,10,12,14,16,18,21,24,26,28,27,25,23,22,20,19,17,15,13,11,9,7,5,3,2,1,0
0,4,6,8,10,12,14,16,18,21,24,26,28,27,25,23,22,20,19,17,15,13,11,9,7,5,3,2,1,0
0,4,6,8,10,12,14,16,18,21,24,26,28,27,25,23,22,20,19,17,15,13,11,9,7,5,3,2,1,0
0,4,6,8,10,12,14,16,18,21,24,26,28,27,25,23,22,20,19,17,15,13,11,9,7,5,3,2,1,0
0,4,6,8,10,12,14,16,18,21,24,26,28,27,25,23,22,20,19,17,15,13,11,9,7,5,3,2,1,0
0,4,6,8,10,12,14,16,18,21,24,26,28,27,25,23,22,20,19,17,15,13,11,9,7,5,3,2,1,0
0,4,6,8,10,12,14,16,18,21,24,26,28,27,25,23,22,20,19,17,15,13,11,9,7,5,3,2,1,0
0,4,6,8,10,12,14,16,18,21,24,26,28,27,25,23,22,20,19,17,15,13,11,9,7,5,3,2,1,0
0,4,6,8,10,12,14,16,18,21,24,26,28,27,25,23,22,20,19,17,15,13,11,9,7,5,3,2,1,0
0,4,6,8,10,12,14,16,18,21,24,26,28,27,25,23,22,20,19,17,15,13,11,9,7,5,3,2,1,0
0,4,6,8,10,12,14,16,18,21,24,26,28,27,25,23,22,20,19,17,15,13,11,9,7,5,3,2,1,0
0,4,6,8,10,12,14,16,18,21,24,26,28,27,25,23,22,20,19,17,15,13,11,9,7,5,3,2,1,0
0,4,6,8,10,12,14,16,18,21,24,26,28,27,25,23,22,20,19,17,15,13,11,9,7,5,3,2,1,0
0,4,6,8,10,12,14,16,18,21,24,26,28,27,25,23,22,20,19,17,15,13,11,9,7,5,3,2,1,0
0,4,6,8,10,12,14,16,18,21,24,26,28,27,25,23,22,20,19,17,15,13,11,9,7,5,3,2,1,0
0,4,6,8,10,12,14,16,18,21,24,26,28,27,25,23,22,20,19,17,15,13,11,9,7,5,3,2,1,0
0,4,6,8,10,12,14,16,18,21,24,26,28,27,25,23,22,20,19,17,15,13,11,9,7,5,3,2,1,0
0,4,6,8,10,12,14,16,18,21,24,26,28,27,25,23,22,20,19,17,15,13,11,9,7,5,3,2,1,0
0,4,6,8,10,12,14,16,18,21,24,26,28,27,25,23,22,20,19,17,15,13,11,9,7,5,3,2,1,0
0,4,6,8,10,12,14,16,18,21,24,26,28,27,25,23,22,20,19,17,15,13,11,9,7,5,3,2,1,0
0,4,6,8,10,12,14,16,18,21,24,26,28,27,25,23,22,20,19,17,15,13,11,9,7,5,3,2,1,0
0,4,6,8,10,12,14,16,18,21,24,26,28,27,25,23,22,20,19,17,15,13,11,9,7,5,3,2,1,0
0,4,6,8,10,12,14,16,18,21,24,26,28,27,25,23,22,20,19,17,15,13,11,9,7,5,3,2,1,0
0,4,6,8,10,12,14,16,18,21,24,26,28,27,25,23,22,20,19,17,15,13,11,9,7,5,3,2,1,0
0,4,6,8,10,12,14,16,18,21,24,26,28,27,25,23,22,20,19,17,15,13,11,9,7,5,3,2,1,0
0,4,6,8,10,12,14,16,18,21,24,26,28,27,25,23,22,20,19,17,15,13,11,9,7,5,3,2,1,0
0,4,6,8,10,12,14,16,18,21,24,26,28,27,25,23,22,20,19,17,15,13,11,9,7,5,3,2,1,0
0,4,6,8,10,12,14,16,18,21,24,26,28,27,25,23,22,20,19,17,15,13,11,9,7,5,3,2,1,0
0,4,6,8,10,12,14,16,18,21,24,26,28,27,25,23,22,20,19,17,15,13,11,9,7,5,3,2,1,0
0,4,6,8,10,12,14,16,18,21,24,26,28,27,25,23,22,20,19,17,15,13,11,9,7,5,3,2,1,0
0,4,6,8,10,12,14,16,18,21,24,26,28,27,25,23,22,20,19,17,15,13,11,9,7,5,3,2,1,0
0,4,6,8,10,12,14,16,18,21,24,26,28,27,25,23,22,20,19,17,15,13,11,9,7,5,3,2,1,0
0,4,6,8,10,12,14,16,18,21,24,26,28,27,25,23,22,20,19,17,15,13,11,9,7,5,3,2,1,0
0,4,6,8,10,12,14,16,18,21,24,26,28,27,25,23,22,20,19,17,15,13,11,9,7,5,3,2,1,0
0,4,6,8,10,12,14,16,18,21,24,26,28,27,25,23,22,20,19,17,15,13,11,9,7,5,3,2,1,0
0,4,6,8,10,12,14,16,18,21,24,26,28,27,25,23,22,20,19,17,15,13,11,9,7,5,3,2,1,0
0,4,6,8,10,12,14,16,18,21,24,26,28,27,25,23,22,20,19,17,15,13,11,9,7,5,3,2,1,0
0,4,6,8,10,12,14,16,18,21,24,26,28,27,25,23,22,20,19,17,15,13,11,9,7,5,3,2,1,0
0,4,6,8,10,12,14,16,18,21,24,26,28,27,25,23,22,20,19,17,15,13,11,9,7,5,3,2,1,0
0,4,6,8,10,12,14,16,18,21,24,26,28,27,25,23,22,20,19,17,15,13,11,9,7,5,3,2,1,0
0,4,6,8,10,12,14,16,18,21,24,26,28,27,25,23,22,20,19,17,15,13,11,9,7,5,3,2,1,0
0,4,6,8,10,12,14,16,18,21,24,26,28,27,25,23,22,20,19,17,15,13,11,9,7,5,3,2,1,0
0,4,6,8,10,12,14,16,18,21,24,26,28,27,25,23,22,20,19,17,15,13,11,9,7,5,3,2,1,0
0,4,6,8,10,12,14,16,18,21,24,26,28,27,25,23,22,20,19,17,15,13,11,9,7,5,3,2,1,0
0,4,6,8,10,12,14,16,18,21,24,26,28,27,25,23,22,20,19,17,15,13,11,9,7,5,3,2,1,0
0,4,6,8,10,12,14,16,18,21,24,26,28,27,25,23,22,20,19,17,15,13,11,9,7,5,3,2,1,0
0,4,6,8,10,12,14,16,18,21,24,26,28,27,25,23,22,20,19,17,15,13,11,9,7,5,3,2,1,0
0,4,6,8,10,12,14,16,18,21,24,26,28,27,25,23,22,20,19,17,15,13,11,9,7,5,3,2,1,0
0,4,6,8,10,12,14,16,18,21,24,26,28,27,25,23,22,20,19,17,15,13,11,9,7,5,3,2,1,0
0,4,6,8,10,12,14,16,18,21,24,26,28,27,25,23,22,20,19,17,15,13,11,9,7,5,3,2,1,0
0,4,6,8,10,12,14,16,18,21,24,26,28,27,25,23,22,20,19,17,15,13,11,9,7,5,3,2,1,0
0,4,6,8,10,12,14,16,18,21,24,26,28,27,25,23,22,20,19,17,15,13,11,9,7,5,3,2,1,0
0,4,6,8,10,12,14,16,18,21,24,26,28,27,25,23,22,20,19,17,15,13,11,9,7,5,3,2,1,0
0,4,6,8,10,12,14,16,18,21,24,26,28,27,25,23,22,20,19,17,15,13,11,9,7,5,3,2,1,0
0,4,6,8,10,12,14,16,18,21,24,26,28,27,25,23,22,20,19,17,15,13,11,9,7,5,3,2,1,0
0,4,6,8,10,12,14,16,18,21,24,26,28,27,25,23,22,20,19,17,15,13,11,9,7,5,3,2,1,0
0,4,6,8,10,12,14,16,18,21,24,26,28,27,25,23,22,20,19,17,15,13,11,9,7,5,3,2,1,0
0,4,6,8,10,12,14,16,18,21,24,26,28,27,25,23,22,20,19,17,15,13,11,9,7,5,3,2,1,0
0,4,6,8,10,12,14,16,18,21,24,26,28,27,25,23,22,20,19,17,15,13,11,9,7,5,3,2,1,0
0,4,6,8,10,12,14,16,18,21,24,26,28,27,25,23,22,20,19,17,15,13,11,9,7,5,3,2,1,0
0,4,6,8,10,12,14,16,18,21,24,26,28,27,25,23,22,20,19,17,15,13,11,9,7,5,3,2,1,0
0,4,6,8,10,12,14,16,18,21,24,26,28,27,25,23,22,20,19,17,15,13,11,9,7,5,3,2,1,0
0,4,6,8,10,12,14,16,18,21,24,26,28,27,25,23,22,20,19,17,15,13,11,9,7,5,3,2,1,0
0,4,6,8,10,12,14,16,18,21,24,26,28,27,25,23,22,20,19,17,15,13,11,9,7,5,3,2,1,0
0,4,6,8,10,12,14,16,18,21,24,26,28,27,25,23,22,20,19,17,15,13,11,9,7,5,3,2,1,0
0,4,6,8,10,12,14,16,18,21,24,26,28,27,25,23,22,20,19,17,15,13,11,9,7,5,3,2,1,0
0,4,6,8,10,12,14,16,18,21,24,26,28,27,25,23,22,20,19,17,15,13,11,9,7,5,3,2,1,0
0,4,6,8,10,12,14,16,18,21,24,26,28,27,25,23,22,20,19,17,15,13,11,9,7,5,3,2,1,0
0,4,6,8,10,12,14,16,18,21,24,26,28,27,25,23,22,20,19,17,15,13,11,9,7,5,3,2,1,0
0,4,6,8,10,12,14,16,18,21,24,26,28,27,25,23,22,20,19,17,15,13,11,9,7,5,3,2,1,0
0,4,6,8,10,12,14,16,18,21,24,26,28,27,25,23,22,20,19,17,15,13,11,9,7,5,3,2,1,0
0,4,6,8,10,12,14,16,18,21,24,26,28,27,25,23,22,20,19,17,15,13,11,9,7,5,3,2,1,0
0,4,6,8,10,12,14,16,18,21,24,26,28,27,25,23,22,20,19,17,15,13,11,9,7,5,3,2,1,0
0,4,6,8,10,12,14,16,18,21,24,26,28,27,25,23,22,20,19,17,15,13,11,9,7,5,3,2,1,0
0,4,6,8,10,12,14,16,18,21,24,26,28,27,25,23,22,20,19,17,15,13,11,9,7,5,3,2,1,0
0,4,6,8,10,12,14,16,18,21,24,26,28,27,25,23,22,20,19,17,15,13,11,9,7,5,3,2,1,0
0,4,6,8,10,12,14,16,18,21,24,26,28,27,25,23,22,20,19,17,15,13,11,9,7,5,3,2,1,0
0,4,6,8,10,12,14,16,18,21,24,26,28,27,25,23,22,20,19,17,15,13,11,9,7,5,3,2,1,0
0,4,6,8,10,12,14,16,18,21,24,26,28,27,25,23,22,20,19,17,15,13,11,9,7,5,3,2,1,0
0,4,6,8,10,12,14,16,18,21,24,26,28,27,25,23,22,20,19,17,15,13,11,9,7,5,3,2,1,0
0,4,6,8,10,12,14,16,18,21,24,26,28,27,25,23,22,20,19,17,15,13,11,9,7,5,3,2,1,0
0,4,6,8,10,12,14,16,18,21,24,26,28,27,25,23,22,20,19,17,15,13,11,9,7,5,3,2,1,0
0,4,6,8,10,12,14,16,18,21,24,26,28,27,25,23,22,20,19,17,15,13,11,9,7,5,3,2,1,0
0,4,6,8,10,12,14,16,18,21,24,26,28,27,25,23,22,20,19,17,15,13,11,9,7,5,3,2,1,0
0,4,6,8,10,12,14,16,18,21,24,26,28,27,25,23,22,20,19,17,15,13,11,9,7,5,3,2,1,0
0,4,6,8,10,12,14,16,18,21,24,26,28,27,25,23,22,20,19,17,15,13,11,9,7,5,3,2,1,0
0,4,6,8,10,12,14,16,18,21,24,26,28,27,25,23,22,20,19,17,15,13,11,9,7,5,3,2,1,0
0,4,6,8,10,12,14,16,18,21,24,26,28,27,25,23,22,20,19,17,15,13,11,9,7,5,3,2,1,0
0,4,6,8,10,12,14,16,18,21,24,26,28,27,25,23,22,20,19,17,15,13,11,9,7,5,3,2,1,0
0,4,6,8,10,12,14,16,18,21,24,26,28,27,25,23,22,20,19,17,15,13,11,9,7,5,3,2,1,0
0,4,6,8,10,12,14,16,18,21,24,26,28,27,25,23,22,20,19,17,15,13,11,9,7,5,3,2,1,0
0,4,6,8,10,12,14,16,18,21,24,26,28,27,25,23,22,20,19,17,15,13,11,9,7,5,3,2,1,0
0,4,6,8,10,12,14,16,18,21,24,26,28,27,25,23,22,20,19,17,15,13,11,9,7,5,3,2,1,0
0,4,6,8,10,12,14,16,18,21,24,26,28,27,25,23,22,20,19,17,15,13,11,9,7,5,3,2,1,0
0,4,6,8,10,12,14,16,18,21,24,26,28,27,25,23,22,20,19,17,15,13,11,9,7,5,3,2,1,0
0,4,6,8,10,12,14,16,18,21,24,26,28,27,25,23,22,20,19,17,15,13,11,9,7,5,3,2,1,0
0,4,6,8,10,12,14,16,18,21,24,26,28,27,25,23,22,20,19,17,15,13,11,9,7,5,3,2,1,0
0,4,6,8,10,12,14,16,18,21,24,26,28,27,25,23,22,20,19,17,15,13,11,9,7,5,3,2,1,0
0,4,6,8,10,12,14,16,18,21,24,26,28,27,25,23,22,20,19,17,15,13,11,9,7,5,3,2,1,0
0,4,6,8,10,12,14,16,18,21,24,26,28,27,25,23,22,20,19,17,15,13,11,9,7,5,3,2,1,0
0,4,6,8,10,12,14,16,18,21,24,26,28,27,25,23,22,20,19,17,15,13,11,9,7,5,3,2,1,0
0,4,6,8,10,12,14,16,18,21,24,26,28,27,25,23,22,20,19,17,15,13,11,9,7,5,3,2,1,0
0,4,6,8,10,12,14,16,18,21,24,26,28,27,25,23,22,20,19,17,15,13,11,9,7,5,3,2,1,0
0,4,6,8,10,12,14,16,18,21,24,26,28,27,25,23,22,20,19,17,15,13,11,9,7,5,3,2,1,0
0,4,6,8,10,12,14,16,18,21,24,26,28,27,25,23,22,20,19,17,15,13,11,9,7,5,3,2,1,0
0,4,6,8,10,12,14,16,18,21,24,26,28,27,25,23,22,20,19,17,15,13,11,9,7,5,3,2,1,0
0,4,6,8,10,12,14,16,18,21,24,26,28,27,25,23,22,20,19,17,15,13,11,9,7,5,3,2,1,0
0,4,6,8,10,12,14,16,18,21,24,26,28,27,25,23,22,20,19,17,15,13,11,9,7,5,3,2,1,0
0,4,6,8,10,12,14,16,18,21,24,26,28,27,25,23,22,20,19,17,15,13,11,9,7,5,3,2,1,0
0,4,6,8,10,12,14,16,18,21,24,26,28,27,25,23,22,20,19,17,15,13,11,9,7,5,3,2,1,0
0,4,6,8,10,12,14,16,18,21,24,26,28,27,25,23,22,20,19,17,15,13,11,9,7,5,3,2,1,0
0,4,6,8,10,12,14,16,18,21,24,26,28,27,25,23,22,20,19,17,15,13,11,9,7,5,3,2,1,0
0,4,6,8,10,12,14,16,18,21,24,26,28,27,25,23,22,20,19,17,15,13,11,9,7,5,3,2,1,0
0,4,6,8,10,12,14,16,18,21,24,26,28,27,25,23,22,20,19,17,15,13,11,9,7,5,3,2,1,0
0,4,6,8,10,12,14,16,18,21,24,26,28,27,25,23,22,20,19,17,15,13,11,9,7,5,3,2,1,0
0,4,6,8,10,12,14,16,18,21,24,26,28,27,25,23,22,20,19,17,15,13,11,9,7,5,3,2,1,0
0,4,6,8,10,12,14,16,18,21,24,26,28,27,25,23,22,20,19,17,15,13,11,9,7,5,3,2,1,0
0,4,6,8,10,12,14,16,18,21,24,26,28,27,25,23,22,20,19,17,15,13,11,9,7,5,3,2,1,0
0,4,6,8,10,12,14,16,18,21,24,26,28,27,25,23,22,20,19,17,15,13,11,9,7,5,3,2,1,0
0,4,6,8,10,12,14,16,18,21,24,26,28,27,25,23,22,20,19,17,15,13,11,9,7,5,3,2,1,0
0,4,6,8,10,12,14,16,18,21,24,26,28,27,25,23,22,20,19,17,15,13,11,9,7,5,3,2,1,0
0,4,6,8,10,12,14,16,18,21,24,26,28,27,25,23,22,20,19,17,15,13,11,9,7,5,3,2,1,0
0,4,6,8,10,12,14,16,18,21,24,26,28,27,25,23,22,20,19,17,15,13,11,9,7,5,3,2,1,0
0,4,6,8,10,12,14,16,18,21,24,26,28,27,25,23,22,20,19,17,15,13,11,9,7,5,3,2,1,0
0,4,6,8,10,12,14,16,18,21,24,26,28,27,25,23,22,20,19,17,15,13,11,9,7,5,3,2,1,0
0,4,6,8,10,12,14,16,18,21,24,26,28,27,25,23,22,20,19,17,15,13,11,9,7,5,3,2,1,0
0,4,6,8,10,12,14,16,18,21,24,26,28,27,25,23,22,20,19,17,15,13,11,9,7,5,3,2,1,0
0,4,6,8,10,12,14,16,18,21,24,26,28,27,25,23,22,20,19,17,15,13,11,9,7,5,3,2,1,0
0,4,6,8,10,12,14,16,18,21,24,26,28,27,25,23,22,20,19,17,15,13,11,9,7,5,3,2,1,0
0,4,6,8,10,12,14,16,18,21,24,26,28,27,25,23,22,20,19,17,15,13,11,9,7,5,3,2,1,0
0,4,6,8,10,12,14,16,18,21,24,26,28,27,25,23,22,20,19,17,15,13,11,9,7,5,3,2,1,0
0,4,6,8,10,12,14,16,18,21,24,26,28,27,25,23,22,20,19,17,15,13,11,9,7,5,3,2,1,0
0,4,6,8,10,12,14,16,18,21,24,26,28,27,25,23,22,20,19,17,15,13,11,9,7,5,3,2,1,0
0,4,6,8,10,12,14,16,18,21,24,26,28,27,25,23,22,20,19,17,15,13,11,9,7,5,3,2,1,0
0,4,6,8,10,12,14,16,18,21,24,26,28,27,25,23,22,20,19,17,15,13,11,9,7,5,3,2,1,0
0,4,6,8,10,12,14,16,18,21,24,26,28,27,25,23,22,20,19,17,15,13,11,9,7,5,3,2,1,0
0,4,6,8,10,12,14,16,18,21,24,26,28,27,25,23,22,20,19,17,15,13,11,9,7,5,3,2,1,0
0,4,6,8,10,12,14,16,18,21,24,26,28,27,25,23,22,20,19,17,15,13,11,9,7,5,3,2,1,0
0,4,6,8,10,12,14,16,18,21,24,26,28,27,25,23,22,20,19,17,15,13,11,9,7,5,3,2,1,0
0,4,6,8,10,12,14,16,18,21,24,26,28,27,25,23,22,20,19,17,15,13,11,9,7,5,3,2,1,0
0,4,6,8,10,12,14,16,18,21,24,26,28,27,25,23,22,20,19,17,15,13,11,9,7,5,3,2,1,0
0,4,6,8,10,12,14,16,18,21,24,26,28,27,25,23,22,20,19,17,15,13,11,9,7,5,3,2,1,0
0,4,6,8,10,12,14,16,18,21,24,26,28,27,25,23,22,20,19,17,15,13,11,9,7,5,3,2,1,0
0,4,6,8,10,12,14,16,18,21,24,26,28,27,25,23,22,20,19,17,15,13,11,9,7,5,3,2,1,0
0,4,6,8,10,12,14,16,18,21,24,26,28,27,25,23,22,20,19,17,15,13,11,9,7,5,3,2,1,0
0,4,6,8,10,12,14,16,18,21,24,26,28,27,25,23,22,20,19,17,15,13,11,9,7,5,3,2,1,0
0,4,6,8,10,12,14,16,18,21,24,26,28,27,25,23,22,20,19,17,15,13,11,9,7,5,3,2,1,0
0,4,6,8,10,12,14,16,18,21,24,26,28,27,25,23,22,20,19,17,15,13,11,9,7,5,3,2,1,0
0,4,6,8,10,12,14,16,18,21,24,26,28,27,25,23,22,20,19,17,15,13,11,9,7,5,3,2,1,0
0,4,6,8,10,12,14,16,18,21,24,26,28,27,25,23,22,20,19,17,15,13,11,9,7,5,3,2,1,0
0,4,6,8,10,12,14,16,18,21,24,26,28,27,25,23,22,20,19,17,15,13,11,9,7,5,3,2,1,0
0,4,6,8,10,12,14,16,18,21,24,26,28,27,25,23,22,20,19,17,15,13,11,9,7,5,3,2,1,0
0,4,6,8,10,12,14,16,18,21,24,26,28,27,25,23,22,20,19,17,15,13,11,9,7,5,3,2,1,0
0,4,6,8,10,12,14,16,18,21,24,26,28,27,25,23,22,20,19,17,15,13,11,9,7,5,3,2,1,0
0,4,6,8,10,12,14,16,18,21,24,26,28,27,25,23,22,20,19,17,15,13,11,9,7,5,3,2,1,0
0,4,6,8,10,12,14,16,18,21,24,26,28,27,25,23,22,20,19,17,15,13,11,9,7,5,3,2,1,0
0,4,6,8,10,12,14,16,18,21,24,26,28,27,25,23,22,20,19,17,15,13,11,9,7,5,3,2,1,0
0,4,6,8,10,12,14,16,18,21,24,26,28,27,25,23,22,20,19,17,15,13,11,9,7,5,3,2,1,0
0,4,6,8,10,12,14,16,18,21,24,26,28,27,25,23,22,20,19,17,15,13,11,9,7,5,3,2,1,0
0,4,6,8,10,12,14,16,18,21,24,26,28,27,25,23,22,20,19,17,15,13,11,9,7,5,3,2,1,0
0,4,6,8,10,12,14,16,18,21,24,26,28,27,25,23,22,20,19,17,15,13,11,9,7,5,3,2,1,0
0,4,6,8,10,12,14,16,18,21,24,26,28,27,25,23,22,20,19,17,15,13,11,9,7,5,3,2,1,0
0,4,6,8,10,12,14,16,18,21,24,26,28,27,25,23,22,20,19,17,15,13,11,9,7,5,3,2,1,0
0,4,6,8,10,12,14,16,18,21,24,26,28,27,25,23,22,20,19,17,15,13,11,9,7,5,3,2,1,0
0,4,6,8,10,12,14,16,18,21,24,26,28,27,25,23,22,20,19,17,15,13,11,9,7,5,3,2,1,0
0,4,6,8,10,12,14,16,18,21,24,26,28,27,25,23,22,20,19,17,15,13,11,9,7,5,3,2,1,0
0,4,6,8,10,12,14,16,18,21,24,26,28,27,25,23,22,20,19,17,15,13,11,9,7,5,3,2,1,0
0,4,6,8,10,12,14,16,18,21,24,26,28,27,25,23,22,20,19,17,15,13,11,9,7,5,3,2,1,0
0,4,6,8,10,12,14,16,18,21,24,26,28,27,25,23,22,20,19,17,15,13,11,9,7,5,3,2,1,0
0,4,6,8,10,12,14,16,18,21,24,26,28,27,25,23,22,20,19,17,15,13,11,9,7,5,3,2,1,0
0,4,6,8,10,12,14,16,18,21,24,26,28,27,25,23,22,20,19,17,15,13,11,9,7,5,3,2,1,0
0,4,6,8,10,12,14,16,18,21,24,26,28,27,25,23,22,20,19,17,15,13,11,9,7,5,3,2,1,0
0,4,6,8,10,12,14,16,18,21,24,26,28,27,25,23,22,20,19,17,15,13,11,9,7,5,3,2,1,0
0,4,6,8,10,12,14,16,18,21,24,26,28,27,25,23,22,20,19,17,15,13,11,9,7,5,3,2,1,0
0,4,6,8,10,12,14,16,18,21,24,26,28,27,25,23,22,20,19,17,15,13,11,9,7,5,3,2,1,0
0,4,6,8,10,12,14,16,18,21,24,26,28,27,25,23,22,20,19,17,15,13,11,9,7,5,3,2,1,0
0,4,6,8,10,12,14,16,18,21,24,26,28,27,25,23,22,20,19,17,15,13,11,9,7,5,3,2,1,0
0,4,6,8,10,12,14,16,18,21,24,26,28,27,25,23,22,20,19,17,15,13,11,9,7,5,3,2,1,0
0,4,6,8,10,12,14,16,18,21,24,26,28,27,25,23,22,20,19,17,15,13,11,9,7,5,3,2,1,0
0,4,6,8,10,12,14,16,18,21,24,26,28,27,25,23,22,20,19,17,15,13,11,9,7,5,3,2,1,0
0,4,6,8,10,12,14,16,18,21,24,26,28,27,25,23,22,20,19,17,15,13,11,9,7,5,3,2,1,0
0,4,6,8,10,12,14,16,18,21,24,26,28,27,25,23,22,20,19,17,15,13,11,9,7,5,3,2,1,0
0,4,6,8,10,12,14,16,18,21,24,26,28,27,25,23,22,20,19,17,15,13,11,9,7,5,3,2,1,0
0,4,6,8,10,12,14,16,18,21,24,26,28,27,25,23,22,20,19,17,15,13,11,9,7,5,3,2,1,0
0,4,6,8,10,12,14,16,18,21,24,26,28,27,25,23,22,20,19,17,15,13,11,9,7,5,3,2,1,0
0,4,6,8,10,12,14,16,18,21,24,26,28,27,25,23,22,20,19,17,15,13,11,9,7,5,3,2,1,0
0,4,6,8,10,12,14,16,18,21,24,26,28,27,25,23,22,20,19,17,15,13,11,9,7,5,3,2,1,0
0,4,6,8,10,12,14,16,18,21,24,26,28,27,25,23,22,20,19,17,15,13,11,9,7,5,3,2,1,0
0,4,6,8,10,12,14,16,18,21,24,26,28,27,25,23,22,20,19,17,15,13,11,9,7,5,3,2,1,0
0,4,6,8,10,12,14,16,18,21,24,26,28,27,25,23,22,20,19,17,15,13,11,9,7,5,3,2,1,0
0,4,6,8,10,12,14,16,18,21,24,26,28,27,25,23,22,20,19,17,15,13,11,9,7,5,3,2,1,0
0,4,6,8,10,12,14,16,18,21,24,26,28,27,25,23,22,20,19,17,15,13,11,9,7,5,3,2,1,0
0,4,6,8,10,12,14,16,18,21,24,26,28,27,25,23,22,20,19,17,15,13,11,9,7,5,3,2,1,0
0,4,6,8,10,12,14,16,18,21,24,26,28,27,25,23,22,20,19,17,15,13,11,9,7,5,3,2,1,0
0,4,6,8,10,12,14,16,18,21,24,26,28,27,25,23,22,20,19,17,15,13,11,9,7,5,3,2,1,0
0,4,6,8,10,12,14,16,18,21,24,26,28,27,25,23,22,20,19,17,15,13,11,9,7,5,3,2,1,0
0,4,6,8,10,12,14,16,18,21,24,26,28,27,25,23,22,20,19,17,15,13,11,9,7,5,3,2,1,0
0,4,6,8,10,12,14,16,18,21,24,26,28,27,25,23,22,20,19,17,15,13,11,9,7,5,3,2,1,0
0,4,6,8,10,12,14,16,18,21,24,26,28,27,25,23,22,20,19,17,15,13,11,9,7,5,3,2,1,0
0,4,6,8,10,12,14,16,18,21,24,26,28,27,25,23,22,20,19,17,15,13,11,9,7,5,3,2,1,0
0,4,6,8,10,12,14,16,18,21,24,26,28,27,25,23,22,20,19,17,15,13,11,9,7,5,3,2,1,0
0,4,6,8,10,12,14,16,18,21,24,26,28,27,25,23,22,20,19,17,15,13,11,9,7,5,3,2,1,0
0,4,6,8,10,12,14,16,18,21,24,26,28,27,25,23,22,20,19,17,15,13,11,9,7,5,3,2,1,0
0,4,6,8,10,12,14,16,18,21,24,26,28,27,25,23,22,20,19,17,15,13,11,9,7,5,3,2,1,0
0,4,6,8,10,12,14,16,18,21,24,26,28,27,25,23,22,20,19,17,15,13,11,9,7,5,3,2,1,0
0,4,6,8,10,12,14,16,18,21,24,26,28,27,25,23,22,20,19,17,15,13,11,9,7,5,3,2,1,0
0,4,6,8,10,12,14,16,18,21,24,26,28,27,25,23,22,20,19,17,15,13,11,9,7,5,3,2,1,0
0,4,6,8,10,12,14,16,18,21,24,26,28,27,25,23,22,20,19,17,15,13,11,9,7,5,3,2,1,0
0,4,6,8,10,12,14,16,18,21,24,26,28,27,25,23,22,20,19,17,15,13,11,9,7,5,3,2,1,0
0,4,6,8,10,12,14,16,18,21,24,26,28,27,25,23,22,20,19,17,15,13,11,9,7,5,3,2,1,0
0,4,6,8,10,12,14,16,18,21,24,26,28,27,25,23,22,20,19,17,15,13,11,9,7,5,3,2,1,0
0,4,6,8,10,12,14,16,18,21,24,26,28,27,25,23,22,20,19,17,15,13,11,9,7,5,3,2,1,0
0,4,6,8,10,12,14,16,18,21,24,26,28,27,25,23,22,20,19,17,15,13,11,9,7,5,3,2,1,0
0,4,6,8,10,12,14,16,18,21,24,26,28,27,25,23,22,20,19,17,15,13,11,9,7,5,3,2,1,0
0,4,6,8,10,12,14,16,18,21,24,26,28,27,25,23,22,20,19,17,15,13,11,9,7,5,3,2,1,0
0,4,6,8,10,12,14,16,18,21,24,26,28,27,25,23,22,20,19,17,15,13,11,9,7,5,3,2,1,0
0,4,6,8,10,12,14,16,18,21,24,26,28,27,25,23,22,20,19,17,15,13,11,9,7,5,3,2,1,0
0,4,6,8,10,12,14,16,18,21,24,26,28,27,25,23,22,20,19,17,15,13,11,9,7,5,3,2,1,0
0,4,6,8,10,12,14,16,18,21,24,26,28,27,25,23,22,20,19,17,15,13,11,9,7,5,3,2,1,0
0,4,6,8,10,12,14,16,18,21,24,26,28,27,25,23,22,20,19,17,15,13,11,9,7,5,3,2,1,0
0,4,6,8,10,12,14,16,18,21,24,26,28,27,25,23,22,20,19,17,15,13,11,9,7,5,3,2,1,0
0,4,6,8,10,12,14,16,18,21,24,26,28,27,25,23,22,20,19,17,15,13,11,9,7,5,3,2,1,0
0,4,6,8,10,12,14,16,18,21,24,26,28,27,25,23,22,20,19,17,15,13,11,9,7,5,3,2,1,0
0,4,6,8,10,12,14,16,18,21,24,26,28,27,25,23,22,20,19,17,15,13,11,9,7,5,3,2,1,0
0,4,6,8,10,12,14,16,18,21,24,26,28,27,25,23,22,20,19,17,15,13,11,9,7,5,3,2,1,0
0,4,6,8,10,12,14,16,18,21,24,26,28,27,25,23,22,20,19,17,15,13,11,9,7,5,3,2,1,0
0,4,6,8,10,12,14,16,18,21,24,26,28,27,25,23,22,20,19,17,15,13,11,9,7,5,3,2,1,0
0,4,6,8,10,12,14,16,18,21,24,26,28,27,25,23,22,20,19,17,15,13,11,9,7,5,3,2,1,0
0,4,6,8,10,12,14,16,18,21,24,26,28,27,25,23,22,20,19,17,15,13,11,9,7,5,3,2,1,0
0,4,6,8,10,12,14,16,18,21,24,26,28,27,25,23,22,20,19,17,15,13,11,9,7,5,3,2,1,0
0,4,6,8,10,12,14,16,18,21,24,26,28,27,25,23,22,20,19,17,15,13,11,9,7,5,3,2,1,0
0,4,6,8,10,12,14,16,18,21,24,26,28,27,25,23,22,20,19,17,15,13,11,9,7,5,3,2,1,0
0,4,6,8,10,12,14,16,18,21,24,26,28,27,25,23,22,20,19,17,15,13,11,9,7,5,3,2,1,0
0,4,6,8,10,12,14,16,18,21,24,26,28,27,25,23,22,20,19,17,15,13,11,9,7,5,3,2,1,0
0,4,6,8,10,12,14,16,18,21,24,26,28,27,25,23,22,20,19,17,15,13,11,9,7,5,3,2,1,0
0,4,6,8,10,12,14,16,18,21,24,26,28,27,25,23,22,20,19,17,15,13,11,9,7,5,3,2,1,0
0,4,6,8,10,12,14,16,18,21,24,26,28,27,25,23,22,20,19,17,15,13,11,9,7,5,3,2,1,0
0,4,6,8,10,12,14,16,18,21,24,26,28,27,25,23,22,20,19,17,15,13,11,9,7,5,3,2,1,0
0,4,6,8,10,12,14,16,18,21,24,26,28,27,25,23,22,20,19,17,15,13,11,9,7,5,3,2,1,0
0,4,6,8,10,12,14,16,18,21,24,26,28,27,25,23,22,20,19,17,15,13,11,9,7,5,3,2,1,0
0,4,6,8,10,12,14,16,18,21,24,26,28,27,25,23,22,20,19,17,15,13,11,9,7,5,3,2,1,0
0,4,6,8,10,12,14,16,18,21,24,26,28,27,25,23,22,20,19,17,15,13,11,9,7,5,3,2,1,0
0,4,6,8,10,12,14,16,18,21,24,26,28,27,25,23,22,20,19,17,15,13,11,9,7,5,3,2,1,0
0,4,6,8,10,12,14,16,18,21,24,26,28,27,25,23,22,20,19,17,15,13,11,9,7,5,3,2,1,0
0,4,6,8,10,12,14,16,18,21,24,26,28,27,25,23,22,20,19,17,15,13,11,9,7,5,3,2,1,0
0,4,6,8,10,12,14,16,18,21,24,26,28,27,25,23,22,20,19,17,15,13,11,9,7,5,3,2,1,0
0,4,6,8,10,12,14,16,18,21,24,26,28,27,25,23,22,20,19,17,15,13,11,9,7,5,3,2,1,0
0,4,6,8,10,12,14,16,18,21,24,26,28,27,25,23,22,20,19,17,15,13,11,9,7,5,3,2,1,0
0,4,6,8,10,12,14,16,18,21,24,26,28,27,25,23,22,20,19,17,15,13,11,9,7,5,3,2,1,0
0,4,6,8,10,12,14,16,18,21,24,26,28,27,25,23,22,20,19,17,15,13,11,9,7,5,3,2,1,0
0,4,6,8,10,12,14,16,18,21,24,26,28,27,25,23,22,20,19,17,15,13,11,9,7,5,3,2,1,0
0,4,6,8,10,12,14,16,18,21,24,26,28,27,25,23,22,20,19,17,15,13,11,9,7,5,3,2,1,0
0,4,6,8,10,12,14,16,18,21,24,26,28,27,25,23,22,20,19,17,15,13,11,9,7,5,3,2,1,0
0,4,6,8,10,12,14,16,18,21,24,26,28,27,25,23,22,20,19,17,15,13,11,9,7,5,3,2,1,0
0,4,6,8,10,12,14,16,18,21,24,26,28,27,25,23,22,20,19,17,15,13,11,9,7,5,3,2,1,0
0,4,6,8,10,12,14,16,18,21,24,26,28,27,25,23,22,20,19,17,15,13,11,9,7,5,3,2,1,0
0,4,6,8,10,12,14,16,18,21,24,26,28,27,25,23,22,20,19,17,15,13,11,9,7,5,3,2,1,0
0,4,6,8,10,12,14,16,18,21,24,26,28,27,25,23,22,20,19,17,15,13,11,9,7,5,3,2,1,0
0,4,6,8,10,12,14,16,18,21,24,26,28,27,25,23,22,20,19,17,15,13,11,9,7,5,3,2,1,0
0,4,6,8,10,12,14,16,18,21,24,26,28,27,25,23,22,20,19,17,15,13,11,9,7,5,3,2,1,0
0,4,6,8,10,12,14,16,18,21,24,26,28,27,25,23,22,20,19,17,15,13,11,9,7,5,3,2,1,0
0,4,6,8,10,12,14,16,18,21,24,26,28,27,25,23,22,20,19,17,15,13,11,9,7,5,3,2,1,0
0,4,6,8,10,12,14,16,18,21,24,26,28,27,25,23,22,20,19,17,15,13,11,9,7,5,3,2,1,0
0,4,6,8,10,12,14,16,18,21,24,26,28,27,25,23,22,20,19,17,15,13,11,9,7,5,3,2,1,0
0,4,6,8,10,12,14,16,18,21,24,26,28,27,25,23,22,20,19,17,15,13,11,9,7,5,3,2,1,0
0,4,6,8,10,12,14,16,18,21,24,26,28,27,25,23,22,20,19,17,15,13,11,9,7,5,3,2,1,0
0,4,6,8,10,12,14,16,18,21,24,26,28,27,25,23,22,20,19,17,15,13,11,9,7,5,3,2,1,0
0,4,6,8,10,12,14,16,18,21,24,26,28,27,25,23,22,20,19,17,15,13,11,9,7,5,3,2,1,0
0,4,6,8,10,12,14,16,18,21,24,26,28,27,25,23,22,20,19,17,15,13,11,9,7,5,3,2,1,0
0,4,6,8,10,12,14,16,18,21,24,26,28,27,25,23,22,20,19,17,15,13,11,9,7,5,3,2,1,0
0,4,6,8,10,12,14,16,18,21,24,26,28,27,25,23,22,20,19,17,15,13,11,9,7,5,3,2,1,0
0,4,6,8,10,12,14,16,18,21,24,26,28,27,25,23,22,20,19,17,15,13,11,9,7,5,3,2,1,0
0,4,6,8,10,12,14,16,18,21,24,26,28,27,25,23,22,20,19,17,15,13,11,9,7,5,3,2,1,0
0,4,6,8,10,12,14,16,18,21,24,26,28,27,25,23,22,20,19,17,15,13,11,9,7,5,3,2,1,0
0,4,6,8,10,12,14,16,18,21,24,26,28,27,25,23,22,20,19,17,15,13,11,9,7,5,3,2,1,0
0,4,6,8,10,12,14,16,18,21,24,26,28,27,25,23,22,20,19,17,15,13,11,9,7,5,3,2,1,0
0,4,6,8,10,12,14,16,18,21,24,26,28,27,25,23,22,20,19,17,15,13,11,9,7,5,3,2,1,0
0,4,6,8,10,12,14,16,18,21,24,26,28,27,25,23,22,20,19,17,15,13,11,9,7,5,3,2,1,0
0,4,6,8,10,12,14,16,18,21,24,26,28,27,25,23,22,20,19,17,15,13,11,9,7,5,3,2,1,0
0,4,6,8,10,12,14,16,18,21,24,26,28,27,25,23,22,20,19,17,15,13,11,9,7,5,3,2,1,0
0,4,6,8,10,12,14,16,18,21,24,26,28,27,25,23,22,20,19,17,15,13,11,9,7,5,3,2,1,0
0,4,6,8,10,12,14,16,18,21,24,26,28,27,25,23,22,20,19,17,15,13,11,9,7,5,3,2,1,0
0,4,6,8,10,12,14,16,18,21,24,26,28,27,25,23,22,20,19,17,15,13,11,9,7,5,3,2,1,0
0,4,6,8,10,12,14,16,18,21,24,26,28,27,25,23,22,20,19,17,15,13,11,9,7,5,3,2,1,0
0,4,6,8,10,12,14,16,18,21,24,26,28,27,25,23,22,20,19,17,15,13,11,9,7,5,3,2,1,0
0,4,6,8,10,12,14,16,18,21,24,26,28,27,25,23,22,20,19,17,15,13,11,9,7,5,3,2,1,0
0,4,6,8,10,12,14,16,18,21,24,26,28,27,25,23,22,20,19,17,15,13,11,9,7,5,3,2,1,0
0,4,6,8,10,12,14,16,18,21,24,26,28,27,25,23,22,20,19,17,15,13,11,9,7,5,3,2,1,0
0,4,6,8,10,12,14,16,18,21,24,26,28,27,25,23,22,20,19,17,15,13,11,9,7,5,3,2,1,0
0,4,6,8,10,12,14,16,18,21,24,26,28,27,25,23,22,20,19,17,15,13,11,9,7,5,3,2,1,0
0,4,6,8,10,12,14,16,18,21,24,26,28,27,25,23,22,20,19,17,15,13,11,9,7,5,3,2,1,0
0,4,6,8,10,12,14,16,18,21,24,26,28,27,25,23,22,20,19,17,15,13,11,9,7,5,3,2,1,0
0,4,6,8,10,12,14,16,18,21,24,26,28,27,25,23,22,20,19,17,15,13,11,9,7,5,3,2,1,0
0,4,6,8,10,12,14,16,18,21,24,26,28,27,25,23,22,20,19,17,15,13,11,9,7,5,3,2,1,0
0,4,6,8,10,12,14,16,18,21,24,26,28,27,25,23,22,20,19,17,15,13,11,9,7,5,3,2,1,0
0,4,6,8,10,12,14,16,18,21,24,26,28,27,25,23,22,20,19,17,15,13,11,9,7,5,3,2,1,0
0,4,6,8,10,12,14,16,18,21,24,26,28,27,25,23,22,20,19,17,15,13,11,9,7,5,3,2,1,0
0,4,6,8,10,12,14,16,18,21,24,26,28,27,25,23,22,20,19,17,15,13,11,9,7,5,3,2,1,0
0,4,6,8,10,12,14,16,18,21,24,26,28,27,25,23,22,20,19,17,15,13,11,9,7,5,3,2,1,0
0,4,6,8,10,12,14,16,18,21,24,26,28,27,25,23,22,20,19,17,15,13,11,9,7,5,3,2,1,0
0,4,6,8,10,12,14,16,18,21,24,26,28,27,25,23,22,20,19,17,15,13,11,9,7,5,3,2,1,0
0,4,6,8,10,12,14,16,18,21,24,26,28,27,25,23,22,20,19,17,15,13,11,9,7,5,3,2,1,0
0,4,6,8,10,12,14,16,18,21,24,26,28,27,25,23,22,20,19,17,15,13,11,9,7,5,3,2,1,0
0,4,6,8,10,12,14,16,18,21,24,26,28,27,25,23,22,20,19,17,15,13,11,9,7,5,3,2,1,0
0,4,6,8,10,12,14,16,18,21,24,26,28,27,25,23,22,20,19,17,15,13,11,9,7,5,3,2,1,0
0,4,6,8,10,12,14,16,18,21,24,26,28,27,25,23,22,20,19,17,15,13,11,9,7,5,3,2,1,0
0,4,6,8,10,12,14,16,18,21,24,26,28,27,25,23,22,20,19,17,15,13,11,9,7,5,3,2,1,0
0,4,6,8,10,12,14,16,18,21,24,26,28,27,25,23,22,20,19,17,15,13,11,9,7,5,3,2,1,0
0,4,6,8,10,12,14,16,18,21,24,26,28,27,25,23,22,20,19,17,15,13,11,9,7,5,3,2,1,0
0,4,6,8,10,12,14,16,18,21,24,26,28,27,25,23,22,20,19,17,15,13,11,9,7,5,3,2,1,0
0,4,6,8,10,12,14,16,18,21,24,26,28,27,25,23,22,20,19,17,15,13,11,9,7,5,3,2,1,0
0,4,6,8,10,12,14,16,18,21,24,26,28,27,25,23,22,20,19,17,15,13,11,9,7,5,3,2,1,0
0,4,6,8,10,12,14,16,18,21,24,26,28,27,25,23,22,20,19,17,15,13,11,9,7,5,3,2,1,0
0,4,6,8,10,12,14,16,18,21,24,26,28,27,25,23,22,20,19,17,15,13,11,9,7,5,3,2,1,0
0,4,6,8,10,12,14,16,18,21,24,26,28,27,25,23,22,20,19,17,15,13,11,9,7,5,3,2,1,0
0,4,6,8,10,12,14,16,18,21,24,26,28,27,25,23,22,20,19,17,15,13,11,9,7,5,3,2,1,0
0,4,6,8,10,12,14,16,18,21,24,26,28,27,25,23,22,20,19,17,15,13,11,9,7,5,3,2,1,0
0,4,6,8,10,12,14,16,18,21,24,26,28,27,25,23,22,20,19,17,15,13,11,9,7,5,3,2,1,0
0,4,6,8,10,12,14,16,18,21,24,26,28,27,25,23,22,20,19,17,15,13,11,9,7,5,3,2,1,0
0,4,6,8,10,12,14,16,18,21,24,26,28,27,25,23,22,20,19,17,15,13,11,9,7,5,3,2,1,0
0,4,6,8,10,12,14,16,18,21,24,26,28,27,25,23,22,20,19,17,15,13,11,9,7,5,3,2,1,0
0,4,6,8,10,12,14,16,18,21,24,26,28,27,25,23,22,20,19,17,15,13,11,9,7,5,3,2,1,0
0,4,6,8,10,12,14,16,18,21,24,26,28,27,25,23,22,20,19,17,15,13,11,9,7,5,3,2,1,0
0,4,6,8,10,12,14,16,18,21,24,26,28,27,25,23,22,20,19,17,15,13,11,9,7,5,3,2,1,0
0,4,6,8,10,12,14,16,18,21,24,26,28,27,25,23,22,20,19,17,15,13,11,9,7,5,3,2,1,0
0,4,6,8,10,12,14,16,18,21,24,26,28,27,25,23,22,20,19,17,15,13,11,9,7,5,3,2,1,0
0,4,6,8,10,12,14,16,18,21,24,26,28,27,25,23,22,20,19,17,15,13,11,9,7,5,3,2,1,0
0,4,6,8,10,12,14,16,18,21,24,26,28,27,25,23,22,20,19,17,15,13,11,9,7,5,3,2,1,0
0,4,6,8,10,12,14,16,18,21,24,26,28,27,25,23,22,20,19,17,15,13,11,9,7,5,3,2,1,0
0,4,6,8,10,12,14,16,18,21,24,26,28,27,25,23,22,20,19,17,15,13,11,9,7,5,3,2,1,0
0,4,6,8,10,12,14,16,18,21,24,26,28,27,25,23,22,20,19,17,15,13,11,9,7,5,3,2,1,0
0,4,6,8,10,12,14,16,18,21,24,26,28,27,25,23,22,20,19,17,15,13,11,9,7,5,3,2,1,0
0,4,6,8,10,12,14,16,18,21,24,26,28,27,25,23,22,20,19,17,15,13,11,9,7,5,3,2,1,0
0,4,6,8,10,12,14,16,18,21,24,26,28,27,25,23,22,20,19,17,15,13,11,9,7,5,3,2,1,0
0,4,6,8,10,12,14,16,18,21,24,26,28,27,25,23,22,20,19,17,15,13,11,9,7,5,3,2,1,0
0,4,6,8,10,12,14,16,18,21,24,26,28,27,25,23,22,20,19,17,15,13,11,9,7,5,3,2,1,0
0,4,6,8,10,12,14,16,18,21,24,26,28,27,25,23,22,20,19,17,15,13,11,9,7,5,3,2,1,0
0,4,6,8,10,12,14,16,18,21,24,26,28,27,25,23,22,20,19,17,15,13,11,9,7,5,3,2,1,0
0,4,6,8,10,12,14,16,18,21,24,26,28,27,25,23,22,20,19,17,15,13,11,9,7,5,3,2,1,0
0,4,6,8,10,12,14,16,18,21,24,26,28,27,25,23,22,20,19,17,15,13,11,9,7,5,3,2,1,0
0,4,6,8,10,12,14,16,18,21,24,26,28,27,25,23,22,20,19,17,15,13,11,9,7,5,3,2,1,0
0,4,6,8,10,12,14,16,18,21,24,26,28,27,25,23,22,20,19,17,15,13,11,9,7,5,3,2,1,0
0,4,6,8,10,12,14,16,18,21,24,26,28,27,25,23,22,20,19,17,15,13,11,9,7,5,3,2,1,0
0,4,6,8,10,12,14,16,18,21,24,26,28,27,25,23,22,20,19,17,15,13,11,9,7,5,3,2,1,0
0,4,6,8,10,12,14,16,18,21,24,26,28,27,25,23,22,20,19,17,15,13,11,9,7,5,3,2,1,0
0,4,6,8,10,12,14,16,18,21,24,26,28,27,25,23,22,20,19,17,15,13,11,9,7,5,3,2,1,0
0,4,6,8,10,12,14,16,18,21,24,26,28,27,25,23,22,20,19,17,15,13,11,9,7,5,3,2,1,0
0,4,6,8,10,12,14,16,18,21,24,26,28,27,25,23,22,20,19,17,15,13,11,9,7,5,3,2,1,0
0,4,6,8,10,12,14,16,18,21,24,26,28,27,25,23,22,20,19,17,15,13,11,9,7,5,3,2,1,0
0,4,6,8,10,12,14,16,18,21,24,26,28,27,25,23,22,20,19,17,15,13,11,9,7,5,3,2,1,0
0,4,6,8,10,12,14,16,18,21,24,26,28,27,25,23,22,20,19,17,15,13,11,9,7,5,3,2,1,0
0,4,6,8,10,12,14,16,18,21,24,26,28,27,25,23,22,20,19,17,15,13,11,9,7,5,3,2,1,0
0,4,6,8,10,12,14,16,18,21,24,26,28,27,25,23,22,20,19,17,15,13,11,9,7,5,3,2,1,0
0,4,6,8,10,12,14,16,18,21,24,26,28,27,25,23,22,20,19,17,15,13,11,9,7,5,3,2,1,0
0,4,6,8,10,12,14,16,18,21,24,26,28,27,25,23,22,20,19,17,15,13,11,9,7,5,3,2,1,0
0,4,6,8,10,12,14,16,18,21,24,26,28,27,25,23,22,20,19,17,15,13,11,9,7,5,3,2,1,0
0,4,6,8,10,12,14,16,18,21,24,26,28,27,25,23,22,20,19,17,15,13,11,9,7,5,3,2,1,0
0,4,6,8,10,12,14,16,18,21,24,26,28,27,25,23,22,20,19,17,15,13,11,9,7,5,3,2,1,0
0,4,6,8,10,12,14,16,18,21,24,26,28,27,25,23,22,20,19,17,15,13,11,9,7,5,3,2,1,0
0,4,6,8,10,12,14,16,18,21,24,26,28,27,25,23,22,20,19,17,15,13,11,9,7,5,3,2,1,0
0,4,6,8,10,12,14,16,18,21,24,26,28,27,25,23,22,20,19,17,15,13,11,9,7,5,3,2,1,0
0,4,6,8,10,12,14,16,18,21,23,25,27,28,26,24,22,20,19,17,15,13,11,9,7,5,3,2,1,0
0,4,6,8,10,12,14,16,18,21,23,25,27,28,26,24,22,20,19,17,15,13,11,9,7,5,3,2,1,0
0,4,6,8,10,12,14,16,18,21,23,25,27,28,26,24,22,20,19,17,15,13,11,9,7,5,3,2,1,0
0,4,6,8,10,12,14,16,18,21,23,25,27,28,26,24,22,20,19,17,15,13,11,9,7,5,3,2,1,0
0,4,6,8,10,12,14,16,18,21,23,25,27,28,26,24,22,20,19,17,15,13,11,9,7,5,3,2,1,0
0,4,6,8,10,12,14,16,18,21,23,25,27,28,26,24,22,20,19,17,15,13,11,9,7,5,3,2,1,0
0,4,6,8,10,12,14,16,18,21,23,25,27,28,26,24,22,20,19,17,15,13,11,9,7,5,3,2,1,0
0,4,6,8,10,12,14,16,18,21,23,25,27,28,26,24,22,20,19,17,15,13,11,9,7,5,3,2,1,0
0,4,6,8,10,12,14,16,18,21,23,25,27,28,26,24,22,20,19,17,15,13,11,9,7,5,3,2,1,0
0,4,6,8,10,12,14,16,18,21,23,25,27,28,26,24,22,20,19,17,15,13,11,9,7,5,3,2,1,0
0,4,6,8,10,12,14,16,18,21,23,25,27,28,26,24,22,20,19,17,15,13,11,9,7,5,3,2,1,0
0,4,6,8,10,12,14,16,18,21,23,25,27,28,26,24,22,20,19,17,15,13,11,9,7,5,3,2,1,0
0,4,6,8,10,12,14,16,18,21,23,25,27,28,26,24,22,20,19,17,15,13,11,9,7,5,3,2,1,0
0,4,6,8,10,12,14,16,18,21,23,25,27,28,26,24,22,20,19,17,15,13,11,9,7,5,3,2,1,0
0,4,6,8,10,12,14,16,18,21,23,25,27,28,26,24,22,20,19,17,15,13,11,9,7,5,3,2,1,0
0,4,6,8,10,12,14,16,18,21,23,25,27,28,26,24,22,20,19,17,15,13,11,9,7,5,3,2,1,0
0,4,6,8,10,12,14,16,18,21,23,25,27,28,26,24,22,20,19,17,15,13,11,9,7,5,3,2,1,0
0,4,6,8,10,12,14,16,18,21,23,25,27,28,26,24,22,20,19,17,15,13,11,9,7,5,3,2,1,0
0,4,6,8,10,12,14,16,18,21,23,25,27,28,26,24,22,20,19,17,15,13,11,9,7,5,3,2,1,0
0,4,6,8,10,12,14,16,18,21,23,25,27,28,26,24,22,20,19,17,15,13,11,9,7,5,3,2,1,0
0,4,6,8,10,12,14,16,18,21,23,25,27,28,26,24,22,20,19,17,15,13,11,9,7,5,3,2,1,0
0,4,6,8,10,12,14,16,18,21,23,25,27,28,26,24,22,20,19,17,15,13,11,9,7,5,3,2,1,0
0,4,6,8,10,12,14,16,18,21,23,25,27,28,26,24,22,20,19,17,15,13,11,9,7,5,3,2,1,0
0,4,6,8,10,12,14,16,18,21,23,25,27,28,26,24,22,20,19,17,15,13,11,9,7,5,3,2,1,0
0,4,6,8,10,12,14,16,18,21,23,25,27,28,26,24,22,20,19,17,15,13,11,9,7,5,3,2,1,0
0,4,6,8,10,12,14,16,18,21,23,25,27,28,26,24,22,20,19,17,15,13,11,9,7,5,3,2,1,0
0,4,6,8,10,12,14,16,18,21,23,25,27,28,26,24,22,20,19,17,15,13,11,9,7,5,3,2,1,0
0,4,6,8,10,12,14,16,18,21,23,25,27,28,26,24,22,20,19,17,15,13,11,9,7,5,3,2,1,0
0,4,6,8,10,12,14,16,18,21,23,25,27,28,26,24,22,20,19,17,15,13,11,9,7,5,3,2,1,0
0,4,6,8,10,12,14,16,18,21,23,25,27,28,26,24,22,20,19,17,15,13,11,9,7,5,3,2,1,0
0,4,6,8,10,12,14,16,18,21,23,25,27,28,26,24,22,20,19,17,15,13,11,9,7,5,3,2,1,0
0,4,6,8,10,12,14,16,18,21,23,25,27,28,26,24,22,20,19,17,15,13,11,9,7,5,3,2,1,0
0,4,6,8,10,12,14,16,18,21,23,25,27,28,26,24,22,20,19,17,15,13,11,9,7,5,3,2,1,0
0,4,6,8,10,12,14,16,18,21,23,25,27,28,26,24,22,20,19,17,15,13,11,9,7,5,3,2,1,0
0,4,6,8,10,12,14,16,18,21,23,25,27,28,26,24,22,20,19,17,15,13,11,9,7,5,3,2,1,0
0,4,6,8,10,12,14,16,18,21,23,25,27,28,26,24,22,20,19,17,15,13,11,9,7,5,3,2,1,0
0,4,6,8,10,12,14,16,18,21,23,25,27,28,26,24,22,20,19,17,15,13,11,9,7,5,3,2,1,0
0,4,6,8,10,12,14,16,18,21,23,25,27,28,26,24,22,20,19,17,15,13,11,9,7,5,3,2,1,0
0,4,6,8,10,12,14,16,18,21,23,25,27,28,26,24,22,20,19,17,15,13,11,9,7,5,3,2,1,0
0,4,6,8,10,12,14,16,18,21,23,25,27,28,26,24,22,20,19,17,15,13,11,9,7,5,3,2,1,0
0,4,6,8,10,12,14,16,18,21,23,25,27,28,26,24,22,20,19,17,15,13,11,9,7,5,3,2,1,0
0,4,6,8,10,12,14,16,18,21,23,25,27,28,26,24,22,20,19,17,15,13,11,9,7,5,3,2,1,0
0,4,6,8,10,12,14,16,18,21,24,26,28,27,25,23,22,20,19,17,15,13,11,9,7,5,3,2,1,0
0,4,6,8,10,12,14,16,18,21,24,26,28,27,25,23,22,20,19,17,15,13,11,9,7,5,3,2,1,0
0,4,6,8,10,12,14,16,18,21,24,26,28,27,25,23,22,20,19,17,15,13,11,9,7,5,3,2,1,0
0,4,6,8,10,12,14,16,18,21,24,26,28,27,25,23,22,20,19,17,15,13,11,9,7,5,3,2,1,0
0,4,6,8,10,12,14,16,18,21,24,26,28,27,25,23,22,20,19,17,15,13,11,9,7,5,3,2,1,0
0,4,6,8,10,12,14,16,18,21,24,26,28,27,25,23,22,20,19,17,15,13,11,9,7,5,3,2,1,0
0,4,6,8,10,12,14,16,18,21,24,26,28,27,25,23,22,20,19,17,15,13,11,9,7,5,3,2,1,0
0,4,6,8,10,12,14,16,18,21,24,26,28,27,25,23,22,20,19,17,15,13,11,9,7,5,3,2,1,0
0,4,6,8,10,12,14,16,18,21,24,26,28,27,25,23,22,20,19,17,15,13,11,9,7,5,3,2,1,0
0,4,6,8,10,12,14,16,18,21,24,26,28,27,25,23,22,20,19,17,15,13,11,9,7,5,3,2,1,0
0,4,6,8,10,12,14,16,18,21,24,26,28,27,25,23,22,20,19,17,15,13,11,9,7,5,3,2,1,0
0,4,6,8,10,12,14,16,18,21,24,26,28,27,25,23,22,20,19,17,15,13,11,9,7,5,3,2,1,0
0,4,6,8,10,12,14,16,18,21,24,26,28,27,25,23,22,20,19,17,15,13,11,9,7,5,3,2,1,0
0,4,6,8,10,12,14,16,18,21,24,26,28,27,25,23,22,20,19,17,15,13,11,9,7,5,3,2,1,0
0,4,6,8,10,12,14,16,18,21,24,26,28,27,25,23,22,20,19,17,15,13,11,9,7,5,3,2,1,0
0,4,6,8,10,12,14,16,18,21,24,26,28,27,25,23,22,20,19,17,15,13,11,9,7,5,3,2,1,0
0,4,6,8,10,12,14,16,18,21,24,26,28,27,25,23,22,20,19,17,15,13,11,9,7,5,3,2,1,0
0,4,6,8,10,12,14,16,18,21,24,26,28,27,25,23,22,20,19,17,15,13,11,9,7,5,3,2,1,0
0,4,6,8,10,12,14,16,18,21,24,26,28,27,25,23,22,20,19,17,15,13,11,9,7,5,3,2,1,0
0,4,6,8,10,12,14,16,18,21,24,26,28,27,25,23,22,20,19,17,15,13,11,9,7,5,3,2,1,0
0,4,6,8,10,12,14,16,18,21,24,26,28,27,25,23,22,20,19,17,15,13,11,9,7,5,3,2,1,0
0,4,6,8,10,12,14,16,18,21,24,26,28,27,25,23,22,20,19,17,15,13,11,9,7,5,3,2,1,0
0,4,6,8,10,12,14,16,18,21,24,26,28,27,25,23,22,20,19,17,15,13,11,9,7,5,3,2,1,0
0,4,6,8,10,12,14,16,18,21,24,26,28,27,25,23,22,20,19,17,15,13,11,9,7,5,3,2,1,0
0,4,6,8,10,12,14,16,18,21,24,26,28,27,25,23,22,20,19,17,15,13,11,9,7,5,3,2,1,0
0,4,6,8,10,12,14,16,18,21,24,26,28,27,25,23,22,20,19,17,15,13,11,9,7,5,3,2,1,0
0,4,6,8,10,12,14,16,18,21,24,26,28,27,25,23,22,20,19,17,15,13,11,9,7,5,3,2,1,0
0,4,6,8,10,12,14,16,18,21,24,26,28,27,25,23,22,20,19,17,15,13,11,9,7,5,3,2,1,0
0,4,6,8,10,12,14,16,18,21,24,26,28,27,25,23,22,20,19,17,15,13,11,9,7,5,3,2,1,0
0,4,6,8,10,12,14,16,18,21,24,26,28,27,25,23,22,20,19,17,15,13,11,9,7,5,3,2,1,0
0,4,6,8,10,12,14,16,18,21,24,26,28,27,25,23,22,20,19,17,15,13,11,9,7,5,3,2,1,0
0,4,6,8,10,12,14,16,18,21,24,26,28,27,25,23,22,20,19,17,15,13,11,9,7,5,3,2,1,0
0,4,6,8,10,12,14,16,18,21,24,26,28,27,25,23,22,20,19,17,15,13,11,9,7,5,3,2,1,0
0,4,6,8,10,12,14,16,18,21,24,26,28,27,25,23,22,20,19,17,15,13,11,9,7,5,3,2,1,0
0,4,6,8,10,12,14,16,18,21,24,26,28,27,25,23,22,20,19,17,15,13,11,9,7,5,3,2,1,0
0,4,6,8,10,12,14,16,18,21,24,26,28,27,25,23,22,20,19,17,15,13,11,9,7,5,3,2,1,0
0,4,6,8,10,12,14,16,18,21,24,26,28,27,25,23,22,20,19,17,15,13,11,9,7,5,3,2,1,0
0,4,6,8,10,12,14,16,18,21,24,26,28,27,25,23,22,20,19,17,15,13,11,9,7,5,3,2,1,0
0,4,6,8,10,12,14,16,18,21,24,26,28,27,25,23,22,20,19,17,15,13,11,9,7,5,3,2,1,0
0,4,6,8,10,12,14,16,18,21,24,26,28,27,25,23,22,20,19,17,15,13,11,9,7,5,3,2,1,0
0,4,6,8,10,12,14,16,18,21,24,26,28,27,25,23,22,20,19,17,15,13,11,9,7,5,3,2,1,0
0,4,6,8,10,12,14,16,18,21,24,26,28,27,25,23,22,20,19,17,15,13,11,9,7,5,3,2,1,0
0,4,6,8,10,12,14,16,18,21,24,26,28,27,25,23,22,20,19,17,15,13,11,9,7,5,3,2,1,0
0,4,6,8,10,12,14,16,18,21,24,26,28,27,25,23,22,20,19,17,15,13,11,9,7,5,3,2,1,0
0,4,6,8,10,12,14,16,18,21,24,26,28,27,25,23,22,20,19,17,15,13,11,9,7,5,3,2,1,0
0,4,6,8,10,12,14,16,18,21,24,26,28,27,25,23,22,20,19,17,15,13,11,9,7,5,3,2,1,0
0,4,6,8,10,12,14,16,18,21,24,26,28,27,25,23,22,20,19,17,15,13,11,9,7,5,3,2,1,0
0,4,6,8,10,12,14,16,18,21,24,26,28,27,25,23,22,20,19,17,15,13,11,9,7,5,3,2,1,0
0,4,6,8,10,12,14,16,18,21,24,26,28,27,25,23,22,20,19,17,15,13,11,9,7,5,3,2,1,0
0,4,6,8,10,12,14,16,18,21,24,26,28,27,25,23,22,20,19,17,15,13,11,9,7,5,3,2,1,0
0,4,6,8,10,12,14,16,18,21,24,26,28,27,25,23,22,20,19,17,15,13,11,9,7,5,3,2,1,0
0,4,6,8,10,12,14,16,18,21,24,26,28,27,25,23,22,20,19,17,15,13,11,9,7,5,3,2,1,0
0,4,6,8,10,12,14,16,18,21,24,26,28,27,25,23,22,20,19,17,15,13,11,9,7,5,3,2,1,0
0,4,6,8,10,12,14,16,18,21,24,26,28,27,25,23,22,20,19,17,15,13,11,9,7,5,3,2,1,0
0,4,6,8,10,12,14,16,18,21,24,26,28,27,25,23,22,20,19,17,15,13,11,9,7,5,3,2,1,0
0,4,6,8,10,12,14,16,18,21,24,26,28,27,25,23,22,20,19,17,15,13,11,9,7,5,3,2,1,0
0,4,6,8,10,12,14,16,18,21,23,25,27,28,26,24,22,20,19,17,15,13,11,9,7,5,3,2,1,0
0,4,6,8,10,12,14,16,18,21,24,26,28,27,25,23,22,20,19,17,15,13,11,9,7,5,3,2,1,0
0,4,6,8,10,12,14,16,18,21,24,26,28,27,25,23,22,20,19,17,15,13,11,9,7,5,3,2,1,0
0,4,6,8,10,12,14,16,18,21,24,26,28,27,25,23,22,20,19,17,15,13,11,9,7,5,3,2,1,0
0,4,6,8,10,12,14,16,18,21,24,26,28,27,25,23,22,20,19,17,15,13,11,9,7,5,3,2,1,0
0,4,6,8,10,12,14,16,18,21,24,26,28,27,25,23,22,20,19,17,15,13,11,9,7,5,3,2,1,0
0,4,6,8,10,12,14,16,18,21,24,26,28,27,25,23,22,20,19,17,15,13,11,9,7,5,3,2,1,0
0,4,6,8,10,12,14,16,18,21,24,26,28,27,25,23,22,20,19,17,15,13,11,9,7,5,3,2,1,0
0,4,6,8,10,12,14,16,18,21,24,26,28,27,25,23,22,20,19,17,15,13,11,9,7,5,3,2,1,0
0,4,6,8,10,12,14,16,18,21,24,26,28,27,25,23,22,20,19,17,15,13,11,9,7,5,3,2,1,0
0,4,6,8,10,12,14,16,18,21,24,26,28,27,25,23,22,20,19,17,15,13,11,9,7,5,3,2,1,0
0,4,6,8,10,12,14,16,18,21,24,26,28,27,25,23,22,20,19,17,15,13,11,9,7,5,3,2,1,0
0,4,6,8,10,12,14,16,18,21,24,26,28,27,25,23,22,20,19,17,15,13,11,9,7,5,3,2,1,0
0,4,6,8,10,12,14,16,18,21,24,26,28,27,25,23,22,20,19,17,15,13,11,9,7,5,3,2,1,0
0,4,6,8,10,12,14,16,18,21,24,26,28,27,25,23,22,20,19,17,15,13,11,9,7,5,3,2,1,0
0,4,6,8,10,12,14,16,18,21,24,26,28,27,25,23,22,20,19,17,15,13,11,9,7,5,3,2,1,0
0,4,6,8,10,12,14,16,18,21,24,26,28,27,25,23,22,20,19,17,15,13,11,9,7,5,3,2,1,0
0,4,6,8,10,12,14,16,18,21,24,26,28,27,25,23,22,20,19,17,15,13,11,9,7,5,3,2,1,0
0,4,6,8,10,12,14,16,18,21,24,26,28,27,25,23,22,20,19,17,15,13,11,9,7,5,3,2,1,0
0,4,6,8,10,12,14,16,18,21,24,26,28,27,25,23,22,20,19,17,15,13,11,9,7,5,3,2,1,0
0,4,6,8,10,12,14,16,18,21,24,26,28,27,25,23,22,20,19,17,15,13,11,9,7,5,3,2,1,0
0,4,6,8,10,12,14,16,18,21,24,26,28,27,25,23,22,20,19,17,15,13,11,9,7,5,3,2,1,0
0,4,6,8,10,12,14,16,18,21,24,26,28,27,25,23,22,20,19,17,15,13,11,9,7,5,3,2,1,0
0,4,6,8,10,12,14,16,18,21,24,26,28,27,25,23,22,20,19,17,15,13,11,9,7,5,3,2,1,0
0,4,6,8,10,12,14,16,18,21,24,26,28,27,25,23,22,20,19,17,15,13,11,9,7,5,3,2,1,0
0,4,6,8,10,12,14,16,18,21,24,26,28,27,25,23,22,20,19,17,15,13,11,9,7,5,3,2,1,0
0,4,6,8,10,12,14,16,18,21,24,26,28,27,25,23,22,20,19,17,15,13,11,9,7,5,3,2,1,0
0,4,6,8,10,12,14,16,18,21,24,26,28,27,25,23,22,20,19,17,15,13,11,9,7,5,3,2,1,0
0,4,6,8,10,12,14,16,18,21,24,26,28,27,25,23,22,20,19,17,15,13,11,9,7,5,3,2,1,0
0,4,6,8,10,12,14,16,18,21,24,26,28,27,25,23,22,20,19,17,15,13,11,9,7,5,3,2,1,0
0,4,6,8,10,12,14,16,18,21,24,26,28,27,25,23,22,20,19,17,15,13,11,9,7,5,3,2,1,0
0,4,6,8,10,12,14,16,18,21,24,26,28,27,25,23,22,20,19,17,15,13,11,9,7,5,3,2,1,0
0,4,6,8,10,12,14,16,18,21,24,26,28,27,25,23,22,20,19,17,15,13,11,9,7,5,3,2,1,0
0,4,6,8,10,12,14,16,18,21,24,26,28,27,25,23,22,20,19,17,15,13,11,9,7,5,3,2,1,0
0,4,6,8,10,12,14,16,18,21,24,26,28,27,25,23,22,20,19,17,15,13,11,9,7,5,3,2,1,0
0,4,6,8,10,12,14,16,18,21,24,26,28,27,25,23,22,20,19,17,15,13,11,9,7,5,3,2,1,0
0,4,6,8,10,12,14,16,18,21,24,26,28,27,25,23,22,20,19,17,15,13,11,9,7,5,3,2,1,0
0,4,6,8,10,12,14,16,18,21,24,26,28,27,25,23,22,20,19,17,15,13,11,9,7,5,3,2,1,0
0,4,6,8,10,12,14,16,18,21,24,26,28,27,25,23,22,20,19,17,15,13,11,9,7,5,3,2,1,0
0,4,6,8,10,12,14,16,18,21,24,26,28,27,25,23,22,20,19,17,15,13,11,9,7,5,3,2,1,0
0,4,6,8,10,12,14,16,18,21,24,26,28,27,25,23,22,20,19,17,15,13,11,9,7,5,3,2,1,0
0,4,6,8,10,12,14,16,18,21,24,26,28,27,25,23,22,20,19,17,15,13,11,9,7,5,3,2,1,0
0,4,6,8,10,12,14,16,18,21,24,26,28,27,25,23,22,20,19,17,15,13,11,9,7,5,3,2,1,0
0,4,6,8,10,12,14,16,18,21,24,26,28,27,25,23,22,20,19,17,15,13,11,9,7,5,3,2,1,0
0,4,6,8,10,12,14,16,18,21,24,26,28,27,25,23,22,20,19,17,15,13,11,9,7,5,3,2,1,0
0,4,6,8,10,12,14,16,18,21,24,26,28,27,25,23,22,20,19,17,15,13,11,9,7,5,3,2,1,0
0,4,6,8,10,12,14,16,18,21,24,26,28,27,25,23,22,20,19,17,15,13,11,9,7,5,3,2,1,0
0,4,6,8,10,12,14,16,18,21,24,26,28,27,25,23,22,20,19,17,15,13,11,9,7,5,3,2,1,0
0,4,6,8,10,12,14,16,18,21,24,26,28,27,25,23,22,20,19,17,15,13,11,9,7,5,3,2,1,0
0,4,6,8,10,12,14,16,18,21,24,26,28,27,25,23,22,20,19,17,15,13,11,9,7,5,3,2,1,0
0,4,6,8,10,12,14,16,18,21,24,26,28,27,25,23,22,20,19,17,15,13,11,9,7,5,3,2,1,0
0,4,6,8,10,12,14,16,18,21,24,26,28,27,25,23,22,20,19,17,15,13,11,9,7,5,3,2,1,0
0,4,6,8,10,12,14,16,18,21,24,26,28,27,25,23,22,20,19,17,15,13,11,9,7,5,3,2,1,0
0,4,6,8,10,12,14,16,18,21,24,26,28,27,25,23,22,20,19,17,15,13,11,9,7,5,3,2,1,0
0,4,6,8,10,12,14,16,18,21,24,26,28,27,25,23,22,20,19,17,15,13,11,9,7,5,3,2,1,0
0,4,6,8,10,12,14,16,18,21,24,26,28,27,25,23,22,20,19,17,15,13,11,9,7,5,3,2,1,0
0,4,6,8,10,12,14,16,18,21,24,26,28,27,25,23,22,20,19,17,15,13,11,9,7,5,3,2,1,0
0,4,6,8,10,12,14,16,18,21,24,26,28,27,25,23,22,20,19,17,15,13,11,9,7,5,3,2,1,0
0,4,6,8,10,12,14,16,18,21,24,26,28,27,25,23,22,20,19,17,15,13,11,9,7,5,3,2,1,0
0,4,6,8,10,12,14,16,18,21,24,26,28,27,25,23,22,20,19,17,15,13,11,9,7,5,3,2,1,0
0,4,6,8,10,12,14,16,18,21,24,26,28,27,25,23,22,20,19,17,15,13,11,9,7,5,3,2,1,0
0,4,6,8,10,12,14,16,18,21,24,26,28,27,25,23,22,20,19,17,15,13,11,9,7,5,3,2,1,0
0,4,6,8,10,12,14,16,18,21,24,26,28,27,25,23,22,20,19,17,15,13,11,9,7,5,3,2,1,0
0,4,6,8,10,12,14,16,18,21,24,26,28,27,25,23,22,20,19,17,15,13,11,9,7,5,3,2,1,0
0,4,6,8,10,12,14,16,18,21,24,26,28,27,25,23,22,20,19,17,15,13,11,9,7,5,3,2,1,0
0,4,6,8,10,12,14,16,18,21,24,26,28,27,25,23,22,20,19,17,15,13,11,9,7,5,3,2,1,0
0,4,6,8,10,12,14,16,18,21,24,26,28,27,25,23,22,20,19,17,15,13,11,9,7,5,3,2,1,0
0,4,6,8,10,12,14,16,18,21,24,26,28,27,25,23,22,20,19,17,15,13,11,9,7,5,3,2,1,0
0,4,6,8,10,12,14,16,18,21,24,26,28,27,25,23,22,20,19,17,15,13,11,9,7,5,3,2,1,0
0,4,6,8,10,12,14,16,18,21,24,26,28,27,25,23,22,20,19,17,15,13,11,9,7,5,3,2,1,0
0,4,6,8,10,12,14,16,18,21,24,26,28,27,25,23,22,20,19,17,15,13,11,9,7,5,3,2,1,0
0,4,6,8,10,12,14,16,18,21,24,26,28,27,25,23,22,20,19,17,15,13,11,9,7,5,3,2,1,0
0,4,6,8,10,12,14,16,18,21,24,26,28,27,25,23,22,20,19,17,15,13,11,9,7,5,3,2,1,0
0,4,6,8,10,12,14,16,18,21,24,26,28,27,25,23,22,20,19,17,15,13,11,9,7,5,3,2,1,0
0,4,6,8,10,12,14,16,18,21,24,26,28,27,25,23,22,20,19,17,15,13,11,9,7,5,3,2,1,0
0,4,6,8,10,12,14,16,18,21,24,26,28,27,25,23,22,20,19,17,15,13,11,9,7,5,3,2,1,0
0,4,6,8,10,12,14,16,18,21,24,26,28,27,25,23,22,20,19,17,15,13,11,9,7,5,3,2,1,0
0,4,6,8,10,12,14,16,18,21,24,26,28,27,25,23,22,20,19,17,15,13,11,9,7,5,3,2,1,0
0,4,6,8,10,12,14,16,18,21,24,26,28,27,25,23,22,20,19,17,15,13,11,9,7,5,3,2,1,0
0,4,6,8,10,12,14,16,18,21,24,26,28,27,25,23,22,20,19,17,15,13,11,9,7,5,3,2,1,0
0,4,6,8,10,12,14,16,18,21,24,26,28,27,25,23,22,20,19,17,15,13,11,9,7,5,3,2,1,0
0,4,6,8,10,12,14,16,18,21,24,26,28,27,25,23,22,20,19,17,15,13,11,9,7,5,3,2,1,0
0,4,6,8,10,12,14,16,18,21,24,26,28,27,25,23,22,20,19,17,15,13,11,9,7,5,3,2,1,0
0,4,6,8,10,12,14,16,18,21,24,26,28,27,25,23,22,20,19,17,15,13,11,9,7,5,3,2,1,0
0,4,6,8,10,12,14,16,18,21,24,26,28,27,25,23,22,20,19,17,15,13,11,9,7,5,3,2,1,0
0,4,6,8,10,12,14,16,18,21,24,26,28,27,25,23,22,20,19,17,15,13,11,9,7,5,3,2,1,0
0,4,6,8,10,12,14,16,18,21,24,26,28,27,25,23,22,20,19,17,15,13,11,9,7,5,3,2,1,0
0,4,6,8,10,12,14,16,18,21,24,26,28,27,25,23,22,20,19,17,15,13,11,9,7,5,3,2,1,0
0,4,6,8,10,12,14,16,18,21,24,26,28,27,25,23,22,20,19,17,15,13,11,9,7,5,3,2,1,0
0,4,6,8,10,12,14,16,18,21,24,26,28,27,25,23,22,20,19,17,15,13,11,9,7,5,3,2,1,0
0,4,6,8,10,12,14,16,18,21,24,26,28,27,25,23,22,20,19,17,15,13,11,9,7,5,3,2,1,0
0,4,6,8,10,12,14,16,18,21,24,26,28,27,25,23,22,20,19,17,15,13,11,9,7,5,3,2,1,0
0,4,6,8,10,12,14,16,18,21,24,26,28,27,25,23,22,20,19,17,15,13,11,9,7,5,3,2,1,0
0,4,6,8,10,12,14,16,18,21,24,26,28,27,25,23,22,20,19,17,15,13,11,9,7,5,3,2,1,0
0,4,6,8,10,12,14,16,18,21,24,26,28,27,25,23,22,20,19,17,15,13,11,9,7,5,3,2,1,0
0,4,6,8,10,12,14,16,18,21,24,26,28,27,25,23,22,20,19,17,15,13,11,9,7,5,3,2,1,0
0,4,6,8,10,12,14,16,18,21,24,26,28,27,25,23,22,20,19,17,15,13,11,9,7,5,3,2,1,0
0,4,6,8,10,12,14,16,18,21,24,26,28,27,25,23,22,20,19,17,15,13,11,9,7,5,3,2,1,0
0,4,6,8,10,12,14,16,18,21,24,26,28,27,25,23,22,20,19,17,15,13,11,9,7,5,3,2,1,0
0,4,6,8,10,12,14,16,18,21,24,26,28,27,25,23,22,20,19,17,15,13,11,9,7,5,3,2,1,0
0,4,6,8,10,12,14,16,18,21,24,26,28,27,25,23,22,20,19,17,15,13,11,9,7,5,3,2,1,0
0,4,6,8,10,12,14,16,18,21,24,26,28,27,25,23,22,20,19,17,15,13,11,9,7,5,3,2,1,0
0,4,6,8,10,12,14,16,18,21,24,26,28,27,25,23,22,20,19,17,15,13,11,9,7,5,3,2,1,0
0,4,6,8,10,12,14,16,18,21,24,26,28,27,25,23,22,20,19,17,15,13,11,9,7,5,3,2,1,0
0,4,6,8,10,12,14,16,18,21,24,26,28,27,25,23,22,20,19,17,15,13,11,9,7,5,3,2,1,0
0,4,6,8,10,12,14,16,18,21,24,26,28,27,25,23,22,20,19,17,15,13,11,9,7,5,3,2,1,0
0,4,6,8,10,12,14,16,18,21,24,26,28,27,25,23,22,20,19,17,15,13,11,9,7,5,3,2,1,0
0,4,6,8,10,12,14,16,18,21,24,26,28,27,25,23,22,20,19,17,15,13,11,9,7,5,3,2,1,0
0,4,6,8,10,12,14,16,18,21,24,26,28,27,25,23,22,20,19,17,15,13,11,9,7,5,3,2,1,0
0,4,6,8,10,12,14,16,18,21,24,26,28,27,25,23,22,20,19,17,15,13,11,9,7,5,3,2,1,0
0,4,6,8,10,12,14,16,18,21,24,26,28,27,25,23,22,20,19,17,15,13,11,9,7,5,3,2,1,0
0,4,6,8,10,12,14,16,18,21,24,26,28,27,25,23,22,20,19,17,15,13,11,9,7,5,3,2,1,0
0,4,6,8,10,12,14,16,18,21,24,26,28,27,25,23,22,20,19,17,15,13,11,9,7,5,3,2,1,0
0,4,6,8,10,12,14,16,18,21,24,26,28,27,25,23,22,20,19,17,15,13,11,9,7,5,3,2,1,0
0,4,6,8,10,12,14,16,18,21,24,26,28,27,25,23,22,20,19,17,15,13,11,9,7,5,3,2,1,0
0,4,6,8,10,12,14,16,18,21,24,26,28,27,25,23,22,20,19,17,15,13,11,9,7,5,3,2,1,0
0,4,6,8,10,12,14,16,18,21,24,26,28,27,25,23,22,20,19,17,15,13,11,9,7,5,3,2,1,0
0,4,6,8,10,12,14,16,18,21,24,26,28,27,25,23,22,20,19,17,15,13,11,9,7,5,3,2,1,0
0,4,6,8,10,12,14,16,18,21,24,26,28,27,25,23,22,20,19,17,15,13,11,9,7,5,3,2,1,0
0,4,6,8,10,12,14,16,18,21,24,26,28,27,25,23,22,20,19,17,15,13,11,9,7,5,3,2,1,0
0,4,6,8,10,12,14,16,18,21,24,26,28,27,25,23,22,20,19,17,15,13,11,9,7,5,3,2,1,0
0,4,6,8,10,12,14,16,18,21,24,26,28,27,25,23,22,20,19,17,15,13,11,9,7,5,3,2,1,0
0,4,6,8,10,12,14,16,18,21,24,26,28,27,25,23,22,20,19,17,15,13,11,9,7,5,3,2,1,0
0,4,6,8,10,12,14,16,18,21,24,26,28,27,25,23,22,20,19,17,15,13,11,9,7,5,3,2,1,0
0,4,6,8,10,12,14,16,18,21,24,26,28,27,25,23,22,20,19,17,15,13,11,9,7,5,3,2,1,0
0,4,6,8,10,12,14,16,18,21,24,26,28,27,25,23,22,20,19,17,15,13,11,9,7,5,3,2,1,0
0,4,6,8,10,12,14,16,18,21,24,26,28,27,25,23,22,20,19,17,15,13,11,9,7,5,3,2,1,0
0,4,6,8,10,12,14,16,18,21,24,26,28,27,25,23,22,20,19,17,15,13,11,9,7,5,3,2,1,0
0,4,6,8,10,12,14,16,18,21,24,26,28,27,25,23,22,20,19,17,15,13,11,9,7,5,3,2,1,0
0,4,6,8,10,12,14,16,18,21,24,26,28,27,25,23,22,20,19,17,15,13,11,9,7,5,3,2,1,0
0,4,6,8,10,12,14,16,18,21,24,26,28,27,25,23,22,20,19,17,15,13,11,9,7,5,3,2,1,0
0,4,6,8,10,12,14,16,18,21,24,26,28,27,25,23,22,20,19,17,15,13,11,9,7,5,3,2,1,0
0,4,6,8,10,12,14,16,18,21,24,26,28,27,25,23,22,20,19,17,15,13,11,9,7,5,3,2,1,0
0,4,6,8,10,12,14,16,18,21,24,26,28,27,25,23,22,20,19,17,15,13,11,9,7,5,3,2,1,0
0,4,6,8,10,12,14,16,18,21,24,26,28,27,25,23,22,20,19,17,15,13,11,9,7,5,3,2,1,0
0,4,6,8,10,12,14,16,18,21,24,26,28,27,25,23,22,20,19,17,15,13,11,9,7,5,3,2,1,0
0,4,6,8,10,12,14,16,18,21,24,26,28,27,25,23,22,20,19,17,15,13,11,9,7,5,3,2,1,0
0,4,6,8,10,12,14,16,18,21,24,26,28,27,25,23,22,20,19,17,15,13,11,9,7,5,3,2,1,0
0,4,6,8,10,12,14,16,18,21,24,26,28,27,25,23,22,20,19,17,15,13,11,9,7,5,3,2,1,0
0,4,6,8,10,12,14,16,18,21,24,26,28,27,25,23,22,20,19,17,15,13,11,9,7,5,3,2,1,0
0,4,6,8,10,12,14,16,18,21,24,26,28,27,25,23,22,20,19,17,15,13,11,9,7,5,3,2,1,0
0,4,6,8,10,12,14,16,18,21,24,26,28,27,25,23,22,20,19,17,15,13,11,9,7,5,3,2,1,0
0,4,6,8,10,12,14,16,18,21,24,26,28,27,25,23,22,20,19,17,15,13,11,9,7,5,3,2,1,0
0,4,6,8,10,12,14,16,18,21,24,26,28,27,25,23,22,20,19,17,15,13,11,9,7,5,3,2,1,0
0,4,6,8,10,12,14,16,18,21,24,26,28,27,25,23,22,20,19,17,15,13,11,9,7,5,3,2,1,0
0,4,6,8,10,12,14,16,18,21,24,26,28,27,25,23,22,20,19,17,15,13,11,9,7,5,3,2,1,0
0,4,6,8,10,12,14,16,18,21,24,26,28,27,25,23,22,20,19,17,15,13,11,9,7,5,3,2,1,0
0,4,6,8,10,12,14,16,18,21,24,26,28,27,25,23,22,20,19,17,15,13,11,9,7,5,3,2,1,0
0,4,6,8,10,12,14,16,18,21,24,26,28,27,25,23,22,20,19,17,15,13,11,9,7,5,3,2,1,0
0,4,6,8,10,12,14,16,18,21,24,26,28,27,25,23,22,20,19,17,15,13,11,9,7,5,3,2,1,0
0,4,6,8,10,12,14,16,18,21,24,26,28,27,25,23,22,20,19,17,15,13,11,9,7,5,3,2,1,0
0,4,6,8,10,12,14,16,18,21,24,26,28,27,25,23,22,20,19,17,15,13,11,9,7,5,3,2,1,0
0,4,6,8,10,12,14,16,18,21,24,26,28,27,25,23,22,20,19,17,15,13,11,9,7,5,3,2,1,0
0,4,6,8,10,12,14,16,18,21,24,26,28,27,25,23,22,20,19,17,15,13,11,9,7,5,3,2,1,0
0,4,6,8,10,12,14,16,18,21,24,26,28,27,25,23,22,20,19,17,15,13,11,9,7,5,3,2,1,0
0,4,6,8,10,12,14,16,18,21,24,26,28,27,25,23,22,20,19,17,15,13,11,9,7,5,3,2,1,0
0,4,6,8,10,12,14,16,18,21,24,26,28,27,25,23,22,20,19,17,15,13,11,9,7,5,3,2,1,0
0,4,6,8,10,12,14,16,18,21,24,26,28,27,25,23,22,20,19,17,15,13,11,9,7,5,3,2,1,0
0,4,6,8,10,12,14,16,18,21,24,26,28,27,25,23,22,20,19,17,15,13,11,9,7,5,3,2,1,0
0,4,6,8,10,12,14,16,18,21,24,26,28,27,25,23,22,20,19,17,15,13,11,9,7,5,3,2,1,0
0,4,6,8,10,12,14,16,18,21,24,26,28,27,25,23,22,20,19,17,15,13,11,9,7,5,3,2,1,0
0,4,6,8,10,12,14,16,18,21,24,26,28,27,25,23,22,20,19,17,15,13,11,9,7,5,3,2,1,0
0,4,6,8,10,12,14,16,18,21,24,26,28,27,25,23,22,20,19,17,15,13,11,9,7,5,3,2,1,0
0,4,6,8,10,12,14,16,18,21,24,26,28,27,25,23,22,20,19,17,15,13,11,9,7,5,3,2,1,0
0,4,6,8,10,12,14,16,18,21,24,26,28,27,25,23,22,20,19,17,15,13,11,9,7,5,3,2,1,0
0,4,6,8,10,12,14,16,18,21,24,26,28,27,25,23,22,20,19,17,15,13,11,9,7,5,3,2,1,0
0,4,6,8,10,12,14,16,18,21,24,26,28,27,25,23,22,20,19,17,15,13,11,9,7,5,3,2,1,0
0,4,6,8,10,12,14,16,18,21,24,26,28,27,25,23,22,20,19,17,15,13,11,9,7,5,3,2,1,0
0,4,6,8,10,12,14,16,18,21,24,26,28,27,25,23,22,20,19,17,15,13,11,9,7,5,3,2,1,0
0,4,6,8,10,12,14,16,18,21,24,26,28,27,25,23,22,20,19,17,15,13,11,9,7,5,3,2,1,0
0,4,6,8,10,12,14,16,18,21,24,26,28,27,25,23,22,20,19,17,15,13,11,9,7,5,3,2,1,0
0,4,6,8,10,12,14,16,18,21,24,26,28,27,25,23,22,20,19,17,15,13,11,9,7,5,3,2,1,0
0,4,6,8,10,12,14,16,18,21,24,26,28,27,25,23,22,20,19,17,15,13,11,9,7,5,3,2,1,0
0,4,6,8,10,12,14,16,18,21,24,26,28,27,25,23,22,20,19,17,15,13,11,9,7,5,3,2,1,0
0,4,6,8,10,12,14,16,18,21,24,26,28,27,25,23,22,20,19,17,15,13,11,9,7,5,3,2,1,0
0,4,6,8,10,12,14,16,18,21,24,26,28,27,25,23,22,20,19,17,15,13,11,9,7,5,3,2,1,0
0,4,6,8,10,12,14,16,18,21,24,26,28,27,25,23,22,20,19,17,15,13,11,9,7,5,3,2,1,0
0,4,6,8,10,12,14,16,18,21,24,26,28,27,25,23,22,20,19,17,15,13,11,9,7,5,3,2,1,0
0,4,6,8,10,12,14,16,18,21,24,26,28,27,25,23,22,20,19,17,15,13,11,9,7,5,3,2,1,0
0,4,6,8,10,12,14,16,18,21,24,26,28,27,25,23,22,20,19,17,15,13,11,9,7,5,3,2,1,0
0,4,6,8,10,12,14,16,18,21,24,26,28,27,25,23,22,20,19,17,15,13,11,9,7,5,3,2,1,0
0,4,6,8,10,12,14,16,18,21,24,26,28,27,25,23,22,20,19,17,15,13,11,9,7,5,3,2,1,0
0,4,6,8,10,12,14,16,18,21,24,26,28,27,25,23,22,20,19,17,15,13,11,9,7,5,3,2,1,0
0,4,6,8,10,12,14,16,18,21,24,26,28,27,25,23,22,20,19,17,15,13,11,9,7,5,3,2,1,0
0,4,6,8,10,12,14,16,18,21,24,26,28,27,25,23,22,20,19,17,15,13,11,9,7,5,3,2,1,0
0,4,6,8,10,12,14,16,18,21,24,26,28,27,25,23,22,20,19,17,15,13,11,9,7,5,3,2,1,0
0,4,6,8,10,12,14,16,18,21,24,26,28,27,25,23,22,20,19,17,15,13,11,9,7,5,3,2,1,0
0,4,6,8,10,12,14,16,18,21,24,26,28,27,25,23,22,20,19,17,15,13,11,9,7,5,3,2,1,0
0,4,6,8,10,12,14,16,18,21,24,26,28,27,25,23,22,20,19,17,15,13,11,9,7,5,3,2,1,0
0,4,6,8,10,12,14,16,18,21,24,26,28,27,25,23,22,20,19,17,15,13,11,9,7,5,3,2,1,0
0,4,6,8,10,12,14,16,18,21,24,26,28,27,25,23,22,20,19,17,15,13,11,9,7,5,3,2,1,0
0,4,6,8,10,12,14,16,18,21,24,26,28,27,25,23,22,20,19,17,15,13,11,9,7,5,3,2,1,0
0,4,6,8,10,12,14,16,18,21,24,26,28,27,25,23,22,20,19,17,15,13,11,9,7,5,3,2,1,0
0,4,6,8,10,12,14,16,18,21,24,26,28,27,25,23,22,20,19,17,15,13,11,9,7,5,3,2,1,0
0,4,6,8,10,12,14,16,18,21,24,26,28,27,25,23,22,20,19,17,15,13,11,9,7,5,3,2,1,0
0,4,6,8,10,12,14,16,18,21,24,26,28,27,25,23,22,20,19,17,15,13,11,9,7,5,3,2,1,0
0,4,6,8,10,12,14,16,18,21,24,26,28,27,25,23,22,20,19,17,15,13,11,9,7,5,3,2,1,0
0,4,6,8,10,12,14,16,18,21,24,26,28,27,25,23,22,20,19,17,15,13,11,9,7,5,3,2,1,0
0,4,6,8,10,12,14,16,18,21,24,26,28,27,25,23,22,20,19,17,15,13,11,9,7,5,3,2,1,0
0,4,6,8,10,12,14,16,18,21,24,26,28,27,25,23,22,20,19,17,15,13,11,9,7,5,3,2,1,0
0,4,6,8,10,12,14,16,18,21,24,26,28,27,25,23,22,20,19,17,15,13,11,9,7,5,3,2,1,0
0,4,6,8,10,12,14,16,18,21,24,26,28,27,25,23,22,20,19,17,15,13,11,9,7,5,3,2,1,0
0,4,6,8,10,12,14,16,18,21,24,26,28,27,25,23,22,20,19,17,15,13,11,9,7,5,3,2,1,0
0,4,6,8,10,12,14,16,18,21,24,26,28,27,25,23,22,20,19,17,15,13,11,9,7,5,3,2,1,0
0,4,6,8,10,12,14,16,18,21,24,26,28,27,25,23,22,20,19,17,15,13,11,9,7,5,3,2,1,0
0,4,6,8,10,12,14,16,18,21,24,26,28,27,25,23,22,20,19,17,15,13,11,9,7,5,3,2,1,0
0,4,6,8,10,12,14,16,18,21,24,26,28,27,25,23,22,20,19,17,15,13,11,9,7,5,3,2,1,0
0,4,6,8,10,12,14,16,18,21,24,26,28,27,25,23,22,20,19,17,15,13,11,9,7,5,3,2,1,0
0,4,6,8,10,12,14,16,18,21,24,26,28,27,25,23,22,20,19,17,15,13,11,9,7,5,3,2,1,0
0,4,6,8,10,12,14,16,18,21,24,26,28,27,25,23,22,20,19,17,15,13,11,9,7,5,3,2,1,0
0,4,6,8,10,12,14,16,18,21,24,26,28,27,25,23,22,20,19,17,15,13,11,9,7,5,3,2,1,0
0,4,6,8,10,12,14,16,18,21,24,26,28,27,25,23,22,20,19,17,15,13,11,9,7,5,3,2,1,0
0,4,6,8,10,12,14,16,18,21,24,26,28,27,25,23,22,20,19,17,15,13,11,9,7,5,3,2,1,0
0,4,6,8,10,12,14,16,18,21,24,26,28,27,25,23,22,20,19,17,15,13,11,9,7,5,3,2,1,0
0,4,6,8,10,12,14,16,18,21,24,26,28,27,25,23,22,20,19,17,15,13,11,9,7,5,3,2,1,0
0,4,6,8,10,12,14,16,18,21,24,26,28,27,25,23,22,20,19,17,15,13,11,9,7,5,3,2,1,0
0,4,6,8,10,12,14,16,18,21,24,26,28,27,25,23,22,20,19,17,15,13,11,9,7,5,3,2,1,0
0,4,6,8,10,12,14,16,18,21,24,26,28,27,25,23,22,20,19,17,15,13,11,9,7,5,3,2,1,0
0,4,6,8,10,12,14,16,18,21,24,26,28,27,25,23,22,20,19,17,15,13,11,9,7,5,3,2,1,0
0,4,6,8,10,12,14,16,18,21,24,26,28,27,25,23,22,20,19,17,15,13,11,9,7,5,3,2,1,0
0,4,6,8,10,12,14,16,18,21,24,26,28,27,25,23,22,20,19,17,15,13,11,9,7,5,3,2,1,0
0,4,6,8,10,12,14,16,18,21,23,25,27,28,26,24,22,20,19,17,15,13,11,9,7,5,3,2,1,0
0,4,6,8,10,12,14,16,18,21,23,25,27,28,26,24,22,20,19,17,15,13,11,9,7,5,3,2,1,0
0,4,6,8,10,12,14,16,18,21,24,26,28,27,25,23,22,20,19,17,15,13,11,9,7,5,3,2,1,0
0,4,6,8,10,12,14,16,18,21,24,26,28,27,25,23,22,20,19,17,15,13,11,9,7,5,3,2,1,0
0,4,6,8,10,12,14,16,18,21,24,26,28,27,25,23,22,20,19,17,15,13,11,9,7,5,3,2,1,0
0,4,6,8,10,12,14,16,18,21,24,26,28,27,25,23,22,20,19,17,15,13,11,9,7,5,3,2,1,0
0,4,6,8,10,12,14,16,18,21,24,26,28,27,25,23,22,20,19,17,15,13,11,9,7,5,3,2,1,0
0,4,6,8,10,12,14,16,18,21,24,26,28,27,25,23,22,20,19,17,15,13,11,9,7,5,3,2,1,0
0,4,6,8,10,12,14,16,18,21,24,26,28,27,25,23,22,20,19,17,15,13,11,9,7,5,3,2,1,0
0,4,6,8,10,12,14,16,18,21,24,26,28,27,25,23,22,20,19,17,15,13,11,9,7,5,3,2,1,0
0,4,6,8,10,12,14,16,18,21,24,26,28,27,25,23,22,20,19,17,15,13,11,9,7,5,3,2,1,0
0,4,6,8,10,12,14,16,18,21,24,26,28,27,25,23,22,20,19,17,15,13,11,9,7,5,3,2,1,0
0,4,6,8,10,12,14,16,18,21,24,26,28,27,25,23,22,20,19,17,15,13,11,9,7,5,3,2,1,0
0,4,6,8,10,12,14,16,18,21,24,26,28,27,25,23,22,20,19,17,15,13,11,9,7,5,3,2,1,0
0,4,6,8,10,12,14,16,18,21,24,26,28,27,25,23,22,20,19,17,15,13,11,9,7,5,3,2,1,0
0,4,6,8,10,12,14,16,18,21,24,26,28,27,25,23,22,20,19,17,15,13,11,9,7,5,3,2,1,0
0,4,6,8,10,12,14,16,18,21,24,26,28,27,25,23,22,20,19,17,15,13,11,9,7,5,3,2,1,0
0,4,6,8,10,12,14,16,18,21,24,26,28,27,25,23,22,20,19,17,15,13,11,9,7,5,3,2,1,0
0,4,6,8,10,12,14,16,18,21,24,26,28,27,25,23,22,20,19,17,15,13,11,9,7,5,3,2,1,0
0,4,6,8,10,12,14,16,18,21,24,26,28,27,25,23,22,20,19,17,15,13,11,9,7,5,3,2,1,0
0,4,6,8,10,12,14,16,18,21,24,26,28,27,25,23,22,20,19,17,15,13,11,9,7,5,3,2,1,0
0,4,6,8,10,12,14,16,18,21,24,26,28,27,25,23,22,20,19,17,15,13,11,9,7,5,3,2,1,0
0,4,6,8,10,12,14,16,18,21,24,26,28,27,25,23,22,20,19,17,15,13,11,9,7,5,3,2,1,0
0,4,6,8,10,12,14,16,18,21,24,26,28,27,25,23,22,20,19,17,15,13,11,9,7,5,3,2,1,0
0,4,6,8,10,12,14,16,18,21,24,26,28,27,25,23,22,20,19,17,15,13,11,9,7,5,3,2,1,0
0,4,6,8,10,12,14,16,18,21,24,26,28,27,25,23,22,20,19,17,15,13,11,9,7,5,3,2,1,0
0,4,6,8,10,12,14,16,18,21,24,26,28,27,25,23,22,20,19,17,15,13,11,9,7,5,3,2,1,0
0,4,6,8,10,12,14,16,18,21,24,26,28,27,25,23,22,20,19,17,15,13,11,9,7,5,3,2,1,0
0,4,6,8,10,12,14,16,18,21,24,26,28,27,25,23,22,20,19,17,15,13,11,9,7,5,3,2,1,0
0,4,6,8,10,12,14,16,18,21,24,26,28,27,25,23,22,20,19,17,15,13,11,9,7,5,3,2,1,0
0,4,6,8,10,12,14,16,18,21,24,26,28,27,25,23,22,20,19,17,15,13,11,9,7,5,3,2,1,0
0,4,6,8,10,12,14,16,18,21,24,26,28,27,25,23,22,20,19,17,15,13,11,9,7,5,3,2,1,0
0,4,6,8,10,12,14,16,18,21,23,25,27,28,26,24,22,20,19,17,15,13,11,9,7,5,3,2,1,0
0,4,6,8,10,12,14,16,18,21,23,25,27,28,26,24,22,20,19,17,15,13,11,9,7,5,3,2,1,0
0,4,6,8,10,12,14,16,18,21,23,25,27,28,26,24,22,20,19,17,15,13,11,9,7,5,3,2,1,0
0,4,6,8,10,12,14,16,18,21,23,25,27,28,26,24,22,20,19,17,15,13,11,9,7,5,3,2,1,0
0,4,6,8,10,12,14,16,18,21,23,25,27,28,26,24,22,20,19,17,15,13,11,9,7,5,3,2,1,0
0,4,6,8,10,12,14,16,18,21,23,25,27,28,26,24,22,20,19,17,15,13,11,9,7,5,3,2,1,0
0,4,6,8,10,12,14,16,18,21,23,25,27,28,26,24,22,20,19,17,15,13,11,9,7,5,3,2,1,0
0,4,6,8,10,12,14,16,18,21,23,25,27,28,26,24,22,20,19,17,15,13,11,9,7,5,3,2,1,0
0,4,6,8,10,12,14,16,18,21,23,25,27,28,26,24,22,20,19,17,15,13,11,9,7,5,3,2,1,0
0,4,6,8,10,12,14,16,18,21,24,26,28,27,25,23,22,20,19,17,15,13,11,9,7,5,3,2,1,0
0,4,6,8,10,12,14,16,18,21,24,26,28,27,25,23,22,20,19,17,15,13,11,9,7,5,3,2,1,0
0,4,6,8,10,12,14,16,18,21,24,26,28,27,25,23,22,20,19,17,15,13,11,9,7,5,3,2,1,0
0,4,6,8,10,12,14,16,18,21,24,26,28,27,25,23,22,20,19,17,15,13,11,9,7,5,3,2,1,0
0,4,6,8,10,12,14,16,18,21,24,26,28,27,25,23,22,20,19,17,15,13,11,9,7,5,3,2,1,0
0,4,6,8,10,12,14,16,18,21,24,26,28,27,25,23,22,20,19,17,15,13,11,9,7,5,3,2,1,0
0,4,6,8,10,12,14,16,18,21,24,26,28,27,25,23,22,20,19,17,15,13,11,9,7,5,3,2,1,0
0,4,6,8,10,12,14,16,18,21,24,26,28,27,25,23,22,20,19,17,15,13,11,9,7,5,3,2,1,0
0,4,6,8,10,12,14,16,18,21,23,25,27,28,26,24,22,20,19,17,15,13,11,9,7,5,3,2,1,0
0,4,6,8,10,12,14,16,18,21,23,25,27,28,26,24,22,20,19,17,15,13,11,9,7,5,3,2,1,0
0,4,6,8,10,12,14,16,18,21,24,26,28,27,25,23,22,20,19,17,15,13,11,9,7,5,3,2,1,0
0,4,6,8,10,12,14,16,18,21,24,26,28,27,25,23,22,20,19,17,15,13,11,9,7,5,3,2,1,0
0,4,6,8,10,12,14,16,18,21,24,26,28,27,25,23,22,20,19,17,15,13,11,9,7,5,3,2,1,0
0,4,6,8,10,12,14,16,18,21,24,26,28,27,25,23,22,20,19,17,15,13,11,9,7,5,3,2,1,0
0,4,6,8,10,12,14,16,18,21,24,26,28,27,25,23,22,20,19,17,15,13,11,9,7,5,3,2,1,0
0,4,6,8,10,12,14,16,18,21,24,26,28,27,25,23,22,20,19,17,15,13,11,9,7,5,3,2,1,0
0,4,6,8,10,12,14,16,18,21,24,26,28,27,25,23,22,20,19,17,15,13,11,9,7,5,3,2,1,0
0,4,6,8,10,12,14,16,18,21,24,26,28,27,25,23,22,20,19,17,15,13,11,9,7,5,3,2,1,0
0,4,6,8,10,12,14,16,18,21,24,26,28,27,25,23,22,20,19,17,15,13,11,9,7,5,3,2,1,0
0,4,6,8,10,12,14,16,18,21,24,26,28,27,25,23,22,20,19,17,15,13,11,9,7,5,3,2,1,0
0,4,6,8,10,12,14,16,18,21,24,26,28,27,25,23,22,20,19,17,15,13,11,9,7,5,3,2,1,0
0,4,6,8,10,12,14,16,18,21,24,26,28,27,25,23,22,20,19,17,15,13,11,9,7,5,3,2,1,0
0,4,6,8,10,12,14,16,18,21,24,26,28,27,25,23,22,20,19,17,15,13,11,9,7,5,3,2,1,0
0,4,6,8,10,12,14,16,18,21,23,25,27,28,26,24,22,20,19,17,15,13,11,9,7,5,3,2,1,0
0,4,6,8,10,12,14,16,18,21,23,25,27,28,26,24,22,20,19,17,15,13,11,9,7,5,3,2,1,0
0,4,6,8,10,12,14,16,18,21,23,25,27,28,26,24,22,20,19,17,15,13,11,9,7,5,3,2,1,0
0,4,6,8,10,12,14,16,18,21,23,25,27,28,26,24,22,20,19,17,15,13,11,9,7,5,3,2,1,0
0,4,6,8,10,12,14,16,18,21,24,26,28,27,25,23,22,20,19,17,15,13,11,9,7,5,3,2,1,0
0,4,6,8,10,12,14,16,18,21,24,26,28,27,25,23,22,20,19,17,15,13,11,9,7,5,3,2,1,0
0,4,6,8,10,12,14,16,18,21,24,26,28,27,25,23,22,20,19,17,15,13,11,9,7,5,3,2,1,0
0,4,6,8,10,12,14,16,18,21,24,26,28,27,25,23,22,20,19,17,15,13,11,9,7,5,3,2,1,0
0,4,6,8,10,12,14,16,18,21,24,26,28,27,25,23,22,20,19,17,15,13,11,9,7,5,3,2,1,0
0,4,6,8,10,12,14,16,18,21,24,26,28,27,25,23,22,20,19,17,15,13,11,9,7,5,3,2,1,0
0,4,6,8,10,12,14,16,18,21,24,26,28,27,25,23,22,20,19,17,15,13,11,9,7,5,3,2,1,0
0,4,6,8,10,12,14,16,18,21,24,26,28,27,25,23,22,20,19,17,15,13,11,9,7,5,3,2,1,0
0,4,6,8,10,12,14,16,18,21,24,26,28,27,25,23,22,20,19,17,15,13,11,9,7,5,3,2,1,0
0,4,6,8,10,12,14,16,18,21,24,26,28,27,25,23,22,20,19,17,15,13,11,9,7,5,3,2,1,0
0,4,6,8,10,12,14,16,18,21,24,26,28,27,25,23,22,20,19,17,15,13,11,9,7,5,3,2,1,0
0,4,6,8,10,12,14,16,18,21,24,26,28,27,25,23,22,20,19,17,15,13,11,9,7,5,3,2,1,0
0,4,6,8,10,12,14,16,18,21,24,26,28,27,25,23,22,20,19,17,15,13,11,9,7,5,3,2,1,0
0,4,6,8,10,12,14,16,18,21,24,26,28,27,25,23,22,20,19,17,15,13,11,9,7,5,3,2,1,0
0,4,6,8,10,12,14,16,18,21,24,26,28,27,25,23,22,20,19,17,15,13,11,9,7,5,3,2,1,0
0,4,6,8,10,12,14,16,18,21,24,26,28,27,25,23,22,20,19,17,15,13,11,9,7,5,3,2,1,0
0,4,6,8,10,12,14,16,18,21,24,26,28,27,25,23,22,20,19,17,15,13,11,9,7,5,3,2,1,0
0,4,6,8,10,12,14,16,18,21,23,25,27,28,26,24,22,20,19,17,15,13,11,9,7,5,3,2,1,0
0,4,6,8,10,12,14,16,18,21,24,26,28,27,25,23,22,20,19,17,15,13,11,9,7,5,3,2,1,0
0,4,6,8,10,12,14,16,18,21,24,26,28,27,25,23,22,20,19,17,15,13,11,9,7,5,3,2,1,0
0,4,6,8,10,12,14,16,18,21,24,26,28,27,25,23,22,20,19,17,15,13,11,9,7,5,3,2,1,0
0,4,6,8,10,12,14,16,18,21,24,26,28,27,25,23,22,20,19,17,15,13,11,9,7,5,3,2,1,0
0,4,6,8,10,12,14,16,18,21,23,25,27,28,26,24,22,20,19,17,15,13,11,9,7,5,3,2,1,0
0,4,6,8,10,12,14,16,18,21,23,25,27,28,26,24,22,20,19,17,15,13,11,9,7,5,3,2,1,0
0,4,6,8,10,12,14,16,18,21,23,25,27,28,26,24,22,20,19,17,15,13,11,9,7,5,3,2,1,0
0,4,6,8,10,12,14,16,18,21,24,26,28,27,25,23,22,20,19,17,15,13,11,9,7,5,3,2,1,0
0,4,6,8,10,12,14,16,18,21,24,26,28,27,25,23,22,20,19,17,15,13,11,9,7,5,3,2,1,0
0,4,6,8,10,12,14,16,18,21,24,26,28,27,25,23,22,20,19,17,15,13,11,9,7,5,3,2,1,0
0,4,6,8,10,12,14,16,18,21,24,26,28,27,25,23,22,20,19,17,15,13,11,9,7,5,3,2,1,0
0,4,6,8,10,12,14,16,18,21,24,26,28,27,25,23,22,20,19,17,15,13,11,9,7,5,3,2,1,0
0,4,6,8,10,12,14,16,18,21,24,26,28,27,25,23,22,20,19,17,15,13,11,9,7,5,3,2,1,0
0,4,6,8,10,12,14,16,18,21,24,26,28,27,25,23,22,20,19,17,15,13,11,9,7,5,3,2,1,0
0,4,6,8,10,12,14,16,18,21,24,26,28,27,25,23,22,20,19,17,15,13,11,9,7,5,3,2,1,0
0,4,6,8,10,12,14,16,18,21,24,26,28,27,25,23,22,20,19,17,15,13,11,9,7,5,3,2,1,0
0,4,6,8,10,12,14,16,18,21,24,26,28,27,25,23,22,20,19,17,15,13,11,9,7,5,3,2,1,0
0,4,6,8,10,12,14,16,18,21,24,26,28,27,25,23,22,20,19,17,15,13,11,9,7,5,3,2,1,0
0,4,6,8,10,12,14,16,18,21,24,26,28,27,25,23,22,20,19,17,15,13,11,9,7,5,3,2,1,0
0,4,6,8,10,12,14,16,18,21,24,26,28,27,25,23,22,20,19,17,15,13,11,9,7,5,3,2,1,0
0,4,6,8,10,12,14,16,18,21,24,26,28,27,25,23,22,20,19,17,15,13,11,9,7,5,3,2,1,0
0,4,6,8,10,12,14,16,18,21,24,26,28,27,25,23,22,20,19,17,15,13,11,9,7,5,3,2,1,0
0,4,6,8,10,12,14,16,18,21,24,26,28,27,25,23,22,20,19,17,15,13,11,9,7,5,3,2,1,0
0,4,6,8,10,12,14,16,18,21,24,26,28,27,25,23,22,20,19,17,15,13,11,9,7,5,3,2,1,0
0,4,6,8,10,12,14,16,18,21,24,26,28,27,25,23,22,20,19,17,15,13,11,9,7,5,3,2,1,0
0,4,6,8,10,12,14,16,18,21,24,26,28,27,25,23,22,20,19,17,15,13,11,9,7,5,3,2,1,0
0,4,6,8,10,12,14,16,18,21,24,26,28,27,25,23,22,20,19,17,15,13,11,9,7,5,3,2,1,0
0,4,6,8,10,12,14,16,18,21,24,26,28,27,25,23,22,20,19,17,15,13,11,9,7,5,3,2,1,0
0,4,6,8,10,12,14,16,18,21,24,26,28,27,25,23,22,20,19,17,15,13,11,9,7,5,3,2,1,0
0,4,6,8,10,12,14,16,18,21,24,26,28,27,25,23,22,20,19,17,15,13,11,9,7,5,3,2,1,0
0,4,6,8,10,12,14,16,18,21,24,26,28,27,25,23,22,20,19,17,15,13,11,9,7,5,3,2,1,0
0,4,6,8,10,12,14,16,18,21,24,26,28,27,25,23,22,20,19,17,15,13,11,9,7,5,3,2,1,0
0,4,6,8,10,12,14,16,18,21,24,26,28,27,25,23,22,20,19,17,15,13,11,9,7,5,3,2,1,0
0,4,6,8,10,12,14,16,18,21,24,26,28,27,25,23,22,20,19,17,15,13,11,9,7,5,3,2,1,0
0,4,6,8,10,12,14,16,18,21,24,26,28,27,25,23,22,20,19,17,15,13,11,9,7,5,3,2,1,0
0,4,6,8,10,12,14,16,18,21,24,26,28,27,25,23,22,20,19,17,15,13,11,9,7,5,3,2,1,0
0,4,6,8,10,12,14,16,18,21,24,26,28,27,25,23,22,20,19,17,15,13,11,9,7,5,3,2,1,0
0,4,6,8,10,12,14,16,18,21,24,26,28,27,25,23,22,20,19,17,15,13,11,9,7,5,3,2,1,0
0,4,6,8,10,12,14,16,18,21,24,26,28,27,25,23,22,20,19,17,15,13,11,9,7,5,3,2,1,0
0,4,6,8,10,12,14,16,18,21,24,26,28,27,25,23,22,20,19,17,15,13,11,9,7,5,3,2,1,0
0,4,6,8,10,12,14,16,18,21,24,26,28,27,25,23,22,20,19,17,15,13,11,9,7,5,3,2,1,0
0,4,6,8,10,12,14,16,18,21,24,26,28,27,25,23,22,20,19,17,15,13,11,9,7,5,3,2,1,0
0,4,6,8,10,12,14,16,18,21,24,26,28,27,25,23,22,20,19,17,15,13,11,9,7,5,3,2,1,0
0,4,6,8,10,12,14,16,18,21,24,26,28,27,25,23,22,20,19,17,15,13,11,9,7,5,3,2,1,0
0,4,6,8,10,12,14,16,18,21,24,26,28,27,25,23,22,20,19,17,15,13,11,9,7,5,3,2,1,0
0,4,6,8,10,12,14,16,18,21,24,26,28,27,25,23,22,20,19,17,15,13,11,9,7,5,3,2,1,0
0,4,6,8,10,12,14,16,18,21,23,25,27,28,26,24,22,20,19,17,15,13,11,9,7,5,3,2,1,0
0,4,6,8,10,12,14,16,18,21,24,26,28,27,25,23,22,20,19,17,15,13,11,9,7,5,3,2,1,0
0,4,6,8,10,12,14,16,18,21,24,26,28,27,25,23,22,20,19,17,15,13,11,9,7,5,3,2,1,0
0,4,6,8,10,12,14,16,18,21,24,26,28,27,25,23,22,20,19,17,15,13,11,9,7,5,3,2,1,0
0,4,6,8,10,12,14,16,18,21,24,26,28,27,25,23,22,20,19,17,15,13,11,9,7,5,3,2,1,0
0,4,6,8,10,12,14,16,18,21,24,26,28,27,25,23,22,20,19,17,15,13,11,9,7,5,3,2,1,0
0,4,6,8,10,12,14,16,18,21,24,26,28,27,25,23,22,20,19,17,15,13,11,9,7,5,3,2,1,0
0,4,6,8,10,12,14,16,18,21,24,26,28,27,25,23,22,20,19,17,15,13,11,9,7,5,3,2,1,0
0,4,6,8,10,12,14,16,18,21,24,26,28,27,25,23,22,20,19,17,15,13,11,9,7,5,3,2,1,0
0,4,6,8,10,12,14,16,18,21,24,26,28,27,25,23,22,20,19,17,15,13,11,9,7,5,3,2,1,0
0,4,6,8,10,12,14,16,18,21,24,26,28,27,25,23,22,20,19,17,15,13,11,9,7,5,3,2,1,0
0,4,6,8,10,12,14,16,18,21,24,26,28,27,25,23,22,20,19,17,15,13,11,9,7,5,3,2,1,0
0,4,6,8,10,12,14,16,18,21,24,26,28,27,25,23,22,20,19,17,15,13,11,9,7,5,3,2,1,0
0,4,6,8,10,12,14,16,18,21,24,26,28,27,25,23,22,20,19,17,15,13,11,9,7,5,3,2,1,0
0,4,6,8,10,12,14,16,18,21,24,26,28,27,25,23,22,20,19,17,15,13,11,9,7,5,3,2,1,0
0,4,6,8,10,12,14,16,18,21,24,26,28,27,25,23,22,20,19,17,15,13,11,9,7,5,3,2,1,0
0,4,6,8,10,12,14,16,18,21,24,26,28,27,25,23,22,20,19,17,15,13,11,9,7,5,3,2,1,0
0,4,6,8,10,12,14,16,18,21,24,26,28,27,25,23,22,20,19,17,15,13,11,9,7,5,3,2,1,0
0,4,6,8,10,12,14,16,18,21,24,26,28,27,25,23,22,20,19,17,15,13,11,9,7,5,3,2,1,0
0,4,6,8,10,12,14,16,18,21,24,26,28,27,25,23,22,20,19,17,15,13,11,9,7,5,3,2,1,0
0,4,6,8,10,12,14,16,18,21,24,26,28,27,25,23,22,20,19,17,15,13,11,9,7,5,3,2,1,0
0,4,6,8,10,12,14,16,18,21,24,26,28,27,25,23,22,20,19,17,15,13,11,9,7,5,3,2,1,0
0,4,6,8,10,12,14,16,18,21,24,26,28,27,25,23,22,20,19,17,15,13,11,9,7,5,3,2,1,0
0,4,6,8,10,12,14,16,18,21,24,26,28,27,25,23,22,20,19,17,15,13,11,9,7,5,3,2,1,0
0,4,6,8,10,12,14,16,18,21,23,25,27,28,26,24,22,20,19,17,15,13,11,9,7,5,3,2,1,0
0,4,6,8,10,12,14,16,18,21,23,25,27,28,26,24,22,20,19,17,15,13,11,9,7,5,3,2,1,0
0,4,6,8,10,12,14,16,18,21,23,25,27,28,26,24,22,20,19,17,15,13,11,9,7,5,3,2,1,0
0,4,6,8,10,12,14,16,18,21,23,25,27,28,26,24,22,20,19,17,15,13,11,9,7,5,3,2,1,0
0,4,6,8,10,12,14,16,18,21,23,25,27,28,26,24,22,20,19,17,15,13,11,9,7,5,3,2,1,0
0,4,6,8,10,12,14,16,18,21,23,25,27,28,26,24,22,20,19,17,15,13,11,9,7,5,3,2,1,0
0,4,6,8,10,12,14,16,18,21,23,25,27,28,26,24,22,20,19,17,15,13,11,9,7,5,3,2,1,0
0,4,6,8,10,12,14,16,18,21,23,25,27,28,26,24,22,20,19,17,15,13,11,9,7,5,3,2,1,0
0,4,6,8,10,12,14,16,18,21,23,25,27,28,26,24,22,20,19,17,15,13,11,9,7,5,3,2,1,0
0,4,6,8,10,12,14,16,18,21,23,25,27,28,26,24,22,20,19,17,15,13,11,9,7,5,3,2,1,0
0,4,6,8,10,12,14,16,18,21,24,26,28,27,25,23,22,20,19,17,15,13,11,9,7,5,3,2,1,0
0,4,6,8,10,12,14,16,18,21,24,26,28,27,25,23,22,20,19,17,15,13,11,9,7,5,3,2,1,0
0,4,6,8,10,12,14,16,18,21,24,26,28,27,25,23,22,20,19,17,15,13,11,9,7,5,3,2,1,0
0,4,6,8,10,12,14,16,18,21,24,26,28,27,25,23,22,20,19,17,15,13,11,9,7,5,3,2,1,0
0,4,6,8,10,12,14,16,18,21,24,26,28,27,25,23,22,20,19,17,15,13,11,9,7,5,3,2,1,0
0,4,6,8,10,12,14,16,18,21,24,26,28,27,25,23,22,20,19,17,15,13,11,9,7,5,3,2,1,0
0,4,6,8,10,12,14,16,18,21,24,26,28,27,25,23,22,20,19,17,15,13,11,9,7,5,3,2,1,0
0,4,6,8,10,12,14,16,18,21,24,26,28,27,25,23,22,20,19,17,15,13,11,9,7,5,3,2,1,0
0,4,6,8,10,12,14,16,18,21,24,26,28,27,25,23,22,20,19,17,15,13,11,9,7,5,3,2,1,0
0,4,6,8,10,12,14,16,18,21,24,26,28,27,25,23,22,20,19,17,15,13,11,9,7,5,3,2,1,0
0,4,6,8,10,12,14,16,18,21,24,26,28,27,25,23,22,20,19,17,15,13,11,9,7,5,3,2,1,0
0,4,6,8,10,12,14,16,18,21,24,26,28,27,25,23,22,20,19,17,15,13,11,9,7,5,3,2,1,0
0,4,6,8,10,12,14,16,18,21,24,26,28,27,25,23,22,20,19,17,15,13,11,9,7,5,3,2,1,0
0,4,6,8,10,12,14,16,18,21,24,26,28,27,25,23,22,20,19,17,15,13,11,9,7,5,3,2,1,0
0,4,6,8,10,12,14,16,18,21,24,26,28,27,25,23,22,20,19,17,15,13,11,9,7,5,3,2,1,0
0,4,6,8,10,12,14,16,18,21,24,26,28,27,25,23,22,20,19,17,15,13,11,9,7,5,3,2,1,0
0,4,6,8,10,12,14,16,18,21,24,26,28,27,25,23,22,20,19,17,15,13,11,9,7,5,3,2,1,0
0,4,6,8,10,12,14,16,18,21,24,26,28,27,25,23,22,20,19,17,15,13,11,9,7,5,3,2,1,0
0,4,6,8,10,12,14,16,18,21,24,26,28,27,25,23,22,20,19,17,15,13,11,9,7,5,3,2,1,0
0,4,6,8,10,12,14,16,18,21,24,26,28,27,25,23,22,20,19,17,15,13,11,9,7,5,3,2,1,0
0,4,6,8,10,12,14,16,18,21,24,26,28,27,25,23,22,20,19,17,15,13,11,9,7,5,3,2,1,0
0,4,6,8,10,12,14,16,18,21,24,26,28,27,25,23,22,20,19,17,15,13,11,9,7,5,3,2,1,0
0,4,6,8,10,12,14,16,18,21,24,26,28,27,25,23,22,20,19,17,15,13,11,9,7,5,3,2,1,0
0,4,6,8,10,12,14,16,18,21,24,26,28,27,25,23,22,20,19,17,15,13,11,9,7,5,3,2,1,0
0,4,6,8,10,12,14,16,18,21,24,26,28,27,25,23,22,20,19,17,15,13,11,9,7,5,3,2,1,0
0,4,6,8,10,12,14,16,18,21,24,26,28,27,25,23,22,20,19,17,15,13,11,9,7,5,3,2,1,0
0,4,6,8,10,12,14,16,18,21,24,26,28,27,25,23,22,20,19,17,15,13,11,9,7,5,3,2,1,0
0,4,6,8,10,12,14,16,18,21,24,26,28,27,25,23,22,20,19,17,15,13,11,9,7,5,3,2,1,0
