0.88649 0.265972 0.543798 0.502938 
0.682831 0.642665 0.537511 0.469839 
0.605796 0.73939 0.486657 0.519358 
0.959684 0.521723 0.51778 0.42656 
0.723028 0.426819 0.56053 0.465894 
0.820765 0.330321 0.43379 0.535243 
0.58213 0.551082 0.643201 0.514746 
0.616776 0.582083 0.376623 0.503516 
0.649175 0.766922 0.440247 0.458547 
0.785387 0.363755 0.502054 0.459537 
0.32372 0.716082 0.419526 0.489559 
0.564576 0.62202 0.488306 0.47013 
0.25383 0.216295 0.778124 0.560754 
0.610707 0.404028 0.600814 0.526754 
0.207231 0.774029 0.574329 0.495932 
0.264437 0.769638 0.469461 0.489521 
0.399238 0.540696 0.558625 0.515662 
0.979322 0.626367 0.615338 0.536521 
0.558129 0.594848 0.393778 0.498806 
0.31921 0.586032 0.468919 0.522705 
0.164042 0.378643 0.419869 0.502206 
0.754337 0.303118 0.570426 0.495576 
0.38361 0.764813 0.556638 0.508628 
0.484426 0.739076 0.498515 0.4954 
0.309065 0.748882 0.447228 0.479807 
0.0682626 0.213136 0.387337 0.532507 
0.0517188 0.0989651 0.448474 0.484521 
0.873406 0.490851 0.464029 0.49919 
0.749082 0.570883 0.566237 0.486791 
0.00574145 0.53718 0.507085 0.500317 
0.872374 0.183015 0.612771 0.45702 
0.846227 0.666027 0.549576 0.479588 
0.393792 0.509917 0.567772 0.512388 
0.2186 0.627949 0.706046 0.46185 
0.0220009 0.831333 0.518446 0.425173 
0.172167 0.206465 0.499984 0.493579 
0.0762699 0.49125 0.395906 0.549144 
0.268519 0.265417 0.57292 0.503386 
0.307338 0.304045 0.455263 0.527629 
0.596203 0.303264 0.347151 0.496156 
0.0296864 0.458426 0.413309 0.492243 
0.0440136 0.555047 0.336917 0.480415 
0.688667 0.895409 0.44981 0.49676 
0.408706 0.732148 0.594863 0.51195 
0.571194 0.874665 0.545263 0.51149 
0.402617 0.517926 0.561288 0.473413 
0.987043 0.489868 0.495998 0.506789 
0.968765 0.889927 0.45679 0.494366 
0.030324 0.642678 0.368786 0.459633 
0.123138 0.364789 0.457339 0.484097 
0.899429 0.346369 0.549101 0.521895 
0.289317 0.814344 0.266248 0.56837 
0.39885 0.167708 0.497728 0.499051 
0.412281 0.334905 0.532647 0.485575 
0.361346 0.242948 0.337288 0.511211 
0.14919 0.530391 0.563488 0.489358 
0.216921 0.395075 0.620418 0.53192 
0.409286 0.397866 0.551505 0.522018 
0.856583 0.782188 0.557933 0.490056 
0.11442 0.453814 0.423641 0.482088 
0.539766 0.562898 0.538363 0.483334 
0.404689 0.830984 0.431615 0.541229 
0.811514 0.776144 0.568922 0.508556 
0.159043 0.53536 0.610673 0.560538 
0.800007 0.431626 0.659907 0.52188 
0.586863 0.15433 0.491847 0.470844 
0.46805 0.411679 0.541207 0.500572 
0.0727045 0.773135 0.611696 0.499502 
0.498418 0.255695 0.511579 0.439506 
0.0233231 0.273925 0.452379 0.46708 
0.250507 0.121154 0.554107 0.480428 
0.796446 0.268485 0.591384 0.476881 
0.0830064 0.182508 0.494353 0.506342 
0.962295 0.283288 0.408926 0.473069 
0.680613 0.588859 0.597977 0.497836 
0.475352 0.453873 0.565001 0.484587 
0.430883 0.596201 0.647111 0.473263 
0.312071 0.723943 0.382907 0.488094 
0.31034 0.512919 0.370848 0.500678 
0.0623081 0.467655 0.665231 0.52601 
0.00413919 0.226868 0.462588 0.534557 
0.94801 0.413696 0.502532 0.493517 
0.299562 0.580386 0.550162 0.47125 
0.424901 0.566093 0.504649 0.496591 
0.140745 0.741172 0.57176 0.476823 
0.155497 0.611953 0.596681 0.547207 
0.436178 0.627266 0.283867 0.457332 
0.23991 0.310838 0.531787 0.516587 
0.851428 0.701131 0.373464 0.462397 
0.606205 0.386155 0.472442 0.50472 
0.257948 0.735109 0.435406 0.540346 
0.618414 0.101096 0.451382 0.52399 
0.866909 0.470511 0.701754 0.532914 
0.567687 0.342068 0.473954 0.518848 
0.0720362 0.713903 0.3558 0.466994 
0.969116 0.672155 0.523078 0.531195 
0.11644 0.671167 0.521505 0.500246 
0.0648341 0.340213 0.548147 0.453247 
0.0701229 0.252169 0.426473 0.498507 
0.627159 0.381591 0.449613 0.498836 
0.0740793 0.516026 0.312918 0.489802 
0.166519 0.585702 0.522834 0.532138 
0.300694 0.256725 0.564958 0.505975 
0.267769 0.564657 0.484869 0.479547 
0.895766 0.204783 0.500149 0.45911 
0.90147 0.381138 0.472568 0.515443 
0.288229 0.396381 0.520662 0.496689 
0.0751156 0.761769 0.391185 0.495782 
0.556257 0.558824 0.413191 0.449676 
0.172175 0.391675 0.433748 0.49359 
0.790662 0.508227 0.680577 0.502916 
0.501685 0.69203 0.498494 0.529523 
0.505092 0.75206 0.522682 0.521251 
0.811369 0.694718 0.445621 0.462459 
0.176787 0.787011 0.488802 0.541484 
0.656174 0.643044 0.797218 0.525244 
0.0757392 0.48531 0.294365 0.506875 
0.208134 0.0687322 0.339147 0.468003 
0.705794 0.584677 0.455038 0.513124 
0.790971 0.332266 0.351972 0.516181 
0.0390703 0.437195 0.475767 0.478307 
0.0343056 0.498137 0.459238 0.490865 
0.529522 0.788391 0.444522 0.489875 
0.885005 0.319485 0.56097 0.510292 
0.484698 0.550343 0.41728 0.481702 
0.0598735 0.503941 0.563576 0.500162 
0.348344 0.273534 0.426155 0.5553 
0.264236 0.452087 0.50123 0.496554 
0.491084 0.48656 0.570358 0.491642 
0.110412 0.60952 0.456234 0.476531 
0.574032 0.558145 0.390527 0.49597 
0.869117 0.0302806 0.474133 0.522043 
0.813528 0.279711 0.387032 0.489763 
0.360946 0.662434 0.437535 0.478874 
0.734021 0.794444 0.581218 0.516826 
0.93357 0.501728 0.569242 0.48069 
0.740313 0.263826 0.419606 0.496327 
0.568488 0.688279 0.521216 0.495867 
0.243916 0.461172 0.419766 0.512977 
0.219732 0.334815 0.553549 0.508467 
0.159772 0.752667 0.602108 0.435996 
0.928034 0.471029 0.511807 0.508751 
0.0378248 0.469995 0.418062 0.504228 
0.762017 0.265425 0.412945 0.507069 
0.219422 0.754043 0.563213 0.511919 
0.120933 0.342901 0.462476 0.559935 
0.74444 0.334844 0.595424 0.496673 
0.486658 0.539248 0.354822 0.486674 
0.373528 0.338868 0.513707 0.536777 
0.15608 0.620263 0.547245 0.504076 
0.902174 0.602245 0.44704 0.470926 
0.73159 0.943769 0.544832 0.483153 
0.394497 0.334715 0.472536 0.519907 
0.847664 0.322383 0.46962 0.493338 
0.296807 0.493256 0.604786 0.444546 
0.207439 0.891763 0.503879 0.458921 
0.50986 0.522649 0.508842 0.512701 
0.511483 0.0264081 0.568265 0.482995 
0.964081 0.315887 0.411359 0.484809 
0.393684 0.319844 0.628134 0.469519 
0.319768 0.792958 0.410594 0.489395 
0.697084 0.402016 0.532451 0.501199 
0.217599 0.885664 0.478116 0.507806 
0.803634 0.626921 0.497026 0.537724 
0.805844 0.631164 0.633162 0.50887 
0.725879 0.277106 0.456591 0.549169 
0.635861 0.718774 0.461857 0.493691 
0.495105 0.411874 0.47154 0.478662 
0.472966 0.793951 0.285956 0.559355 
0.415364 0.843775 0.582419 0.493956 
0.0739241 0.476638 0.284771 0.461396 
0.137142 0.677852 0.714598 0.515605 
0.539482 0.591522 0.396791 0.53871 
0.794897 0.341226 0.425058 0.481947 
0.164084 0.445334 0.405838 0.477141 
0.821736 0.440852 0.331449 0.487195 
0.833068 0.376974 0.62935 0.527445 
0.736011 0.956091 0.468701 0.501094 
0.551283 0.692771 0.564893 0.500106 
0.557083 0.488289 0.462833 0.50019 
0.539845 0.775614 0.5588 0.501594 
0.32581 0.655644 0.549591 0.514998 
0.294235 0.48828 0.458262 0.538642 
0.388199 0.742437 0.586763 0.48288 
0.730494 0.551409 0.436672 0.492153 
0.3199 0.297322 0.306808 0.491363 
0.880182 0.683128 0.526077 0.516889 
0.722822 0.34473 0.503104 0.455494 
0.342383 0.549961 0.5633 0.533736 
0.154892 0.408633 0.450731 0.477291 
0.483764 0.688865 0.557075 0.552552 
0.525693 0.428166 0.483259 0.545509 
0.380738 0.186205 0.561905 0.536732 
0.531638 0.461762 0.438335 0.528401 
0.188971 0.167984 0.630545 0.492407 
0.381297 0.512302 0.647228 0.535427 
0.0204868 0.831482 0.502457 0.55606 
0.469782 0.421597 0.604365 0.499164 
0.53395 0.345744 0.36317 0.535729 
0.281528 0.651822 0.45164 0.503386 
0.205706 0.132362 0.608328 0.540091 
0.671342 0.656559 0.416309 0.547126 
0.984391 0.302727 0.519422 0.472838 
0.60688 0.196172 0.492038 0.495657 
0.57397 0.258664 0.509106 0.551951 
0.924108 0.487918 0.42463 0.500173 
0.751235 0.617391 0.648956 0.504243 
0.842695 0.262568 0.685342 0.464749 
0.0529629 0.389121 0.456204 0.55155 
0.751625 0.422457 0.481327 0.517645 
0.107782 0.261142 0.46682 0.465914 
0.77961 0.463643 0.435984 0.515185 
0.417255 0.521248 0.533962 0.472036 
0.421045 0.359713 0.500178 0.474305 
0.301421 0.232818 0.488194 0.510977 
0.432136 0.427241 0.521263 0.466182 
0.241394 0.620602 0.380017 0.503085 
0.317752 0.370789 0.419485 0.499835 
0.973916 0.144654 0.62752 0.503164 
0.782668 0.250346 0.565048 0.519087 
0.984663 0.4501 0.539774 0.532327 
0.369479 0.280324 0.378346 0.502026 
0.285353 0.490239 0.4933 0.470464 
0.300218 0.480005 0.498576 0.477686 
0.992676 0.450777 0.448141 0.504384 
0.154683 0.203689 0.593867 0.423167 
0.670865 0.351436 0.238142 0.519269 
0.542594 0.437212 0.314768 0.519077 
0.75731 0.152547 0.447113 0.536317 
0.280872 0.542395 0.379998 0.527568 
0.242444 0.613109 0.504923 0.472719 
0.0452377 0.80829 0.57782 0.47675 
0.251304 0.710687 0.562688 0.472782 
0.00787371 0.554033 0.517145 0.472739 
0.58333 0.691635 0.752785 0.487423 
0.115775 0.223223 0.509722 0.528666 
0.11572 0.287053 0.493845 0.460807 
0.576875 0.508443 0.49111 0.543766 
0.278654 0.74786 0.722212 0.528335 
0.545596 0.509794 0.584515 0.48142 
0.151779 0.182991 0.48711 0.451843 
0.665435 0.826123 0.383633 0.443906 
0.598329 0.312323 0.540209 0.542569 
0.0423532 0.132176 0.251356 0.504882 
0.334385 0.504705 0.32265 0.509477 
0.417215 0.36282 0.515456 0.495621 
0.818226 0.227468 0.570752 0.482547 
0.272648 0.35604 0.498559 0.445016 
0.459926 0.884948 0.52399 0.539085 
0.907457 0.237692 0.504902 0.564274 
0.661125 0.3981 0.740731 0.48233 
0.643751 0.480007 0.569538 0.518639 
0.759099 0.643561 0.48832 0.477426 
0.234302 0.57104 0.48602 0.457735 
0.0937593 0.689844 0.538782 0.456461 
0.677021 0.273816 0.642705 0.492811 
0.196162 0.552085 0.345288 0.465062 
0.923995 0.658307 0.49386 0.483272 
0.470761 0.640653 0.677097 0.458434 
0.332603 0.492495 0.672805 0.481036 
0.745007 0.94551 0.478899 0.494134 
0.475494 0.60444 0.521056 0.499609 
0.916914 0.229886 0.670858 0.539108 
0.702538 0.606557 0.530442 0.523613 
0.341892 0.730875 0.642157 0.482726 
0.836409 0.60881 0.417975 0.485871 
0.438556 0.622891 0.434685 0.519408 
0.833965 0.50145 0.426736 0.522975 
0.282926 0.37391 0.472093 0.521502 
0.805851 0.445196 0.473974 0.496753 
0.0122763 0.478858 0.591757 0.534439 
0.280732 0.34357 0.61564 0.436908 
0.0360983 0.259824 0.551289 0.477725 
0.927489 0.430937 0.493091 0.528481 
0.679399 0.540623 0.572492 0.508262 
0.484227 0.260756 0.359483 0.530703 
0.403594 0.543819 0.600668 0.49786 
0.713749 0.718737 0.464548 0.504414 
0.249654 0.344633 0.641978 0.502863 
0.895216 0.30571 0.443355 0.518802 
0.9875 0.414512 0.529586 0.497007 
0.0939543 0.65581 0.515099 0.501411 
0.76466 0.587122 0.597445 0.476885 
0.479277 0.911944 0.637965 0.489981 
0.424118 0.835276 0.577983 0.47804 
0.0885808 0.507637 0.592183 0.494679 
0.475294 0.611142 0.639819 0.447397 
0.979062 0.451968 0.633204 0.527719 
0.958561 0.613165 0.48881 0.504809 
0.880658 0.494526 0.527463 0.503725 
0.237025 0.353195 0.63068 0.501802 
0.085988 0.49223 0.477807 0.476785 
0.888002 0.443649 0.437051 0.503847 
0.904308 0.483094 0.520301 0.446591 
0.320272 0.685264 0.543586 0.469938 
0.0196152 0.0221614 0.633769 0.453441 
0.120964 0.825477 0.266701 0.471839 
0.239 0.643569 0.398421 0.452706 
0.471538 0.247812 0.615512 0.483964 
0.411221 0.116249 0.444593 0.492563 
0.64974 0.429665 0.363961 0.47845 
0.644523 0.44713 0.384138 0.492823 
0.354507 0.494179 0.471079 0.503693 
0.794037 0.156731 0.568509 0.510715 
0.838032 0.698464 0.600885 0.485189 
0.872776 0.742359 0.532434 0.451559 
0.363639 0.721596 0.462924 0.568151 
0.340096 0.575996 0.673588 0.507265 
0.967077 0.265365 0.65875 0.492469 
0.544169 0.710687 0.412581 0.485371 
0.257617 0.376111 0.442116 0.483195 
0.145178 0.435403 0.550705 0.511366 
0.99793 0.409245 0.486761 0.523193 
0.692887 0.839717 0.566259 0.495386 
0.533936 0.477909 0.601505 0.47559 
0.710368 0.591742 0.579548 0.483484 
0.688642 0.430756 0.634223 0.468724 
0.0999954 0.439821 0.467907 0.496624 
0.293047 0.772168 0.343426 0.493887 
0.131215 0.452284 0.676967 0.476433 
0.402364 0.875733 0.540383 0.471229 
0.498033 0.120609 0.600791 0.486875 
0.260972 0.383529 0.394831 0.496321 
0.682307 0.81003 0.64784 0.460233 
0.661773 0.799595 0.56554 0.49685 
0.616295 0.684231 0.595591 0.501086 
0.299642 0.616893 0.473845 0.53864 
0.243821 0.0957153 0.415897 0.472567 
0.908821 0.702302 0.652203 0.471107 
0.531715 0.414035 0.595596 0.479552 
0.187205 0.44334 0.610407 0.51584 
0.593586 0.383057 0.492565 0.495013 
0.334954 0.361286 0.33071 0.518186 
0.804417 0.759379 0.539638 0.486923 
0.655077 0.539926 0.711353 0.549119 
0.688452 0.127003 0.590502 0.514562 
0.030266 0.608607 0.407374 0.508476 
0.0365959 0.647477 0.60385 0.527838 
0.989908 0.480716 0.57037 0.473488 
0.356244 0.577118 0.436939 0.508 
0.191409 0.259485 0.534516 0.465579 
0.643993 0.4855 0.51715 0.475406 
0.218277 0.331068 0.45206 0.505304 
0.456675 0.952928 0.510012 0.528523 
0.514594 0.585818 0.563182 0.549351 
0.335431 0.43282 0.551184 0.479588 
0.667699 0.567706 0.485241 0.488062 
0.657852 0.34599 0.415723 0.492335 
0.124989 0.686597 0.58572 0.521946 
0.840799 0.493839 0.459143 0.470253 
0.123212 0.585844 0.504875 0.517017 
0.0942833 0.662703 0.438757 0.527882 
0.0569537 0.645621 0.813983 0.53859 
0.313527 0.363251 0.662686 0.518158 
0.864869 0.7764 0.368126 0.459049 
0.871636 0.168475 0.518997 0.479645 
0.156614 0.356943 0.499721 0.52568 
0.280571 0.892456 0.412901 0.507754 
0.474165 0.538544 0.584142 0.546707 
0.680276 0.450852 0.496818 0.437082 
0.741445 0.27344 0.438899 0.5099 
0.460867 0.370095 0.518139 0.517489 
0.739672 0.475248 0.447825 0.529889 
0.660327 0.187556 0.491133 0.490093 
0.989124 0.589971 0.526229 0.490173 
0.880118 0.541004 0.364434 0.52248 
0.482831 0.304516 0.426179 0.493261 
0.580602 0.473235 0.469181 0.435429 
0.0645551 0.568426 0.417354 0.498624 
0.852739 0.133144 0.566304 0.465077 
0.279238 0.671431 0.445452 0.542622 
0.776149 0.801947 0.468336 0.531398 
0.810529 0.468474 0.65381 0.508979 
0.176463 0.0158926 0.377898 0.482282 
0.390314 0.593387 0.564182 0.582052 
0.0269076 0.48426 0.457156 0.536263 
0.461037 0.548843 0.612363 0.475314 
0.605922 0.557539 0.454892 0.504104 
0.672731 0.80271 0.450213 0.501246 
0.514373 0.349051 0.582661 0.521441 
0.480216 0.0953737 0.620543 0.497332 
0.87174 0.054289 0.462092 0.530199 
0.632341 0.419676 0.529619 0.526921 
0.494335 0.779069 0.637864 0.504264 
0.133811 0.722588 0.561366 0.459799 
0.443187 0.224783 0.533596 0.537447 
0.375868 0.409564 0.626115 0.484094 
0.670506 0.381665 0.479935 0.514206 
0.769834 0.656235 0.46235 0.454979 
0.366008 0.847448 0.36247 0.569777 
0.133738 0.427143 0.406764 0.485244 
0.213776 0.515294 0.704609 0.506338 
0.682822 0.268669 0.279203 0.502175 
0.0320557 0.495022 0.56338 0.502635 
0.83392 0.270724 0.502461 0.543482 
0.681196 0.279016 0.593564 0.49898 
0.680126 0.803235 0.657909 0.484482 
0.0620972 0.510874 0.340339 0.484247 
0.358454 0.158058 0.550687 0.487706 
0.952785 0.414743 0.543006 0.479224 
0.533645 0.546563 0.667701 0.518874 
0.73448 0.582246 0.315979 0.508266 
0.476748 0.362588 0.54708 0.543872 
0.89658 0.546028 0.585715 0.497882 
0.0171516 0.309954 0.381401 0.533375 
0.916068 0.390873 0.539227 0.468869 
0.79414 0.438393 0.587531 0.509891 
0.435701 0.146168 0.354737 0.519586 
0.484999 0.14646 0.441163 0.478679 
0.312309 0.443596 0.473346 0.458804 
0.558487 0.405339 0.592333 0.477755 
0.636811 0.642963 0.511903 0.496955 
0.385894 0.504899 0.55171 0.467786 
0.333797 0.574057 0.651692 0.519704 
0.915543 0.514815 0.649584 0.463235 
0.447348 0.366041 0.57288 0.540022 
0.825163 0.314504 0.616915 0.505258 
0.979095 0.718493 0.437581 0.506052 
0.685888 0.285911 0.580044 0.461425 
0.828148 0.550897 0.384552 0.491198 
0.546396 0.675309 0.368984 0.499333 
0.0786769 0.548427 0.488077 0.49093 
0.3487 0.169185 0.356166 0.528388 
0.776021 0.445048 0.51974 0.497089 
0.410692 0.333233 0.384893 0.459543 
0.972018 0.222843 0.637628 0.572037 
0.463401 0.300325 0.512571 0.470782 
0.594006 0.516747 0.605615 0.56409 
0.677155 0.94135 0.556875 0.486345 
0.357355 0.421659 0.51207 0.496776 
0.948137 0.251109 0.435016 0.524471 
0.700275 0.33379 0.340178 0.445077 
0.856639 0.308504 0.36011 0.496968 
0.538388 0.64809 0.569846 0.489433 
0.579484 0.435236 0.443356 0.50028 
0.193995 0.534862 0.407883 0.497298 
0.502631 0.534417 0.381074 0.48466 
0.689899 0.434272 0.646139 0.543018 
0.802047 0.408947 0.487407 0.49322 
0.710388 0.321975 0.700452 0.451941 
0.555893 0.310303 0.536671 0.52131 
0.889411 0.134439 0.335304 0.482047 
0.867678 0.810875 0.411367 0.466095 
0.159009 0.610457 0.489127 0.456426 
0.466326 0.471861 0.592111 0.52248 
0.547731 0.712379 0.563235 0.486904 
0.795617 0.764507 0.633837 0.457426 
0.579172 0.621136 0.474608 0.501449 
0.626064 0.435909 0.401863 0.458587 
0.269583 0.282083 0.537447 0.489323 
0.397422 0.434943 0.51994 0.487563 
0.363053 0.71347 0.442781 0.463812 
0.167992 0.804039 0.642746 0.497982 
0.0571002 0.786748 0.469431 0.493267 
0.290445 0.866519 0.43573 0.508608 
0.758149 0.251723 0.44751 0.518251 
0.0757439 0.609993 0.533681 0.521217 
0.823294 0.433814 0.479582 0.485196 
0.483587 0.569317 0.481646 0.468909 
0.102521 0.0696902 0.58336 0.479548 
0.133158 0.418174 0.457607 0.477592 
0.317873 0.361955 0.445432 0.498514 
0.718179 0.472805 0.572173 0.449274 
0.373935 0.641186 0.54561 0.490251 
0.487798 0.807326 0.595003 0.464309 
0.410937 0.206917 0.352362 0.443061 
0.650199 0.288802 0.296851 0.486237 
0.0212628 0.549278 0.534378 0.487038 
0.645249 0.317142 0.385081 0.487066 
0.0768006 0.151398 0.453187 0.503067 
0.439295 0.550925 0.459313 0.540622 
0.835999 0.640439 0.363596 0.505306 
0.335715 0.379844 0.552459 0.482723 
0.934986 0.271787 0.527292 0.465008 
0.0427856 0.71349 0.604799 0.492755 
0.924826 0.901108 0.591038 0.459574 
0.845196 0.84984 0.43881 0.496723 
0.621439 0.301025 0.427112 0.546738 
0.0831208 0.351904 0.433633 0.526996 
0.240793 0.341887 0.387091 0.456917 
0.679915 0.790947 0.487893 0.469232 
0.082254 0.769246 0.373005 0.494891 
0.555292 0.423649 0.542081 0.468144 
0.169848 0.444614 0.68951 0.489576 
0.590552 0.553434 0.538476 0.516405 
0.825313 0.506619 0.457702 0.49044 
0.762978 0.501508 0.478911 0.453879 
0.368587 0.632977 0.618613 0.546284 
0.434243 0.30596 0.335156 0.510834 
0.671709 0.528036 0.486872 0.501204 
0.0214573 0.218377 0.664478 0.495967 
0.394653 0.569123 0.609139 0.502273 
0.665708 0.576354 0.386922 0.494948 
0.276887 0.386536 0.538615 0.481525 
0.0505237 0.768363 0.360263 0.496671 
0.11815 0.345013 0.496016 0.495691 
0.648778 0.558818 0.564816 0.512002 
0.0179462 0.388545 0.385282 0.507145 
0.217077 0.656643 0.634257 0.545983 
0.874687 0.50392 0.503452 0.440783 
0.846946 0.584493 0.472977 0.503187 
0.364342 0.503817 0.386566 0.448965 
0.396134 0.508062 0.437279 0.572972 
0.710771 0.65776 0.349682 0.500879 
0.323392 0.411106 0.454212 0.500349 
0.878619 0.958303 0.621708 0.53164 
0.128513 0.72164 0.446086 0.536182 
0.741484 0.310607 0.500384 0.519696 
0.0506638 0.611691 0.466721 0.498706 
0.0651346 0.638614 0.556673 0.47848 
0.79738 0.247259 0.36183 0.49156 
0.918924 0.596137 0.476768 0.517732 
0.147422 0.640677 0.52011 0.511938 
0.649826 0.519365 0.302445 0.48653 
0.964332 0.476737 0.560832 0.482355 
0.696475 0.412543 0.631631 0.479419 
0.330196 0.499128 0.376248 0.534786 
0.00374008 0.493939 0.464163 0.496636 
0.94541 0.461568 0.324741 0.496726 
0.936209 0.506084 0.517821 0.481211 
0.254099 0.243192 0.456099 0.56015 
0.506658 0.577182 0.64572 0.501517 
0.720915 0.233678 0.537591 0.450954 
0.680981 0.714496 0.445638 0.473694 
0.836307 0.376895 0.562345 0.535222 
0.0929588 0.474726 0.486628 0.486835 
0.819241 0.315964 0.499097 0.497078 
0.304057 0.322473 0.503128 0.442185 
0.584308 0.500981 0.506661 0.48377 
0.156818 0.685131 0.480613 0.509862 
0.759389 0.530974 0.500418 0.533983 
0.23135 0.478866 0.428178 0.487876 
0.0184952 0.574583 0.659828 0.490882 
0.763602 0.512257 0.45932 0.539029 
0.750767 0.476181 0.436563 0.523428 
0.546963 0.742709 0.493194 0.510411 
0.772567 0.469754 0.624731 0.496662 
0.783418 0.198386 0.508047 0.49425 
0.810182 0.62283 0.547275 0.442621 
0.953246 0.613157 0.49909 0.475688 
0.318891 0.40631 0.631661 0.503118 
0.414331 0.613049 0.689224 0.478902 
0.348437 0.564493 0.606686 0.520806 
0.841895 0.595445 0.469755 0.489614 
0.598993 0.654757 0.499391 0.473103 
0.598776 0.505343 0.446852 0.493646 
0.0930189 0.706252 0.604866 0.499252 
0.691694 0.386634 0.473207 0.517346 
0.397622 0.459226 0.384266 0.51335 
0.277887 0.393275 0.501964 0.521147 
0.345385 0.423076 0.527723 0.485149 
0.158816 0.244629 0.740796 0.483244 
0.994369 0.394076 0.40518 0.499609 
0.214212 0.554357 0.563729 0.458347 
0.824152 0.766348 0.554056 0.525542 
0.553571 0.832397 0.568091 0.502087 
0.52814 0.323116 0.499842 0.527358 
0.401876 0.316895 0.498852 0.495407 
0.42794 0.563007 0.621171 0.555656 
0.858108 0.794869 0.705044 0.52716 
0.341306 0.337894 0.414361 0.495745 
0.751595 0.138063 0.536674 0.491871 
0.279083 0.697166 0.596733 0.497178 
0.956768 0.204368 0.410683 0.513315 
0.2131 0.132321 0.593795 0.497043 
0.881761 0.687642 0.43968 0.462322 
0.403248 0.516786 0.630727 0.499283 
0.716986 0.164889 0.678456 0.508145 
0.382823 0.408562 0.428318 0.50319 
0.280523 0.417096 0.427247 0.514708 
0.788053 0.257768 0.606003 0.463836 
0.335392 0.346996 0.539529 0.544699 
0.296005 0.349769 0.682777 0.51164 
0.860638 0.152078 0.480138 0.521056 
0.679929 0.277139 0.380024 0.494314 
0.780866 0.271629 0.617245 0.534802 
0.430566 0.747502 0.524108 0.514008 
0.760804 0.559556 0.737832 0.486385 
0.563033 0.450563 0.397752 0.505944 
0.0228921 0.698729 0.518769 0.540752 
0.880929 0.406544 0.451136 0.484573 
0.124838 0.552945 0.58103 0.518555 
0.963451 0.594657 0.402088 0.515422 
0.296918 0.118328 0.479027 0.490051 
0.758201 0.400985 0.377019 0.555796 
0.203035 0.642086 0.605797 0.51868 
0.0889447 0.561302 0.582668 0.527738 
0.165116 0.388627 0.474607 0.515542 
0.222255 0.618974 0.530941 0.561366 
0.37635 0.429091 0.369716 0.474734 
0.308118 0.621735 0.557025 0.543085 
0.285926 0.505702 0.445691 0.522097 
0.0714242 0.367967 0.50986 0.523129 
0.230829 0.602971 0.537295 0.564241 
0.958319 0.377428 0.403932 0.439112 
0.282851 0.498717 0.334509 0.498373 
0.408445 0.73883 0.663089 0.49825 
0.452513 0.790243 0.27252 0.476652 
0.220318 0.23004 0.563084 0.535708 
0.0448481 0.386116 0.488638 0.503394 
0.764342 0.629253 0.534526 0.471402 
0.636426 0.557196 0.509174 0.451277 
0.487601 0.503879 0.536865 0.536707 
0.308517 0.553045 0.593909 0.505405 
0.138503 0.550831 0.484347 0.500314 
0.890376 0.50198 0.450101 0.528683 
0.372913 0.793656 0.599783 0.52327 
0.0463442 0.55643 0.589047 0.434779 
0.302881 0.398323 0.391226 0.500914 
0.867111 0.177926 0.36827 0.526374 
0.224759 0.72273 0.42292 0.487659 
0.564203 0.657569 0.354739 0.531351 
0.17688 0.615212 0.487509 0.51227 
0.297574 0.698242 0.356082 0.554552 
0.668363 0.319848 0.500438 0.526764 
0.312832 0.435972 0.432892 0.534639 
0.519212 0.580297 0.555633 0.535752 
0.663107 0.618416 0.333151 0.513918 
0.541889 0.49545 0.531511 0.49741 
0.228388 0.453418 0.37462 0.505549 
0.172184 0.561759 0.529214 0.49413 
0.993538 0.595779 0.402502 0.491063 
0.878455 0.524248 0.434974 0.528198 
0.391486 0.601897 0.38242 0.470575 
0.857044 0.296563 0.274014 0.51374 
0.288265 0.592872 0.454139 0.491998 
0.90294 0.983854 0.489233 0.475932 
0.356192 0.159239 0.535093 0.461846 
0.437172 0.275243 0.512308 0.508295 
0.324282 0.91696 0.553946 0.492203 
0.891182 0.78711 0.592527 0.481358 
0.542907 0.554924 0.382872 0.473738 
0.676005 0.328715 0.401289 0.490462 
0.953107 0.754326 0.513212 0.521069 
0.105711 0.868203 0.387166 0.484696 
0.473136 0.46668 0.481786 0.471913 
0.0120932 0.370836 0.546958 0.453783 
0.930995 0.33438 0.285476 0.526247 
0.710621 0.392125 0.50693 0.504038 
0.680022 0.364295 0.495233 0.443634 
0.604191 0.95653 0.356779 0.462046 
0.125481 0.402126 0.546212 0.493082 
0.818721 0.768239 0.473006 0.509682 
0.154946 0.416339 0.508974 0.566736 
0.870601 0.541656 0.497104 0.517555 
0.0670963 0.432775 0.527786 0.487377 
0.783325 0.539129 0.526757 0.447889 
0.955099 0.891497 0.552843 0.523868 
0.621307 0.410806 0.577253 0.448172 
0.457271 0.321153 0.545517 0.465155 
0.0675712 0.725281 0.35589 0.523701 
0.836002 0.619766 0.555471 0.501212 
0.477005 0.169176 0.546149 0.502085 
0.81037 0.640725 0.486276 0.497242 
0.965036 0.836874 0.31521 0.492506 
0.691606 0.218152 0.621721 0.476934 
0.0606981 0.532989 0.436746 0.468422 
0.0263295 0.199428 0.452139 0.533301 
0.971875 0.480853 0.497865 0.514265 
0.356648 0.306403 0.548379 0.491918 
0.0658004 0.520866 0.568141 0.532577 
0.706254 0.416726 0.559003 0.430787 
0.494215 0.821893 0.573726 0.505858 
0.593941 0.204197 0.501508 0.498848 
0.036927 0.729594 0.417432 0.481864 
0.500983 0.590299 0.471995 0.508127 
0.992825 0.689666 0.33704 0.471196 
0.464606 0.16263 0.475708 0.468285 
0.988972 0.417967 0.668054 0.496415 
0.00531415 0.681182 0.691792 0.514597 
0.70416 0.514314 0.516757 0.473618 
0.841917 0.778294 0.335925 0.532036 
0.9364 0.430523 0.555715 0.59144 
0.680186 0.279909 0.351875 0.475809 
0.222963 0.732121 0.483561 0.481168 
0.628369 0.793357 0.388438 0.502558 
0.263719 0.439953 0.557102 0.471683 
0.222365 0.0679362 0.397026 0.494885 
0.883173 0.611339 0.483796 0.505423 
0.788205 0.613175 0.608719 0.527583 
0.551928 0.506498 0.352515 0.461477 
0.645581 0.190219 0.526402 0.494059 
0.833681 0.443819 0.550643 0.494308 
0.100488 0.374889 0.527104 0.46409 
0.0528354 0.540794 0.556381 0.500776 
0.246691 0.525987 0.525937 0.476189 
0.682519 0.633931 0.358292 0.496581 
0.525748 0.764419 0.483071 0.435572 
0.197937 0.471875 0.526586 0.508335 
0.48244 0.592343 0.598074 0.544241 
0.692483 0.356948 0.628978 0.460966 
0.18625 0.181071 0.43755 0.508661 
0.222084 0.385732 0.574453 0.48938 
0.672229 0.134041 0.322511 0.480721 
0.774615 0.682116 0.571706 0.519167 
0.578527 0.151928 0.599485 0.494934 
0.711431 0.795253 0.604543 0.480943 
0.184662 0.424518 0.538257 0.527131 
0.371015 0.450726 0.38395 0.494745 
0.128352 0.652999 0.484976 0.473692 
0.343537 0.775881 0.681867 0.48029 
0.393569 0.197629 0.500366 0.472245 
0.0791394 0.419121 0.50455 0.456974 
0.392838 0.439158 0.679195 0.501838 
0.624654 0.761349 0.481122 0.569674 
0.954694 0.903555 0.497773 0.501293 
0.286359 0.435438 0.451151 0.560832 
0.910715 0.545869 0.494995 0.515339 
0.550938 0.211564 0.607918 0.505757 
0.828054 0.280495 0.472298 0.497233 
0.802488 0.494458 0.554841 0.534212 
0.167616 0.415938 0.487183 0.558375 
0.988755 0.0737049 0.448026 0.498762 
0.642468 0.888138 0.491508 0.509401 
0.552056 0.746958 0.526823 0.466638 
0.614681 0.424813 0.544898 0.493658 
0.502768 0.953865 0.512314 0.461286 
0.376217 0.279042 0.425402 0.499991 
0.776237 0.330853 0.527995 0.458329 
0.861131 0.416498 0.590897 0.540859 
0.333627 0.258916 0.47958 0.489126 
0.538124 0.0968696 0.572259 0.479266 
0.26184 0.205957 0.495915 0.514748 
0.728417 0.894859 0.497884 0.467153 
0.370803 0.877508 0.436744 0.478024 
0.922269 0.480623 0.373024 0.497334 
0.13299 0.539804 0.410795 0.522806 
0.947734 0.105099 0.607827 0.509816 
0.0674561 0.429122 0.378236 0.485256 
0.14152 0.803526 0.434806 0.472725 
0.388006 0.698389 0.511554 0.456129 
0.0154201 0.438413 0.517532 0.518188 
0.246544 0.46673 0.618718 0.510072 
0.303273 0.253495 0.628038 0.532284 
0.223248 0.195391 0.525632 0.496239 
0.672148 0.63744 0.467097 0.521312 
0.250353 0.0806324 0.522828 0.481471 
0.877199 0.526454 0.691978 0.506954 
0.247863 0.761149 0.435812 0.48451 
0.190588 0.596981 0.519334 0.495899 
0.645046 0.489443 0.452345 0.497316 
0.740111 0.598313 0.530237 0.475199 
0.854659 0.785773 0.519843 0.509486 
0.16013 0.756821 0.31728 0.48197 
0.119826 0.35263 0.527311 0.529613 
0.00672126 0.498639 0.540273 0.539193 
0.575667 0.609169 0.672758 0.520842 
0.732422 0.472083 0.610616 0.463399 
0.885243 0.193534 0.508104 0.493546 
0.2253 0.748038 0.523902 0.524627 
0.425235 0.376694 0.428544 0.453128 
0.79316 0.309768 0.49467 0.477678 
0.0016933 0.540999 0.507579 0.451961 
0.210948 0.349457 0.583368 0.517233 
0.633952 0.41754 0.47087 0.529682 
0.677487 0.133628 0.639741 0.451221 
0.0379951 0.802799 0.475981 0.433885 
0.802177 0.335191 0.419918 0.50909 
0.324878 0.361137 0.45795 0.492975 
0.741128 0.466687 0.523275 0.508628 
0.308409 0.658407 0.368776 0.529845 
0.473081 0.448675 0.607625 0.464479 
0.507122 0.574611 0.442959 0.547343 
0.198327 0.512294 0.319982 0.479111 
0.857695 0.148543 0.373692 0.464751 
0.546888 0.852394 0.490041 0.504914 
0.0947581 0.13411 0.669782 0.501791 
0.470853 0.608806 0.549826 0.480996 
0.207613 0.452893 0.565371 0.480171 
0.988953 0.757801 0.4045 0.479753 
0.741699 0.649348 0.4479 0.5246 
0.158641 0.215717 0.413014 0.503417 
0.650374 0.456511 0.564074 0.5338 
0.879135 0.214192 0.32926 0.474123 
0.261866 0.121408 0.30594 0.510909 
0.409538 0.393527 0.524129 0.478237 
0.23711 0.543256 0.551126 0.488806 
0.864277 0.303396 0.410533 0.488457 
0.831543 0.468583 0.399489 0.454723 
0.669573 0.446595 0.451486 0.537516 
0.380856 0.617405 0.653028 0.466509 
0.579511 0.685163 0.385419 0.46031 
0.506249 0.306012 0.376222 0.415846 
0.741166 0.436033 0.417124 0.522596 
0.648293 0.700694 0.425898 0.521447 
0.329264 0.0315081 0.486376 0.503079 
0.692915 0.477128 0.613913 0.53057 
0.938554 0.814103 0.349669 0.487817 
0.483625 0.702812 0.591803 0.530296 
0.580772 0.771369 0.593597 0.449341 
0.871212 0.735665 0.340458 0.465535 
0.550094 0.845798 0.626027 0.510133 
0.578446 0.802185 0.501083 0.539364 
0.109218 0.321923 0.482098 0.497469 
0.233184 0.456064 0.57834 0.53244 
0.407232 0.818255 0.495723 0.458112 
0.816665 0.546988 0.484692 0.506259 
0.227314 0.379214 0.565991 0.465606 
0.0919723 0.459971 0.350031 0.505211 
0.199997 0.532443 0.64799 0.460181 
0.283162 0.602224 0.44535 0.499093 
0.435419 0.335432 0.536795 0.49068 
0.388485 0.201878 0.319302 0.451372 
0.317576 0.650187 0.538631 0.510114 
0.984671 0.398519 0.505591 0.46288 
0.261569 0.127836 0.476343 0.503467 
0.796018 0.435241 0.572338 0.498504 
0.947597 0.74613 0.51073 0.452824 
0.603509 0.715619 0.337153 0.511879 
0.963819 0.636881 0.536308 0.522621 
0.589627 0.421451 0.570574 0.500516 
0.425339 0.689561 0.577397 0.468269 
0.857604 0.454497 0.65422 0.505212 
0.298027 0.658146 0.541233 0.457463 
0.318619 0.650121 0.505349 0.474734 
0.339458 0.243501 0.530599 0.445651 
0.598429 0.575133 0.64035 0.500416 
0.589761 0.181276 0.403628 0.485123 
0.512011 0.375226 0.486396 0.540199 
0.597627 0.193612 0.429639 0.492008 
0.522688 0.523401 0.435112 0.477324 
0.984993 0.613714 0.438832 0.503711 
0.179716 0.564912 0.49801 0.512872 
0.926458 0.270925 0.525618 0.49368 
0.8412 0.623865 0.534115 0.507095 
0.805156 0.269754 0.522361 0.468478 
0.174333 0.703282 0.516936 0.520252 
0.486421 0.660625 0.601222 0.578804 
0.132569 0.121515 0.419862 0.524969 
0.431184 0.175682 0.419003 0.488883 
0.883607 0.422316 0.625828 0.54411 
0.25437 0.732603 0.543025 0.45401 
0.259667 0.123353 0.568148 0.509752 
0.840233 0.476768 0.594397 0.454864 
0.972296 0.396324 0.659029 0.496161 
0.362449 0.213904 0.498119 0.496557 
0.149441 0.49128 0.555449 0.459679 
0.788696 0.115948 0.546915 0.482013 
0.630616 0.577187 0.529574 0.510451 
0.950316 0.961884 0.567902 0.53942 
0.5933 0.204464 0.579064 0.487577 
0.365199 0.319351 0.408718 0.466534 
0.0675751 0.0259712 0.416277 0.453547 
0.523907 0.59059 0.516234 0.433944 
0.334571 0.338568 0.408788 0.524703 
0.135841 0.289883 0.685604 0.498313 
0.770144 0.207721 0.308639 0.51719 
0.0236862 0.439884 0.561505 0.512774 
0.546004 0.15925 0.493663 0.511595 
0.997841 0.583872 0.649034 0.507991 
0.698734 0.626086 0.74873 0.478467 
0.462092 0.432955 0.614403 0.532595 
0.494758 0.519484 0.490021 0.467417 
0.992798 0.821879 0.561215 0.523091 
0.377247 0.110349 0.469152 0.512626 
0.236437 0.606325 0.634918 0.496769 
0.531938 0.468036 0.459624 0.530825 
0.271303 0.745225 0.393775 0.457833 
0.4398 0.519186 0.663425 0.508982 
0.171098 0.568095 0.520391 0.545042 
0.471866 0.465865 0.474393 0.502056 
0.929977 0.944049 0.567933 0.447733 
0.200115 0.245453 0.560585 0.508833 
0.571528 0.583265 0.495717 0.51121 
0.54251 0.67708 0.484032 0.486969 
0.0619786 0.307899 0.562674 0.497315 
0.203666 0.409371 0.393179 0.466427 
0.631297 0.325202 0.439169 0.527596 
0.148696 0.322268 0.644908 0.490851 
0.793455 0.530445 0.557882 0.518671 
0.403562 0.790858 0.493159 0.512757 
0.439559 0.683177 0.512345 0.48264 
0.106016 0.488272 0.42497 0.517173 
0.76066 0.667954 0.540017 0.509113 
0.871494 0.715505 0.432124 0.532763 
0.5764 0.177897 0.427323 0.487437 
0.34405 0.575813 0.605299 0.480848 
0.0737739 0.326183 0.524575 0.564117 
0.0238675 0.674903 0.511933 0.5574 
0.312522 0.49862 0.522921 0.518826 
0.567306 0.293408 0.571261 0.496144 
0.690792 0.739411 0.455389 0.461165 
0.825765 0.395763 0.542538 0.463381 
0.171493 0.612391 0.566976 0.518364 
0.381963 0.893841 0.465194 0.477928 
0.883888 0.702883 0.526752 0.522273 
0.85306 0.400741 0.412109 0.538307 
0.959894 0.671529 0.672253 0.483255 
0.983162 0.381673 0.46028 0.465612 
0.435875 0.108133 0.428532 0.516858 
0.373608 0.916971 0.518667 0.522675 
0.184494 0.610492 0.617116 0.519817 
0.844696 0.942957 0.476698 0.488746 
0.888943 0.4789 0.312743 0.498639 
0.58594 0.938353 0.413599 0.501038 
0.386129 0.615918 0.392863 0.472445 
0.809993 0.17008 0.323624 0.540847 
0.833775 0.370779 0.385709 0.45428 
0.0685225 0.549548 0.489283 0.422695 
0.62607 0.499794 0.539772 0.488919 
0.556161 0.646609 0.303961 0.495548 
0.345069 0.424804 0.493773 0.508926 
0.490896 0.550603 0.471583 0.460804 
0.929953 0.518593 0.452826 0.501535 
0.253761 0.552668 0.415231 0.510664 
0.42888 0.585964 0.430763 0.483611 
0.272609 0.321156 0.361842 0.493144 
0.663137 0.661643 0.493011 0.52547 
0.192097 0.646943 0.534649 0.47801 
0.15631 0.531644 0.477902 0.518001 
0.605809 0.63453 0.483304 0.465859 
0.784647 0.36823 0.475305 0.521271 
0.657936 0.835396 0.566425 0.51907 
0.143787 0.409273 0.504818 0.523157 
0.947876 0.739539 0.557183 0.533938 
0.878625 0.700757 0.452245 0.534953 
0.0754074 0.67028 0.494552 0.540515 
0.548243 0.451526 0.514566 0.484199 
0.513029 0.498873 0.659986 0.521777 
0.4349 0.563974 0.591659 0.462171 
0.62364 0.71974 0.427181 0.453413 
0.840349 0.503318 0.494374 0.460955 
0.624213 0.297385 0.65483 0.539562 
0.655284 0.168672 0.465883 0.474792 
0.689661 0.554154 0.403963 0.512432 
0.583832 0.727096 0.512993 0.522243 
0.112714 0.463709 0.566338 0.494154 
0.179577 0.330479 0.322049 0.479298 
0.686983 0.419096 0.592751 0.465621 
0.285675 0.70856 0.448307 0.480238 
0.763067 0.299343 0.465014 0.46737 
0.603879 0.296452 0.470895 0.504236 
0.230908 0.37743 0.616729 0.493253 
0.311483 0.508527 0.586014 0.4569 
0.491484 0.257916 0.48871 0.472776 
0.021111 0.71711 0.384491 0.483728 
0.321963 0.73819 0.579651 0.509844 
0.821824 0.230139 0.240097 0.543506 
0.319876 0.703724 0.364664 0.459978 
0.536208 0.43039 0.488371 0.518431 
0.117537 0.44363 0.510297 0.503608 
0.837233 0.41365 0.634103 0.473439 
0.973623 0.904991 0.576538 0.520759 
0.751051 0.384789 0.515346 0.49446 
0.793172 0.316796 0.604835 0.561519 
0.758689 0.740492 0.362342 0.471313 
0.204774 0.448727 0.580673 0.49487 
0.500932 0.477709 0.488705 0.462345 
0.790026 0.301181 0.547357 0.467416 
0.0524602 0.518909 0.622736 0.479842 
0.744788 0.127643 0.510344 0.457615 
0.0476226 0.184761 0.541252 0.537172 
0.950887 0.735144 0.436732 0.529594 
0.167719 0.317076 0.466448 0.508312 
0.550084 0.135369 0.574885 0.512282 
0.855321 0.657549 0.460554 0.520444 
0.357036 0.0428969 0.507076 0.489664 
0.125451 0.175827 0.71946 0.469624 
0.0533946 0.266388 0.483121 0.515703 
0.824981 0.709332 0.574554 0.453872 
0.441994 0.79949 0.32667 0.425388 
0.34988 0.52904 0.561132 0.490506 
0.214585 0.466685 0.581283 0.51542 
0.238559 0.715807 0.637274 0.553085 
0.681433 0.310594 0.386228 0.468498 
0.179614 0.429733 0.545327 0.50304 
0.922628 0.797224 0.540536 0.514953 
0.935174 0.54542 0.6113 0.500177 
0.00357001 0.572451 0.394049 0.52825 
0.784409 0.256203 0.359166 0.524027 
0.78853 0.495048 0.467016 0.505025 
0.642365 0.500688 0.529024 0.560833 
0.349389 0.739337 0.497883 0.499545 
0.833085 0.274499 0.558644 0.498347 
0.546209 0.748331 0.708992 0.501255 
0.622654 0.387527 0.492923 0.554557 
0.51177 0.0837388 0.528475 0.51994 
0.835668 0.968273 0.512575 0.497231 
0.509883 0.506844 0.534939 0.493275 
0.54223 0.409089 0.578312 0.482991 
0.627878 0.509416 0.447665 0.534599 
0.463918 0.809101 0.427254 0.463706 
0.0938215 0.655546 0.44915 0.539345 
0.867511 0.467532 0.449727 0.476612 
0.277066 0.153083 0.486899 0.536318 
0.90357 0.711713 0.60228 0.524233 
0.961217 0.27608 0.456479 0.499973 
0.257681 0.202239 0.50125 0.536847 
0.990429 0.73272 0.444925 0.526023 
0.19202 0.568808 0.458872 0.434213 
0.517328 0.661239 0.506151 0.501509 
0.927425 0.434485 0.376382 0.499024 
0.707709 0.378186 0.503664 0.446709 
0.048764 0.44624 0.548954 0.479478 
0.188195 0.445819 0.419704 0.496945 
0.352539 0.552283 0.396335 0.469266 
0.0781669 0.583805 0.508516 0.512442 
0.633418 0.38588 0.647248 0.507439 
0.126627 0.451044 0.386329 0.528884 
0.999655 0.36837 0.396592 0.510556 
0.906678 0.0866646 0.496195 0.547982 
0.406982 0.642457 0.487651 0.539292 
0.964567 0.448702 0.398579 0.504545 
0.966222 0.919786 0.697095 0.51241 
0.062743 0.394518 0.454215 0.480514 
0.484431 0.591648 0.455237 0.494802 
0.194242 0.937755 0.573824 0.482611 
0.973227 0.537556 0.656203 0.555074 
0.0232033 0.422016 0.43892 0.542125 
0.927636 0.696633 0.499545 0.487817 
0.325066 0.155167 0.595487 0.507115 
0.484732 0.475412 0.614473 0.430553 
0.28988 0.864644 0.503168 0.441784 
0.932743 0.20391 0.494113 0.484957 
0.65049 0.441511 0.5091 0.517554 
0.727808 0.310481 0.440985 0.464241 
0.248344 0.729761 0.392838 0.512796 
0.12996 0.238207 0.419877 0.451092 
0.19659 0.840287 0.580182 0.522244 
0.915019 0.767331 0.559368 0.515071 
0.806864 0.599638 0.52808 0.54286 
0.769344 0.450583 0.471781 0.469324 
0.0462655 0.0802926 0.384943 0.481777 
0.359554 0.307866 0.447417 0.499213 
0.224934 0.530974 0.618017 0.458085 
0.665709 0.80011 0.54204 0.454488 
0.979539 0.0875361 0.344432 0.511615 
0.719025 0.699145 0.35524 0.499897 
0.914427 0.370092 0.556216 0.531341 
0.889763 0.562603 0.370779 0.508774 
0.388264 0.174527 0.574139 0.490435 
0.0756019 0.432535 0.541767 0.489272 
0.335595 0.616546 0.561134 0.4934 
0.510613 0.59151 0.613439 0.495077 
0.26517 0.40009 0.512716 0.489209 
0.693767 0.621464 0.545286 0.509826 
0.233066 0.296189 0.575635 0.489178 
0.624941 0.226086 0.480271 0.454396 
0.191656 0.684509 0.486601 0.46321 
0.297637 0.839719 0.524858 0.50304 
0.838337 0.666586 0.400001 0.540124 
0.577485 0.257159 0.369632 0.551956 
0.521277 0.567658 0.495427 0.485593 
0.75139 0.453489 0.46815 0.509278 
0.93597 0.593976 0.543394 0.499346 
0.0315927 0.41579 0.444515 0.474173 
0.147985 0.539133 0.362322 0.51987 
0.751361 0.211487 0.576881 0.500529 
0.137674 0.295476 0.541902 0.502428 
0.452118 0.527013 0.578951 0.493918 
0.537553 0.239139 0.542108 0.54502 
0.158236 0.239287 0.520719 0.50921 
0.775314 0.0789079 0.671839 0.520916 
0.898804 0.538964 0.503552 0.471314 
0.171302 0.179326 0.540111 0.489045 
0.992468 0.374729 0.488704 0.461987 
0.609999 0.544194 0.612364 0.476314 
0.798759 0.554352 0.470656 0.525299 
0.69341 0.178792 0.548382 0.48498 
0.934503 0.406681 0.346058 0.535099 
0.315801 0.305662 0.571409 0.48188 
0.79212 0.400687 0.690155 0.508869 
0.263244 0.229362 0.600689 0.460717 
0.931074 0.352908 0.493101 0.502096 
0.34535 0.587593 0.535872 0.461695 
0.765193 0.510138 0.595405 0.477214 
0.695065 0.835895 0.491291 0.455875 
0.696186 0.234996 0.679085 0.529015 
0.38895 0.531881 0.455756 0.50823 
0.95828 0.458841 0.610364 0.579197 
0.628055 0.424135 0.566279 0.463452 
0.465394 0.367568 0.491406 0.525795 
0.923544 0.295438 0.599836 0.500035 
0.438147 0.645904 0.617646 0.512815 
0.325159 0.635263 0.513876 0.491405 
0.238548 0.151162 0.452093 0.543988 
0.193717 0.627024 0.367293 0.482084 
0.353252 0.168876 0.373208 0.535724 
0.771237 0.260268 0.547449 0.51283 
0.321762 0.606366 0.528096 0.444614 
0.911019 0.282088 0.508019 0.446809 
0.057954 0.556975 0.565269 0.531597 
0.957159 0.798312 0.350911 0.578261 
0.615466 0.461964 0.606794 0.519028 
0.693661 0.606167 0.558658 0.480815 
0.433151 0.425594 0.648479 0.548367 
0.930764 0.303803 0.361541 0.488015 
0.621931 0.250196 0.497853 0.510082 
0.145582 0.700801 0.469412 0.499713 
0.297078 0.772373 0.4627 0.489211 
0.108308 0.531697 0.583818 0.486662 
0.361545 0.493505 0.579062 0.488302 
0.997974 0.152134 0.467904 0.483388 
0.662065 0.691154 0.419748 0.46289 
0.117552 0.177064 0.505637 0.488874 
0.559927 0.302725 0.376681 0.533423 
0.0696299 0.784739 0.533447 0.530335 
0.440354 0.567269 0.449328 0.455604 
0.138822 0.572916 0.533845 0.501253 
0.834006 0.347233 0.417086 0.528143 
0.263297 0.297966 0.752579 0.499316 
0.942811 0.355592 0.563046 0.508356 
0.282069 0.462102 0.450561 0.506517 
0.869521 0.191461 0.450681 0.478404 
0.378256 0.507848 0.572246 0.528672 
0.775464 0.538402 0.336013 0.505763 
0.351573 0.359596 0.448736 0.564864 
0.418911 0.595173 0.563201 0.500703 
0.315364 0.375314 0.500196 0.489877 
0.366041 0.708135 0.519941 0.545772 
0.676743 0.598006 0.531071 0.475608 
0.499778 0.410256 0.473137 0.476872 
0.0670124 0.73486 0.425449 0.516612 
0.91038 0.502381 0.578131 0.503707 
0.205428 0.49153 0.509163 0.475558 
0.551366 0.725261 0.474157 0.503242 
0.664106 0.892946 0.609955 0.510431 
0.800117 0.604632 0.447024 0.504904 
0.34903 0.814196 0.440935 0.487255 
0.0898924 0.64892 0.512569 0.514155 
0.594987 0.350793 0.463039 0.508222 
0.0802271 0.671364 0.244459 0.461803 
0.126947 0.681877 0.477321 0.560415 
0.141931 0.510985 0.474147 0.517179 
0.872991 0.193144 0.542886 0.476922 
0.908591 0.498483 0.512086 0.475156 
0.877768 0.231637 0.60021 0.526764 
0.445909 0.906405 0.261466 0.474164 
0.322163 0.60638 0.486373 0.561387 
0.789198 0.83009 0.536929 0.453864 
0.489086 0.546275 0.531163 0.507432 
0.0815434 0.717815 0.429445 0.471202 
0.34294 0.542357 0.564978 0.498848 
0.184117 0.459431 0.370557 0.460323 
0.955639 0.478806 0.445624 0.531008 
0.270728 0.509791 0.657424 0.481703 
0.635948 0.286993 0.477537 0.507098 
0.353865 0.382801 0.667101 0.511927 
0.72207 0.355982 0.373851 0.499902 
0.0148219 0.672157 0.503004 0.517887 
0.483306 0.246086 0.560146 0.505203 
0.527034 0.136645 0.494056 0.515905 
0.223346 0.509024 0.603559 0.505633 
0.885119 0.262124 0.425463 0.452123 
0.250056 0.808673 0.421913 0.469348 
0.0724435 0.658125 0.420969 0.522971 
0.230551 0.28346 0.379094 0.525599 
0.526725 0.70689 0.39195 0.493421 
0.967003 0.436557 0.66728 0.489131 
0.77384 0.829565 0.536189 0.531615 
0.876288 0.770673 0.538727 0.462782 
0.601319 0.117872 0.582309 0.456134 
0.0398472 0.466025 0.36877 0.470384 
0.840253 0.754502 0.444491 0.51329 
0.812691 0.196214 0.529126 0.526067 
0.280089 0.3608 0.570381 0.5052 
0.303956 0.365326 0.397935 0.461233 
0.395236 0.911957 0.309 0.500583 
0.992301 0.471609 0.530224 0.505504 
0.772078 0.335619 0.450476 0.480249 
0.471535 0.302778 0.359454 0.482716 
0.0648307 0.478279 0.558031 0.464594 
0.610754 0.707002 0.523202 0.509287 
0.471665 0.447503 0.454457 0.522219 
0.316699 0.341579 0.418572 0.550681 
0.335328 0.811724 0.50678 0.480695 
0.269247 0.393956 0.510234 0.425466 
0.3369 0.483336 0.412003 0.500961 
0.188573 0.44695 0.442663 0.511047 
0.704862 0.571135 0.458659 0.507361 
0.269295 0.46589 0.380529 0.511946 
0.241852 0.222752 0.576273 0.518315 
0.264015 0.390461 0.533608 0.497541 
0.653091 0.581007 0.452193 0.472383 
0.913945 0.555303 0.609266 0.506065 
0.923497 0.472397 0.588732 0.443444 
0.636857 0.748617 0.511096 0.543999 
0.165276 0.443009 0.395071 0.45334 
0.93603 0.581983 0.532716 0.495518 
0.378383 0.867276 0.397544 0.52851 
0.33314 0.264355 0.582874 0.478897 
0.254102 0.798145 0.653001 0.541121 
0.789228 0.477171 0.785379 0.513511 
0.236343 0.472254 0.66806 0.473203 
0.741272 0.179394 0.533624 0.527198 
0.626585 0.521273 0.500632 0.450516 
0.0119299 0.589965 0.596843 0.503332 
0.796835 0.365612 0.413669 0.51382 
0.0081675 0.12367 0.36942 0.535598 
0.565022 0.625123 0.545898 0.541746 
0.603576 0.411442 0.373462 0.493894 
0.575522 0.608489 0.500101 0.521769 
0.589442 0.198843 0.521977 0.486049 
0.169722 0.596367 0.545853 0.49027 
0.141081 0.528989 0.541405 0.493765 
0.860866 0.599642 0.493256 0.490096 
0.421883 0.512227 0.460954 0.465669 
0.50526 0.301123 0.567291 0.465686 
0.918078 0.0903244 0.374218 0.494764 
0.877905 0.772732 0.574251 0.475176 
0.834417 0.664074 0.560763 0.548212 
0.778356 0.188709 0.622392 0.477849 
0.827334 0.478733 0.503451 0.467668 
0.622705 0.58885 0.467749 0.441572 
0.210388 0.185981 0.66055 0.514646 
0.549708 0.684866 0.729126 0.511021 
0.0481439 0.905233 0.511102 0.475166 
0.659009 0.173719 0.440175 0.516626 
0.0963979 0.354955 0.744528 0.472527 
0.95885 0.481163 0.496438 0.503696 
0.27376 0.299836 0.486325 0.466113 
0.519464 0.797581 0.530296 0.539985 
0.614454 0.412377 0.619592 0.502314 
0.0533715 0.665449 0.591132 0.509256 
0.552682 0.384833 0.517051 0.518586 
0.657719 0.434537 0.470247 0.462402 
0.0244277 0.308395 0.605338 0.53284 
0.31375 0.75593 0.270125 0.524563 
0.56239 0.853242 0.463541 0.497499 
0.953442 0.292878 0.522555 0.515282 
0.608696 0.541255 0.468273 0.519535 
0.323205 0.343392 0.50916 0.481573 
0.931148 0.43232 0.471447 0.458711 
0.847396 0.591901 0.467537 0.502731 
0.872381 0.40128 0.579279 0.561927 
0.937867 0.544218 0.365417 0.479766 
0.125727 0.625326 0.435386 0.471039 
0.51466 0.274743 0.482644 0.504076 
0.689221 0.456784 0.466314 0.508096 
0.174376 0.340678 0.502542 0.521227 
0.389126 0.49688 0.491327 0.468371 
0.775705 0.779076 0.50544 0.526988 
0.449407 0.492735 0.550072 0.512408 
0.976755 0.841617 0.495649 0.50933 
0.607993 0.963041 0.530944 0.496614 
0.371437 0.613952 0.497007 0.467168 
0.612545 0.453533 0.528902 0.490697 
0.897668 0.930575 0.621723 0.537687 
0.0858364 0.194083 0.489482 0.477525 
0.931832 0.674832 0.442095 0.545244 
0.123351 0.432469 0.622842 0.538259 
0.0955538 0.761589 0.615749 0.497188 
0.673041 0.52564 0.419365 0.498941 
0.559917 0.520844 0.443442 0.487626 
0.853182 0.138353 0.560203 0.467441 
0.691668 0.385067 0.510639 0.501978 
0.14219 0.854827 0.445643 0.496589 
0.0135975 0.476625 0.584761 0.50586 
0.186559 0.363056 0.620963 0.522273 
0.951896 0.894066 0.442882 0.463988 
0.0873863 0.586885 0.590222 0.466993 
0.546004 0.331772 0.63214 0.466053 
0.834396 0.643349 0.629131 0.539389 
0.677841 0.519751 0.546663 0.521657 
0.865757 0.572308 0.495572 0.496887 
0.578274 0.206957 0.386352 0.471451 
0.336786 0.490122 0.563694 0.531528 
0.0497665 0.40564 0.515089 0.450493 
0.490748 0.47401 0.483984 0.477542 
0.513273 0.638195 0.446045 0.479829 
0.0862314 0.243824 0.449423 0.498981 
0.618548 0.873095 0.604162 0.557687 
0.13923 0.531292 0.526466 0.490495 
0.609781 0.587652 0.438371 0.523227 
0.281844 0.865449 0.472203 0.494614 
0.571907 0.562378 0.506247 0.493947 
0.66302 0.207022 0.599641 0.484699 
0.34798 0.596668 0.351436 0.488289 
0.39706 0.908643 0.378391 0.51132 
0.397519 0.288968 0.426032 0.494435 
0.721733 0.743848 0.675657 0.507177 
0.0212249 0.517585 0.481494 0.516353 
0.544925 0.224169 0.466398 0.471143 
0.946573 0.875832 0.441473 0.516184 
0.805536 0.804287 0.577681 0.505287 
0.247378 0.746261 0.594109 0.455923 
0.749455 0.369096 0.426073 0.469553 
0.199237 0.378412 0.700829 0.487902 
0.32751 0.280541 0.563213 0.48661 
0.0356037 0.365144 0.487114 0.416646 
0.428444 0.538253 0.554842 0.455723 
0.000131089 0.467319 0.357862 0.473687 
0.376013 0.247696 0.452654 0.512818 
0.270126 0.523241 0.516127 0.500878 
0.368352 0.475899 0.46886 0.481795 
0.138161 0.41861 0.731429 0.506202 
0.774322 0.175892 0.647615 0.479554 
0.748806 0.337534 0.370166 0.531557 
0.787587 0.694632 0.384863 0.515356 
0.580216 0.515114 0.531244 0.436172 
0.350511 0.253025 0.590704 0.520872 
0.977665 0.401101 0.522577 0.506168 
0.559036 0.422588 0.289001 0.526262 
0.840638 0.704105 0.344387 0.510217 
0.234053 0.401806 0.477296 0.522102 
0.977878 0.61478 0.575589 0.466073 
0.770585 0.0773695 0.609815 0.530888 
0.504842 0.293704 0.440414 0.44172 
0.432259 0.768478 0.673504 0.519592 
0.582987 0.19733 0.597347 0.516163 
0.174628 0.347139 0.513743 0.505492 
0.171847 0.697273 0.62749 0.521256 
0.670819 0.64248 0.619406 0.522583 
0.733849 0.737064 0.437816 0.526816 
0.00114836 0.329391 0.545294 0.479885 
0.601088 0.333778 0.466086 0.492854 
0.686158 0.526718 0.561141 0.457009 
0.728335 0.576582 0.611458 0.491096 
0.527321 0.882262 0.505209 0.499761 
0.927031 0.532158 0.296254 0.536458 
0.917063 0.569148 0.280774 0.511208 
0.332238 0.409852 0.544723 0.495253 
0.809296 0.690388 0.525958 0.550026 
0.44267 0.626196 0.322578 0.489382 
0.349264 0.503056 0.562593 0.519865 
0.155923 0.643187 0.586997 0.517467 
0.34477 0.408381 0.554447 0.484012 
0.870759 0.507768 0.478395 0.511579 
0.515871 0.402885 0.494629 0.477968 
0.265696 0.44199 0.344469 0.553629 
0.0602186 0.553583 0.639433 0.518819 
0.178909 0.562661 0.396049 0.510222 
0.151556 0.784802 0.363524 0.456577 
0.11585 0.254234 0.274258 0.482386 
0.972605 0.0719331 0.560453 0.541845 
0.00989002 0.663967 0.468611 0.484723 
0.447994 0.768507 0.530224 0.444801 
0.512054 0.45779 0.41573 0.454854 
0.886653 0.255162 0.603643 0.517155 
0.568326 0.450386 0.613858 0.487848 
0.377746 0.634114 0.607227 0.487957 
0.372983 0.297732 0.469211 0.485056 
0.436172 0.565203 0.327275 0.51431 
0.42538 0.865133 0.44426 0.483455 
0.164758 0.182478 0.491119 0.563491 
0.937397 0.324848 0.478828 0.470246 
0.198597 0.606256 0.56874 0.480955 
0.988285 0.957573 0.395426 0.545373 
0.109899 0.429061 0.495627 0.469259 
0.129613 0.168626 0.442947 0.488752 
0.199214 0.722491 0.489692 0.500503 
0.365012 0.523802 0.545822 0.481678 
0.963316 0.482548 0.401463 0.511238 
0.877583 0.415179 0.65731 0.506696 
0.225085 0.798451 0.564652 0.526864 
0.787801 0.741029 0.435731 0.507731 
0.612099 0.694913 0.473368 0.500105 
0.0733227 0.538763 0.674297 0.491798 
0.494301 0.171032 0.480274 0.45114 
0.613597 0.678506 0.51431 0.441526 
0.66841 0.0967166 0.338202 0.461304 
0.842986 0.367975 0.306552 0.517462 
0.536061 0.559906 0.580118 0.484672 
0.883853 0.276815 0.44838 0.524786 
0.652396 0.590049 0.479078 0.526811 
0.0895362 0.755127 0.371333 0.47622 
0.949436 0.583658 0.477985 0.495542 
0.409136 0.597085 0.441067 0.489464 
0.825045 0.263941 0.55075 0.506617 
0.590046 0.948128 0.607987 0.43846 
0.998287 0.810251 0.448914 0.490876 
0.972236 0.0593143 0.445961 0.555636 
0.703741 0.488212 0.594018 0.434586 
0.945834 0.813997 0.337011 0.467893 
0.897386 0.513782 0.330845 0.486645 
0.362892 0.408769 0.523685 0.454654 
0.159222 0.158867 0.418241 0.539674 
0.539536 0.395395 0.584613 0.484586 
0.937551 0.558515 0.733819 0.524475 
0.132176 0.353669 0.461167 0.519759 
0.424601 0.201159 0.389416 0.515075 
0.460167 0.846939 0.47872 0.502158 
0.228858 0.351915 0.622477 0.497914 
0.96826 0.475349 0.535044 0.541603 
0.929104 0.337686 0.428079 0.492556 
0.695322 0.83489 0.625437 0.468249 
0.410318 0.409455 0.438731 0.51786 
0.949656 0.581048 0.512965 0.462069 
0.591445 0.413145 0.469855 0.527651 
0.307697 0.417812 0.581067 0.494054 
0.937802 0.626462 0.554758 0.500202 
0.347815 0.793804 0.400763 0.497959 
0.966724 0.512093 0.618094 0.446334 
0.828659 0.370377 0.513573 0.434945 
0.93132 0.789725 0.54415 0.55234 
0.567598 0.685738 0.297859 0.455366 
0.73925 0.550966 0.331218 0.500865 
0.701076 0.168278 0.555724 0.442445 
0.606685 0.680203 0.446092 0.495871 
0.889813 0.679768 0.643633 0.482272 
0.700574 0.373125 0.408206 0.499631 
0.741945 0.407577 0.634704 0.508383 
0.259437 0.876442 0.651128 0.479584 
0.291735 0.477611 0.537099 0.53504 
0.162694 0.590683 0.497752 0.533397 
0.696524 0.462571 0.451729 0.542504 
0.991715 0.68739 0.497187 0.511663 
0.364922 0.313258 0.391881 0.535421 
0.252171 0.526543 0.356103 0.511539 
0.912165 0.555542 0.599698 0.490303 
0.912596 0.706764 0.433611 0.526971 
0.539232 0.462998 0.43642 0.49732 
0.639653 0.704461 0.573919 0.481854 
0.833186 0.670558 0.454123 0.511145 
0.5926 0.53505 0.553566 0.501067 
0.990899 0.435124 0.561393 0.443319 
0.81489 0.566245 0.405012 0.514595 
0.738079 0.629875 0.547158 0.467793 
0.963243 0.568246 0.538933 0.486561 
0.0128027 0.571585 0.515748 0.453768 
0.26013 0.678303 0.542808 0.465697 
0.205791 0.591409 0.518384 0.505177 
0.628537 0.775628 0.496381 0.461107 
0.727362 0.564685 0.510322 0.527411 
0.951124 0.902035 0.550253 0.42897 
0.976544 0.332394 0.49874 0.503577 
0.359342 0.515757 0.441086 0.494111 
0.0162748 0.456453 0.442019 0.4511 
0.0777143 0.683818 0.563948 0.517578 
0.90073 0.258488 0.58261 0.502078 
0.191717 0.666725 0.420426 0.46774 
0.834788 0.566092 0.627756 0.503401 
0.184059 0.672924 0.534858 0.499494 
0.752188 0.607609 0.42209 0.50239 
0.521683 0.731915 0.441225 0.5163 
0.798267 0.188901 0.549086 0.486843 
0.947157 0.264495 0.569496 0.510312 
0.993247 0.479335 0.468954 0.478489 
0.511775 0.24727 0.510623 0.568228 
0.42131 0.722936 0.456441 0.507524 
0.313063 0.417001 0.593116 0.462609 
0.760978 0.477146 0.413301 0.509212 
0.286654 0.444035 0.424703 0.491013 
0.718833 0.189261 0.554459 0.507742 
0.870636 0.799293 0.328809 0.549695 
0.0085211 0.452913 0.630341 0.471632 
0.239199 0.458059 0.505566 0.538094 
0.32783 0.687708 0.462804 0.493614 
0.246954 0.633714 0.494526 0.520823 
0.962056 0.329057 0.4428 0.532799 
0.39449 0.731687 0.323779 0.507287 
0.879641 0.629405 0.583384 0.469224 
0.446764 0.233722 0.447581 0.525327 
0.891974 0.669551 0.618033 0.494053 
0.442814 0.498196 0.439073 0.474489 
0.266428 0.754682 0.555814 0.483101 
0.827125 0.464285 0.499201 0.507691 
0.163548 0.189726 0.515625 0.530602 
0.666371 0.805088 0.600009 0.498214 
0.641451 0.8122 0.486587 0.520648 
0.600375 0.520903 0.488733 0.479613 
0.114241 0.537321 0.440127 0.462227 
0.616106 0.41755 0.478028 0.527003 
0.629006 0.861907 0.619507 0.473995 
0.102746 0.43081 0.61939 0.466822 
0.456862 0.43186 0.479067 0.468809 
0.769604 0.705605 0.450117 0.481827 
0.173366 0.177698 0.588745 0.492458 
0.667625 0.492472 0.448413 0.438005 
0.55381 0.791848 0.450616 0.474721 
0.39921 0.878941 0.527141 0.49117 
0.822539 0.559932 0.562273 0.483804 
0.823 0.514431 0.390352 0.543889 
0.440349 0.67283 0.467707 0.523925 
0.0384622 0.37576 0.454063 0.521722 
0.836525 0.605358 0.43057 0.507793 
0.119902 0.781503 0.491515 0.491617 
0.255407 0.734847 0.353167 0.575777 
0.948029 0.582384 0.548611 0.509175 
0.364279 0.392 0.499282 0.525264 
0.526535 0.317825 0.587437 0.481069 
0.596999 0.293434 0.50787 0.529934 
0.199159 0.667216 0.5238 0.500862 
0.800617 0.576149 0.568137 0.492472 
0.731546 0.44701 0.44722 0.476213 
0.0547958 0.209953 0.623302 0.505319 
0.919058 0.52727 0.646995 0.526418 
0.284704 0.712432 0.272717 0.552623 
0.536065 0.647096 0.484796 0.488835 
0.0521847 0.557896 0.510598 0.547769 
0.0407399 0.601332 0.47609 0.508756 
0.824795 0.52792 0.568902 0.493715 
0.830351 0.601878 0.486182 0.49962 
0.390726 0.462688 0.647194 0.476547 
0.888071 0.596992 0.696949 0.481886 
0.637943 0.42696 0.577762 0.510188 
0.406256 0.562986 0.434759 0.450461 
0.236313 0.741731 0.364235 0.54145 
0.0795758 0.567941 0.442598 0.513908 
0.605273 0.38192 0.494599 0.489348 
0.416316 0.623474 0.447044 0.522531 
0.392351 0.644713 0.544842 0.517459 
0.682981 0.384118 0.343855 0.494445 
0.108894 0.470818 0.500558 0.473685 
0.925817 0.291191 0.65549 0.480099 
0.713525 0.474876 0.394765 0.557924 
0.0834802 0.144113 0.545303 0.55015 
0.500093 0.737925 0.687029 0.455652 
0.393088 0.428486 0.451092 0.445659 
0.535514 0.210767 0.389889 0.492757 
0.585744 0.732766 0.484666 0.486413 
0.833162 0.0474054 0.487648 0.48894 
0.639896 0.346381 0.34815 0.505731 
0.611464 0.183243 0.494083 0.465285 
0.952339 0.335783 0.40513 0.487211 
0.787247 0.629921 0.473495 0.483419 
0.928022 0.320917 0.439923 0.509168 
0.803863 0.819979 0.457905 0.437794 
0.645326 0.158497 0.638674 0.499985 
0.610438 0.232391 0.554688 0.461259 
0.0366577 0.314394 0.423369 0.533778 
0.698431 0.56269 0.523393 0.526716 
0.895497 0.291156 0.516536 0.452552 
0.895552 0.503865 0.584452 0.458197 
0.0407862 0.57447 0.492111 0.498267 
0.370871 0.591556 0.52947 0.476335 
0.443343 0.614563 0.645239 0.511299 
0.693872 0.505141 0.405505 0.512824 
0.0321211 0.451895 0.500425 0.472627 
0.203079 0.445115 0.380962 0.565142 
0.102012 0.905969 0.510636 0.483272 
0.268364 0.223529 0.426693 0.502083 
0.916896 0.687947 0.520958 0.521823 
0.336367 0.178071 0.543943 0.499097 
0.566102 0.507003 0.577841 0.511146 
0.277434 0.601396 0.370838 0.534296 
0.190106 0.602656 0.451142 0.497783 
0.958125 0.717222 0.480511 0.466257 
0.168239 0.736729 0.4443 0.463546 
0.678443 0.430011 0.4812 0.530867 
0.151569 0.154572 0.526476 0.528843 
0.00630052 0.60791 0.344303 0.560166 
0.761358 0.419627 0.441203 0.420568 
0.680253 0.288144 0.489404 0.520746 
0.229334 0.394437 0.494085 0.511851 
0.373404 0.628245 0.418519 0.515218 
0.428062 0.759159 0.592481 0.484844 
0.907957 0.474983 0.595546 0.521709 
0.150763 0.613566 0.470886 0.510592 
0.597023 0.211698 0.573025 0.533539 
0.295254 0.693552 0.620533 0.533766 
0.0413181 0.74368 0.442205 0.500923 
0.797489 0.770312 0.40324 0.537981 
0.104884 0.873735 0.415789 0.514984 
0.0244761 0.75518 0.385898 0.512817 
0.74084 0.417329 0.516534 0.53294 
0.250263 0.404559 0.467978 0.474143 
0.075451 0.685787 0.673427 0.512238 
0.37448 0.314539 0.479306 0.530012 
0.0899403 0.68286 0.514254 0.542804 
0.232265 0.1231 0.578963 0.525925 
0.0851256 0.268245 0.500609 0.511908 
0.067041 0.482854 0.526028 0.476546 
0.185399 0.217297 0.459538 0.519004 
0.76013 0.822849 0.622781 0.496074 
0.114054 0.459211 0.620518 0.487535 
0.660805 0.494958 0.454338 0.510416 
0.246772 0.699599 0.596221 0.487227 
0.0821787 0.641444 0.537557 0.465295 
0.816966 0.6206 0.557921 0.476866 
0.538127 0.279789 0.524208 0.462484 
0.753301 0.281872 0.536764 0.469939 
0.100852 0.775804 0.429095 0.483023 
0.844686 0.518749 0.549857 0.566041 
0.879779 0.395836 0.474253 0.524684 
0.937174 0.50569 0.551725 0.525373 
0.525127 0.440875 0.509464 0.51107 
0.506062 0.60114 0.600902 0.487857 
0.741704 0.37162 0.451496 0.487203 
0.466729 0.409588 0.367489 0.526212 
0.469002 0.568076 0.728516 0.528781 
0.237859 0.210058 0.572488 0.46754 
0.312449 0.617994 0.629777 0.51716 
0.563157 0.327052 0.464341 0.514726 
0.500443 0.1431 0.494603 0.471907 
0.719236 0.441183 0.528426 0.492652 
0.0318008 0.403264 0.350776 0.489735 
0.0487462 0.452511 0.569049 0.506146 
0.0541694 0.695634 0.455685 0.525548 
0.514149 0.271092 0.558552 0.526599 
0.558606 0.399915 0.451659 0.500713 
0.0820677 0.675543 0.441618 0.492058 
0.360415 0.781537 0.407036 0.482243 
0.804402 0.230672 0.613866 0.507749 
0.313615 0.581749 0.45244 0.466046 
0.472576 0.657691 0.578178 0.504535 
0.725477 0.305954 0.640599 0.519983 
0.0119625 0.467317 0.641693 0.486169 
0.372149 0.393545 0.404338 0.501211 
0.57967 0.54652 0.591721 0.510905 
0.149961 0.751011 0.549691 0.484661 
0.294189 0.380791 0.627782 0.602532 
0.378611 0.315489 0.449834 0.534873 
0.703723 0.669892 0.678065 0.467519 
0.314905 0.384077 0.609876 0.492606 
0.391029 0.186507 0.540911 0.541518 
0.593774 0.447846 0.380832 0.474575 
0.602191 0.799329 0.601573 0.544889 
0.238413 0.484342 0.493484 0.449459 
0.939183 0.494102 0.529006 0.535188 
0.51581 0.356005 0.430467 0.465895 
0.0645663 0.571926 0.607265 0.510133 
0.146186 0.751545 0.525023 0.432118 
0.943506 0.214193 0.516056 0.478011 
0.243306 0.513493 0.38667 0.512596 
0.326394 0.559981 0.633665 0.477165 
0.955073 0.128415 0.593788 0.473826 
0.878061 0.435537 0.565737 0.519595 
0.0348243 0.694153 0.523873 0.497912 
0.184248 0.10849 0.402405 0.47938 
0.291992 0.617628 0.716774 0.504142 
0.114699 0.649121 0.467677 0.496413 
0.683602 0.590728 0.428022 0.502937 
0.898646 0.442261 0.621974 0.520142 
0.120454 0.707145 0.460761 0.49351 
0.750702 0.323362 0.510223 0.510066 
0.342068 0.834041 0.516816 0.446444 
0.967397 0.383896 0.477388 0.497097 
0.188627 0.699528 0.420738 0.546882 
0.102963 0.531333 0.361473 0.494517 
0.430058 0.575946 0.471539 0.452958 
0.46345 0.715573 0.485715 0.538599 
0.917833 0.0986276 0.608658 0.515312 
0.296702 0.460007 0.607692 0.453447 
0.0299022 0.563882 0.401393 0.526843 
0.423414 0.343628 0.467589 0.483251 
0.696419 0.330663 0.490613 0.514141 
0.613426 0.743812 0.60213 0.514101 
0.654366 0.921205 0.520745 0.506201 
0.528827 0.754851 0.59294 0.513144 
0.415017 0.618571 0.44286 0.509221 
0.155532 0.898449 0.452185 0.505785 
0.0693709 0.464154 0.361436 0.520788 
0.543768 0.244205 0.468312 0.501749 
0.465485 0.503418 0.461386 0.529135 
0.482765 0.611854 0.60085 0.477333 
0.718276 0.204442 0.656181 0.534626 
0.380413 0.689887 0.594259 0.489936 
0.223906 0.591977 0.501903 0.554485 
0.195916 0.390596 0.409015 0.553374 
0.640511 0.639509 0.467449 0.550692 
0.697939 0.585343 0.372565 0.467222 
0.550552 0.445126 0.455976 0.470483 
0.972334 0.862669 0.375429 0.496921 
0.172725 0.516761 0.513824 0.528875 
0.258058 0.628472 0.51027 0.496458 
0.27571 0.509871 0.655431 0.524348 
0.750845 0.889927 0.385562 0.5257 
0.390098 0.0319736 0.540165 0.518302 
0.239354 0.622945 0.363992 0.542665 
0.614964 0.103378 0.574914 0.464738 
0.0445243 0.720951 0.591231 0.49946 
0.56981 0.506758 0.428681 0.493072 
0.948211 0.159766 0.394529 0.532048 
0.492402 0.207726 0.567559 0.549696 
0.620937 0.581398 0.609183 0.520416 
0.975047 0.669091 0.45764 0.480501 
0.170864 0.600981 0.546565 0.444217 
0.773013 0.319107 0.47971 0.507795 
0.892313 0.404463 0.595997 0.441571 
0.159684 0.980445 0.34776 0.479901 
0.322282 0.551355 0.607214 0.545804 
0.250205 0.467071 0.468744 0.552272 
0.632727 0.587422 0.603028 0.458172 
0.630527 0.321717 0.520669 0.496996 
0.815015 0.734853 0.493448 0.490776 
0.141225 0.493224 0.476693 0.490454 
0.384545 0.646956 0.520896 0.503606 
0.0815652 0.138935 0.518998 0.525883 
0.165662 0.635472 0.62287 0.493382 
0.958682 0.531612 0.53784 0.533654 
0.899749 0.549518 0.557596 0.507742 
0.195251 0.792314 0.656131 0.531353 
0.467567 0.248372 0.573204 0.452532 
0.50318 0.204948 0.629154 0.50143 
0.919552 0.614016 0.514806 0.475823 
0.00766561 0.344614 0.390061 0.466049 
0.394006 0.836902 0.558956 0.518103 
0.819187 0.744053 0.479629 0.506581 
0.733161 0.210971 0.477875 0.509598 
0.5322 0.425646 0.627723 0.498494 
0.983418 0.410992 0.562305 0.463941 
0.138974 0.517283 0.271766 0.554029 
0.447307 0.190731 0.448312 0.507114 
0.360949 0.240162 0.403255 0.511364 
0.442863 0.627112 0.450149 0.52071 
0.879214 0.349625 0.591679 0.470762 
0.384916 0.426682 0.642972 0.578677 
0.601468 0.429901 0.438373 0.488565 
0.152295 0.541494 0.478687 0.553027 
0.829379 0.607492 0.572313 0.530693 
0.125392 0.608333 0.468453 0.516507 
0.202233 0.603348 0.350161 0.50152 
0.243672 0.39619 0.606671 0.496013 
0.864382 0.477194 0.548018 0.495694 
0.480387 0.202108 0.447141 0.504795 
0.572716 0.217334 0.448504 0.548725 
0.567272 0.338845 0.47188 0.480351 
0.316266 0.387692 0.481857 0.492596 
0.21661 0.240263 0.504794 0.502836 
0.66927 0.504125 0.551932 0.479918 
0.763599 0.816191 0.383181 0.48355 
0.94754 0.398656 0.48567 0.508552 
0.108627 0.41402 0.29817 0.441784 
0.308117 0.719648 0.599108 0.521182 
0.472392 0.670465 0.581 0.487343 
0.0848219 0.433104 0.535605 0.469432 
0.416188 0.636382 0.521885 0.488117 
0.450047 0.639154 0.558537 0.486873 
0.588656 0.226539 0.448038 0.463338 
0.604723 0.38217 0.563706 0.46563 
0.0872992 0.291567 0.731106 0.494109 
0.302522 0.504383 0.518486 0.517492 
0.79635 0.592694 0.422705 0.555151 
0.229593 0.312793 0.412756 0.557495 
0.814066 0.47734 0.58277 0.515326 
0.184642 0.152465 0.512581 0.511305 
0.468974 0.404158 0.581052 0.496647 
0.0104041 0.294626 0.573062 0.521324 
0.905633 0.536904 0.552333 0.532352 
0.735936 0.514725 0.606315 0.535878 
0.237419 0.397771 0.496969 0.501518 
0.375356 0.82009 0.234795 0.51214 
0.152856 0.119386 0.532664 0.51144 
0.91461 0.809575 0.600675 0.490399 
0.122076 0.788017 0.641088 0.515675 
0.0397222 0.573579 0.408965 0.499064 
0.272593 0.140467 0.561049 0.456632 
0.674251 0.876202 0.628577 0.510004 
0.860498 0.376153 0.499332 0.514647 
0.145313 0.627236 0.477709 0.453673 
0.934633 0.263187 0.531514 0.461739 
0.735954 0.575954 0.51768 0.540916 
0.90444 0.809844 0.433205 0.474887 
0.87313 0.778744 0.3764 0.474143 
0.0587689 0.496698 0.50222 0.499677 
0.647556 0.459844 0.521699 0.524418 
0.200347 0.252577 0.504045 0.549381 
0.503089 0.0411329 0.494751 0.513675 
0.259805 0.518513 0.45864 0.44156 
0.661358 0.959344 0.496477 0.485081 
0.213591 0.439761 0.568252 0.450687 
0.439099 0.647975 0.482636 0.55878 
0.719336 0.851858 0.587121 0.438896 
0.841175 0.262484 0.394125 0.523532 
0.335813 0.398735 0.333327 0.492474 
0.441485 0.814408 0.492446 0.49176 
0.0488645 0.74992 0.282224 0.436792 
0.359476 0.409023 0.60827 0.548186 
0.672422 0.887637 0.64617 0.485019 
0.483279 0.92249 0.479463 0.475289 
0.021745 0.916319 0.474598 0.489515 
0.952979 0.160946 0.628365 0.507782 
0.808011 0.445022 0.453715 0.45009 
0.949948 0.868381 0.473639 0.490718 
0.502936 0.576829 0.630905 0.494628 
0.913663 0.62369 0.415773 0.534243 
0.274396 0.10799 0.607489 0.502365 
0.917744 0.670969 0.651312 0.463658 
0.0756515 0.649506 0.438229 0.488419 
0.401345 0.218001 0.626415 0.522287 
0.601171 0.808327 0.641302 0.472109 
0.964169 0.311828 0.557458 0.480953 
0.301576 0.26472 0.42432 0.521178 
0.0296576 0.303262 0.463976 0.460276 
0.732721 0.338295 0.585813 0.498553 
0.281673 0.431975 0.604112 0.495309 
0.273897 0.776465 0.451581 0.501071 
0.0115146 0.464012 0.306292 0.460077 
0.68802 0.422343 0.333384 0.464207 
0.085241 0.791804 0.307195 0.463123 
0.116393 0.482395 0.313904 0.512761 
0.221323 0.188441 0.520518 0.509034 
0.278576 0.35758 0.657373 0.48366 
0.63507 0.708999 0.493253 0.535317 
0.802206 0.520784 0.405797 0.501482 
0.563963 0.449341 0.347271 0.493656 
0.86231 0.601454 0.534881 0.510089 
0.252262 0.490126 0.543157 0.470841 
0.536607 0.513577 0.554842 0.462802 
0.415684 0.665528 0.730058 0.524134 
0.0928735 0.484253 0.421975 0.520221 
0.00984352 0.692284 0.537672 0.530777 
0.86158 0.339394 0.530778 0.547899 
0.656733 0.858631 0.496232 0.495386 
0.739294 0.488738 0.473628 0.54266 
0.261277 0.481447 0.488678 0.513249 
0.45776 0.499383 0.474581 0.496457 
0.143074 0.772537 0.524348 0.510862 
0.433032 0.039076 0.563006 0.511861 
0.657815 0.0464038 0.600647 0.503531 
0.671185 0.620559 0.623266 0.524506 
0.214566 0.0992125 0.587415 0.528928 
0.900629 0.433193 0.49945 0.48432 
0.0449203 0.196227 0.39354 0.500291 
0.377371 0.151489 0.522813 0.500214 
0.0153503 0.626265 0.432106 0.510079 
0.330679 0.581312 0.52238 0.476363 
0.762951 0.19244 0.47648 0.5709 
0.680898 0.357127 0.49213 0.542106 
0.671012 0.521948 0.292667 0.580644 
0.19344 0.410807 0.497679 0.512989 
0.961111 0.384206 0.600156 0.501423 
0.871384 0.114083 0.682436 0.493892 
0.544715 0.598571 0.460072 0.531899 
0.488142 0.183023 0.48964 0.461093 
0.0253534 0.22843 0.50585 0.508552 
0.221444 0.732928 0.513243 0.468413 
0.355567 0.303943 0.609174 0.521621 
0.163924 0.748621 0.438598 0.441851 
0.985642 0.251373 0.36399 0.511516 
0.792877 0.765999 0.490451 0.507613 
0.517818 0.503685 0.369009 0.550016 
0.691058 0.838582 0.542686 0.447628 
0.577264 0.471604 0.451215 0.465096 
0.0564518 0.360946 0.443316 0.471211 
0.936225 0.518622 0.506439 0.467696 
0.514131 0.43048 0.610026 0.507242 
0.662476 0.345745 0.510721 0.485648 
0.439521 0.742679 0.462361 0.446472 
0.114391 0.617009 0.445765 0.536793 
0.681368 0.813483 0.490875 0.506304 
0.0565988 0.570784 0.597217 0.518469 
0.974526 0.587704 0.47413 0.475335 
0.898733 0.0397972 0.49419 0.57654 
0.316215 0.157682 0.481095 0.500483 
0.937063 0.294601 0.508825 0.487453 
0.0789171 0.320928 0.433103 0.480797 
0.746816 0.529415 0.474812 0.493422 
0.999439 0.81854 0.459553 0.500349 
0.341236 0.727141 0.399651 0.479653 
0.670797 0.829074 0.515594 0.477047 
0.987141 0.672408 0.237684 0.537645 
0.501686 0.607281 0.620996 0.535891 
0.581963 0.648198 0.457281 0.493685 
0.800977 0.547665 0.622133 0.470029 
0.196599 0.649679 0.540064 0.448706 
0.805975 0.352622 0.518315 0.483128 
0.437532 0.27637 0.690166 0.499708 
0.71623 0.828497 0.378143 0.477055 
0.286152 0.773739 0.436741 0.512698 
0.863876 0.47532 0.547298 0.51859 
0.820541 0.362305 0.634235 0.520581 
0.684094 0.607196 0.499768 0.47344 
0.0358513 0.101251 0.440104 0.474214 
0.133869 0.889106 0.593606 0.510979 
0.319263 0.725177 0.452429 0.451612 
0.399294 0.529393 0.281958 0.496084 
0.194098 0.625002 0.699698 0.500622 
0.470042 0.411809 0.6042 0.452155 
0.963514 0.35425 0.523546 0.495634 
0.716956 0.409783 0.476447 0.51102 
0.546491 0.318186 0.477291 0.442794 
0.397069 0.288228 0.31955 0.547984 
0.12844 0.29982 0.619091 0.478823 
0.648422 0.4293 0.552582 0.494548 
0.916249 0.434258 0.483296 0.543216 
0.975242 0.348784 0.471856 0.507535 
0.394568 0.594512 0.532217 0.511295 
0.810394 0.74759 0.556103 0.493065 
0.386981 0.328629 0.483552 0.491632 
0.298015 0.399586 0.469156 0.477956 
0.077162 0.654273 0.597511 0.437992 
0.105044 0.334099 0.669487 0.540538 
0.30151 0.597762 0.534351 0.494097 
0.863298 0.49233 0.583717 0.511094 
0.0752885 0.848251 0.532826 0.545139 
0.563774 0.602346 0.489351 0.527114 
0.106017 0.522855 0.573049 0.500278 
0.527121 0.276048 0.671353 0.482805 
0.629915 0.100463 0.415741 0.513686 
0.715762 0.356419 0.516221 0.468006 
0.851425 0.717893 0.458947 0.505329 
0.11089 0.393963 0.379586 0.461036 
0.886107 0.458483 0.411148 0.493971 
0.217978 0.302368 0.431759 0.466081 
0.264725 0.636454 0.464196 0.528268 
0.837268 0.752366 0.457581 0.515377 
0.0984587 0.562832 0.388909 0.468477 
0.948598 0.30314 0.537753 0.52965 
0.548771 0.371936 0.459675 0.472865 
0.17902 0.536323 0.547885 0.517854 
0.578966 0.464976 0.470277 0.467334 
0.432146 0.71484 0.556963 0.501535 
0.403486 0.237844 0.390891 0.476205 
0.20319 0.348818 0.394943 0.488747 
0.646682 0.424341 0.539711 0.542206 
0.912062 0.772652 0.542707 0.456712 
0.783869 0.747073 0.621324 0.473632 
0.581769 0.262623 0.511403 0.485886 
0.888878 0.380282 0.538612 0.488833 
0.163882 0.0225678 0.593952 0.501283 
0.376669 0.692895 0.625154 0.458349 
0.840122 0.542243 0.451205 0.562852 
0.880524 0.520884 0.465326 0.519701 
0.267115 0.833345 0.495173 0.530498 
0.100121 0.503024 0.490267 0.533825 
0.565504 0.148881 0.486581 0.51944 
0.435546 0.0966495 0.450216 0.471672 
0.0127325 0.372657 0.452357 0.520545 
0.678108 0.888034 0.460701 0.514037 
0.858004 0.403852 0.600215 0.503283 
0.68832 0.755901 0.626647 0.486707 
0.870928 0.58057 0.622835 0.448142 
0.736117 0.0949011 0.482622 0.469672 
0.652379 0.562435 0.497169 0.538371 
0.442688 0.674924 0.512103 0.477764 
0.904326 0.297893 0.369123 0.531158 
0.292325 0.926788 0.45934 0.509411 
0.26701 0.435243 0.514586 0.475917 
0.799638 0.646848 0.44434 0.529244 
0.577675 0.170084 0.525176 0.487738 
0.0100355 0.784889 0.571108 0.468675 
0.960166 0.669832 0.448864 0.464386 
0.0117135 0.168874 0.444127 0.487744 
0.947619 0.299851 0.554467 0.473432 
0.331061 0.573344 0.439411 0.490198 
0.927106 0.141069 0.505792 0.505028 
0.645928 0.579996 0.619807 0.512078 
0.545407 0.101794 0.497568 0.535676 
0.472909 0.692507 0.44038 0.52103 
0.306184 0.551659 0.472342 0.480782 
0.707847 0.665732 0.573242 0.502176 
0.690296 0.346056 0.534563 0.480399 
0.25181 0.400257 0.487832 0.520492 
0.848808 0.458832 0.460061 0.481372 
0.534028 0.639916 0.357747 0.527473 
0.759419 0.578371 0.594054 0.491623 
0.450692 0.479256 0.465441 0.50766 
0.136266 0.851454 0.617846 0.5247 
0.550827 0.376076 0.484984 0.462229 
0.827431 0.771791 0.482911 0.464388 
0.804671 0.406071 0.504674 0.491686 
0.00425358 0.623342 0.48179 0.44069 
0.883808 0.594804 0.550593 0.465833 
0.281298 0.689123 0.433696 0.484282 
0.100916 0.634591 0.45761 0.483012 
0.290435 0.530355 0.435301 0.532398 
0.14874 0.38353 0.48112 0.511058 
0.686109 0.690448 0.4019 0.520988 
0.0159065 0.802185 0.641508 0.509958 
0.497168 0.375363 0.494436 0.471939 
0.333967 0.958679 0.393691 0.49535 
0.969216 0.470247 0.512381 0.493697 
0.428095 0.326212 0.737323 0.517483 
0.525138 0.318657 0.499689 0.554467 
0.672588 0.567099 0.463522 0.475082 
0.513769 0.504568 0.460593 0.495639 
0.49125 0.226898 0.572125 0.539895 
0.56724 0.631033 0.362152 0.468514 
0.885234 0.516314 0.433689 0.458198 
0.0888358 0.0684078 0.413985 0.493552 
0.832891 0.398792 0.432931 0.526065 
0.55761 0.350014 0.342218 0.459289 
0.640618 0.736296 0.460393 0.467346 
0.740635 0.473021 0.414288 0.463225 
0.109071 0.828166 0.536583 0.476094 
0.468888 0.810667 0.483699 0.514582 
0.927965 0.286611 0.411205 0.50633 
0.345527 0.28535 0.421875 0.519526 
0.713404 0.851341 0.469482 0.486513 
0.181128 0.733521 0.523575 0.499466 
0.065471 0.67157 0.632074 0.503102 
0.96664 0.528062 0.625963 0.521219 
0.773157 0.465191 0.526846 0.533761 
0.76635 0.482585 0.373452 0.472593 
0.991342 0.114973 0.542411 0.500353 
0.417424 0.207027 0.51371 0.487478 
0.392823 0.494493 0.301306 0.572057 
0.720637 0.463463 0.536355 0.467349 
0.413669 0.539891 0.53977 0.470718 
0.44087 0.649245 0.579206 0.49208 
0.306944 0.712551 0.534666 0.553586 
0.0264868 0.309628 0.282616 0.496907 
0.354142 0.425053 0.392792 0.450477 
0.0551788 0.42153 0.379568 0.477845 
0.216035 0.985111 0.557103 0.480413 
0.756409 0.0860438 0.549539 0.522196 
0.0359494 0.557659 0.531599 0.518999 
0.256592 0.589513 0.616814 0.450746 
0.795655 0.409201 0.359667 0.505357 
0.267617 0.493068 0.527012 0.522425 
0.272245 0.62515 0.429921 0.478952 
0.238104 0.505859 0.43544 0.500316 
0.038626 0.556694 0.506029 0.522536 
0.639112 0.43693 0.308654 0.522906 
0.248432 0.300509 0.396491 0.51496 
0.377543 0.612014 0.458719 0.448245 
0.719933 0.678218 0.577958 0.499014 
0.837197 0.49065 0.376107 0.435969 
0.50583 0.754302 0.400668 0.508922 
0.737707 0.512385 0.311169 0.505498 
0.525098 0.510144 0.518165 0.491315 
0.852883 0.532991 0.68105 0.496672 
0.0786109 0.711862 0.557532 0.484079 
0.941215 0.634492 0.547482 0.572587 
0.0741084 0.651814 0.498929 0.441065 
0.643078 0.742525 0.421238 0.432093 
0.0693907 0.668021 0.561906 0.535051 
0.738458 0.611605 0.473945 0.537939 
0.678962 0.400587 0.682569 0.452097 
0.75367 0.346142 0.486513 0.455302 
0.836615 0.139455 0.422453 0.508005 
0.0524459 0.7914 0.439089 0.503254 
0.324427 0.569695 0.590234 0.518484 
0.852534 0.470868 0.679248 0.48391 
0.680473 0.403446 0.502288 0.486786 
0.901978 0.348599 0.60549 0.427541 
0.845734 0.851989 0.560954 0.463661 
0.618337 0.206715 0.479187 0.477378 
0.131199 0.131431 0.580075 0.522681 
0.485725 0.412134 0.601334 0.495781 
0.5371 0.477449 0.628326 0.541454 
0.30022 0.326019 0.501032 0.493427 
0.248264 0.328504 0.42636 0.505558 
0.434617 0.146359 0.48311 0.484039 
0.0607316 0.0524389 0.49491 0.479984 
0.285726 0.478338 0.547599 0.535805 
0.721382 0.250876 0.527573 0.502797 
0.357179 0.777091 0.601606 0.53805 
0.293203 0.935254 0.634207 0.510525 
0.910654 0.733988 0.442808 0.504758 
0.920881 0.269567 0.430785 0.5527 
0.32977 0.239954 0.421813 0.55189 
0.0569043 0.229033 0.54938 0.509843 
0.954053 0.415817 0.475314 0.436736 
0.678657 0.320077 0.434559 0.536484 
0.907291 0.751519 0.56041 0.530099 
0.107024 0.455758 0.48146 0.472973 
0.44279 0.757236 0.521152 0.54755 
0.700468 0.52688 0.386093 0.475349 
0.00507757 0.651279 0.416724 0.490563 
0.503812 0.772425 0.465004 0.523046 
0.919753 0.762051 0.555589 0.517237 
0.731169 0.283089 0.496051 0.507077 
0.0529905 0.510425 0.416513 0.524383 
0.976592 0.823613 0.415922 0.467374 
0.803674 0.112628 0.511168 0.496794 
0.437912 0.526927 0.445956 0.473032 
0.0409902 0.614889 0.48207 0.497883 
0.117213 0.677159 0.606726 0.47876 
0.201054 0.659537 0.579108 0.515486 
0.370236 0.277562 0.497497 0.496815 
0.322809 0.556068 0.494101 0.543611 
0.419714 0.507723 0.603727 0.50461 
0.0551684 0.697533 0.660415 0.499159 
0.134261 0.325709 0.439581 0.488147 
0.651008 0.541253 0.71502 0.481743 
0.159593 0.585029 0.335965 0.513175 
0.0852936 0.346566 0.414715 0.498691 
0.321097 0.534105 0.511123 0.520238 
0.181404 0.592871 0.381904 0.498393 
0.885964 0.560847 0.526796 0.487773 
0.0521403 0.557037 0.47951 0.53485 
0.903628 0.266774 0.661393 0.468967 
0.875237 0.654482 0.519715 0.45813 
0.545306 0.464789 0.598441 0.500417 
0.672177 0.87773 0.478828 0.46033 
0.313721 0.373823 0.463953 0.513079 
0.579804 0.562832 0.528735 0.517139 
0.784673 0.709808 0.472166 0.482612 
0.402491 0.682296 0.433593 0.457927 
0.692611 0.812678 0.555801 0.494323 
0.287725 0.367421 0.508844 0.461113 
0.269885 0.33263 0.409627 0.522358 
0.455888 0.252893 0.439972 0.499707 
0.736032 0.351998 0.563955 0.515364 
0.83532 0.257842 0.429466 0.515771 
0.531091 0.273165 0.513931 0.514411 
0.128849 0.362066 0.697146 0.536909 
0.904009 0.908387 0.503414 0.514544 
0.244372 0.757736 0.457155 0.523035 
0.20142 0.413935 0.534621 0.519707 
0.897158 0.358319 0.330697 0.453238 
0.71085 0.498235 0.441862 0.505436 
0.650152 0.413546 0.419946 0.484971 
0.987467 0.601754 0.563885 0.516419 
0.0387013 0.516493 0.347896 0.541401 
0.43782 0.2 0.548662 0.473713 
0.372041 0.684436 0.513324 0.480876 
0.402754 0.267923 0.499093 0.488451 
0.782113 0.518164 0.639885 0.518289 
0.409373 0.130725 0.36229 0.464575 
0.220277 0.552714 0.518944 0.477871 
0.462961 0.921153 0.469311 0.509119 
0.374184 0.524267 0.363872 0.48939 
0.340263 0.521986 0.467405 0.513793 
0.11081 0.635032 0.583628 0.517353 
0.0966451 0.642878 0.532784 0.512468 
0.947914 0.724095 0.434263 0.526771 
0.997976 0.374647 0.578911 0.55985 
0.966307 0.584332 0.549699 0.481206 
0.0358414 0.263674 0.663703 0.518915 
0.814729 0.511285 0.450909 0.473764 
0.241794 0.280994 0.456656 0.461596 
0.67016 0.319332 0.582918 0.493003 
0.141844 0.200764 0.536901 0.554819 
0.67591 0.255303 0.508694 0.477137 
0.511609 0.792033 0.554472 0.495817 
0.435565 0.277926 0.443198 0.518139 
0.373594 0.111115 0.428543 0.498962 
0.345177 0.400988 0.566209 0.535491 
0.0678154 0.204133 0.637191 0.455086 
0.746192 0.826636 0.605388 0.498169 
0.456453 0.246101 0.481576 0.496978 
0.711223 0.420732 0.190628 0.519807 
0.156045 0.432816 0.637616 0.533643 
0.379716 0.220911 0.56985 0.501113 
0.45113 0.428058 0.401624 0.494138 
0.878975 0.233581 0.516856 0.52485 
0.121017 0.88446 0.393363 0.495947 
0.770814 0.838887 0.39971 0.431424 
0.205756 0.215098 0.479423 0.476954 
0.4634 0.549858 0.524841 0.512459 
0.0627304 0.644075 0.384482 0.509202 
0.904868 0.730028 0.265731 0.458237 
0.604428 0.449147 0.46972 0.486345 
0.840467 0.343357 0.50041 0.500957 
0.562029 0.646249 0.633077 0.530822 
0.325158 0.443126 0.540085 0.523663 
0.765067 0.927109 0.546033 0.483985 
0.475961 0.1279 0.440411 0.518042 
0.35395 0.626864 0.434219 0.449662 
0.921118 0.426216 0.414118 0.426874 
0.206512 0.39231 0.610768 0.545557 
0.162297 0.440408 0.418074 0.453771 
0.55528 0.46749 0.434434 0.5241 
0.648325 0.512338 0.466841 0.514718 
0.474046 0.471577 0.548143 0.499205 
0.723361 0.615864 0.452627 0.489754 
0.522537 0.507361 0.393599 0.55104 
0.886137 0.29557 0.41257 0.543251 
0.914837 0.70355 0.603076 0.48625 
0.343355 0.475002 0.629113 0.481664 
0.899718 0.536865 0.354177 0.490596 
0.908872 0.424622 0.427207 0.492044 
0.0172229 0.599747 0.655013 0.488408 
0.702124 0.515354 0.578323 0.513646 
0.589311 0.591376 0.657025 0.437199 
0.0424097 0.547267 0.400331 0.547082 
0.913682 0.497453 0.496388 0.538059 
0.339676 0.369965 0.528564 0.531537 
0.829249 0.48733 0.506662 0.476936 
0.080283 0.566336 0.578931 0.468634 
0.896398 0.611486 0.54841 0.474734 
0.628567 0.632622 0.543923 0.480929 
0.272919 0.498665 0.584325 0.49368 
0.990375 0.942689 0.640359 0.495328 
0.862347 0.541227 0.442022 0.473745 
0.125134 0.288414 0.518512 0.487377 
0.845525 0.438252 0.580644 0.475939 
0.873018 0.115688 0.52646 0.490022 
0.903896 0.473659 0.611441 0.505838 
0.338778 0.765859 0.441226 0.518435 
0.490767 0.525773 0.47981 0.517789 
0.519764 0.508189 0.54484 0.489384 
0.359492 0.438617 0.406593 0.456755 
0.760755 0.561247 0.506497 0.477054 
0.935911 0.692914 0.544795 0.508724 
0.224523 0.529017 0.441388 0.477856 
0.761539 0.27763 0.506316 0.541831 
0.707169 0.184247 0.536799 0.507131 
0.906162 0.363522 0.362179 0.499284 
0.139009 0.657276 0.502549 0.525157 
0.6461 0.603675 0.446216 0.554879 
0.750884 0.230797 0.402918 0.476068 
0.332214 0.278023 0.601452 0.494793 
0.334941 0.452778 0.475968 0.4902 
0.158547 0.139491 0.46597 0.506952 
0.558168 0.786843 0.466557 0.544952 
0.945821 0.197584 0.485922 0.473995 
0.697694 0.736251 0.41096 0.45562 
0.994144 0.172942 0.59541 0.545746 
0.341441 0.874108 0.602549 0.460855 
0.0809852 0.476709 0.281679 0.530747 
0.160094 0.460048 0.61046 0.506368 
0.302455 0.267777 0.464311 0.49972 
0.141306 0.723887 0.64796 0.561662 
0.733353 0.247923 0.471009 0.51567 
0.889565 0.370604 0.435563 0.470625 
0.765151 0.188198 0.527268 0.524087 
0.229922 0.451311 0.623589 0.553166 
0.12395 0.596366 0.633329 0.503817 
0.634607 0.561116 0.582154 0.476756 
0.790454 0.169482 0.394708 0.512975 
0.273132 0.532646 0.517984 0.469819 
0.718314 0.455233 0.518698 0.499327 
0.253744 0.227794 0.513321 0.49886 
0.472466 0.190517 0.468803 0.499952 
0.908753 0.381632 0.440945 0.540959 
0.327335 0.427481 0.337391 0.576825 
0.696904 0.86355 0.425924 0.435793 
0.114482 0.836293 0.576185 0.496959 
0.220139 0.484472 0.455843 0.457365 
0.426936 0.299856 0.337427 0.492328 
0.559304 0.425274 0.586804 0.552064 
0.343128 0.299981 0.407728 0.461238 
0.553095 0.38155 0.688704 0.450112 
0.951622 0.189508 0.596483 0.516664 
0.424106 0.557865 0.413196 0.478786 
0.431691 0.749062 0.521609 0.535315 
0.305043 0.359233 0.37518 0.50374 
0.71958 0.64098 0.473829 0.4574 
0.163503 0.30093 0.600002 0.51169 
0.849865 0.413979 0.70427 0.533157 
0.991098 0.806706 0.52008 0.495219 
0.418467 0.224618 0.372965 0.478876 
0.258728 0.0807399 0.508267 0.49109 
0.362815 0.159609 0.442035 0.48558 
0.0644884 0.757864 0.371278 0.48284 
0.211487 0.491299 0.440003 0.484755 
0.0765202 0.626384 0.606386 0.483433 
0.470858 0.340624 0.623957 0.481446 
0.859098 0.821161 0.401349 0.496595 
0.909279 0.290051 0.612735 0.536347 
0.420343 0.858475 0.56791 0.460696 
0.524316 0.355078 0.426177 0.512487 
0.569445 0.333258 0.484573 0.502533 
0.0973545 0.794625 0.549287 0.508472 
0.0456113 0.581879 0.534324 0.475142 
0.534497 0.492404 0.434661 0.495369 
0.54618 0.174643 0.679598 0.454544 
0.320168 0.514627 0.574344 0.550623 
0.144271 0.959198 0.592253 0.512977 
0.256015 0.481114 0.423856 0.45409 
0.240265 0.464302 0.492561 0.461877 
0.516769 0.5513 0.618838 0.455226 
0.989198 0.42476 0.524452 0.48883 
0.418483 0.19879 0.563535 0.500769 
0.972004 0.200455 0.402403 0.44085 
0.40073 0.424788 0.591698 0.519824 
0.375633 0.783079 0.491959 0.489003 
0.574335 0.496273 0.577093 0.487465 
0.146575 0.417351 0.367969 0.463554 
0.806496 0.538617 0.468454 0.421476 
0.566476 0.271828 0.398176 0.577627 
0.597232 0.755106 0.386816 0.482638 
0.61871 0.353752 0.580795 0.501355 
0.51934 0.41044 0.532178 0.517583 
0.970964 0.595615 0.468732 0.496462 
0.762066 0.951128 0.382364 0.522444 
0.377882 0.433996 0.441831 0.480477 
0.50713 0.400763 0.441145 0.528121 
0.560694 0.279152 0.435977 0.493694 
0.0686507 0.508565 0.627803 0.53092 
0.552211 0.691904 0.575189 0.43238 
0.425386 0.590647 0.470607 0.512926 
0.320884 0.259814 0.413245 0.484932 
0.198997 0.531655 0.632395 0.488565 
0.603965 0.453492 0.485903 0.511907 
0.825574 0.535181 0.492058 0.539677 
0.0843534 0.241177 0.438749 0.543255 
0.54096 0.590971 0.465678 0.412443 
0.420115 0.155729 0.447232 0.487676 
0.619102 0.754139 0.583105 0.531466 
0.606193 0.4489 0.506585 0.514844 
0.0435534 0.677567 0.575687 0.492133 
0.414842 0.322757 0.379621 0.525835 
0.401307 0.47957 0.538459 0.537938 
0.382144 0.744261 0.514906 0.490086 
0.422341 0.341174 0.610181 0.456122 
0.602961 0.84238 0.558763 0.531489 
0.492385 0.389365 0.573443 0.49375 
0.636036 0.421935 0.568366 0.492179 
0.19399 0.582359 0.546839 0.467015 
0.438302 0.366367 0.452604 0.480794 
0.683401 0.406086 0.534564 0.488077 
0.212503 0.498064 0.580551 0.528917 
0.130822 0.518963 0.274471 0.497789 
0.822436 0.667719 0.61243 0.507204 
0.269223 0.283742 0.47812 0.477091 
0.390643 0.62053 0.726667 0.528578 
0.588514 0.502919 0.560552 0.454505 
0.578672 0.583537 0.594458 0.461658 
0.996696 0.856663 0.431106 0.468123 
0.431288 0.831466 0.679513 0.505413 
0.528882 0.595676 0.680884 0.495216 
0.574656 0.398029 0.516725 0.459997 
0.952094 0.261531 0.454967 0.47264 
0.00247669 0.395613 0.492015 0.479207 
0.34709 0.552653 0.42706 0.52431 
0.00374055 0.508559 0.499449 0.510402 
0.459564 0.505697 0.600625 0.510689 
0.481098 0.578016 0.424585 0.529496 
0.386909 0.215405 0.461606 0.483123 
0.758592 0.487964 0.521515 0.495755 
0.970938 0.84466 0.543683 0.499972 
0.958434 0.0990007 0.399627 0.45836 
0.513532 0.523175 0.336574 0.500439 
0.727405 0.915751 0.36438 0.524204 
0.312154 0.513708 0.555547 0.498825 
0.00738871 0.689133 0.430863 0.493978 
0.691722 0.354247 0.568658 0.482175 
0.809125 0.493645 0.408425 0.52751 
0.0340133 0.460624 0.495297 0.456894 
0.792085 0.575272 0.641191 0.54547 
0.224843 0.27569 0.475155 0.502484 
0.793855 0.569465 0.483771 0.469676 
0.923005 0.437909 0.457231 0.485816 
0.777577 0.401634 0.556556 0.470596 
0.340997 0.76368 0.484906 0.455207 
0.521208 0.536872 0.533695 0.494457 
0.79522 0.286464 0.50116 0.492667 
0.458759 0.765278 0.539477 0.461819 
0.0156392 0.364316 0.4743 0.474502 
0.164798 0.614254 0.387264 0.513399 
0.763391 0.192969 0.710235 0.491724 
0.471936 0.649379 0.386239 0.530721 
0.301529 0.467698 0.430162 0.458111 
0.566051 0.378415 0.509431 0.507622 
0.380174 0.407655 0.410631 0.538303 
0.947619 0.683354 0.5261 0.49092 
0.658824 0.799648 0.361336 0.560437 
0.444413 0.469812 0.439911 0.505382 
0.972747 0.207614 0.557173 0.507448 
0.745125 0.147157 0.585988 0.518147 
0.658892 0.391967 0.483799 0.502059 
0.452186 0.115415 0.572443 0.490056 
0.553567 0.685571 0.410254 0.488047 
0.483689 0.456098 0.564798 0.533188 
0.449578 0.232007 0.567609 0.466719 
0.547463 0.739858 0.476819 0.533424 
0.785023 0.700015 0.635597 0.510031 
0.224825 0.188169 0.629414 0.506541 
0.148158 0.136837 0.397621 0.487938 
0.373742 0.349928 0.528142 0.538426 
0.363083 0.567061 0.64578 0.461665 
0.909123 0.411384 0.519621 0.478181 
0.158045 0.329869 0.666238 0.499424 
0.324161 0.663636 0.46938 0.46281 
0.0447827 0.397308 0.629455 0.48091 
0.81897 0.684803 0.538122 0.484278 
0.729929 0.464638 0.450093 0.493105 
0.0152136 0.382705 0.47026 0.466718 
0.460364 0.53449 0.502025 0.457578 
0.506849 0.382009 0.399436 0.475329 
0.00699589 0.250092 0.451104 0.495068 
0.00110726 0.533252 0.521129 0.507136 
0.313338 0.551885 0.243773 0.511809 
0.8457 0.345613 0.499647 0.504555 
0.56308 0.755306 0.495377 0.534788 
0.946424 0.568298 0.46542 0.5217 
0.977268 0.484457 0.314093 0.502384 
0.641034 0.439209 0.517214 0.516766 
0.974076 0.342632 0.433548 0.500844 
0.0808179 0.76961 0.467003 0.462505 
0.649234 0.259473 0.552267 0.500879 
0.0801912 0.619751 0.420478 0.458816 
0.325197 0.492942 0.587955 0.413652 
0.743397 0.424644 0.45489 0.493703 
0.825884 0.538242 0.467141 0.532774 
0.13764 0.197023 0.584581 0.493481 
0.474128 0.60355 0.423121 0.511836 
0.0630648 0.494205 0.600622 0.508704 
0.0438392 0.361345 0.513741 0.474728 
0.830139 0.653346 0.541274 0.48669 
0.243799 0.779525 0.515964 0.565322 
0.410249 0.422298 0.564109 0.495159 
0.593504 0.626878 0.450428 0.451293 
0.314696 0.62928 0.419135 0.478711 
0.0454315 0.386188 0.473554 0.489439 
0.00944536 0.453599 0.479926 0.497406 
0.701806 0.615354 0.424161 0.489902 
0.60671 0.490631 0.285944 0.505804 
0.426063 0.430604 0.453732 0.476808 
0.0541954 0.585505 0.523872 0.473281 
0.818998 0.658584 0.464974 0.487915 
0.995705 0.516759 0.574096 0.480122 
0.04454 0.501509 0.414977 0.516958 
0.568314 0.547929 0.662337 0.498835 
0.877641 0.847838 0.567441 0.450372 
0.850383 0.615865 0.535767 0.479965 
0.111858 0.391346 0.44632 0.48905 
0.0802153 0.119365 0.495334 0.462131 
0.364761 0.166145 0.742788 0.464808 
0.700952 0.192867 0.406847 0.484996 
0.547805 0.584663 0.558246 0.515056 
0.610402 0.484298 0.496364 0.474744 
0.813624 0.450754 0.549035 0.525539 
0.501169 0.670425 0.614274 0.514397 
0.324531 0.51996 0.566227 0.455988 
0.423862 0.234333 0.554287 0.533267 
0.838638 0.546663 0.519172 0.432181 
0.510318 0.681938 0.484979 0.480297 
0.663477 0.475955 0.547085 0.511464 
0.0961602 0.720479 0.547364 0.486953 
0.470762 0.865787 0.542533 0.466246 
0.970279 0.792689 0.638142 0.451845 
0.0559574 0.719071 0.534783 0.514793 
0.53017 0.671365 0.428424 0.483042 
0.572963 0.845958 0.508237 0.488561 
0.8275 0.625063 0.585495 0.492134 
0.276683 0.360478 0.448599 0.47606 
0.204057 0.383852 0.660954 0.497109 
0.203507 0.599485 0.350569 0.504251 
0.275376 0.516616 0.533874 0.543522 
0.597025 0.454249 0.478054 0.491114 
0.913562 0.638034 0.494597 0.488548 
0.5331 0.504716 0.465336 0.549304 
0.449393 0.564121 0.574815 0.506812 
0.880402 0.531762 0.512553 0.544155 
0.0947758 0.745051 0.468335 0.494732 
0.300387 0.340842 0.37741 0.60358 
0.744148 0.528234 0.539587 0.544048 
0.911784 0.882438 0.389474 0.497407 
0.198094 0.447973 0.631371 0.503086 
0.705587 0.573364 0.578733 0.51262 
0.955718 0.705472 0.464318 0.488303 
0.588938 0.390895 0.394652 0.487552 
0.969451 0.595315 0.513599 0.517028 
0.396737 0.405078 0.431726 0.500159 
0.770998 0.317494 0.40574 0.499665 
0.0531452 0.1217 0.498715 0.491643 
0.539368 0.113029 0.485427 0.505985 
0.00622499 0.617453 0.316409 0.552884 
0.482784 0.71056 0.518118 0.514644 
0.686266 0.663661 0.328908 0.484637 
0.300785 0.521075 0.633835 0.495326 
0.162162 0.504717 0.624096 0.499076 
0.629234 0.37626 0.578184 0.45417 
0.530087 0.127203 0.598706 0.557896 
0.268848 0.469565 0.548671 0.480447 
0.5512 0.375212 0.462495 0.47642 
0.431628 0.361437 0.346877 0.558391 
0.129927 0.31432 0.549022 0.497507 
0.274102 0.588836 0.448668 0.54945 
0.374387 0.251402 0.394944 0.526807 
0.296208 0.58147 0.491434 0.517184 
0.260959 0.197029 0.259995 0.499545 
0.47831 0.627344 0.556187 0.517055 
0.24954 0.693745 0.411432 0.545478 
0.584588 0.625028 0.553414 0.543966 
0.312091 0.755783 0.498552 0.505842 
0.57108 0.347955 0.616615 0.512695 
0.512581 0.319238 0.504641 0.518712 
0.641457 0.765778 0.319603 0.534507 
0.284576 0.314958 0.564039 0.530037 
0.0765801 0.611487 0.503433 0.519452 
0.102967 0.360224 0.346536 0.421543 
0.465696 0.690698 0.50297 0.457332 
0.0726866 0.201985 0.63447 0.473954 
0.662129 0.32843 0.491441 0.46651 
0.337286 0.352793 0.43865 0.490044 
0.157948 0.216291 0.326964 0.470485 
0.750396 0.345966 0.21433 0.525362 
0.602681 0.525021 0.544392 0.442611 
0.339411 0.159233 0.513256 0.4796 
0.579113 0.481516 0.472959 0.531142 
0.465411 0.37939 0.518589 0.509154 
0.744055 0.355355 0.462479 0.505398 
0.570524 0.480222 0.426655 0.491738 
0.684124 0.455281 0.529641 0.47745 
0.871203 0.533786 0.436604 0.486649 
0.768967 0.891564 0.570635 0.453038 
0.559215 0.327305 0.305979 0.530466 
0.396147 0.940342 0.394116 0.501114 
0.0957697 0.810637 0.506136 0.516325 
0.367892 0.521235 0.588653 0.528932 
0.748652 0.19434 0.345717 0.480153 
0.269523 0.645016 0.424454 0.477476 
0.496305 0.808456 0.456749 0.510461 
0.334763 0.0447121 0.384568 0.424138 
0.438274 0.540495 0.520869 0.508738 
0.635219 0.567667 0.626954 0.467083 
0.981147 0.504427 0.380636 0.455261 
0.647446 0.551877 0.536719 0.49921 
0.592022 0.391811 0.473597 0.502971 
0.479314 0.822188 0.360486 0.446829 
0.750385 0.595397 0.447327 0.468621 
0.475487 0.512754 0.268394 0.438891 
0.210095 0.660718 0.585786 0.479393 
0.490497 0.238937 0.324476 0.504816 
0.826296 0.631863 0.549087 0.494103 
0.722333 0.571098 0.610039 0.488466 
0.81949 0.512934 0.579484 0.461359 
0.0131906 0.405634 0.523462 0.49365 
0.782737 0.626134 0.361031 0.468617 
0.314192 0.30434 0.613608 0.505881 
0.139001 0.181387 0.561939 0.506542 
0.0137028 0.254817 0.514141 0.492322 
0.363467 0.64052 0.501258 0.503877 
0.869969 0.414039 0.604969 0.432968 
0.232291 0.501902 0.485438 0.451539 
0.531604 0.534366 0.372565 0.514579 
0.0837381 0.684367 0.421672 0.549826 
0.721906 0.832786 0.614131 0.553649 
0.499423 0.652753 0.520528 0.493311 
0.839971 0.378705 0.489084 0.467075 
0.97477 0.253659 0.551791 0.535889 
0.319201 0.658396 0.457725 0.485729 
0.100792 0.209715 0.50298 0.486825 
0.0374482 0.281208 0.513841 0.486169 
0.0500155 0.279727 0.420695 0.490051 
0.870117 0.423702 0.43946 0.532212 
0.191478 0.332191 0.431209 0.552277 
0.872429 0.291522 0.530645 0.478201 
0.195213 0.423034 0.523631 0.535435 
0.413934 0.437401 0.545371 0.501992 
0.409117 0.389273 0.645339 0.454175 
0.0538316 0.650598 0.51388 0.532098 
0.516874 0.425091 0.66953 0.481058 
0.333172 0.932691 0.392501 0.509534 
0.050751 0.394505 0.457813 0.501382 
0.401514 0.444624 0.191278 0.420336 
0.88824 0.549893 0.496135 0.512007 
0.308357 0.867944 0.58037 0.467808 
0.346617 0.584549 0.436956 0.477284 
0.168695 0.507403 0.452002 0.53735 
0.826157 0.501977 0.685443 0.501035 
0.790367 0.456881 0.520022 0.514617 
0.150437 0.252188 0.540366 0.510685 
0.433883 0.717455 0.448951 0.503536 
0.891426 0.159833 0.331084 0.467892 
0.846031 0.571724 0.588897 0.50348 
0.581646 0.49305 0.387954 0.501199 
0.284583 0.196896 0.478673 0.485686 
0.659836 0.632096 0.340885 0.486099 
0.566892 0.456072 0.681967 0.517789 
0.946735 0.375399 0.551001 0.520809 
0.74206 0.587328 0.701184 0.496263 
0.748351 0.713265 0.504635 0.47379 
0.683338 0.286876 0.388907 0.490026 
0.312101 0.28314 0.572363 0.501406 
0.116967 0.604284 0.492463 0.496893 
0.344207 0.531742 0.583699 0.522208 
0.3798 0.306351 0.499116 0.512682 
0.983621 0.466281 0.545011 0.534384 
0.319843 0.694528 0.398875 0.506126 
0.773564 0.354357 0.513121 0.521772 
0.0634721 0.462041 0.484735 0.488227 
0.858634 0.375133 0.544989 0.443317 
0.127096 0.265506 0.567324 0.485424 
0.616724 0.509324 0.537868 0.533052 
0.719598 0.391007 0.686895 0.483298 
0.0508587 0.432072 0.486831 0.507286 
0.539773 0.236679 0.627147 0.485708 
0.140855 0.647399 0.585434 0.502654 
0.930371 0.494373 0.470779 0.466228 
0.650473 0.347417 0.452905 0.536048 
0.155423 0.379257 0.556558 0.492257 
0.947049 0.57487 0.521843 0.488708 
0.300018 0.79065 0.54641 0.533443 
0.179339 0.316304 0.514354 0.506906 
0.357846 0.552133 0.422417 0.468503 
0.940957 0.720635 0.424564 0.486551 
0.292678 0.417514 0.487594 0.473074 
0.850236 0.406201 0.443647 0.497347 
0.539249 0.683503 0.369335 0.466879 
0.41608 0.564015 0.573837 0.484066 
0.94797 0.466456 0.422032 0.494765 
0.660584 0.187256 0.613591 0.510172 
0.396921 0.552891 0.571976 0.502576 
0.223149 0.233697 0.51574 0.432094 
0.906031 0.36511 0.699531 0.491968 
0.573127 0.759825 0.643276 0.514497 
0.453274 0.64803 0.56017 0.516539 
0.881252 0.737493 0.550791 0.505265 
0.18265 0.537482 0.448188 0.51348 
0.39247 0.947625 0.509253 0.524528 
0.664154 0.343367 0.674365 0.547281 
0.916062 0.705879 0.47843 0.501544 
0.437694 0.529939 0.4638 0.52843 
0.677384 0.765933 0.473572 0.499008 
0.604356 0.297833 0.591294 0.495002 
0.693589 0.500815 0.570106 0.49657 
0.547214 0.83504 0.496262 0.574821 
0.280977 0.619268 0.435443 0.4905 
0.0190914 0.412076 0.445872 0.510995 
0.216397 0.488566 0.50431 0.46572 
0.310713 0.6083 0.436642 0.50497 
0.436822 0.372123 0.398719 0.490837 
0.241843 0.720463 0.322387 0.483239 
0.581521 0.697359 0.590526 0.499367 
0.508379 0.374144 0.495801 0.468134 
0.167984 0.87168 0.434238 0.505001 
0.307885 0.709115 0.540523 0.525477 
0.540086 0.536256 0.413182 0.544384 
0.395527 0.363795 0.513078 0.495263 
0.052821 0.648057 0.537926 0.5009 
0.712413 0.423692 0.451677 0.44961 
0.478665 0.861732 0.680942 0.519151 
0.428787 0.714075 0.542498 0.52444 
0.807888 0.402739 0.538536 0.519955 
0.315425 0.223086 0.607929 0.525146 
0.448796 0.626655 0.373611 0.494474 
0.625127 0.464209 0.622463 0.457243 
0.922065 0.109344 0.351532 0.488562 
0.493444 0.698186 0.476927 0.537287 
0.0473055 0.378821 0.503216 0.49562 
0.743899 0.387138 0.51872 0.452217 
0.781039 0.245063 0.429123 0.491307 
0.361019 0.346877 0.345447 0.537195 
0.0955463 0.801493 0.374962 0.510241 
0.455589 0.639694 0.402877 0.435932 
0.847851 0.560862 0.504229 0.453786 
0.781522 0.503103 0.364377 0.491795 
0.43648 0.677572 0.537456 0.535185 
0.0396413 0.65673 0.540598 0.536034 
0.909732 0.161217 0.414535 0.518951 
0.474555 0.372536 0.608068 0.461138 
0.676556 0.0457222 0.502289 0.506129 
0.876988 0.980013 0.453151 0.43322 
0.966746 0.839517 0.630138 0.521571 
0.292758 0.630861 0.408232 0.531701 
0.413141 0.397116 0.605542 0.494445 
0.229001 0.322845 0.40903 0.546589 
0.732719 0.505789 0.365853 0.518578 
0.638947 0.381199 0.421552 0.504035 
0.132305 0.593918 0.555445 0.484894 
0.40043 0.833118 0.412118 0.503228 
0.0588734 0.613793 0.470566 0.489315 
0.94916 0.520579 0.532821 0.460677 
0.417001 0.396463 0.301023 0.527375 
0.46519 0.625195 0.580163 0.539609 
0.896947 0.772254 0.547186 0.531913 
0.570944 0.59487 0.401291 0.450292 
0.909147 0.748758 0.468561 0.55022 
0.105096 0.286881 0.540452 0.468292 
0.119084 0.799786 0.426348 0.495647 
0.580415 0.0779631 0.634085 0.519258 
0.31427 0.537558 0.410859 0.568221 
0.805967 0.501146 0.584262 0.504977 
0.94047 0.00736018 0.51619 0.482281 
0.936266 0.432593 0.511474 0.472601 
0.973674 0.717565 0.62593 0.504792 
0.424961 0.610314 0.581242 0.551998 
0.587754 0.680751 0.462812 0.542307 
0.662974 0.222739 0.576567 0.529839 
0.662592 0.355122 0.41684 0.456281 
0.958175 0.537711 0.510115 0.496346 
0.868182 0.365607 0.727538 0.507906 
0.756304 0.564351 0.606116 0.473223 
0.46539 0.718988 0.635161 0.511508 
0.887987 0.300152 0.651232 0.532127 
0.473943 0.469553 0.326446 0.47857 
0.44844 0.622948 0.456646 0.508548 
0.149122 0.535262 0.491815 0.458002 
0.683456 0.413846 0.535424 0.475424 
0.16231 0.791264 0.455887 0.515822 
0.0624971 0.181819 0.475558 0.522496 
0.379124 0.482985 0.508298 0.487217 
0.491339 0.523217 0.465433 0.487747 
0.750108 0.330733 0.478485 0.480714 
0.600818 0.688756 0.512239 0.472841 
0.525757 0.0584496 0.558265 0.546009 
0.635627 0.461369 0.621906 0.514 
0.42228 0.155182 0.463459 0.504737 
0.590787 0.505853 0.679089 0.494085 
0.486937 0.763385 0.416468 0.505124 
0.804355 0.264478 0.523609 0.501132 
0.856593 0.281268 0.521712 0.506974 
0.667283 0.386693 0.603765 0.533787 
0.840199 0.421039 0.454052 0.453941 
0.527081 0.179802 0.507115 0.490717 
0.693853 0.13852 0.570947 0.515671 
0.482417 0.726405 0.376348 0.454164 
0.340183 0.603364 0.623455 0.523676 
0.23671 0.885292 0.387887 0.476558 
0.925547 0.416428 0.492848 0.511408 
0.349683 0.798502 0.510685 0.537179 
0.0485655 0.53312 0.45254 0.500147 
0.586099 0.122524 0.513257 0.518463 
0.725124 0.245345 0.549062 0.474638 
0.568632 0.121324 0.377222 0.52436 
0.635711 0.840307 0.468426 0.536502 
0.192414 0.56582 0.356579 0.514445 
0.417961 0.559488 0.514023 0.478077 
0.624086 0.587082 0.582449 0.51777 
0.194944 0.699067 0.411625 0.512535 
0.268853 0.528599 0.456596 0.472197 
0.877237 0.540904 0.531618 0.542139 
0.865696 0.526273 0.411955 0.545964 
0.486063 0.707587 0.557903 0.499664 
0.0509945 0.250146 0.390009 0.490743 
0.263953 0.211397 0.542903 0.499884 
0.273237 0.645286 0.552235 0.51607 
0.255344 0.520754 0.478551 0.461098 
0.129373 0.906716 0.579275 0.485905 
0.220398 0.0522186 0.459663 0.489671 
0.392958 0.628799 0.380255 0.555555 
0.20188 0.386896 0.441906 0.529235 
0.0754044 0.732162 0.570001 0.517821 
0.305448 0.578835 0.532134 0.444411 
0.351908 0.191601 0.366376 0.527326 
0.468139 0.621988 0.454744 0.543821 
0.627689 0.484683 0.53869 0.451307 
0.460989 0.73248 0.599731 0.503944 
0.350519 0.735353 0.470174 0.519843 
0.0756038 0.485875 0.489035 0.523893 
0.441912 0.414811 0.575402 0.46457 
0.861856 0.486463 0.604879 0.552045 
0.497648 0.440037 0.701923 0.487427 
0.510184 0.276329 0.527219 0.485931 
0.470812 0.519967 0.47785 0.539826 
0.773337 0.480597 0.637912 0.514976 
0.0543948 0.210839 0.544604 0.5002 
0.348897 0.661851 0.340108 0.513975 
0.620425 0.544816 0.531818 0.499802 
0.573371 0.631474 0.574287 0.489672 
0.829574 0.709828 0.439301 0.490663 
0.227413 0.329027 0.400481 0.481654 
0.833167 0.423791 0.463383 0.493255 
0.349919 0.422053 0.435015 0.52467 
0.82589 0.716068 0.275234 0.474994 
0.0520738 0.483611 0.409808 0.480139 
0.304412 0.369547 0.644541 0.554459 
0.322954 0.415934 0.480863 0.456154 
0.445379 0.453818 0.626559 0.549412 
0.790829 0.237429 0.615171 0.461857 
0.492561 0.483328 0.616192 0.517432 
0.536517 0.497102 0.636697 0.537986 
0.268224 0.669262 0.560873 0.470507 
0.722206 0.119217 0.520649 0.461499 
0.997772 0.182207 0.449387 0.544532 
0.997089 0.494733 0.492764 0.503819 
0.231836 0.672699 0.616255 0.535972 
0.123404 0.112784 0.517059 0.530181 
0.544706 0.173584 0.473009 0.527186 
0.78408 0.367178 0.566014 0.469264 
0.0372921 0.533535 0.499042 0.498863 
0.137403 0.558983 0.493398 0.524819 
0.211724 0.616067 0.416982 0.468012 
0.116858 0.204285 0.610177 0.523108 
0.846644 0.545553 0.475519 0.491939 
0.230513 0.829977 0.442312 0.494485 
0.923767 0.632558 0.505377 0.499679 
0.326761 0.7402 0.484474 0.481728 
0.32474 0.583057 0.286805 0.494067 
0.148147 0.828794 0.382949 0.463078 
0.0079842 0.317993 0.421798 0.485595 
0.954878 0.189508 0.535999 0.455549 
0.309547 0.845407 0.564404 0.520663 
0.666156 0.580311 0.612352 0.539642 
0.458383 0.830339 0.585892 0.527203 
0.485875 0.430351 0.691222 0.528682 
0.820411 0.726402 0.508809 0.514884 
0.442408 0.520078 0.638477 0.543423 
0.345192 0.276036 0.638008 0.476259 
0.650119 0.323922 0.621141 0.533145 
0.658219 0.321825 0.547135 0.503487 
0.779296 0.67606 0.483902 0.49195 
0.632026 0.294797 0.429796 0.519382 
0.802207 0.807713 0.538624 0.52035 
0.907496 0.26634 0.427553 0.475973 
0.649634 0.45881 0.48155 0.511259 
0.343773 0.595416 0.350057 0.475262 
0.0416203 0.420048 0.563894 0.530268 
0.579525 0.220817 0.54543 0.510616 
0.609293 0.474096 0.477217 0.474623 
0.593551 0.463578 0.653312 0.458649 
0.814365 0.257994 0.376076 0.49082 
0.267587 0.651147 0.62293 0.516323 
0.569566 0.457033 0.635724 0.478934 
0.180096 0.411726 0.466562 0.49349 
0.46359 0.254662 0.53884 0.547107 
0.81928 0.975631 0.36255 0.482629 
0.336477 0.469487 0.507802 0.538071 
0.278222 0.314128 0.478369 0.481755 
0.228616 0.362444 0.492479 0.51498 
0.93414 0.323236 0.535129 0.47672 
0.505176 0.336469 0.605978 0.524197 
0.854027 0.39974 0.501999 0.503505 
0.578366 0.585771 0.451947 0.48168 
0.503794 0.840286 0.501333 0.48881 
0.0435566 0.41859 0.574287 0.517883 
0.751452 0.380519 0.376683 0.484 
0.465834 0.722872 0.611415 0.535839 
0.131697 0.696759 0.446983 0.475593 
0.684914 0.78489 0.496205 0.505345 
0.544639 0.480719 0.541364 0.51905 
0.470202 0.61554 0.464521 0.520398 
0.273969 0.350974 0.468923 0.52361 
0.205636 0.284687 0.607468 0.497635 
0.0769652 0.597874 0.684396 0.481752 
0.123975 0.696543 0.401628 0.46806 
0.974519 0.0965584 0.498931 0.515285 
0.577782 0.60201 0.467797 0.486649 
0.677083 0.850667 0.528817 0.511165 
0.681828 0.255729 0.599825 0.495135 
0.337895 0.48874 0.505508 0.50272 
0.801243 0.857894 0.362843 0.52289 
0.13802 0.622206 0.731804 0.472754 
0.759693 0.770567 0.499046 0.534033 
0.272155 0.166644 0.661738 0.538426 
0.535617 0.512762 0.582243 0.479423 
0.169294 0.346497 0.522069 0.465476 
0.647202 0.579575 0.44225 0.507738 
0.190373 0.780148 0.393853 0.465398 
0.223868 0.584587 0.541362 0.536952 
0.904804 0.855541 0.420934 0.532598 
0.570456 0.395237 0.495141 0.474266 
0.300741 0.307169 0.3992 0.476738 
0.640341 0.471894 0.535451 0.480774 
0.61044 0.436594 0.430074 0.521645 
0.057884 0.496334 0.560008 0.55084 
0.827954 0.810892 0.500985 0.48984 
0.273127 0.450233 0.550402 0.53817 
0.643053 0.363213 0.347071 0.489686 
0.0487646 0.310621 0.630031 0.464339 
0.447711 0.12464 0.53504 0.512279 
0.889781 0.754948 0.381401 0.503817 
0.34369 0.766834 0.502355 0.487336 
0.0969217 0.462126 0.528445 0.476872 
0.805599 0.740616 0.3729 0.483534 
0.416779 0.693093 0.66937 0.472794 
0.498405 0.702247 0.498559 0.509865 
0.482795 0.74055 0.63733 0.49615 
0.123882 0.680876 0.495293 0.493773 
0.924014 0.626745 0.657543 0.499844 
0.58412 0.212589 0.664083 0.525503 
0.183131 0.442989 0.502119 0.525073 
0.436185 0.395488 0.247696 0.530721 
0.239418 0.684842 0.561635 0.416617 
0.767948 0.386783 0.582518 0.495856 
0.293026 0.29299 0.521323 0.531634 
0.260736 0.502031 0.429441 0.518331 
0.375075 0.499612 0.46421 0.504657 
0.798237 0.281835 0.591807 0.515172 
0.890143 0.373451 0.47992 0.509319 
0.826634 0.378332 0.572073 0.494195 
0.530796 0.497786 0.576876 0.45285 
0.984886 0.298536 0.512401 0.495496 
0.622161 0.49564 0.505667 0.442617 
0.0720271 0.359763 0.420652 0.501531 
0.616211 0.739677 0.615167 0.488003 
0.604847 0.48397 0.500512 0.482324 
0.0385696 0.506239 0.428583 0.517518 
0.274531 0.374436 0.500658 0.518894 
0.816317 0.486889 0.615244 0.512881 
0.694177 0.807281 0.656558 0.506724 
0.33586 0.610419 0.476378 0.560932 
0.557689 0.262408 0.377465 0.526472 
0.19271 0.650655 0.566254 0.496754 
0.42766 0.423512 0.46347 0.498888 
0.606116 0.326103 0.476051 0.526323 
0.816682 0.444402 0.627169 0.489821 
0.294363 0.648479 0.5771 0.520824 
0.486487 0.698444 0.585318 0.50612 
0.644563 0.210376 0.450495 0.518379 
0.464331 0.394817 0.456325 0.505087 
0.534727 0.660623 0.543911 0.519198 
0.0382433 0.397349 0.412112 0.464234 
0.0594734 0.603067 0.457218 0.522852 
0.426118 0.0837099 0.340933 0.517051 
0.119738 0.576058 0.499423 0.501945 
0.484704 0.71184 0.567311 0.541768 
0.92189 0.467375 0.435367 0.516615 
0.0904476 0.421276 0.496369 0.472636 
0.683354 0.358411 0.535253 0.49954 
0.973649 0.66877 0.463962 0.464995 
0.98329 0.187781 0.390708 0.508105 
0.496661 0.691942 0.62183 0.455694 
0.759578 0.517236 0.582337 0.499287 
0.0417748 0.577692 0.454092 0.470055 
0.97287 0.188777 0.602147 0.522487 
0.43579 0.616726 0.454939 0.488978 
0.704569 0.772294 0.566166 0.508401 
0.59622 0.361021 0.602423 0.485446 
0.465507 0.30396 0.586404 0.564699 
0.834215 0.832886 0.481251 0.508862 
0.747756 0.344427 0.436531 0.532042 
0.910518 0.893064 0.355381 0.489971 
0.99545 0.856155 0.380613 0.524813 
0.743186 0.717268 0.414284 0.557863 
0.221531 0.654781 0.383761 0.526859 
0.283797 0.557669 0.483002 0.542048 
0.594837 0.370275 0.429564 0.524553 
0.391547 0.280025 0.626194 0.466836 
0.57584 0.185505 0.434718 0.473422 
0.58556 0.0138717 0.545511 0.487371 
0.781501 0.758949 0.391104 0.494093 
0.467403 0.68173 0.586982 0.468147 
0.0640743 0.533399 0.574371 0.458254 
0.896762 0.71658 0.566348 0.472209 
0.635154 0.286378 0.35844 0.580085 
0.438386 0.830209 0.26816 0.475797 
0.683342 0.519248 0.627593 0.525013 
0.894482 0.344681 0.554972 0.515545 
0.318757 0.280797 0.462873 0.537066 
0.129499 0.731846 0.579611 0.448477 
0.415087 0.408437 0.688098 0.503742 
0.264022 0.398857 0.479238 0.558691 
0.963006 0.145106 0.548407 0.495477 
0.751256 0.731571 0.51802 0.444607 
0.547061 0.223961 0.487114 0.508792 
0.229715 0.490525 0.489223 0.517379 
0.882847 0.486124 0.546816 0.483545 
0.376422 0.58939 0.381271 0.519682 
0.0268523 0.224741 0.405791 0.474256 
0.963286 0.583622 0.480455 0.477522 
0.688523 0.485235 0.53672 0.48252 
0.737524 0.310041 0.702592 0.538342 
0.718946 0.376271 0.467266 0.457249 
0.0646748 0.692003 0.480196 0.49828 
0.948851 0.369418 0.514101 0.473388 
0.864445 0.254365 0.425535 0.47672 
0.086253 0.615718 0.574149 0.493292 
0.141654 0.484021 0.45925 0.48865 
0.0263872 0.476512 0.468086 0.488538 
0.175747 0.492083 0.608157 0.502371 
0.324017 0.0307091 0.724813 0.506226 
0.58709 0.29696 0.414235 0.547931 
0.804491 0.469456 0.440807 0.516955 
0.321367 0.469164 0.431494 0.514714 
0.126126 0.413819 0.549499 0.421624 
0.530757 0.799425 0.419899 0.485011 
0.942589 0.331034 0.512354 0.521819 
0.459446 0.409585 0.400707 0.450969 
0.00449588 0.769226 0.419886 0.484329 
0.409418 0.729074 0.493472 0.562889 
0.612361 0.515608 0.412308 0.482868 
0.31621 0.18937 0.561551 0.481264 
0.0109047 0.542849 0.530662 0.476798 
0.156387 0.233257 0.506607 0.457072 
0.374145 0.762384 0.601711 0.503004 
0.874041 0.636073 0.392232 0.509614 
0.583385 0.49346 0.618598 0.546993 
0.3807 0.495704 0.375923 0.490896 
0.846284 0.863166 0.639694 0.512353 
0.876508 0.932652 0.440678 0.459863 
0.468037 0.653564 0.526133 0.486945 
0.525761 0.375475 0.498827 0.50632 
0.402928 0.466272 0.555856 0.548805 
0.516752 0.341747 0.516893 0.500236 
0.820374 0.241096 0.347226 0.502483 
0.526174 0.734392 0.502877 0.571716 
0.517158 0.189499 0.464144 0.419914 
0.142071 0.30301 0.363858 0.516931 
0.892552 0.735095 0.49065 0.510208 
0.296265 0.69322 0.557834 0.472574 
0.161281 0.373794 0.40974 0.547426 
0.986834 0.768077 0.55044 0.463883 
0.545041 0.241302 0.499836 0.461342 
0.0803811 0.62945 0.460438 0.4782 
0.406347 0.262691 0.433744 0.495561 
0.73048 0.288384 0.575486 0.507592 
0.220468 0.43083 0.481105 0.487751 
0.587714 0.892707 0.431141 0.466409 
0.956022 0.330737 0.329527 0.463004 
0.928621 0.411014 0.650807 0.485407 
0.176927 0.482796 0.578581 0.510012 
0.456508 0.237059 0.535325 0.555192 
0.639963 0.559136 0.570836 0.594283 
0.413345 0.10543 0.636515 0.533031 
0.547638 0.408496 0.421537 0.510086 
0.195905 0.309933 0.422196 0.479379 
0.118987 0.383726 0.598558 0.539383 
0.902399 0.16512 0.417295 0.489921 
0.179182 0.751697 0.448226 0.463576 
0.8091 0.839392 0.613381 0.452791 
0.365048 0.596437 0.506593 0.513911 
0.0637426 0.916047 0.402192 0.514863 
0.863952 0.880263 0.531846 0.503134 
0.99839 0.757347 0.6085 0.481129 
0.426182 0.00633507 0.376151 0.511468 
0.888236 0.41923 0.46032 0.580953 
0.342079 0.4049 0.513826 0.491782 
0.599293 0.905253 0.632451 0.504407 
0.028971 0.562775 0.443091 0.503016 
0.634023 0.666032 0.615214 0.49967 
0.778699 0.23978 0.564671 0.512173 
0.814141 0.398124 0.542139 0.483917 
0.574157 0.375644 0.478204 0.505414 
0.995456 0.707519 0.543236 0.495372 
0.954815 0.578334 0.582807 0.496745 
0.261105 0.566796 0.439621 0.508916 
0.816033 0.663779 0.511749 0.525922 
0.159554 0.596994 0.476227 0.509448 
0.431234 0.779177 0.409738 0.48854 
0.886972 0.239225 0.592438 0.511437 
0.161158 0.212053 0.399643 0.49684 
0.655527 0.508138 0.502241 0.490306 
0.898606 0.588016 0.550042 0.549912 
0.694348 0.728886 0.516079 0.440183 
0.160545 0.0727433 0.530609 0.5524 
0.457758 0.65847 0.585559 0.541417 
0.911963 0.570107 0.564827 0.495682 
0.0082664 0.728981 0.591292 0.500265 
0.892115 0.222516 0.394841 0.509251 
0.718715 0.644878 0.469949 0.502443 
0.481213 0.465448 0.346872 0.490122 
0.874102 0.509716 0.421123 0.466074 
0.933358 0.459927 0.421511 0.505081 
0.303153 0.0979411 0.357162 0.543286 
0.462032 0.839065 0.637343 0.477847 
0.077795 0.714427 0.517457 0.498653 
0.310505 0.839702 0.353259 0.502799 
0.454926 0.485559 0.522706 0.510259 
0.432641 0.377461 0.522361 0.493802 
0.368707 0.668329 0.470144 0.51301 
0.88906 0.291461 0.431814 0.508082 
0.407915 0.432253 0.487726 0.527694 
0.475924 0.538249 0.630323 0.476453 
0.622079 0.658181 0.406887 0.508795 
0.256621 0.226926 0.453613 0.486501 
0.476754 0.244179 0.441283 0.484872 
0.893854 0.614243 0.477398 0.522552 
0.99765 0.506696 0.499681 0.541033 
0.263803 0.428275 0.413922 0.485825 
0.523838 0.804701 0.621005 0.512259 
0.899582 0.809363 0.581565 0.46587 
0.447981 0.534176 0.501995 0.495101 
0.460747 0.421052 0.551002 0.474995 
0.0578004 0.182095 0.419095 0.515366 
0.45496 0.387838 0.549644 0.492599 
0.237682 0.441075 0.385936 0.448225 
0.0289404 0.520278 0.549437 0.491469 
0.405352 0.907839 0.379369 0.469272 
0.997487 0.658843 0.46438 0.472084 
0.204901 0.216083 0.453476 0.492415 
0.201227 0.512893 0.547505 0.503874 
0.211942 0.366812 0.371641 0.539611 
0.336446 0.867039 0.449621 0.504821 
0.299958 0.519361 0.471405 0.472271 
0.233404 0.280873 0.56339 0.499884 
0.234632 0.20285 0.54169 0.501754 
0.655511 0.409087 0.52336 0.494412 
0.162147 0.441806 0.56412 0.514534 
0.791428 0.416994 0.417844 0.535618 
0.22928 0.385224 0.395366 0.491733 
0.656623 0.683157 0.475615 0.493247 
0.052941 0.618215 0.517566 0.510816 
0.107966 0.441738 0.557572 0.510525 
0.408632 0.0920867 0.628652 0.470251 
0.392214 0.361335 0.50834 0.48218 
0.978775 0.58195 0.51483 0.464768 
0.806028 0.560023 0.607836 0.541112 
0.132084 0.521449 0.693717 0.492569 
0.390578 0.574769 0.487392 0.43417 
0.155274 0.885749 0.439864 0.531227 
0.157295 0.0276364 0.500585 0.481069 
0.324211 0.502189 0.513627 0.517391 
0.0696062 0.101993 0.384627 0.494976 
0.651377 0.459701 0.538837 0.49671 
0.416096 0.719336 0.494395 0.529702 
0.719142 0.397659 0.332656 0.459568 
0.100526 0.398117 0.49608 0.467234 
0.889758 0.702606 0.39449 0.554215 
0.330907 0.555885 0.345832 0.513103 
0.97135 0.510948 0.509293 0.534882 
0.925264 0.505239 0.637383 0.516818 
0.171007 0.364082 0.410876 0.494775 
0.973889 0.270621 0.592007 0.533712 
0.509471 0.439613 0.407446 0.477806 
0.804563 0.41345 0.429913 0.484056 
0.254051 0.516283 0.574736 0.444738 
0.5419 0.354918 0.407258 0.516674 
0.755794 0.201882 0.487194 0.520297 
0.991052 0.730853 0.452901 0.511284 
0.703642 0.66809 0.493887 0.460489 
0.0722776 0.255888 0.511634 0.531312 
0.976457 0.266853 0.497058 0.503862 
0.450434 0.566169 0.562856 0.509171 
0.865639 0.360602 0.638011 0.477464 
0.292542 0.411263 0.606234 0.480928 
0.0212563 0.356267 0.469471 0.48863 
0.219556 0.387348 0.549357 0.476391 
0.329261 0.607734 0.436568 0.491887 
0.700199 0.460389 0.52413 0.4646 
0.981042 0.720835 0.352062 0.52955 
0.373044 0.915252 0.545514 0.512323 
0.17808 0.204232 0.422856 0.533021 
0.968551 0.494074 0.411597 0.513575 
0.227683 0.393136 0.489041 0.46629 
0.707681 0.526492 0.64447 0.504707 
0.532861 0.297553 0.640902 0.539833 
0.824528 0.589427 0.451344 0.487725 
0.267675 0.732519 0.70642 0.48258 
0.839042 0.420002 0.455033 0.490314 
0.382508 0.479226 0.428593 0.505122 
0.479135 0.271202 0.628425 0.502358 
0.665878 0.643566 0.446498 0.532829 
0.287755 0.256505 0.387338 0.515913 
0.736384 0.452685 0.419551 0.556422 
0.750219 0.663326 0.704162 0.492854 
0.279316 0.594256 0.623113 0.496414 
0.318914 0.479795 0.483062 0.600867 
0.182775 0.722557 0.718529 0.457603 
0.347582 0.720644 0.649737 0.547185 
0.950129 0.0963133 0.499089 0.538362 
0.449814 0.507207 0.546554 0.445742 
0.193787 0.55713 0.538797 0.497083 
0.944593 0.401197 0.507854 0.469736 
0.377839 0.439045 0.478057 0.451747 
0.476646 0.430054 0.508195 0.470166 
0.38464 0.720654 0.47089 0.514292 
0.0974264 0.356046 0.368892 0.502056 
0.329306 0.677696 0.399105 0.532324 
0.06461 0.851574 0.636576 0.456946 
0.542144 0.36235 0.493497 0.519373 
0.658082 0.641474 0.60117 0.46762 
0.823809 0.343572 0.756335 0.487175 
0.0291165 0.631296 0.451644 0.489952 
0.928797 0.379007 0.639987 0.493539 
0.831979 0.624772 0.659066 0.46137 
0.09322 0.429337 0.456085 0.521813 
0.695249 0.784191 0.579148 0.514661 
0.2099 0.119897 0.386275 0.52788 
0.632768 0.249543 0.466731 0.466208 
0.574618 0.459673 0.479242 0.506777 
0.601974 0.346696 0.492229 0.469285 
0.624529 0.745891 0.403349 0.523144 
0.270194 0.301924 0.559763 0.465684 
0.0248607 0.623223 0.429246 0.495465 
0.416225 0.478221 0.736407 0.480254 
0.729085 0.34629 0.583998 0.536045 
0.461516 0.49011 0.546354 0.445334 
0.102609 0.442173 0.500235 0.457512 
0.4959 0.787183 0.419154 0.480286 
0.405215 0.701341 0.658867 0.49033 
0.179631 0.79349 0.568935 0.487455 
0.960482 0.404274 0.463605 0.431449 
0.00195599 0.788586 0.517182 0.464455 
0.78151 0.687885 0.600317 0.452122 
0.744493 0.494329 0.416039 0.541 
0.0148478 0.679327 0.502358 0.529451 
0.876737 0.511697 0.428331 0.496409 
0.428874 0.779507 0.599278 0.485306 
0.137464 0.476704 0.42284 0.467755 
0.0682916 0.476422 0.565261 0.495824 
0.102825 0.640148 0.647801 0.522313 
0.529664 0.598015 0.503873 0.517913 
0.0863417 0.22903 0.541448 0.508383 
0.2738 0.945367 0.599279 0.487063 
0.315068 0.80382 0.520392 0.465985 
0.786371 0.424553 0.329572 0.495883 
0.853254 0.545492 0.454415 0.52045 
0.442868 0.648965 0.468364 0.510169 
0.595046 0.435795 0.513601 0.519194 
0.441236 0.558227 0.377532 0.505308 
0.186274 0.277741 0.405791 0.520391 
0.273259 0.58295 0.586588 0.499897 
0.82548 0.204598 0.535864 0.49304 
0.956883 0.68732 0.406228 0.504497 
0.902414 0.793748 0.554476 0.490761 
0.0362326 0.735759 0.478305 0.495023 
0.671569 0.740388 0.617138 0.57881 
0.41188 0.469938 0.354784 0.457061 
0.79482 0.77054 0.49813 0.533322 
0.916418 0.686561 0.509545 0.476174 
0.592804 0.564945 0.465317 0.461552 
0.464658 0.451971 0.465409 0.517912 
0.647047 0.35903 0.518705 0.580621 
0.807838 0.350575 0.58272 0.528371 
0.434577 0.742673 0.563994 0.470936 
0.524071 0.612398 0.535251 0.48467 
0.144967 0.45212 0.471218 0.539125 
0.17309 0.496242 0.508001 0.502957 
0.422272 0.289634 0.599658 0.528598 
0.443065 0.238888 0.370598 0.49378 
0.361051 0.164093 0.64693 0.483711 
0.274574 0.567738 0.503898 0.526035 
0.755988 0.868298 0.576851 0.498238 
0.250564 0.207364 0.632013 0.477588 
0.611895 0.654782 0.424058 0.47678 
0.360637 0.824264 0.468724 0.481724 
0.612627 0.878468 0.438064 0.445992 
0.00138044 0.962117 0.548366 0.497138 
0.12915 0.63354 0.469836 0.488515 
0.378201 0.217951 0.723244 0.503497 
0.990756 0.413224 0.353414 0.518303 
0.319204 0.650417 0.42922 0.474448 
0.814503 0.345437 0.635486 0.553208 
0.598259 0.325659 0.659934 0.498314 
0.425817 0.428808 0.548407 0.559284 
0.41671 0.22669 0.394307 0.523817 
0.954708 0.22769 0.41182 0.488195 
0.761455 0.264978 0.340474 0.48634 
0.758589 0.687866 0.523565 0.538736 
0.801529 0.36339 0.429301 0.518351 
0.143415 0.443014 0.471166 0.497179 
0.52686 0.286808 0.44234 0.5114 
0.614045 0.44724 0.377366 0.477195 
0.237901 0.333178 0.519405 0.466681 
0.688951 0.425641 0.657285 0.591595 
0.155421 0.759645 0.437223 0.509141 
0.453098 0.408428 0.525985 0.459856 
0.270792 0.491911 0.544788 0.574693 
0.784114 0.255041 0.507474 0.487574 
0.466803 0.344559 0.445525 0.553757 
0.564532 0.626756 0.534762 0.543759 
0.390247 0.613872 0.570425 0.484475 
0.884432 0.504312 0.371302 0.480098 
0.62955 0.793408 0.596819 0.460315 
0.393215 0.442968 0.614342 0.46128 
0.0957674 0.316586 0.340606 0.551419 
0.700377 0.159484 0.461842 0.520383 
0.703419 0.661635 0.668067 0.475793 
0.534458 0.679413 0.52899 0.489704 
0.309249 0.556999 0.496151 0.501997 
0.47832 0.80012 0.634118 0.470575 
0.94207 0.674493 0.588983 0.513061 
0.600115 0.515829 0.517948 0.505385 
0.0948726 0.765885 0.458454 0.477969 
0.752115 0.560303 0.490251 0.526754 
0.54525 0.0723627 0.404279 0.510944 
0.173176 0.373024 0.507774 0.468781 
0.00864779 0.38244 0.544637 0.4742 
0.326328 0.604776 0.482599 0.505103 
0.152352 0.225441 0.660242 0.480216 
0.0636974 0.0951836 0.621677 0.492354 
0.870871 0.313331 0.455652 0.540621 
0.143266 0.672499 0.708606 0.517407 
0.192543 0.57605 0.42002 0.487682 
0.0658862 0.604042 0.660823 0.448998 
0.80238 0.314431 0.464847 0.535755 
0.0358263 0.436535 0.51031 0.523611 
0.0181057 0.651609 0.477898 0.473483 
0.0560793 0.434493 0.594753 0.508246 
0.179597 0.311097 0.366653 0.50833 
0.729315 0.344783 0.515874 0.506661 
0.283622 0.293607 0.494546 0.563068 
0.382566 0.647381 0.36828 0.517919 
0.152095 0.753751 0.54941 0.501486 
0.286917 0.143082 0.561497 0.486089 
0.499132 0.356018 0.557392 0.465149 
0.555378 0.609816 0.587851 0.489233 
0.656877 0.45669 0.446166 0.484547 
0.360551 0.405344 0.342925 0.522321 
0.254321 0.116297 0.414884 0.477909 
0.878079 0.157517 0.431232 0.455416 
0.801283 0.383953 0.393447 0.502016 
0.883001 0.632057 0.46284 0.506443 
0.925678 0.876687 0.459971 0.473076 
0.161445 0.390983 0.532836 0.47187 
0.135984 0.608896 0.678646 0.446952 
0.396113 0.918538 0.622118 0.53563 
0.350761 0.263771 0.55378 0.503765 
0.463966 0.553797 0.497883 0.506466 
0.984068 0.453213 0.457736 0.542859 
0.137565 0.490111 0.370456 0.490564 
0.0632566 0.298379 0.579565 0.52739 
0.0160626 0.405722 0.419274 0.460998 
0.63372 0.563694 0.539652 0.498395 
0.795395 0.267645 0.568778 0.498452 
0.278309 0.331845 0.481768 0.527179 
0.359566 0.60649 0.501314 0.520837 
0.0611085 0.555404 0.412739 0.514098 
0.881703 0.841173 0.368201 0.496646 
0.417141 0.541472 0.54484 0.469964 
0.183472 0.801962 0.386692 0.503564 
0.866364 0.170415 0.370404 0.518783 
0.777341 0.631212 0.486786 0.50283 
0.0496533 0.148734 0.458457 0.50667 
0.429692 0.848704 0.45214 0.495673 
0.437067 0.691034 0.503338 0.531714 
0.367058 0.509501 0.636929 0.536251 
0.668562 0.856452 0.444391 0.455434 
0.702963 0.484588 0.561451 0.508408 
0.877476 0.812899 0.377596 0.479028 
0.934651 0.697827 0.456611 0.491032 
0.612496 0.871752 0.617659 0.503204 
0.728218 0.372881 0.481672 0.471261 
0.0535161 0.220723 0.512345 0.530493 
0.641667 0.392892 0.522952 0.520087 
0.120957 0.653282 0.440113 0.525155 
0.0936255 0.499046 0.681875 0.478733 
0.0177186 0.299976 0.396352 0.494599 
0.898921 0.366512 0.535208 0.512166 
0.292449 0.744766 0.405522 0.514975 
0.491521 0.629173 0.508578 0.519445 
0.128128 0.530916 0.5142 0.522408 
0.591378 0.41632 0.367544 0.49295 
0.458468 0.470728 0.465775 0.473148 
0.472193 0.755275 0.595181 0.555749 
0.112584 0.104114 0.654965 0.457618 
0.174193 0.207275 0.493286 0.494399 
0.979298 0.799981 0.450338 0.502527 
0.862874 0.526624 0.504338 0.52839 
0.125427 0.313569 0.6985 0.483216 
0.767272 0.526049 0.517925 0.487722 
0.980188 0.441449 0.414886 0.465761 
0.638312 0.531544 0.474559 0.498645 
0.187092 0.656598 0.555843 0.562836 
0.590399 0.608707 0.536557 0.479817 
0.314863 0.525894 0.537255 0.520372 
0.478429 0.446625 0.560177 0.516604 
0.196357 0.318569 0.406306 0.513964 
0.359742 0.899176 0.52375 0.488811 
0.772515 0.534491 0.503962 0.574402 
0.48738 0.568859 0.594623 0.497804 
0.587249 0.552155 0.437883 0.484258 
0.974662 0.316831 0.60367 0.451889 
0.908286 0.636555 0.630647 0.546428 
0.707606 0.211758 0.410464 0.433358 
0.513364 0.76969 0.560468 0.462967 
0.232616 0.383362 0.531725 0.530872 
0.0182587 0.157565 0.454323 0.533383 
0.929506 0.562705 0.61827 0.474873 
0.746263 0.535465 0.511252 0.485565 
0.0974035 0.471784 0.504611 0.483511 
0.80964 0.565551 0.631405 0.500762 
0.815262 0.611705 0.344932 0.471857 
0.0546286 0.341904 0.484452 0.497772 
0.795967 0.646368 0.62457 0.469129 
0.815022 0.377295 0.467606 0.512551 
0.123956 0.479983 0.487856 0.475035 
0.189185 0.536507 0.456356 0.448902 
0.721671 0.776248 0.559475 0.536534 
0.115316 0.671403 0.475979 0.540273 
0.600167 0.27149 0.644413 0.485723 
0.455571 0.679915 0.592478 0.505466 
0.673942 0.10485 0.409136 0.533074 
0.486669 0.566399 0.577182 0.517041 
0.281848 0.375087 0.67842 0.47352 
0.652877 0.291257 0.654551 0.473002 
0.66812 0.581862 0.718578 0.511679 
0.658777 0.879356 0.478497 0.536094 
0.163869 0.455946 0.602123 0.548594 
0.547667 0.394797 0.497025 0.523664 
0.614232 0.416726 0.542075 0.495797 
0.420535 0.21254 0.539717 0.454155 
0.545693 0.250162 0.560544 0.520145 
0.418915 0.22877 0.568919 0.523029 
0.204543 0.957236 0.590983 0.480699 
0.257761 0.597804 0.486855 0.475689 
0.376209 0.337857 0.44487 0.500839 
0.144098 0.807659 0.518055 0.493351 
0.888491 0.661242 0.490071 0.486666 
0.949364 0.924364 0.488148 0.540013 
0.522753 0.500693 0.435272 0.482375 
0.115198 0.825183 0.519246 0.520912 
0.777814 0.703506 0.579624 0.470606 
0.944188 0.235919 0.56816 0.491712 
0.328281 0.815839 0.345923 0.526624 
0.508687 0.416294 0.4916 0.498721 
0.548281 0.795747 0.55521 0.485543 
0.720778 0.346045 0.399355 0.526288 
0.930036 0.608644 0.443357 0.469106 
0.337796 0.519767 0.396079 0.506384 
0.127647 0.310702 0.417272 0.522779 
0.995526 0.512267 0.558482 0.494931 
0.600812 0.151619 0.623597 0.498756 
0.759043 0.142791 0.363607 0.548002 
0.328831 0.067997 0.454683 0.5222 
0.358427 0.742404 0.536865 0.519974 
0.502112 0.491479 0.51596 0.484111 
0.477707 0.55762 0.634553 0.525289 
0.155483 0.500572 0.418712 0.517702 
0.416496 0.482537 0.606372 0.448591 
0.525487 0.504948 0.546966 0.508004 
0.206779 0.377123 0.51825 0.503214 
0.733149 0.277662 0.527593 0.505057 
0.0177698 0.442477 0.510954 0.516838 
0.818804 0.286479 0.423743 0.499798 
0.107966 0.26818 0.619443 0.493194 
0.568379 0.778838 0.610577 0.52908 
0.787548 0.827757 0.50915 0.496827 
0.778897 0.377998 0.522467 0.477745 
0.327127 0.163763 0.528173 0.535679 
0.881742 0.620572 0.350252 0.508829 
0.675798 0.630185 0.355519 0.521793 
0.0281374 0.345875 0.496178 0.508644 
0.194692 0.808225 0.418683 0.49869 
0.276692 0.822184 0.571383 0.559028 
0.101646 0.432654 0.485486 0.48983 
0.623372 0.539679 0.412488 0.51406 
0.677226 0.585402 0.327433 0.538027 
0.0784628 0.814051 0.37491 0.441165 
0.667811 0.646516 0.453154 0.507156 
0.570827 0.839395 0.522696 0.531389 
0.241394 0.792597 0.543378 0.542212 
0.795874 0.552661 0.510403 0.519012 
0.35344 0.647117 0.44735 0.533666 
0.896081 0.683888 0.439383 0.505597 
0.646805 0.479869 0.396171 0.522335 
0.720698 0.291551 0.665502 0.513785 
0.0957014 0.518456 0.446877 0.522372 
0.955919 0.606931 0.512182 0.487805 
0.259058 0.505384 0.40811 0.482592 
0.486667 0.404493 0.535112 0.469184 
0.22502 0.861968 0.528908 0.492782 
0.447385 0.884341 0.555695 0.516732 
0.426952 0.583412 0.609334 0.477957 
0.172381 0.469643 0.587545 0.544145 
0.281024 0.355632 0.558997 0.46643 
0.393061 0.77512 0.57714 0.517559 
0.175229 0.528843 0.416113 0.524977 
0.364481 0.565642 0.403024 0.451715 
0.229997 0.643572 0.399493 0.518408 
0.141546 0.84217 0.413731 0.511803 
0.0220908 0.525492 0.44005 0.44149 
0.521028 0.430258 0.617944 0.519071 
0.422463 0.556462 0.394624 0.416909 
0.655254 0.147721 0.523712 0.515412 
0.953511 0.646888 0.519709 0.510146 
0.417687 0.878828 0.524851 0.461709 
0.132746 0.660052 0.432318 0.516193 
0.757492 0.481122 0.444947 0.487375 
0.507269 0.307303 0.521537 0.535252 
0.755234 0.825911 0.474048 0.532326 
0.0411231 0.441352 0.439385 0.527169 
0.92677 0.500776 0.468556 0.496718 
0.290622 0.274463 0.407123 0.476662 
0.8961 0.614033 0.481981 0.48225 
0.352232 0.495191 0.420093 0.491599 
0.164468 0.628749 0.36197 0.483753 
0.0472794 0.478244 0.459706 0.489531 
0.826808 0.405501 0.61988 0.523497 
0.658416 0.481279 0.467902 0.485942 
0.58431 0.659628 0.368471 0.495902 
0.291319 0.433702 0.542624 0.453714 
0.864858 0.47687 0.342396 0.46809 
0.389887 0.684371 0.423293 0.511722 
0.99698 0.830591 0.523413 0.416137 
0.446127 0.681619 0.451905 0.467775 
0.301937 0.273103 0.491084 0.496093 
0.450125 0.715882 0.461663 0.451159 
0.865313 0.605963 0.438461 0.492321 
0.99223 0.44225 0.537699 0.483889 
0.465411 0.494545 0.50522 0.505471 
0.088637 0.420174 0.406299 0.507345 
0.715586 0.27794 0.453996 0.510073 
0.18477 0.572847 0.405536 0.452827 
0.858548 0.332039 0.488699 0.488186 
0.356577 0.255946 0.591907 0.472564 
0.195687 0.859138 0.748782 0.474623 
0.0138418 0.498709 0.456746 0.521551 
0.784325 0.823473 0.475194 0.513531 
0.735194 0.363565 0.561214 0.489227 
0.414672 0.388374 0.689806 0.505034 
0.0320508 0.820517 0.563535 0.496156 
0.752216 0.331317 0.525481 0.499419 
0.302661 0.440971 0.555202 0.48528 
0.580118 0.497161 0.531396 0.44643 
0.965561 0.744666 0.461562 0.463872 
0.00207286 0.549968 0.464474 0.535713 
0.660358 0.359849 0.438649 0.517744 
0.0254588 0.261833 0.320907 0.50422 
0.37816 0.482647 0.432021 0.561017 
0.55074 0.521426 0.467086 0.543662 
0.792775 0.273276 0.456425 0.469179 
0.901435 0.928757 0.49104 0.542929 
0.512008 0.652293 0.574683 0.53801 
0.577977 0.707752 0.440216 0.517586 
0.0721215 0.596875 0.699334 0.505183 
0.662122 0.543614 0.630824 0.507852 
0.441942 0.507536 0.568673 0.474313 
0.927738 0.641261 0.494003 0.507052 
0.1946 0.175883 0.51586 0.506544 
0.231395 0.399079 0.306015 0.529614 
0.229378 0.731063 0.592401 0.489284 
0.623957 0.513386 0.68254 0.510408 
0.373962 0.356247 0.369918 0.465139 
0.770982 0.659251 0.584783 0.511475 
0.442806 0.940624 0.528688 0.480865 
0.108321 0.297841 0.518761 0.526666 
0.511934 0.422208 0.534191 0.553173 
0.323603 0.707692 0.418606 0.551189 
0.538926 0.566644 0.404088 0.481658 
0.328716 0.223073 0.488531 0.527796 
0.175776 0.496582 0.630873 0.493609 
0.467348 0.444836 0.595933 0.520004 
0.704945 0.625823 0.378455 0.477726 
0.675184 0.265309 0.526467 0.465481 
0.370654 0.261353 0.381192 0.555742 
0.340147 0.738568 0.554921 0.530349 
0.10032 0.599547 0.37521 0.463204 
0.315472 0.541599 0.654047 0.495767 
0.597496 0.171128 0.483933 0.501561 
0.981724 0.379937 0.701117 0.492443 
0.476041 0.271788 0.575349 0.515031 
0.871129 0.819532 0.565388 0.514807 
0.303178 0.313593 0.480922 0.510875 
0.556864 0.647909 0.578741 0.552844 
0.0808241 0.82067 0.427222 0.535653 
0.150354 0.666565 0.686187 0.494446 
0.295502 0.520348 0.64103 0.508878 
0.486656 0.438859 0.505099 0.471459 
0.994562 0.710662 0.375355 0.51382 
0.274341 0.439494 0.397843 0.455806 
0.215665 0.736415 0.448297 0.439064 
0.298058 0.92673 0.273864 0.457016 
0.686957 0.205385 0.598297 0.508531 
0.865038 0.328373 0.445366 0.502649 
0.909518 0.193347 0.346243 0.484755 
0.737646 0.50959 0.504512 0.496189 
0.029231 0.508817 0.368478 0.480167 
0.775394 0.546501 0.530269 0.467184 
0.158469 0.462269 0.58893 0.499187 
0.669792 0.551198 0.464223 0.492631 
0.253505 0.227358 0.594631 0.504785 
0.31619 0.588772 0.487049 0.504571 
0.332779 0.540316 0.486771 0.509791 
0.936145 0.388365 0.280112 0.495874 
0.741195 0.296194 0.555216 0.548845 
0.150269 0.917044 0.474951 0.516641 
0.194255 0.48495 0.506151 0.537082 
0.791799 0.554846 0.620933 0.515634 
0.0304358 0.687814 0.442848 0.506233 
0.475788 0.688157 0.469273 0.490733 
0.350789 0.681416 0.468502 0.450142 
0.00976066 0.541375 0.448287 0.486151 
0.283857 0.262827 0.465612 0.51868 
0.201346 0.495058 0.554444 0.449091 
0.269441 0.222318 0.466166 0.504251 
0.171348 0.602863 0.370264 0.482104 
0.591493 0.365503 0.429809 0.503531 
0.330341 0.384082 0.513195 0.483335 
0.774131 0.395857 0.626276 0.524287 
0.104416 0.133753 0.590114 0.499049 
0.0573209 0.728207 0.48573 0.525629 
0.428607 0.544101 0.543376 0.515165 
0.543527 0.408861 0.454334 0.440448 
0.618332 0.519742 0.506356 0.55645 
0.508933 0.137142 0.166907 0.536813 
0.963544 0.500881 0.649989 0.459134 
0.208311 0.388149 0.408448 0.508113 
0.495302 0.759533 0.428584 0.441926 
0.973818 0.521147 0.494632 0.508559 
0.49599 0.919861 0.550837 0.488955 
0.61714 0.772362 0.512581 0.536539 
0.669137 0.217682 0.527363 0.495578 
0.597081 0.737646 0.44172 0.479518 
0.60588 0.812551 0.458508 0.520908 
0.0587217 0.476834 0.519925 0.524155 
0.34809 0.864914 0.301966 0.439843 
0.467465 0.114858 0.628252 0.546568 
0.373087 0.70824 0.580242 0.554456 
0.523504 0.924725 0.579993 0.50171 
0.867765 0.594232 0.453551 0.45251 
0.623083 0.223994 0.42066 0.519358 
0.956136 0.40846 0.39423 0.481575 
0.261406 0.614263 0.627357 0.496016 
0.798965 0.540715 0.583644 0.570076 
0.296133 0.543963 0.374825 0.525633 
0.960114 0.56407 0.662058 0.515595 
0.209336 0.447797 0.265672 0.511723 
0.446004 0.213732 0.5507 0.529611 
0.916437 0.476103 0.64206 0.50676 
0.913854 0.843746 0.431087 0.522965 
0.56033 0.384257 0.224687 0.499134 
0.67166 0.168529 0.426067 0.496651 
0.435179 0.587215 0.569819 0.486246 
0.244302 0.800421 0.438457 0.505231 
0.53 0.0808074 0.364946 0.532594 
0.950325 0.458247 0.472033 0.423343 
0.779574 0.712606 0.589893 0.532554 
0.0081271 0.153636 0.483887 0.474244 
0.919516 0.737807 0.526839 0.534211 
0.811774 0.338664 0.558836 0.497077 
0.552235 0.53172 0.596584 0.492633 
0.588597 0.618246 0.587496 0.42397 
0.520117 0.21681 0.487101 0.506722 
0.181524 0.329729 0.446714 0.52916 
0.00998887 0.518982 0.364127 0.473043 
0.267234 0.213243 0.550106 0.542936 
0.8634 0.215204 0.40379 0.499783 
0.493267 0.516545 0.448263 0.522595 
0.6792 0.541485 0.612247 0.518034 
0.618811 0.830989 0.608053 0.510111 
0.874597 0.591317 0.494777 0.476147 
0.444006 0.706287 0.682815 0.496869 
0.190103 0.780011 0.36449 0.51204 
0.0450055 0.451776 0.605961 0.514467 
0.181415 0.266301 0.386859 0.475583 
0.639146 0.617878 0.428097 0.507529 
0.762046 0.735152 0.406618 0.529438 
0.353066 0.528614 0.445321 0.487499 
0.186435 0.597081 0.462248 0.490283 
0.544951 0.601497 0.617486 0.463533 
0.684249 0.678026 0.480179 0.515835 
0.403863 0.582384 0.512728 0.514127 
0.512835 0.518893 0.673555 0.498467 
0.697943 0.461424 0.538464 0.482535 
0.770985 0.534811 0.565187 0.529076 
0.707632 0.34035 0.420261 0.558543 
0.536431 0.584767 0.541816 0.523109 
0.239465 0.346812 0.636922 0.49267 
0.502876 0.563027 0.528873 0.448469 
0.0509103 0.28626 0.435381 0.468306 
0.845516 0.458449 0.526845 0.497867 
0.929716 0.501866 0.562381 0.500745 
0.993014 0.679807 0.545568 0.478877 
0.315989 0.795311 0.535025 0.475111 
0.516294 0.310032 0.384577 0.497483 
0.886193 0.613192 0.503542 0.485259 
0.352279 0.520191 0.514152 0.491102 
0.532472 0.691938 0.546731 0.439835 
0.917243 0.470761 0.509262 0.467867 
0.579903 0.303815 0.52659 0.495035 
0.00579926 0.5065 0.590006 0.518001 
0.71318 0.244957 0.459922 0.5105 
0.690466 0.363327 0.393865 0.49188 
0.95871 0.809205 0.567653 0.499745 
0.283837 0.354886 0.57122 0.500665 
0.413945 0.518065 0.486322 0.48523 
0.900969 0.562308 0.611779 0.458173 
0.956473 0.401628 0.535761 0.478872 
0.646306 0.676954 0.484879 0.552461 
0.365236 0.401258 0.666124 0.531129 
0.86328 0.469494 0.596693 0.507515 
0.751371 0.638907 0.405719 0.495002 
0.389985 0.48481 0.546617 0.589393 
0.505812 0.400285 0.464434 0.469598 
0.585309 0.311443 0.431922 0.526373 
0.775424 0.498256 0.536484 0.542398 
0.0395592 0.496576 0.541374 0.489769 
0.763728 0.259214 0.551885 0.457087 
0.31694 0.470033 0.600553 0.501477 
0.124172 0.473929 0.417193 0.491866 
0.964815 0.373405 0.508372 0.528237 
0.843151 0.200202 0.547661 0.477962 
0.529234 0.216792 0.425122 0.50909 
0.301785 0.389993 0.459806 0.529635 
0.442339 0.792746 0.409822 0.470426 
0.858193 0.512263 0.418648 0.506128 
0.422102 0.10168 0.559967 0.464148 
0.449522 0.690284 0.7267 0.495648 
0.455416 0.658238 0.408846 0.503576 
0.0849769 0.496743 0.433581 0.529678 
0.374983 0.597514 0.59783 0.539729 
0.7879 0.56254 0.568404 0.531912 
0.283603 0.533516 0.55344 0.472003 
0.464442 0.533943 0.687001 0.536176 
0.696681 0.360733 0.509199 0.496837 
0.0546861 0.741497 0.378235 0.493672 
0.37578 0.522565 0.52328 0.528031 
0.271194 0.48759 0.518187 0.535643 
0.645803 0.563377 0.530466 0.525726 
0.497865 0.587421 0.536847 0.47685 
0.347843 0.447497 0.49553 0.460451 
0.964488 0.589 0.401045 0.536878 
0.499848 0.793327 0.424597 0.468224 
0.397018 0.485757 0.472855 0.468683 
0.13827 0.627831 0.362863 0.482607 
0.458977 0.680665 0.580784 0.485927 
0.935174 0.310874 0.512784 0.468322 
0.206613 0.756372 0.520722 0.451415 
0.549586 0.363049 0.317446 0.517191 
0.604055 0.652022 0.453333 0.481194 
0.0969726 0.477651 0.562037 0.515851 
0.964978 0.155892 0.591198 0.530618 
0.478393 0.0693725 0.511883 0.508799 
0.656834 0.533037 0.45719 0.458427 
0.411791 0.114884 0.643785 0.513078 
0.474244 0.824914 0.522766 0.491832 
0.186637 0.816976 0.722927 0.519441 
0.996381 0.551465 0.471114 0.473508 
0.817638 0.26489 0.571982 0.53157 
0.466252 0.857048 0.657009 0.515998 
0.806785 0.337156 0.564362 0.455687 
0.68362 0.596937 0.543162 0.49715 
0.0196373 0.373659 0.492831 0.489474 
0.220799 0.294931 0.541462 0.492312 
0.936688 0.1899 0.597688 0.495137 
0.0562425 0.621827 0.438231 0.521188 
0.452656 0.521427 0.526711 0.4575 
0.245197 0.598052 0.437696 0.465907 
0.418038 0.157874 0.536279 0.488456 
0.101239 0.259909 0.666052 0.511638 
0.645043 0.428224 0.538145 0.5231 
0.163814 0.349642 0.289937 0.468804 
0.176308 0.707568 0.481425 0.492731 
0.515888 0.636557 0.485612 0.522009 
0.897346 0.665658 0.401288 0.471704 
0.0651586 0.608546 0.342768 0.530225 
0.0192072 0.364289 0.605354 0.551207 
0.203768 0.318493 0.483802 0.487086 
0.852742 0.115527 0.493419 0.474124 
0.530557 0.362976 0.600297 0.523172 
0.453315 0.604345 0.632674 0.500022 
0.414766 0.509104 0.366868 0.480303 
0.347164 0.718524 0.631882 0.47047 
0.397071 0.565045 0.570876 0.527528 
0.511518 0.582214 0.481069 0.53829 
0.192201 0.402146 0.416482 0.507612 
0.560475 0.127968 0.502772 0.530835 
0.119004 0.83893 0.480932 0.477454 
0.132985 0.577192 0.505264 0.445111 
0.507709 0.589401 0.644139 0.450205 
0.0881131 0.887667 0.532079 0.486703 
0.174142 0.845193 0.471011 0.506762 
0.367017 0.545089 0.333433 0.464833 
0.12303 0.166483 0.486658 0.503145 
0.226802 0.240233 0.428844 0.497266 
0.256182 0.195109 0.471621 0.507023 
0.365483 0.365456 0.368357 0.47647 
0.401439 0.347887 0.542884 0.534778 
0.0981674 0.880876 0.579848 0.481626 
0.603232 0.55057 0.523232 0.518533 
0.287611 0.740592 0.50976 0.428524 
0.99032 0.702236 0.440989 0.523354 
0.769328 0.82762 0.478335 0.449006 
0.489648 0.488208 0.443629 0.495755 
0.586385 0.373838 0.49037 0.528014 
0.407003 0.329023 0.39294 0.435321 
0.287302 0.695295 0.394885 0.479619 
0.0669483 0.284499 0.609198 0.450575 
0.117112 0.363314 0.544519 0.531123 
0.384959 0.758703 0.44652 0.540008 
0.510669 0.838328 0.603837 0.531523 
0.947459 0.487827 0.519345 0.515472 
0.764082 0.71291 0.470339 0.538974 
0.585989 0.471107 0.556749 0.535604 
0.252518 0.554634 0.308034 0.523701 
0.40629 0.542397 0.432549 0.533658 
0.197673 0.192005 0.518078 0.48958 
0.571222 0.157765 0.401255 0.512123 
0.967014 0.495477 0.690323 0.510417 
0.21411 0.438569 0.638333 0.456171 
0.547333 0.363621 0.438601 0.497281 
0.271094 0.229033 0.554241 0.481254 
0.910605 0.467393 0.681587 0.481799 
0.942075 0.568313 0.464097 0.490934 
0.520122 0.529462 0.545972 0.523042 
0.529797 0.67693 0.46968 0.516235 
0.24926 0.492886 0.479204 0.563231 
0.294513 0.40899 0.574013 0.48278 
0.343188 0.379238 0.561887 0.519073 
0.456864 0.401488 0.42748 0.484962 
0.295192 0.554914 0.571233 0.471607 
0.47421 0.652373 0.626575 0.555441 
0.11347 0.237654 0.381087 0.473439 
0.537865 0.707185 0.449995 0.527084 
0.23925 0.311938 0.502397 0.527563 
0.77523 0.30955 0.507556 0.488373 
0.169924 0.120196 0.576271 0.475842 
0.88415 0.653907 0.646746 0.453702 
0.165983 0.848849 0.42749 0.484513 
0.191253 0.589975 0.598567 0.517181 
0.15205 0.670202 0.386935 0.473752 
0.190863 0.143775 0.40091 0.541989 
0.53372 0.0251221 0.393358 0.510408 
0.641739 0.470317 0.392885 0.483012 
0.881635 0.47439 0.334663 0.494643 
0.38206 0.443382 0.543332 0.434555 
0.876895 0.183394 0.516484 0.516706 
0.928548 0.394628 0.607073 0.542937 
0.229422 0.448874 0.490986 0.499455 
0.417002 0.245411 0.601963 0.505141 
0.41617 0.565146 0.411587 0.498802 
0.372653 0.602757 0.499056 0.511606 
0.050537 0.347434 0.493803 0.495708 
0.0839214 0.891521 0.462931 0.46125 
0.186126 0.608453 0.496959 0.508231 
0.531588 0.352475 0.593017 0.518681 
0.156432 0.55028 0.452794 0.495053 
0.99461 0.599682 0.492389 0.486014 
0.8219 0.426774 0.661643 0.461983 
0.906416 0.528552 0.5936 0.513385 
0.420011 0.414485 0.479039 0.505684 
0.49902 0.616151 0.267083 0.523985 
0.365049 0.425654 0.522439 0.458448 
0.212127 0.62759 0.473843 0.476175 
0.486467 0.563481 0.482445 0.449017 
0.353865 0.359879 0.529703 0.529083 
0.404093 0.631836 0.507206 0.500482 
0.863097 0.741971 0.432782 0.489806 
0.405872 0.707223 0.55341 0.463652 
0.0995722 0.622544 0.468733 0.50055 
0.0741172 0.499925 0.344498 0.468952 
0.727901 0.873243 0.392172 0.522059 
0.754188 0.24877 0.42062 0.516851 
0.0284431 0.570697 0.230195 0.479976 
0.388841 0.526134 0.475314 0.497655 
0.00352915 0.680916 0.452053 0.516945 
0.625281 0.566634 0.380856 0.450977 
0.0726796 0.569733 0.671555 0.48727 
0.0228138 0.425125 0.575116 0.512732 
0.972695 0.675454 0.52938 0.529459 
0.134706 0.172395 0.342373 0.463414 
0.0191233 0.177686 0.299692 0.516169 
0.924643 0.590257 0.615363 0.484385 
0.320133 0.515355 0.502334 0.502613 
0.872201 0.82427 0.511665 0.504934 
0.189696 0.567321 0.491294 0.493717 
0.417002 0.423 0.523141 0.490944 
0.131848 0.65119 0.477757 0.478856 
0.888367 0.711545 0.672473 0.462024 
0.54034 0.717639 0.63399 0.498318 
0.0869481 0.434586 0.422051 0.537773 
0.378391 0.820467 0.355099 0.507697 
0.335218 0.281687 0.43152 0.479985 
0.36071 0.622999 0.570969 0.52565 
0.620861 0.530523 0.451899 0.52637 
0.93914 0.644712 0.40476 0.536667 
0.55204 0.618429 0.500978 0.479297 
0.14219 0.214443 0.464475 0.511262 
0.590902 0.51206 0.450945 0.459872 
0.565032 0.685377 0.401574 0.505397 
0.168029 0.639782 0.503836 0.459468 
0.369556 0.450878 0.560355 0.546071 
0.321928 0.18144 0.512033 0.515277 
0.764374 0.211637 0.607749 0.47674 
0.370965 0.601842 0.663445 0.481061 
0.0343562 0.45729 0.44553 0.48172 
0.595549 0.320552 0.549879 0.512587 
0.748608 0.117002 0.398721 0.541305 
0.774835 0.486816 0.398302 0.484372 
0.525023 0.565552 0.313793 0.484791 
0.786568 0.213652 0.38567 0.477032 
0.266822 0.451379 0.44739 0.491644 
0.935966 0.529101 0.601009 0.576095 
0.58493 0.115455 0.426445 0.482662 
0.750289 0.480002 0.498949 0.400098 
0.520245 0.532088 0.267003 0.491422 
0.362338 0.785896 0.536872 0.45479 
0.516627 0.426659 0.46894 0.472338 
0.529568 0.634831 0.435074 0.463522 
0.168061 0.744746 0.462792 0.487376 
0.399003 0.370804 0.54131 0.56086 
0.426054 0.546225 0.421607 0.502321 
0.839512 0.55769 0.396371 0.460269 
0.656964 0.189118 0.422282 0.504501 
0.436993 0.509766 0.501716 0.503518 
0.628611 0.363568 0.502671 0.494522 
0.895326 0.65443 0.480935 0.508042 
0.328584 0.574535 0.711259 0.506835 
0.985741 0.405367 0.44204 0.499778 
0.369837 0.179869 0.488867 0.488744 
0.0238506 0.378371 0.547025 0.471676 
0.737078 0.59538 0.526544 0.46927 
0.990613 0.152738 0.437894 0.500213 
0.643491 0.599631 0.518955 0.489451 
0.659488 0.541071 0.642508 0.465993 
0.75594 0.853082 0.440421 0.464096 
0.807063 0.469857 0.614669 0.482043 
0.421941 0.517925 0.547068 0.548807 
0.756632 0.294242 0.505015 0.463064 
0.936774 0.733061 0.369484 0.476315 
0.119391 0.806685 0.346857 0.498399 
0.256772 0.91032 0.607091 0.519227 
0.808654 0.290038 0.553837 0.497404 
0.428 0.551814 0.390293 0.493276 
0.192076 0.688124 0.496681 0.457325 
0.576744 0.558395 0.309793 0.563526 
0.971646 0.502977 0.39113 0.517158 
0.949117 0.381831 0.645334 0.558662 
0.760837 0.819984 0.405089 0.49653 
0.627154 0.789381 0.517322 0.504064 
0.142172 0.386395 0.627318 0.433897 
0.883321 0.423931 0.437718 0.442486 
0.923453 0.626821 0.466441 0.459172 
0.786966 0.363777 0.483527 0.469502 
0.0934405 0.490402 0.550607 0.510953 
0.691282 0.873986 0.366658 0.534255 
0.110109 0.265389 0.755561 0.558217 
0.801784 0.462004 0.634396 0.517008 
0.263797 0.125049 0.667911 0.490432 
0.411432 0.73246 0.635454 0.515062 
0.851575 0.224381 0.595584 0.526282 
0.52212 0.515249 0.574472 0.469309 
0.813926 0.537604 0.436134 0.459725 
0.00298604 0.801786 0.459174 0.537788 
0.0916327 0.524797 0.407868 0.495655 
0.183856 0.673829 0.588276 0.522906 
0.892375 0.499825 0.348316 0.464783 
0.369216 0.641999 0.363011 0.527027 
0.397204 0.607602 0.609607 0.50825 
0.664139 0.848601 0.569389 0.551572 
0.409164 0.470574 0.395556 0.552198 
0.888653 0.505258 0.609024 0.448568 
0.0138999 0.755938 0.546281 0.484145 
0.950099 0.399489 0.324769 0.535768 
0.219506 0.599424 0.337476 0.555358 
0.655451 0.303574 0.39621 0.521425 
0.423083 0.554959 0.67813 0.483791 
0.135026 0.14492 0.401902 0.534491 
0.637776 0.943795 0.413289 0.489432 
0.0179725 0.602281 0.586242 0.515269 
0.22475 0.838017 0.383164 0.514573 
0.378407 0.954176 0.267446 0.544105 
0.278493 0.748925 0.531799 0.510659 
0.693896 0.158119 0.517259 0.49689 
0.863072 0.38537 0.682056 0.455856 
0.610334 0.85132 0.386825 0.454493 
0.967488 0.537392 0.39897 0.470152 
0.174135 0.88141 0.44552 0.4977 
0.211417 0.600407 0.50853 0.524565 
0.411114 0.456628 0.535821 0.504308 
0.96268 0.311237 0.570518 0.481292 
0.406187 0.605184 0.426986 0.559547 
0.343146 0.445599 0.50566 0.509441 
0.943791 0.934397 0.501131 0.484703 
0.0189277 0.810837 0.536406 0.470421 
0.126106 0.561445 0.507708 0.479897 
0.154079 0.220478 0.574754 0.537965 
0.457155 0.681722 0.343351 0.497603 
0.442651 0.613727 0.623638 0.518139 
0.599174 0.429583 0.485735 0.494041 
0.81175 0.639069 0.677416 0.504323 
0.512353 0.621403 0.511312 0.475874 
0.695829 0.194393 0.500405 0.535694 
0.000942525 0.230391 0.552851 0.498081 
0.443563 0.633719 0.318791 0.536185 
0.426577 0.555737 0.382402 0.506583 
0.280556 0.391015 0.422959 0.507912 
0.947169 0.249753 0.499235 0.461228 
0.917763 0.583354 0.534128 0.536347 
0.587465 0.561488 0.392939 0.525368 
0.488418 0.21283 0.518635 0.468436 
0.644241 0.710001 0.307869 0.49125 
0.113382 0.631322 0.462467 0.533892 
0.293604 0.387174 0.411937 0.552785 
0.526173 0.435698 0.563687 0.510015 
0.317949 0.247739 0.480642 0.49676 
0.532459 0.503159 0.508755 0.527301 
0.0472846 0.841708 0.459362 0.527795 
0.891801 0.524198 0.400139 0.484686 
0.681427 0.150728 0.389371 0.451362 
0.513145 0.527416 0.544752 0.485382 
0.0996987 0.890882 0.497261 0.507246 
0.503144 0.824567 0.536174 0.516257 
0.572219 0.0617598 0.559751 0.526536 
0.407621 0.360142 0.443056 0.514808 
0.266112 0.819835 0.61253 0.503832 
0.773778 0.619706 0.571715 0.518049 
0.0297074 0.845487 0.264425 0.484331 
0.864925 0.360202 0.528161 0.486914 
0.235782 0.153064 0.509764 0.481457 
0.855147 0.638646 0.554379 0.517622 
0.159586 0.468457 0.675272 0.471698 
0.495119 0.490442 0.402006 0.520106 
0.85125 0.388338 0.550079 0.471756 
0.856559 0.269093 0.557864 0.529807 
0.460101 0.559217 0.419417 0.512229 
0.596035 0.548245 0.584741 0.514183 
0.0830313 0.399595 0.47818 0.456581 
0.720589 0.521171 0.529635 0.51 
0.839966 0.352969 0.675841 0.557563 
0.923995 0.665325 0.417665 0.442933 
0.0440139 0.561275 0.408848 0.479171 
0.244457 0.409084 0.309565 0.508953 
0.471098 0.604838 0.479539 0.511339 
0.531203 0.755221 0.505348 0.50301 
0.644391 0.269918 0.491495 0.514281 
0.640755 0.218411 0.395389 0.563358 
0.677701 0.461114 0.370355 0.53762 
0.0392822 0.509873 0.616019 0.459216 
0.0605784 0.67815 0.496151 0.490378 
0.134711 0.160875 0.431651 0.486146 
0.210075 0.454789 0.498733 0.479915 
0.154005 0.423439 0.489253 0.495229 
0.664167 0.76364 0.487212 0.452977 
0.980141 0.423997 0.520558 0.456575 
0.0865311 0.549025 0.407996 0.435421 
0.252508 0.609205 0.481048 0.518597 
0.419843 0.546154 0.45616 0.477818 
0.491145 0.525826 0.5781 0.460703 
0.465743 0.360926 0.542281 0.503705 
0.211942 0.518513 0.559329 0.500685 
0.910827 0.616777 0.417287 0.518808 
0.249061 0.798237 0.456232 0.502756 
0.146898 0.291699 0.533203 0.463927 
0.737013 0.901202 0.286082 0.49529 
0.389487 0.494538 0.539914 0.543978 
0.540485 0.546837 0.579083 0.509937 
0.854467 0.764149 0.511602 0.476545 
0.941442 0.484553 0.311421 0.520111 
0.788334 0.579457 0.567637 0.531053 
0.76743 0.459641 0.642426 0.517526 
0.672963 0.182985 0.550667 0.503583 
0.221936 0.599295 0.473274 0.407125 
0.0778564 0.0922261 0.593505 0.493117 
0.468702 0.336174 0.433145 0.45528 
0.235449 0.208718 0.613099 0.44752 
0.128567 0.241314 0.644725 0.522629 
0.244112 0.406719 0.515721 0.517229 
0.594945 0.546692 0.358679 0.475464 
0.57503 0.155678 0.750279 0.497107 
0.296912 0.908348 0.687816 0.524091 
0.408316 0.682102 0.450111 0.490143 
0.64984 0.858773 0.442416 0.499796 
0.114352 0.0348388 0.450313 0.535425 
0.0981186 0.761745 0.633323 0.525449 
0.056938 0.338908 0.544273 0.48356 
0.576737 0.623652 0.534265 0.487468 
0.943968 0.271419 0.581792 0.510719 
0.735239 0.191256 0.374284 0.439044 
0.234192 0.41276 0.707662 0.496944 
0.132374 0.223345 0.388309 0.526849 
0.33205 0.306642 0.520935 0.485472 
0.538324 0.850419 0.387279 0.452313 
0.0158174 0.437987 0.587895 0.471963 
0.714872 0.255009 0.540863 0.494527 
0.97755 0.576245 0.43383 0.478227 
0.376458 0.513362 0.618302 0.489683 
0.186393 0.600849 0.494961 0.494424 
0.938202 0.471883 0.639644 0.499843 
0.684815 0.241331 0.527583 0.442408 
0.820211 0.200373 0.614992 0.511094 
0.241125 0.360954 0.572759 0.505191 
0.874927 0.498908 0.572544 0.511021 
0.374515 0.588708 0.561679 0.496131 
0.0800168 0.636359 0.66747 0.452314 
0.492315 0.534483 0.375242 0.461506 
0.996975 0.471452 0.354721 0.458096 
0.284346 0.838815 0.563616 0.528425 
0.160243 0.637884 0.536791 0.519886 
0.952024 0.49137 0.61831 0.497215 
0.0731756 0.870731 0.374945 0.443318 
0.140502 0.383566 0.523186 0.4846 
0.169868 0.552863 0.49132 0.534277 
0.96358 0.230536 0.507185 0.470277 
0.243523 0.500429 0.383358 0.494095 
0.440662 0.469785 0.512565 0.533468 
0.601753 0.671777 0.513006 0.47482 
0.349416 0.814884 0.503437 0.506418 
0.263762 0.503742 0.517582 0.567102 
0.880862 0.355159 0.421886 0.530925 
0.63557 0.547365 0.340793 0.473391 
0.621683 0.185982 0.57954 0.499463 
0.548739 0.484629 0.494469 0.472504 
0.637984 0.363738 0.402137 0.509761 
0.355129 0.0458599 0.538084 0.541755 
0.961401 0.514435 0.658153 0.534625 
0.65656 0.284522 0.510224 0.459528 
0.59873 0.490669 0.521369 0.478738 
0.138657 0.538824 0.543571 0.489104 
0.0145716 0.315784 0.356588 0.486383 
0.734341 0.577051 0.449254 0.451477 
0.773357 0.247092 0.48107 0.521592 
0.538711 0.45013 0.315536 0.457886 
0.788481 0.475715 0.525462 0.525481 
0.145254 0.666667 0.44633 0.45994 
0.772578 0.35456 0.384709 0.488035 
0.59375 0.604675 0.622327 0.501501 
0.173693 0.547186 0.61776 0.52047 
0.939516 0.388244 0.60965 0.501959 
0.239844 0.315093 0.539469 0.50561 
0.801764 0.378426 0.366849 0.508227 
0.888444 0.233256 0.546635 0.541132 
0.411487 0.667036 0.513561 0.535559 
0.0558495 0.481579 0.407626 0.467734 
0.75208 0.605566 0.448767 0.480689 
0.370008 0.44259 0.445839 0.519461 
0.0625358 0.662589 0.616178 0.520855 
0.660756 0.779832 0.670611 0.486126 
0.687869 0.327222 0.540716 0.455842 
0.656123 0.852405 0.556759 0.506663 
0.694766 0.724597 0.543401 0.486198 
0.322116 0.496808 0.453919 0.524239 
0.810798 0.224655 0.547112 0.500506 
0.348971 0.250565 0.514255 0.482291 
0.893002 0.559058 0.488882 0.519046 
0.118497 0.420269 0.574508 0.574093 
0.911525 0.612301 0.377268 0.493574 
0.980959 0.332261 0.635977 0.437185 
0.0791491 0.652703 0.578987 0.544715 
0.972566 0.527337 0.466517 0.506184 
0.604658 0.504864 0.336451 0.546899 
0.558452 0.43686 0.445074 0.460707 
0.880461 0.433304 0.399579 0.505451 
0.571176 0.368768 0.430921 0.4477 
0.972709 0.537067 0.545233 0.50896 
0.705515 0.32949 0.745454 0.472963 
0.446531 0.341423 0.522231 0.517576 
0.428505 0.341227 0.51736 0.477269 
0.407347 0.611976 0.552165 0.542727 
0.030061 0.524651 0.455395 0.524597 
0.252701 0.631218 0.433162 0.523425 
0.812294 0.302228 0.521803 0.476704 
0.723579 0.478305 0.408273 0.472913 
0.360834 0.342815 0.585691 0.483415 
0.982719 0.667316 0.578387 0.482557 
0.549879 0.145527 0.574178 0.50578 
0.777957 0.0710132 0.412429 0.48714 
0.0333155 0.475586 0.380933 0.553976 
0.402144 0.79236 0.600244 0.496012 
0.803389 0.764499 0.560542 0.49185 
0.628481 0.162192 0.389979 0.456647 
0.0197736 0.462766 0.448405 0.561302 
0.296292 0.743831 0.548241 0.49826 
0.35172 0.596205 0.502033 0.491167 
0.233782 0.617879 0.496549 0.499112 
0.393593 0.870533 0.561688 0.513566 
0.101285 0.524959 0.482949 0.551647 
0.496647 0.530354 0.487676 0.50496 
0.522863 0.48545 0.495328 0.460259 
0.287168 0.381169 0.691772 0.5139 
0.82155 0.696293 0.525108 0.522796 
0.833755 0.318931 0.482392 0.524698 
0.813828 0.577741 0.477696 0.501085 
0.448773 0.801301 0.595672 0.503844 
0.188246 0.552459 0.490193 0.492126 
0.364091 0.229904 0.520132 0.524469 
0.678638 0.693494 0.509671 0.500239 
0.935917 0.569662 0.652461 0.498381 
0.225743 0.571222 0.53588 0.526607 
0.994289 0.610777 0.422301 0.472992 
0.818147 0.32621 0.50337 0.520115 
0.0159707 0.66192 0.612782 0.545434 
0.881069 0.544875 0.468338 0.479794 
0.762074 0.385899 0.593363 0.485432 
0.923029 0.559532 0.434595 0.562145 
0.500829 0.376398 0.416424 0.514151 
0.0270217 0.790487 0.722396 0.487109 
0.167819 0.488943 0.641081 0.519906 
0.166273 0.408847 0.442713 0.520296 
0.448746 0.930424 0.391968 0.501664 
0.834457 0.83648 0.457606 0.511032 
0.984404 0.574999 0.3131 0.492208 
0.434834 0.915537 0.533297 0.448531 
0.257278 0.254906 0.604065 0.495317 
0.553455 0.23663 0.39141 0.470429 
0.706713 0.373773 0.561835 0.474004 
0.913779 0.789123 0.62056 0.431656 
0.886657 0.0594279 0.54098 0.497088 
0.445255 0.594659 0.50421 0.498325 
0.394551 0.607651 0.635803 0.506295 
0.656544 0.468099 0.44638 0.501163 
0.439485 0.42896 0.583949 0.521936 
0.734726 0.606417 0.668512 0.508238 
0.720631 0.939358 0.599856 0.495516 
0.499147 0.464429 0.533923 0.517123 
0.133005 0.746127 0.479038 0.507743 
0.743024 0.743023 0.532656 0.503327 
0.376978 0.429827 0.524202 0.490952 
0.512672 0.78916 0.602268 0.510433 
0.293431 0.512122 0.412837 0.529191 
0.016986 0.595494 0.473327 0.515258 
0.0932387 0.536162 0.329919 0.458467 
0.263865 0.334308 0.497345 0.470554 
0.243115 0.629689 0.508876 0.551864 
0.469663 0.555163 0.652222 0.488479 
0.00975932 0.383458 0.4767 0.488517 
0.814126 0.703673 0.58471 0.53382 
0.612193 0.440486 0.508427 0.529069 
0.927665 0.277803 0.590418 0.505762 
0.314109 0.586175 0.629239 0.500309 
0.696864 0.724587 0.489387 0.535257 
0.864463 0.866355 0.435708 0.437776 
0.657097 0.323713 0.416134 0.514931 
0.335264 0.521011 0.406724 0.485501 
0.355383 0.50328 0.633144 0.509114 
0.766692 0.541981 0.594752 0.509616 
0.490845 0.219167 0.642281 0.504962 
0.794575 0.47221 0.532752 0.463177 
0.700101 0.365633 0.673258 0.493792 
0.641465 0.559926 0.586753 0.488635 
0.154619 0.372664 0.471521 0.469637 
0.892768 0.353218 0.450477 0.484805 
0.775714 0.497096 0.339935 0.55707 
0.922583 0.655445 0.418805 0.512296 
0.805164 0.415274 0.577904 0.483905 
0.279666 0.689024 0.302199 0.46755 
0.95531 0.392473 0.540393 0.526304 
0.581711 0.677609 0.506044 0.48164 
0.137583 0.41915 0.532717 0.474679 
0.776504 0.717598 0.508869 0.533572 
0.757625 0.867754 0.571829 0.482018 
0.124268 0.427525 0.420545 0.508462 
0.645019 0.570038 0.572372 0.464094 
0.72409 0.395087 0.400361 0.490849 
0.192647 0.0790692 0.476572 0.445993 
0.176921 0.358609 0.64536 0.492354 
0.646687 0.404219 0.580054 0.457002 
0.894726 0.388976 0.481758 0.479452 
0.57515 0.632879 0.481216 0.487907 
0.229725 0.75529 0.547021 0.511394 
0.932175 0.531117 0.49002 0.490762 
0.568617 0.499852 0.576601 0.500226 
0.820137 0.538554 0.575934 0.516763 
0.280876 0.425128 0.54318 0.532695 
0.662184 0.400376 0.530786 0.506932 
0.330015 0.611811 0.529981 0.507255 
0.381597 0.719183 0.486078 0.521125 
0.295097 0.307303 0.434967 0.520865 
0.348729 0.375137 0.495698 0.461337 
0.734063 0.542539 0.209754 0.420484 
0.968567 0.515768 0.429042 0.529493 
0.268076 0.432823 0.479695 0.534146 
0.109942 0.566962 0.648347 0.528976 
0.738126 0.417741 0.402986 0.462183 
0.940765 0.738432 0.485791 0.490385 
0.935718 0.64573 0.544794 0.502614 
0.223665 0.685961 0.605709 0.528319 
0.843418 0.364488 0.419217 0.48483 
0.53964 0.167978 0.486925 0.549774 
0.830842 0.250099 0.516962 0.52571 
0.526321 0.362731 0.55064 0.51857 
0.57232 0.900338 0.497227 0.50505 
0.757648 0.51153 0.343226 0.477829 
0.430462 0.686921 0.612511 0.515633 
0.124124 0.495111 0.552035 0.553438 
0.188559 0.448256 0.444943 0.457849 
0.315934 0.374179 0.553809 0.441365 
0.919083 0.432964 0.379419 0.479085 
0.876466 0.33824 0.547629 0.563612 
0.582196 0.552658 0.462828 0.549151 
0.754057 0.719038 0.401871 0.51445 
0.889087 0.0777269 0.594699 0.505587 
0.318776 0.154255 0.290498 0.492629 
0.776307 0.792721 0.511914 0.456814 
0.59939 0.632911 0.487023 0.496025 
0.785913 0.564504 0.50104 0.471525 
0.225627 0.818983 0.482996 0.549741 
0.510692 0.331787 0.653365 0.517593 
0.761567 0.263429 0.519983 0.47681 
0.667424 0.52966 0.415245 0.50319 
0.454575 0.585422 0.615509 0.518984 
0.419475 0.314553 0.534451 0.559186 
0.190788 0.503073 0.683359 0.501792 
0.87381 0.255402 0.661527 0.519791 
0.605758 0.653452 0.474181 0.51351 
0.199986 0.798144 0.415959 0.544194 
0.168645 0.510463 0.492061 0.510949 
0.39303 0.242877 0.581157 0.481828 
0.39944 0.405416 0.451129 0.513544 
0.281903 0.0124938 0.380643 0.540833 
0.805821 0.311713 0.506939 0.518176 
0.359974 0.654244 0.555022 0.526603 
0.499687 0.438598 0.439654 0.527747 
0.416678 0.485924 0.546215 0.500219 
0.0607524 0.534055 0.591198 0.453281 
0.454154 0.266759 0.418359 0.539163 
0.252288 0.346665 0.470154 0.511415 
0.542331 0.501999 0.706938 0.531276 
0.244149 0.497347 0.564409 0.458143 
0.576029 0.593721 0.480898 0.573949 
0.882733 0.748466 0.471778 0.528536 
0.618716 0.59464 0.584884 0.493474 
0.131696 0.32106 0.504177 0.487197 
0.607586 0.483764 0.386957 0.462951 
0.00814347 0.697531 0.350006 0.443351 
0.91033 0.52387 0.587855 0.488915 
0.785951 0.476842 0.559111 0.493184 
0.226216 0.401159 0.417326 0.465564 
0.716732 0.380021 0.658186 0.463444 
0.611155 0.650327 0.410475 0.505473 
0.521432 0.599435 0.544437 0.467968 
0.476208 0.368008 0.369074 0.521759 
0.289887 0.660877 0.606217 0.510636 
0.608364 0.651615 0.605566 0.500991 
0.386248 0.318487 0.456583 0.539143 
0.349683 0.429172 0.63435 0.523904 
0.184017 0.493496 0.374096 0.485738 
0.574937 0.468569 0.58439 0.48664 
0.54999 0.535253 0.616317 0.507479 
0.134792 0.259941 0.480942 0.53673 
0.919522 0.580485 0.551332 0.543701 
0.127419 0.168368 0.428973 0.489673 
0.270433 0.273347 0.469612 0.486914 
0.306479 0.514566 0.624349 0.524853 
0.778949 0.262862 0.462536 0.52952 
0.302493 0.560072 0.532481 0.558696 
0.0691365 0.50108 0.567282 0.48422 
0.722824 0.613267 0.544515 0.51104 
0.900691 0.410691 0.509095 0.482613 
0.569487 0.455263 0.501733 0.47745 
0.505188 0.861571 0.521768 0.483507 
0.71333 0.350959 0.473828 0.536426 
0.642212 0.765302 0.588978 0.535841 
0.636079 0.553158 0.499288 0.497623 
0.842846 0.450277 0.503093 0.452853 
0.0758795 0.510146 0.462488 0.499122 
0.620474 0.605376 0.470806 0.48021 
0.708566 0.229311 0.673537 0.521684 
0.0271179 0.72984 0.674171 0.485386 
0.214288 0.66295 0.471578 0.505649 
0.228123 0.826842 0.401409 0.500038 
0.079372 0.766083 0.488567 0.499811 
0.994609 0.63879 0.554199 0.511607 
0.732289 0.205536 0.574188 0.538232 
0.752346 0.778246 0.412765 0.516312 
0.032679 0.589852 0.548787 0.499906 
0.457205 0.390667 0.401019 0.507406 
0.242782 0.0969818 0.54435 0.5308 
0.537823 0.904602 0.446408 0.535673 
0.339939 0.745729 0.606033 0.548195 
0.124057 0.518038 0.469864 0.544637 
0.349585 0.551382 0.428385 0.490388 
0.45349 0.537119 0.500764 0.514096 
0.972794 0.0788019 0.491655 0.494172 
0.812311 0.723804 0.675174 0.417056 
0.515634 0.396418 0.532271 0.464154 
0.731269 0.324376 0.486309 0.480609 
0.159837 0.397777 0.54762 0.494441 
0.197328 0.579544 0.579867 0.50039 
0.555453 0.866206 0.492687 0.493181 
0.998508 0.320694 0.589601 0.457381 
0.280365 0.830989 0.616369 0.474495 
0.945726 0.764529 0.475887 0.53515 
0.896044 0.705668 0.462327 0.473337 
0.948529 0.805558 0.432087 0.495934 
0.203678 0.267089 0.428878 0.487421 
0.755058 0.763979 0.50187 0.445955 
0.560627 0.655492 0.527763 0.433425 
0.977866 0.367091 0.482636 0.450231 
0.083592 0.386954 0.606385 0.4881 
0.206925 0.823132 0.456539 0.480494 
0.471569 0.750561 0.549333 0.507373 
0.625971 0.693691 0.451115 0.50858 
0.998128 0.585605 0.52848 0.51747 
0.358849 0.754313 0.485832 0.551232 
0.476439 0.553109 0.588237 0.508095 
0.613274 0.6192 0.448436 0.47792 
0.533349 0.361704 0.445986 0.482962 
0.406406 0.374439 0.411041 0.46746 
0.21458 0.669508 0.549898 0.496461 
0.485499 0.684223 0.628478 0.543647 
0.953891 0.388646 0.52117 0.500117 
0.511482 0.554822 0.575135 0.485713 
0.207419 0.943847 0.470677 0.512444 
0.603509 0.922694 0.398584 0.530988 
0.143083 0.409005 0.612658 0.470812 
0.704703 0.425751 0.353313 0.481841 
0.426672 0.922322 0.416004 0.512522 
0.705089 0.559314 0.455067 0.482603 
0.350874 0.809146 0.60279 0.512189 
0.538139 0.214696 0.327372 0.454532 
0.0296242 0.442001 0.412727 0.45569 
0.213025 0.298299 0.412756 0.491744 
0.932864 0.791856 0.468452 0.466501 
0.515337 0.216092 0.475072 0.4717 
0.314997 0.480927 0.440884 0.540468 
0.546423 0.572814 0.585198 0.528684 
0.8293 0.592874 0.562418 0.497456 
0.105317 0.887064 0.576007 0.489379 
0.518077 0.740772 0.555979 0.510111 
0.0520103 0.370734 0.554215 0.495253 
0.306097 0.365938 0.403394 0.517349 
0.919708 0.619225 0.572893 0.506413 
0.507455 0.408525 0.461 0.498182 
0.920541 0.60685 0.551034 0.580965 
0.404184 0.436355 0.533939 0.538133 
0.181093 0.621244 0.527438 0.493751 
0.351939 0.81209 0.61883 0.469859 
0.170402 0.712496 0.550888 0.534487 
0.218302 0.403869 0.623822 0.547818 
0.43761 0.517379 0.536342 0.468444 
0.0851857 0.46112 0.474011 0.516103 
0.0149597 0.0866901 0.54063 0.513747 
0.30765 0.432753 0.461759 0.532832 
0.304838 0.868095 0.376219 0.510948 
0.703786 0.526338 0.584102 0.481284 
0.699675 0.411453 0.524225 0.511973 
0.640695 0.93423 0.543409 0.471551 
0.280257 0.682202 0.36472 0.528832 
0.794764 0.49767 0.653712 0.495327 
0.185835 0.378884 0.540934 0.458051 
0.0632321 0.219597 0.542702 0.500754 
0.0364318 0.635344 0.384549 0.457105 
0.409566 0.476248 0.389856 0.497005 
0.325064 0.0969709 0.630079 0.507943 
0.577182 0.140404 0.324437 0.534564 
0.433424 0.843964 0.530753 0.528768 
0.499002 0.762459 0.489006 0.466072 
0.836279 0.510913 0.516628 0.517161 
0.108357 0.855808 0.658441 0.506112 
0.394505 0.561822 0.410341 0.470465 
0.918588 0.629149 0.520382 0.421465 
0.357198 0.460125 0.432865 0.517629 
0.961726 0.360357 0.531757 0.470085 
0.0764956 0.649577 0.53535 0.506054 
0.634246 0.50562 0.345106 0.496347 
0.957048 0.538912 0.540199 0.508324 
0.00586346 0.514098 0.490228 0.49604 
0.970147 0.386551 0.281526 0.56201 
0.138084 0.896525 0.527953 0.476144 
0.0959535 0.479271 0.466307 0.448011 
0.643924 0.849605 0.301712 0.427238 
0.938924 0.604511 0.398322 0.486615 
0.463531 0.435122 0.541197 0.52361 
0.398394 0.253261 0.508198 0.457872 
0.822477 0.258376 0.609956 0.529404 
0.217014 0.370672 0.502502 0.541472 
0.714654 0.79974 0.374544 0.478092 
0.540676 0.613074 0.541085 0.466992 
0.36396 0.215681 0.493119 0.52252 
0.228803 0.363255 0.605746 0.50768 
0.248939 0.645816 0.45994 0.500198 
0.771929 0.150162 0.573135 0.537176 
0.601813 0.48443 0.468979 0.47321 
0.170702 0.187227 0.541915 0.496634 
0.0351269 0.125589 0.466276 0.495915 
0.299724 0.648868 0.541742 0.585606 
0.123991 0.803532 0.47729 0.494706 
0.738962 0.877448 0.585425 0.470629 
0.113016 0.44855 0.550252 0.446243 
0.148965 0.210575 0.490021 0.492011 
0.0215549 0.535713 0.558447 0.507464 
0.539691 0.625839 0.589252 0.482771 
0.282095 0.305212 0.46197 0.492797 
0.788636 0.694979 0.412258 0.526548 
0.681371 0.307344 0.438873 0.470562 
0.644199 0.430388 0.507694 0.477908 
0.318044 0.424636 0.455918 0.491801 
0.426826 0.516179 0.421079 0.548055 
0.299081 0.56466 0.492249 0.468612 
0.737165 0.666371 0.381006 0.512954 
0.244627 0.714717 0.470767 0.496627 
0.480043 0.481449 0.461687 0.549944 
0.0199544 0.505418 0.499181 0.510445 
0.348956 0.481137 0.409591 0.459835 
0.963497 0.558362 0.498665 0.48285 
0.377263 0.595305 0.561696 0.480413 
0.196923 0.39359 0.466005 0.455864 
0.987407 0.557666 0.485443 0.458866 
0.262396 0.685739 0.312383 0.512765 
0.0797727 0.684369 0.528331 0.499968 
0.599133 0.760788 0.538469 0.489597 
0.527961 0.510948 0.316196 0.513519 
0.685951 0.452526 0.265425 0.503807 
0.971114 0.630056 0.5452 0.435212 
0.579037 0.437783 0.472903 0.463947 
0.142465 0.494517 0.698299 0.465679 
0.671688 0.72897 0.497148 0.495447 
0.0524354 0.414817 0.522914 0.523536 
0.936054 0.301368 0.583524 0.492657 
0.223055 0.709331 0.283721 0.507515 
0.842235 0.409359 0.495631 0.50217 
0.590989 0.269141 0.553585 0.53645 
0.380998 0.186976 0.509494 0.500051 
0.284221 0.318026 0.640002 0.463453 
0.424503 0.813564 0.491568 0.489296 
0.906081 0.314158 0.528294 0.514985 
0.644886 0.289537 0.541723 0.545642 
0.517625 0.35653 0.514727 0.552255 
0.865576 0.561524 0.335441 0.518868 
0.198812 0.279183 0.605847 0.481471 
0.0818092 0.80007 0.481941 0.501941 
0.563953 0.371568 0.458301 0.47141 
0.167167 0.510163 0.568772 0.552878 
0.06938 0.373283 0.565237 0.508296 
0.437815 0.812122 0.502584 0.491347 
0.905775 0.153786 0.496603 0.507688 
0.00597713 0.265227 0.52192 0.470864 
0.417614 0.630599 0.415116 0.443566 
0.802157 0.0514532 0.625515 0.508423 
0.0459169 0.226578 0.528471 0.530357 
0.992659 0.395105 0.501752 0.481718 
0.0560767 0.644101 0.440842 0.54107 
0.785837 0.667859 0.492678 0.440851 
0.00655808 0.522244 0.690236 0.495983 
0.500069 0.119814 0.481282 0.540526 
0.81709 0.352385 0.500293 0.49037 
0.00352794 0.175952 0.277524 0.4826 
0.573466 0.449443 0.606529 0.522434 
0.321019 0.82827 0.640947 0.488637 
0.91032 0.437413 0.378225 0.542129 
0.943272 0.700518 0.559613 0.495527 
0.744308 0.535906 0.546604 0.468543 
0.362125 0.75559 0.471385 0.509262 
0.459965 0.603436 0.607449 0.481883 
0.424735 0.0929761 0.496151 0.522532 
0.865631 0.412777 0.529193 0.526263 
0.915025 0.556807 0.426277 0.494768 
0.662778 0.902059 0.483097 0.507272 
0.858258 0.921926 0.775627 0.490681 
0.524299 0.673584 0.354744 0.472996 
0.446962 0.433915 0.469786 0.540853 
0.971335 0.396332 0.44077 0.512077 
0.366979 0.549067 0.495085 0.433158 
0.179074 0.36142 0.467591 0.439495 
0.903467 0.561875 0.417355 0.49506 
0.701295 0.556018 0.534908 0.525363 
0.122383 0.790271 0.691207 0.55364 
0.278687 0.469297 0.525409 0.527213 
0.206877 0.531002 0.604728 0.532927 
0.0356978 0.772765 0.422346 0.503256 
0.725726 0.401611 0.466101 0.507564 
0.934766 0.525512 0.730008 0.529633 
0.862168 0.155354 0.484176 0.517554 
0.571155 0.890927 0.397269 0.509594 
0.555943 0.255116 0.43395 0.525863 
0.54085 0.410137 0.390439 0.503851 
0.648815 0.629152 0.347559 0.522959 
0.306471 0.468091 0.49466 0.482426 
0.267235 0.575094 0.48915 0.484858 
0.710695 0.530037 0.472229 0.447948 
0.493066 0.548308 0.484199 0.47617 
0.768872 0.597248 0.424363 0.526418 
0.281175 0.551689 0.337772 0.510344 
0.926999 0.575106 0.448687 0.460265 
0.394392 0.716545 0.63114 0.478147 
0.23039 0.715763 0.549147 0.554149 
0.559736 0.654871 0.581835 0.496201 
0.941361 0.182246 0.612352 0.450181 
0.24446 0.452879 0.560299 0.492248 
0.579718 0.258118 0.597138 0.517297 
0.204195 0.223061 0.402373 0.462286 
0.562096 0.528016 0.51513 0.535104 
0.454421 0.399016 0.429923 0.476508 
0.24423 0.330688 0.508721 0.494474 
0.693822 0.141996 0.317484 0.479679 
0.541775 0.425433 0.560179 0.53165 
0.330712 0.744073 0.627704 0.50051 
0.933068 0.535679 0.455053 0.49608 
0.707199 0.46997 0.422737 0.472784 
0.0828221 0.372015 0.430546 0.514269 
0.351054 0.554613 0.633457 0.48949 
0.193905 0.573817 0.511716 0.455705 
0.463756 0.576277 0.443404 0.508998 
0.488122 0.329525 0.559614 0.433279 
0.0374702 0.297781 0.276586 0.490609 
0.610941 0.424469 0.396219 0.497477 
0.0458841 0.674088 0.493284 0.541926 
0.883566 0.142888 0.464938 0.465317 
0.554639 0.51405 0.666177 0.514347 
0.656043 0.538576 0.539213 0.491934 
0.0309914 0.543303 0.458212 0.470143 
0.139214 0.446011 0.505752 0.488972 
0.938677 0.336218 0.400583 0.545896 
0.943947 0.572257 0.40079 0.45974 
0.45285 0.311681 0.481124 0.489466 
0.242085 0.862771 0.498677 0.540841 
0.848886 0.627551 0.452434 0.517549 
0.109738 0.413017 0.497227 0.510395 
0.253317 0.51477 0.559513 0.474396 
0.772291 0.686755 0.636642 0.513667 
0.704398 0.451787 0.270139 0.446482 
0.365205 0.469443 0.48949 0.557328 
0.266168 0.470648 0.377723 0.48795 
0.86969 0.595472 0.391093 0.427715 
0.196909 0.48088 0.496801 0.538387 
0.611254 0.459858 0.60982 0.483879 
0.837648 0.530061 0.350509 0.495319 
0.433721 0.593276 0.41298 0.525304 
0.543706 0.445246 0.503109 0.474188 
0.86658 0.48398 0.461203 0.507004 
0.533111 0.305061 0.478116 0.514861 
0.276534 0.739121 0.347035 0.530518 
0.952189 0.550738 0.64579 0.46499 
0.767018 0.419842 0.698674 0.534606 
0.261589 0.410593 0.496493 0.521505 
0.769541 0.445088 0.387263 0.512849 
0.00461361 0.703877 0.543703 0.462381 
0.512955 0.269508 0.460569 0.51343 
0.482412 0.507396 0.401674 0.477109 
0.125764 0.561383 0.467723 0.513878 
0.842522 0.242015 0.518234 0.522856 
0.38034 0.78216 0.419222 0.460067 
0.00851135 0.507058 0.649506 0.526162 
0.00280259 0.612755 0.527231 0.47643 
0.843269 0.56021 0.444412 0.484222 
0.719064 0.500195 0.508583 0.518022 
0.0143001 0.249765 0.658234 0.502875 
0.470996 0.627035 0.522947 0.519842 
0.05145 0.526761 0.537621 0.449041 
0.164861 0.47893 0.49298 0.536564 
0.0729895 0.913278 0.311793 0.558768 
0.664089 0.393323 0.496696 0.504539 
0.977373 0.411702 0.554178 0.508292 
0.97974 0.186567 0.486195 0.517462 
0.925885 0.541512 0.578291 0.472558 
0.429809 0.287198 0.507506 0.532822 
0.930697 0.307051 0.570841 0.513055 
0.372816 0.549021 0.420201 0.456286 
0.918059 0.638972 0.486029 0.513289 
0.0585458 0.27284 0.51014 0.46715 
0.154004 0.346605 0.549624 0.481016 
0.168267 0.50237 0.392975 0.505919 
0.970356 0.57168 0.365759 0.452294 
0.441615 0.794083 0.445521 0.476043 
0.398605 0.651299 0.373823 0.53854 
0.0787632 0.179804 0.476573 0.518936 
0.102856 0.417355 0.462626 0.431644 
0.767214 0.642681 0.465737 0.482549 
0.889765 0.611111 0.504805 0.520821 
0.378847 0.603303 0.409903 0.547702 
0.0417902 0.850907 0.49667 0.520212 
0.791491 0.374615 0.48205 0.46986 
0.913532 0.705885 0.465695 0.577728 
0.189533 0.273668 0.592155 0.489079 
0.648824 0.132049 0.521799 0.520344 
0.732412 0.45346 0.524759 0.539516 
0.481429 0.467695 0.678495 0.489382 
0.588018 0.844241 0.477404 0.554708 
0.783251 0.338428 0.277018 0.527341 
0.552264 0.240845 0.452226 0.483672 
0.0576969 0.861333 0.49915 0.463669 
0.0187074 0.79943 0.480306 0.435523 
0.874757 0.281411 0.580375 0.512429 
0.666362 0.622323 0.543578 0.515474 
0.43795 0.33443 0.506626 0.510805 
0.146206 0.602335 0.556765 0.505695 
0.734195 0.73594 0.387801 0.471778 
0.505315 0.534586 0.543892 0.509615 
0.225892 0.654587 0.565814 0.543189 
0.469026 0.177072 0.528898 0.469231 
0.905603 0.456949 0.490711 0.506061 
0.649209 0.71643 0.377776 0.485063 
0.549984 0.559889 0.621115 0.520071 
0.284393 0.589187 0.4751 0.54206 
0.76408 0.251193 0.585157 0.486458 
0.946315 0.598235 0.470523 0.497583 
0.685011 0.416325 0.471521 0.456495 
0.508692 0.307474 0.385602 0.491385 
0.346992 0.496123 0.601404 0.53534 
0.847034 0.517512 0.466152 0.47256 
0.990766 0.278092 0.474865 0.497512 
0.432241 0.586036 0.561069 0.507462 
0.982419 0.380257 0.588325 0.50758 
0.565264 0.733293 0.546979 0.507556 
0.354301 0.324535 0.43745 0.507316 
0.707633 0.597135 0.563617 0.483393 
0.717143 0.278377 0.416828 0.508143 
0.282431 0.529371 0.365694 0.445415 
0.332454 0.502793 0.43636 0.47657 
0.192813 0.461718 0.560594 0.516292 
0.571387 0.628492 0.378033 0.502459 
0.810946 0.752599 0.51142 0.486618 
0.0527323 0.302977 0.629216 0.460453 
0.117349 0.441141 0.363691 0.455801 
0.139848 0.566894 0.444888 0.489983 
0.529633 0.322259 0.546865 0.505138 
0.164746 0.960267 0.525844 0.477568 
0.305382 0.633908 0.47881 0.488624 
0.0554429 0.0863942 0.442715 0.522309 
0.30808 0.651846 0.662515 0.494434 
0.668885 0.605453 0.387085 0.511546 
0.733047 0.115899 0.45286 0.513205 
0.526865 0.357119 0.499701 0.452113 
0.0831711 0.315071 0.471841 0.475627 
0.117855 0.624567 0.398679 0.480674 
0.851632 0.309953 0.52658 0.506973 
0.403299 0.897507 0.549847 0.497152 
0.991186 0.620478 0.481822 0.472392 
0.730198 0.454193 0.426567 0.506884 
0.169358 0.396479 0.559823 0.467416 
0.015182 0.376704 0.428287 0.486345 
0.963472 0.678358 0.466601 0.497974 
0.519625 0.509104 0.640059 0.446713 
0.321897 0.89438 0.356874 0.462815 
0.0509068 0.401757 0.484511 0.516804 
0.652361 0.381576 0.587038 0.497996 
0.182451 0.252963 0.499743 0.488992 
0.0110005 0.451648 0.541436 0.491319 
0.774182 0.690129 0.557659 0.488217 
0.874765 0.498154 0.561083 0.474652 
0.656825 0.48321 0.518868 0.484967 
0.956895 0.37595 0.558388 0.448491 
0.440026 0.108617 0.387136 0.523571 
0.570873 0.494906 0.612559 0.547526 
0.836809 0.672887 0.753791 0.486763 
0.567324 0.682993 0.544318 0.480966 
0.459878 0.294828 0.411096 0.504417 
0.920118 0.672672 0.509862 0.51494 
0.663391 0.722215 0.457046 0.482534 
0.0167555 0.307897 0.430783 0.482767 
0.985251 0.650607 0.537235 0.539024 
0.800685 0.276801 0.439613 0.506349 
0.900745 0.311291 0.494236 0.516809 
0.464768 0.662777 0.530094 0.52367 
0.567993 0.154268 0.61967 0.499549 
0.505382 0.720948 0.319118 0.457298 
0.423602 0.864398 0.604434 0.490335 
0.302967 0.670784 0.497969 0.455992 
0.513288 0.488749 0.569764 0.498952 
0.537726 0.885107 0.498962 0.527731 
0.280656 0.651238 0.456573 0.515731 
0.653823 0.688487 0.552347 0.494948 
0.724753 0.297006 0.557489 0.511579 
0.628266 0.764536 0.593932 0.463358 
0.555946 0.538021 0.467657 0.526283 
0.370188 0.458195 0.522885 0.513431 
0.161572 0.387675 0.475608 0.537291 
0.771921 0.386932 0.64501 0.517343 
0.927957 0.201743 0.410991 0.480929 
0.987173 0.210301 0.467864 0.497388 
0.553892 0.419331 0.556426 0.454485 
0.25073 0.400403 0.583222 0.48206 
0.533629 0.636496 0.42519 0.476625 
0.413708 0.251231 0.369257 0.493032 
0.479236 0.549168 0.62752 0.511548 
0.149704 0.771484 0.650862 0.522099 
0.396923 0.476039 0.571028 0.510571 
0.543291 0.500966 0.434301 0.499613 
0.170464 0.362735 0.608483 0.490882 
0.892326 0.515175 0.637931 0.441407 
0.300433 0.0595883 0.569374 0.561918 
0.804655 0.348615 0.412853 0.526514 
0.0417456 0.289042 0.487689 0.528974 
0.630934 0.389807 0.599743 0.488367 
0.991547 0.36757 0.648062 0.471302 
0.324786 0.925889 0.590927 0.463717 
0.576666 0.39599 0.541245 0.526586 
0.959075 0.297965 0.511334 0.489188 
0.355872 0.603379 0.649694 0.44459 
0.668895 0.694931 0.536775 0.470344 
0.271421 0.263334 0.392962 0.484442 
0.119848 0.697762 0.448887 0.50598 
0.400143 0.510748 0.489674 0.465237 
0.853457 0.534506 0.238631 0.52466 
0.271994 0.915268 0.554251 0.473336 
0.636921 0.79099 0.618639 0.49295 
0.211301 0.271587 0.450285 0.520479 
0.766884 0.400346 0.652374 0.525811 
0.349387 0.495883 0.478577 0.447707 
0.782864 0.448118 0.417848 0.510908 
0.550436 0.365865 0.560963 0.455754 
0.514004 0.43228 0.6299 0.495319 
0.239652 0.984269 0.531447 0.505059 
0.430756 0.774256 0.436331 0.493381 
0.3589 0.495673 0.518167 0.477237 
0.230559 0.570929 0.26938 0.515074 
0.110386 0.330463 0.491125 0.499459 
0.236794 0.122167 0.403935 0.520827 
0.564344 0.544872 0.574034 0.504576 
0.265992 0.505953 0.54904 0.445991 
0.13326 0.569975 0.497208 0.48734 
0.619464 0.612602 0.359958 0.484188 
0.448166 0.0909806 0.467348 0.487936 
0.449691 0.469465 0.395908 0.502699 
0.630213 0.926737 0.556281 0.532275 
0.19917 0.410802 0.553264 0.504265 
0.150639 0.7971 0.541943 0.530593 
0.548698 0.562977 0.607395 0.44734 
0.962495 0.38819 0.560806 0.488931 
0.0243814 0.900437 0.552401 0.505471 
0.22979 0.241057 0.517507 0.4787 
0.57395 0.702437 0.580995 0.509879 
0.846433 0.540392 0.506715 0.464314 
0.538146 0.949509 0.616694 0.585372 
0.545182 0.601322 0.629491 0.49385 
0.846071 0.809316 0.397891 0.520928 
0.863422 0.456669 0.696487 0.488376 
0.553025 0.321515 0.602892 0.526469 
0.00452901 0.892085 0.484564 0.524628 
0.70825 0.179649 0.719377 0.511172 
0.996355 0.57389 0.540399 0.490304 
0.942616 0.281292 0.395712 0.472794 
0.192391 0.462936 0.494337 0.576089 
0.459111 0.828076 0.547746 0.501607 
0.63889 0.762191 0.633713 0.488047 
0.981904 0.0981508 0.480357 0.467482 
0.804921 0.154239 0.424035 0.518777 
0.927792 0.518713 0.520234 0.481246 
0.912133 0.755398 0.469425 0.476113 
0.653879 0.166051 0.334088 0.482527 
0.758085 0.292335 0.458028 0.562205 
0.550536 0.834756 0.47771 0.481241 
0.666444 0.381542 0.484443 0.512089 
0.381657 0.736291 0.50293 0.539683 
0.340412 0.646618 0.536691 0.544415 
0.725514 0.867442 0.398677 0.511796 
0.281203 0.299522 0.534223 0.499863 
0.858409 0.374473 0.436927 0.531042 
0.772844 0.642932 0.417594 0.544955 
0.481708 0.473115 0.320759 0.503339 
0.495861 0.454977 0.511671 0.474015 
0.46475 0.479892 0.458785 0.455423 
0.851722 0.687228 0.479579 0.541233 
0.428536 0.292931 0.580765 0.496423 
0.861135 0.524581 0.497987 0.554344 
0.43699 0.499037 0.599517 0.506357 
0.226503 0.614616 0.404473 0.498196 
0.854344 0.279018 0.47266 0.53338 
0.99548 0.594311 0.445801 0.483884 
0.950376 0.470094 0.501678 0.480559 
0.447983 0.319364 0.384119 0.451676 
0.481464 0.436938 0.419877 0.493954 
0.331328 0.647241 0.500894 0.442114 
0.798649 0.0842462 0.504131 0.501167 
0.768377 0.380769 0.518642 0.521947 
0.499641 0.677818 0.441382 0.459737 
0.256139 0.616383 0.482753 0.514234 
0.793196 0.0616966 0.507904 0.464209 
0.240439 0.38055 0.566541 0.494019 
0.293283 0.0629016 0.604311 0.548317 
0.969849 0.846441 0.34359 0.456469 
0.498562 0.522752 0.293779 0.513529 
0.814308 0.574315 0.411871 0.475491 
0.924987 0.494199 0.631864 0.485274 
0.623633 0.426232 0.650075 0.54816 
0.811983 0.58149 0.519651 0.470294 
0.639225 0.660079 0.624531 0.504275 
0.580881 0.420768 0.492979 0.495749 
0.662059 0.684607 0.584239 0.478131 
0.247294 0.683555 0.557612 0.537003 
0.820602 0.170628 0.365182 0.512716 
0.433549 0.441603 0.447146 0.499843 
0.2052 0.932926 0.50464 0.482118 
0.881186 0.520018 0.612994 0.489075 
0.544968 0.155999 0.547563 0.519515 
0.816074 0.53154 0.348144 0.477759 
0.878552 0.595272 0.473286 0.529249 
0.764425 0.63299 0.563532 0.50359 
0.256413 0.532452 0.601616 0.466898 
0.274576 0.421718 0.506447 0.49908 
0.982672 0.564571 0.527884 0.560307 
0.412916 0.730372 0.417075 0.52585 
0.844709 0.532259 0.526973 0.470611 
0.494331 0.544261 0.541122 0.470961 
0.203263 0.392301 0.51491 0.513017 
0.712835 0.578763 0.549294 0.50915 
0.390113 0.434336 0.396561 0.520026 
0.762347 0.202733 0.675271 0.515022 
0.264536 0.757618 0.41187 0.476643 
0.358758 0.164672 0.474289 0.487853 
0.61184 0.0915758 0.535415 0.532926 
0.492236 0.743937 0.288962 0.492486 
0.748486 0.127005 0.534019 0.528931 
0.670628 0.811803 0.534187 0.512467 
0.90167 0.161441 0.593963 0.434819 
0.31927 0.65837 0.37217 0.519258 
0.62124 0.229187 0.581792 0.504594 
0.400314 0.510887 0.469576 0.499307 
0.712545 0.419399 0.353972 0.508895 
0.767036 0.589648 0.437097 0.542411 
0.361898 0.615546 0.542447 0.460435 
0.755846 0.44025 0.539168 0.465466 
0.542049 0.679906 0.307828 0.485479 
0.853715 0.23799 0.461309 0.539465 
0.672709 0.399715 0.477922 0.534358 
0.374298 0.299716 0.470196 0.508502 
0.136397 0.81923 0.558734 0.506962 
0.0754592 0.337923 0.635017 0.482232 
0.911512 0.0801085 0.637883 0.48341 
0.114878 0.604415 0.504092 0.533543 
0.582114 0.403309 0.484546 0.496264 
0.775744 0.701329 0.459541 0.525335 
0.134142 0.516835 0.622288 0.551068 
0.292489 0.633243 0.505652 0.469656 
0.296562 0.749371 0.337302 0.52676 
0.250331 0.357199 0.459055 0.431118 
0.127909 0.593404 0.533896 0.470691 
0.0186147 0.131101 0.466459 0.481336 
0.62753 0.732104 0.42262 0.444857 
0.283971 0.389731 0.481183 0.540067 
0.375756 0.339982 0.422758 0.546957 
0.568773 0.144148 0.380717 0.476248 
0.785244 0.186025 0.389234 0.450918 
0.872305 0.664989 0.518367 0.479298 
0.488877 0.387195 0.509255 0.449509 
0.781156 0.730162 0.316902 0.490708 
0.522606 0.320259 0.392525 0.460557 
0.324382 0.918988 0.413267 0.468746 
0.414266 0.678815 0.519543 0.494593 
0.254981 0.626263 0.452769 0.501389 
0.622783 0.677536 0.673049 0.549344 
0.9104 0.52015 0.637276 0.480624 
0.450013 0.581585 0.479609 0.475481 
0.124039 0.355773 0.372398 0.494088 
0.525032 0.425659 0.470477 0.475213 
0.827001 0.667224 0.358523 0.535076 
0.728507 0.637138 0.556445 0.517563 
0.214161 0.484292 0.517958 0.484728 
0.904016 0.319358 0.496025 0.502284 
0.0788312 0.578441 0.43913 0.533975 
0.955662 0.512938 0.734412 0.508478 
0.954688 0.749343 0.308981 0.507741 
0.704951 0.728187 0.495993 0.437847 
0.468877 0.294498 0.502928 0.463125 
0.578685 0.0976043 0.461564 0.489152 
0.224401 0.732571 0.438989 0.504281 
0.923264 0.46923 0.401579 0.473961 
0.268958 0.170311 0.46388 0.465858 
0.607944 0.0843826 0.446838 0.512434 
0.810969 0.4506 0.471494 0.495938 
0.605757 0.651743 0.684243 0.53184 
0.291953 0.269115 0.459148 0.460861 
0.608382 0.291073 0.549492 0.468831 
0.00824767 0.729743 0.410585 0.495493 
0.349547 0.736856 0.392647 0.549013 
0.464014 0.685678 0.433622 0.46419 
0.127471 0.433932 0.654267 0.462863 
0.444456 0.207856 0.528746 0.428404 
0.600542 0.503784 0.470255 0.496556 
0.021931 0.488892 0.50675 0.487414 
0.420535 0.728081 0.509366 0.520539 
0.122235 0.668275 0.396987 0.468719 
0.826346 0.122226 0.538051 0.489491 
0.030584 0.351215 0.53735 0.475916 
0.807728 0.71137 0.521766 0.492581 
0.173187 0.738024 0.568153 0.509828 
0.0870651 0.648352 0.433144 0.423226 
0.889365 0.573923 0.494594 0.506207 
0.543221 0.328491 0.520521 0.526009 
0.517985 0.544766 0.489117 0.490264 
0.48548 0.14158 0.542455 0.510562 
0.20466 0.361439 0.638237 0.528767 
0.545925 0.876126 0.540844 0.487848 
0.730444 0.181487 0.424795 0.521627 
0.6856 0.455848 0.444627 0.487888 
0.146742 0.27066 0.39034 0.431168 
0.738194 0.768977 0.439791 0.500565 
0.400798 0.419032 0.417327 0.470969 
0.292396 0.369831 0.619084 0.558612 
0.951388 0.8757 0.513747 0.500134 
0.726534 0.174471 0.480583 0.573857 
0.369216 0.366419 0.615541 0.472553 
0.938038 0.925207 0.607193 0.45215 
0.305435 0.645417 0.556535 0.503484 
0.954717 0.876578 0.43189 0.45807 
0.763594 0.22699 0.418915 0.530299 
0.880399 0.54315 0.487986 0.495844 
0.1765 0.318927 0.620962 0.553655 
0.739516 0.325445 0.398115 0.520214 
0.952805 0.641742 0.499719 0.576159 
0.653061 0.651428 0.493351 0.495524 
0.383966 0.358659 0.502278 0.501437 
0.393358 0.330179 0.666602 0.515899 
0.663537 0.744361 0.497894 0.462743 
0.584094 0.205203 0.431219 0.530995 
0.503698 0.224784 0.536489 0.516823 
0.23368 0.441042 0.530242 0.463788 
0.670137 0.557385 0.31356 0.519522 
0.00121592 0.213794 0.468537 0.461009 
0.164094 0.799771 0.504002 0.516077 
0.119014 0.49034 0.483908 0.520045 
0.935606 0.505309 0.327765 0.457265 
0.747536 0.845428 0.369915 0.456204 
0.506139 0.0356609 0.352388 0.540514 
0.336399 0.327237 0.627836 0.528016 
0.860129 0.565074 0.526453 0.549047 
0.735193 0.587428 0.576277 0.528626 
0.593838 0.22522 0.608421 0.460594 
0.449549 0.361505 0.530467 0.544676 
0.601854 0.562083 0.536335 0.52946 
0.0603249 0.567548 0.38679 0.495596 
0.391451 0.324713 0.416564 0.524051 
0.0143424 0.0585827 0.559525 0.464458 
0.212609 0.682392 0.442801 0.535559 
0.494597 0.333193 0.485374 0.489524 
0.0565956 0.281355 0.62525 0.511454 
0.946027 0.499222 0.398253 0.499686 
0.737021 0.428836 0.374902 0.439963 
0.665116 0.541374 0.301246 0.471551 
0.688567 0.330938 0.488102 0.487033 
0.505668 0.59015 0.500985 0.514136 
0.33401 0.707403 0.524065 0.512337 
0.0509868 0.0982976 0.344918 0.506278 
0.243139 0.406346 0.586807 0.46448 
0.242641 0.608576 0.448472 0.473995 
0.99065 0.384768 0.512394 0.511548 
0.0827446 0.830799 0.612827 0.55016 
0.470987 0.499062 0.535071 0.491836 
0.322544 0.666702 0.541021 0.492906 
0.324277 0.590637 0.531372 0.526093 
0.557939 0.362281 0.464056 0.512953 
0.818289 0.594045 0.596164 0.559241 
0.179052 0.63865 0.58123 0.481578 
0.342781 0.518804 0.508371 0.481315 
0.616408 0.655709 0.462343 0.547773 
0.0748984 0.89179 0.534331 0.478346 
0.703686 0.410096 0.575454 0.466802 
0.60709 0.465792 0.589826 0.492361 
0.392385 0.390426 0.529518 0.501487 
0.966708 0.365853 0.405028 0.510256 
0.734944 0.361423 0.613777 0.511425 
0.984772 0.480051 0.507016 0.52319 
0.824077 0.735415 0.41863 0.506074 
0.131918 0.392756 0.439932 0.535132 
0.589971 0.211967 0.524676 0.460065 
0.788754 0.610009 0.551448 0.483131 
0.00743673 0.508976 0.495021 0.52891 
0.232281 0.534923 0.457069 0.493685 
0.116227 0.732094 0.557481 0.491828 
0.468737 0.355274 0.357595 0.449957 
0.888536 0.0760043 0.382443 0.493547 
0.0350487 0.54429 0.568706 0.538931 
0.202041 0.42989 0.400597 0.520224 
0.791775 0.249154 0.484469 0.535983 
0.363426 0.593877 0.422744 0.552871 
0.833167 0.460352 0.601948 0.463319 
0.00442887 0.761428 0.43604 0.543656 
0.458547 0.426709 0.60509 0.502868 
0.267207 0.403916 0.507625 0.486674 
0.692772 0.164893 0.508686 0.506979 
0.117192 0.881254 0.463505 0.49137 
0.917364 0.143009 0.542445 0.510379 
0.96284 0.567116 0.428161 0.500948 
0.839656 0.477255 0.629825 0.49987 
0.455406 0.189306 0.564783 0.48645 
0.5423 0.270536 0.408017 0.490835 
0.869119 0.412821 0.373263 0.52469 
0.600019 0.567108 0.48804 0.504356 
0.373663 0.250223 0.449271 0.468456 
0.836807 0.27987 0.567491 0.488186 
0.286348 0.222072 0.675639 0.532151 
0.244563 0.0519322 0.595648 0.482667 
0.220644 0.432257 0.513245 0.505411 
0.6306 0.238356 0.428719 0.510097 
0.184137 0.580789 0.399132 0.487161 
0.866098 0.247239 0.449208 0.521198 
0.573837 0.769234 0.412111 0.482162 
0.79484 0.27953 0.35767 0.481887 
0.511066 0.851615 0.493259 0.537005 
0.0359585 0.949596 0.497084 0.523078 
0.364004 0.586344 0.600559 0.546586 
0.466969 0.321081 0.304703 0.52916 
0.279803 0.529533 0.38034 0.464157 
0.888485 0.844166 0.454975 0.552263 
0.213702 0.407564 0.617995 0.475626 
0.52888 0.748189 0.679376 0.515373 
0.788729 0.430074 0.621454 0.515591 
0.899611 0.315417 0.439453 0.504089 
0.958885 0.700376 0.425543 0.531743 
0.716133 0.726646 0.54787 0.522709 
0.383855 0.237378 0.625671 0.514218 
0.847706 0.465271 0.510255 0.504001 
0.534293 0.795615 0.53864 0.491011 
0.566154 0.348348 0.531338 0.538593 
0.0703782 0.502509 0.581123 0.470852 
0.133614 0.557925 0.465572 0.52065 
0.375391 0.592997 0.51071 0.473672 
0.97291 0.209998 0.53177 0.482119 
0.885744 0.382446 0.517708 0.465818 
0.122373 0.653287 0.515377 0.521947 
0.0716902 0.234643 0.535843 0.525634 
0.656484 0.241282 0.467621 0.488752 
0.485714 0.462062 0.542985 0.477484 
0.750216 0.787088 0.447947 0.51055 
0.20419 0.670806 0.541749 0.496855 
0.848857 0.775849 0.415298 0.47907 
0.0181954 0.682391 0.571431 0.493476 
0.084754 0.318646 0.473692 0.513885 
0.775494 0.387758 0.490778 0.464083 
0.131676 0.829214 0.462827 0.517151 
0.619181 0.548534 0.701035 0.484662 
0.569981 0.297667 0.535286 0.455736 
0.213372 0.513264 0.311423 0.497676 
0.0457926 0.3317 0.514522 0.472696 
0.2201 0.31185 0.551561 0.550142 
0.536114 0.387703 0.358371 0.501918 
0.0715901 0.119117 0.422708 0.534468 
0.953175 0.368841 0.453434 0.512188 
0.671402 0.178651 0.399042 0.493838 
0.380972 0.701729 0.51482 0.509149 
0.89671 0.423716 0.4291 0.512547 
0.0147737 0.200687 0.572616 0.519605 
0.23474 0.318651 0.517525 0.47295 
0.277342 0.21797 0.500284 0.499205 
0.563347 0.444311 0.356427 0.463681 
0.117846 0.547414 0.415037 0.465399 
0.45351 0.12084 0.530144 0.530831 
0.940719 0.302484 0.596473 0.502308 
0.146346 0.704478 0.33455 0.52155 
0.42605 0.61083 0.391166 0.509992 
0.362611 0.424619 0.59851 0.46991 
0.984263 0.5073 0.490865 0.524815 
0.196254 0.676067 0.637555 0.518249 
0.937445 0.50707 0.335983 0.498891 
0.433448 0.554672 0.325672 0.474359 
0.741328 0.664881 0.44444 0.484025 
0.370033 0.597499 0.45692 0.579436 
0.23997 0.359284 0.574374 0.532007 
0.965827 0.186708 0.459658 0.500558 
0.668323 0.474731 0.400936 0.472774 
0.654382 0.595459 0.559695 0.49408 
0.490544 0.072678 0.423743 0.488857 
0.637267 0.207484 0.570429 0.521169 
0.0381616 0.576707 0.476263 0.4708 
0.972674 0.640733 0.387201 0.474992 
0.670772 0.307236 0.500985 0.500412 
0.311309 0.208995 0.504066 0.464081 
0.552171 0.51647 0.598458 0.51905 
0.512887 0.349919 0.357285 0.480135 
0.266389 0.582975 0.431065 0.511317 
0.104948 0.538025 0.527767 0.490878 
0.660089 0.207173 0.319027 0.474583 
0.534 0.623941 0.584795 0.494061 
0.774645 0.693127 0.37704 0.464495 
0.142738 0.935943 0.46383 0.513868 
0.17601 0.8413 0.605233 0.482891 
0.239159 0.275442 0.432797 0.527772 
0.678349 0.244304 0.514806 0.472624 
0.809265 0.339314 0.428854 0.481587 
0.574387 0.758291 0.356842 0.513766 
0.238849 0.38621 0.51617 0.520674 
0.770399 0.958883 0.535834 0.574095 
0.986434 0.522167 0.266973 0.527941 
0.974389 0.76546 0.564597 0.536554 
0.516053 0.461457 0.426845 0.519204 
0.720352 0.320799 0.441076 0.508654 
0.467663 0.660253 0.576674 0.500337 
0.0719686 0.767609 0.623285 0.508418 
0.153609 0.381122 0.525909 0.535002 
0.515527 0.865906 0.63974 0.501511 
0.124108 0.363787 0.625704 0.470172 
0.424455 0.897834 0.599183 0.540154 
0.554022 0.12295 0.604521 0.515275 
0.57287 0.244383 0.526119 0.423055 
0.511152 0.0978754 0.43634 0.54041 
0.76866 0.459151 0.587027 0.500916 
0.79201 0.244046 0.367824 0.496036 
0.812417 0.134581 0.501848 0.500968 
0.405616 0.591288 0.375014 0.487647 
0.165508 0.872066 0.519865 0.506 
0.0648111 0.715507 0.621203 0.454444 
0.435746 0.372499 0.553156 0.466278 
0.620652 0.289443 0.429438 0.520461 
0.385855 0.652691 0.448392 0.538314 
0.0755359 0.529659 0.676135 0.481136 
0.40889 0.173095 0.483645 0.526222 
0.627639 0.163679 0.499258 0.495043 
0.226016 0.582993 0.504017 0.499436 
0.387748 0.725021 0.545867 0.491591 
0.273346 0.640994 0.631166 0.493582 
0.700265 0.335971 0.621185 0.508442 
0.478947 0.229782 0.409129 0.512916 
0.268369 0.84637 0.334065 0.493787 
0.684237 0.168401 0.43823 0.490791 
0.0693809 0.668532 0.517916 0.487313 
0.668109 0.560582 0.493265 0.500884 
0.890515 0.684956 0.459805 0.506986 
0.503225 0.254131 0.662383 0.531541 
0.92837 0.416089 0.485297 0.526237 
0.924492 0.518234 0.597205 0.442688 
0.753855 0.29793 0.499537 0.485159 
0.0763412 0.394174 0.456877 0.474202 
0.954171 0.522392 0.460353 0.487474 
0.570862 0.165326 0.467929 0.48641 
0.209647 0.720074 0.413489 0.542478 
0.942693 0.82324 0.461068 0.519064 
0.611489 0.501483 0.352544 0.468895 
0.0571851 0.695006 0.62297 0.45332 
0.619114 0.451111 0.475017 0.504228 
0.307446 0.54766 0.439988 0.521567 
0.0960485 0.480838 0.542985 0.466741 
0.322516 0.214844 0.537387 0.49183 
0.151863 0.286707 0.514159 0.453677 
0.548397 0.510009 0.616884 0.550272 
0.962297 0.362536 0.495064 0.515331 
0.865254 0.420778 0.512558 0.518855 
0.926517 0.481892 0.460883 0.485498 
0.405584 0.759338 0.551806 0.51267 
0.793169 0.707348 0.470836 0.489733 
0.678142 0.452204 0.542633 0.507984 
0.145699 0.275693 0.531568 0.513624 
0.642185 0.250012 0.52199 0.543037 
0.632174 0.455093 0.369613 0.50532 
0.607993 0.407744 0.508936 0.488018 
0.275355 0.21124 0.409032 0.522529 
0.395619 0.626337 0.631509 0.490705 
0.145082 0.614956 0.519087 0.487933 
0.963033 0.442273 0.599319 0.512504 
0.0137543 0.265202 0.649151 0.505152 
0.412281 0.526533 0.481757 0.458368 
0.850162 0.806638 0.63901 0.500569 
0.611717 0.485437 0.650536 0.518492 
0.79415 0.425127 0.495811 0.469731 
0.348326 0.702599 0.421609 0.499661 
0.398699 0.784543 0.508802 0.490066 
0.163476 0.533181 0.416607 0.48603 
0.529263 0.456798 0.552732 0.485883 
0.511965 0.434342 0.504782 0.482237 
0.354177 0.672531 0.512126 0.525666 
0.830509 0.467685 0.531937 0.471557 
0.0536606 0.682026 0.360664 0.554082 
0.227873 0.83581 0.537834 0.463294 
0.667953 0.478417 0.574598 0.498512 
0.445368 0.445768 0.409195 0.528498 
0.726499 0.699137 0.438729 0.521501 
0.548664 0.917547 0.318656 0.522851 
0.94682 0.510245 0.688882 0.457597 
0.0256919 0.237095 0.520595 0.504675 
0.552731 0.244738 0.309265 0.512654 
0.667527 0.573125 0.642985 0.507506 
0.424949 0.107726 0.430649 0.486363 
0.877468 0.854649 0.476903 0.503776 
0.252944 0.49982 0.438657 0.509668 
0.164569 0.585233 0.483734 0.512779 
0.467093 0.221962 0.667789 0.54058 
0.123054 0.451711 0.648153 0.519734 
0.403768 0.331972 0.357225 0.521054 
0.430361 0.564784 0.600514 0.501878 
0.52558 0.477056 0.574966 0.550166 
0.809911 0.500344 0.658239 0.468576 
0.18197 0.547006 0.596576 0.508677 
0.255585 0.403099 0.677928 0.586753 
0.240846 0.64315 0.56967 0.495853 
0.449428 0.641796 0.414395 0.52986 
0.631713 0.568719 0.492823 0.492099 
0.876186 0.476716 0.57187 0.49499 
0.210356 0.219424 0.330541 0.528914 
0.46993 0.422669 0.571399 0.514243 
0.64816 0.508499 0.500971 0.501643 
0.658646 0.328828 0.501317 0.432354 
0.656726 0.407152 0.552296 0.494083 
0.130291 0.702972 0.536431 0.487815 
0.100011 0.823029 0.464546 0.493265 
0.25789 0.380275 0.58492 0.552092 
0.511412 0.549717 0.605483 0.47025 
0.88557 0.831381 0.538184 0.437645 
0.423242 0.747073 0.462401 0.468756 
0.358095 0.603495 0.500178 0.502226 
0.410911 0.0931229 0.436764 0.480983 
0.947657 0.405214 0.445239 0.514194 
0.489155 0.550421 0.451555 0.51566 
0.109829 0.419278 0.639061 0.512566 
0.799401 0.304476 0.46291 0.530388 
0.234499 0.430855 0.543355 0.530094 
0.118989 0.586953 0.343087 0.506839 
0.92007 0.930803 0.535784 0.502834 
0.172886 0.467018 0.437527 0.544744 
0.412579 0.525484 0.576226 0.463771 
0.978041 0.825722 0.552579 0.506522 
0.367838 0.761544 0.525889 0.498553 
0.819208 0.200759 0.324924 0.494666 
0.138845 0.691349 0.41395 0.500826 
0.0842762 0.88742 0.484469 0.487182 
0.459511 0.670502 0.624129 0.506229 
0.946001 0.65265 0.384107 0.496803 
0.699183 0.0750889 0.519977 0.50351 
0.31542 0.425749 0.631019 0.48141 
0.174916 0.424174 0.4326 0.525007 
0.491151 0.33667 0.39362 0.481148 
0.288338 0.610173 0.710174 0.424278 
0.256849 0.425612 0.543584 0.50931 
0.977625 0.441859 0.348508 0.477643 
0.230546 0.222218 0.443569 0.495478 
0.417215 0.831102 0.593938 0.555892 
0.818398 0.634821 0.481453 0.491525 
0.578581 0.518833 0.558565 0.535358 
0.994591 0.670984 0.455642 0.470149 
0.0728268 0.43191 0.40144 0.478013 
0.236237 0.461696 0.638991 0.480119 
0.378333 0.677589 0.697654 0.493186 
0.24354 0.47301 0.598989 0.484959 
0.967684 0.494479 0.465252 0.506407 
0.497005 0.878705 0.535033 0.475777 
0.515325 0.295327 0.513796 0.515856 
0.203577 0.0591239 0.445416 0.478032 
0.641609 0.597548 0.558215 0.490836 
0.662573 0.355671 0.42177 0.534459 
0.880451 0.688179 0.607932 0.50829 
0.908447 0.559369 0.510181 0.490089 
0.431228 0.285784 0.399545 0.534164 
0.978488 0.351164 0.498616 0.456472 
0.604593 0.568807 0.581327 0.435587 
0.409414 0.387626 0.375776 0.494079 
0.980811 0.368244 0.422346 0.508274 
0.616971 0.726165 0.527016 0.485036 
0.888018 0.191075 0.48886 0.528979 
0.099482 0.176307 0.47909 0.550391 
0.581438 0.652726 0.429976 0.509773 
0.192069 0.480904 0.524843 0.451667 
0.33912 0.197954 0.513775 0.518062 
0.442748 0.439031 0.403288 0.454733 
0.211398 0.620137 0.62555 0.505253 
0.202445 0.387662 0.626047 0.496162 
0.664445 0.528733 0.387005 0.514419 
0.70919 0.143549 0.463324 0.49469 
0.695444 0.501973 0.635381 0.514783 
0.874548 0.395272 0.437681 0.496499 
0.260431 0.738542 0.497673 0.484165 
0.798033 0.334015 0.479179 0.499951 
0.359216 0.232491 0.607828 0.503488 
0.720239 0.173718 0.489425 0.507647 
0.376799 0.444059 0.494098 0.540651 
0.50443 0.516088 0.527403 0.510736 
0.351634 0.481001 0.685896 0.462126 
0.869212 0.470692 0.390314 0.48999 
0.647789 0.228791 0.357413 0.485175 
0.165936 0.237401 0.445369 0.461891 
0.334797 0.292157 0.644537 0.513717 
0.924764 0.749794 0.585702 0.491811 
0.234796 0.301305 0.530978 0.52176 
0.444904 0.249692 0.39239 0.512116 
0.359479 0.82402 0.55896 0.457173 
0.915137 0.618378 0.409616 0.51306 
0.125764 0.269967 0.48393 0.468478 
0.894517 0.479541 0.368693 0.526622 
0.784489 0.513181 0.322946 0.440588 
0.721245 0.640441 0.280675 0.518337 
0.544736 0.535011 0.439765 0.546202 
0.159855 0.47717 0.540671 0.487788 
0.358981 0.139299 0.348131 0.504158 
0.161078 0.637492 0.583761 0.477688 
0.410128 0.647712 0.561546 0.497471 
0.327707 0.834405 0.365 0.515021 
0.835803 0.321133 0.716078 0.500681 
0.363482 0.441664 0.366753 0.518397 
0.531846 0.879114 0.492439 0.482359 
0.612523 0.603499 0.553741 0.507468 
0.457378 0.25348 0.481696 0.482895 
0.987739 0.77649 0.476885 0.496392 
0.163663 0.696615 0.629669 0.501104 
0.709884 0.410546 0.648407 0.489463 
0.558684 0.47752 0.583717 0.491768 
0.715037 0.0603786 0.441903 0.511191 
0.755184 0.572892 0.274787 0.538844 
0.62846 0.205304 0.506943 0.499147 
0.538284 0.841772 0.337554 0.47585 
0.884341 0.0769901 0.507061 0.495409 
0.622972 0.442581 0.554311 0.497378 
0.398057 0.450972 0.449578 0.488423 
0.200755 0.420445 0.387448 0.504085 
0.4555 0.318978 0.67247 0.552774 
0.847463 0.759906 0.530456 0.541456 
0.92276 0.622504 0.416202 0.502896 
0.583551 0.561189 0.585418 0.485811 
0.100015 0.633114 0.501175 0.464178 
0.284317 0.264559 0.397703 0.519033 
0.488404 0.802777 0.480501 0.511539 
0.928412 0.673419 0.438677 0.492065 
0.24433 0.884117 0.614022 0.49876 
0.157867 0.690688 0.350642 0.560097 
0.532773 0.657287 0.427899 0.488175 
0.49068 0.267262 0.706897 0.47953 
0.577627 0.582805 0.342654 0.507944 
0.500947 0.399248 0.462517 0.49859 
0.64166 0.407248 0.581813 0.503168 
0.916963 0.725054 0.505555 0.527612 
0.798166 0.724905 0.429203 0.489203 
0.659116 0.109393 0.370708 0.495389 
0.146829 0.447908 0.464111 0.509758 
0.448734 0.632976 0.438534 0.492886 
0.277298 0.956272 0.65533 0.499534 
0.346374 0.569422 0.650543 0.483765 
0.882055 0.876001 0.572329 0.542947 
0.181839 0.208127 0.486817 0.503651 
0.593322 0.176813 0.531434 0.495682 
0.200753 0.349222 0.485821 0.446095 
0.716011 0.362175 0.481543 0.530394 
0.953231 0.601911 0.552452 0.498261 
0.408952 0.440254 0.419067 0.510547 
0.537446 0.348534 0.513899 0.543242 
0.447283 0.558535 0.529032 0.44731 
0.529246 0.507269 0.617524 0.539376 
0.473555 0.183679 0.498132 0.467332 
0.848836 0.680909 0.423481 0.484899 
0.944971 0.657805 0.373571 0.486286 
0.99563 0.0958964 0.333732 0.514996 
0.317859 0.675426 0.590126 0.511451 
0.588094 0.0813168 0.490172 0.496646 
0.382164 0.471442 0.559345 0.516427 
0.428424 0.600359 0.603776 0.516237 
0.824073 0.411285 0.436976 0.434287 
0.647898 0.353126 0.611572 0.491479 
0.779292 0.184189 0.440911 0.514434 
0.855543 0.760735 0.43324 0.468919 
0.804226 0.387844 0.501589 0.514275 
0.679003 0.262099 0.501142 0.4915 
0.496436 0.549364 0.486139 0.466437 
0.469044 0.48944 0.490461 0.416386 
0.166071 0.172093 0.553574 0.493707 
0.674256 0.533169 0.45639 0.498208 
0.840864 0.55244 0.677516 0.468857 
0.253933 0.771857 0.66909 0.497127 
0.507535 0.463935 0.446496 0.510811 
0.980492 0.729609 0.558038 0.513825 
0.547329 0.392625 0.549497 0.527386 
0.366077 0.502776 0.448152 0.472955 
0.0319832 0.471803 0.558745 0.555304 
0.720469 0.500846 0.495827 0.525259 
0.909249 0.477964 0.564408 0.475678 
0.393112 0.335022 0.519525 0.519345 
0.648387 0.512109 0.49871 0.493464 
0.35526 0.369063 0.554552 0.507978 
0.0603151 0.526291 0.537856 0.512688 
0.210802 0.550457 0.422289 0.524185 
0.799958 0.48449 0.668469 0.499961 
0.358904 0.467989 0.518728 0.52825 
0.00596257 0.4021 0.335225 0.435031 
0.614421 0.505505 0.494466 0.567327 
0.895268 0.512688 0.503845 0.485101 
0.494676 0.219362 0.542119 0.475208 
0.0666562 0.650293 0.494737 0.526442 
0.840449 0.591711 0.519824 0.501094 
0.796965 0.384195 0.589398 0.506809 
0.478122 0.790559 0.442178 0.503009 
0.410117 0.526756 0.473397 0.500709 
0.0470876 0.312434 0.592558 0.478951 
0.410732 0.841429 0.374964 0.448469 
0.60671 0.465253 0.470242 0.449322 
0.214111 0.450066 0.405891 0.480367 
0.810316 0.622912 0.515519 0.491026 
0.423265 0.20689 0.647663 0.440795 
0.668961 0.60986 0.614283 0.508427 
0.017838 0.548289 0.421896 0.516447 
0.7018 0.41327 0.445052 0.473795 
0.231115 0.260509 0.455071 0.494966 
0.775546 0.251352 0.337947 0.511774 
0.197395 0.251987 0.555239 0.482629 
0.501 0.920995 0.442146 0.497061 
0.30685 0.787896 0.608574 0.504526 
0.0579199 0.603864 0.560771 0.529774 
0.854343 0.654229 0.532673 0.510697 
0.980126 0.616693 0.417399 0.512136 
0.0460039 0.404441 0.560788 0.476793 
0.0524099 0.586944 0.540704 0.467357 
0.257729 0.147794 0.546628 0.546262 
0.379722 0.57782 0.585837 0.485964 
0.564834 0.315866 0.549621 0.484881 
0.34364 0.549238 0.419533 0.521265 
0.256583 0.748792 0.45392 0.499727 
0.525997 0.600408 0.383952 0.499484 
0.168299 0.346982 0.598924 0.485692 
0.214058 0.817516 0.410456 0.525643 
0.61602 0.176933 0.521975 0.515378 
0.358577 0.536781 0.439896 0.524948 
0.129595 0.665568 0.489061 0.446605 
0.887983 0.289142 0.508006 0.568067 
0.265795 0.400458 0.349441 0.541845 
0.738033 0.51372 0.510729 0.523909 
0.0227969 0.51868 0.55003 0.495729 
0.939843 0.220995 0.534661 0.472162 
0.132001 0.745706 0.464991 0.492823 
0.553816 0.393752 0.477383 0.470243 
0.790876 0.417811 0.437199 0.501807 
0.746407 0.471434 0.544066 0.524342 
0.103336 0.657262 0.465475 0.5235 
0.091576 0.392952 0.47568 0.493581 
0.830864 0.553315 0.440317 0.506787 
0.910238 0.743726 0.603545 0.487259 
0.22183 0.176862 0.763267 0.523405 
0.549158 0.650221 0.684847 0.528077 
0.110867 0.345908 0.427322 0.496021 
0.493063 0.566441 0.591904 0.485329 
0.249621 0.152755 0.506427 0.491021 
0.686881 0.931107 0.525494 0.517084 
0.330845 0.575067 0.575728 0.469642 
0.019124 0.723216 0.47305 0.499459 
0.11944 0.623176 0.510086 0.502289 
0.502398 0.90728 0.556585 0.501344 
0.687691 0.144205 0.498085 0.498195 
0.6042 0.692967 0.530116 0.507875 
0.604995 0.827956 0.452055 0.52967 
0.144975 0.631423 0.61243 0.499255 
0.348488 0.496858 0.689228 0.492747 
0.519127 0.651735 0.444211 0.474068 
0.932123 0.543372 0.560934 0.498622 
0.10846 0.164883 0.380847 0.502902 
0.373543 0.295279 0.439007 0.523691 
0.00921754 0.675774 0.44003 0.445229 
0.482834 0.621967 0.54474 0.494701 
0.11529 0.237785 0.474278 0.450414 
0.818755 0.583873 0.654785 0.505012 
0.483731 0.616876 0.448031 0.556672 
0.618597 0.528595 0.518261 0.47992 
0.543321 0.941588 0.556448 0.559077 
0.997101 0.718507 0.475544 0.546111 
0.201858 0.527271 0.488086 0.518323 
0.769179 0.636238 0.296578 0.487063 
0.239247 0.573186 0.515011 0.527034 
0.460021 0.344916 0.548806 0.498157 
0.471845 0.512208 0.488144 0.445061 
0.00801073 0.482483 0.501662 0.533214 
0.0621043 0.355779 0.360267 0.454631 
0.895709 0.713787 0.560095 0.475458 
0.0247822 0.190698 0.626834 0.537169 
0.479665 0.554849 0.51212 0.479347 
0.431547 0.0307857 0.413266 0.517056 
0.713743 0.747781 0.592168 0.526367 
0.719956 0.443211 0.531885 0.442054 
0.281102 0.497745 0.3692 0.484438 
0.910938 0.110131 0.543142 0.493087 
0.131149 0.210319 0.550099 0.496896 
0.898932 0.401618 0.464932 0.482396 
0.153504 0.505484 0.493675 0.525571 
0.795995 0.95032 0.330312 0.523191 
0.787319 0.313472 0.583316 0.520242 
0.56397 0.960673 0.353646 0.545573 
0.949939 0.236975 0.489235 0.517981 
0.636017 0.496878 0.363713 0.523963 
0.643714 0.451415 0.49426 0.476052 
0.864822 0.419052 0.65729 0.478387 
0.0457725 0.573149 0.392189 0.551342 
0.385277 0.475948 0.408679 0.47273 
0.674947 0.327672 0.435247 0.536233 
0.107256 0.335802 0.722675 0.521241 
0.300425 0.715282 0.320681 0.493816 
0.734632 0.592221 0.47679 0.491153 
0.792644 0.492413 0.512752 0.563546 
0.336077 0.14714 0.542277 0.475837 
0.913225 0.331001 0.487811 0.508914 
0.344181 0.729886 0.547179 0.522522 
0.880917 0.716443 0.656536 0.471988 
0.403413 0.548301 0.490765 0.506685 
0.501965 0.597174 0.643225 0.510095 
0.891758 0.733982 0.47485 0.544291 
0.736832 0.259866 0.547114 0.533162 
0.936256 0.312728 0.503717 0.483015 
0.335344 0.530024 0.530337 0.464621 
0.74332 0.249456 0.407559 0.452949 
0.231864 0.566767 0.468914 0.542219 
0.611694 0.490714 0.573563 0.485607 
0.141442 0.459959 0.587621 0.484528 
0.782114 0.677414 0.438312 0.507654 
0.928092 0.416276 0.270395 0.524753 
0.198198 0.383817 0.561149 0.471356 
0.971325 0.491603 0.540838 0.464157 
0.615512 0.123462 0.45257 0.494875 
0.639127 0.331103 0.631246 0.528974 
0.709977 0.599367 0.532497 0.513634 
0.803872 0.440775 0.549793 0.498385 
0.59146 0.499838 0.482244 0.508768 
0.620112 0.395711 0.487933 0.51474 
0.250828 0.308349 0.49264 0.522481 
0.925176 0.774424 0.471853 0.434099 
0.349537 0.127089 0.334768 0.4687 
0.959485 0.438734 0.442095 0.564362 
0.414665 0.704255 0.452626 0.496813 
0.499856 0.774218 0.631031 0.522393 
0.0221802 0.875565 0.594221 0.49157 
0.739596 0.221779 0.524015 0.493748 
0.901557 0.422315 0.470191 0.500088 
0.475097 0.339446 0.444623 0.566094 
0.676075 0.892811 0.549874 0.534822 
0.202101 0.345291 0.420419 0.473024 
0.958785 0.347279 0.574952 0.567584 
0.230164 0.442353 0.630211 0.484269 
0.59708 0.268357 0.440065 0.486601 
0.721961 0.590485 0.579501 0.482658 
0.743137 0.520733 0.538579 0.511617 
0.81978 0.714046 0.427954 0.483043 
0.998201 0.268041 0.338089 0.519942 
0.241687 0.485401 0.616276 0.455872 
0.319079 0.65024 0.580082 0.481902 
0.780538 0.498772 0.422511 0.523136 
0.561616 0.389432 0.471217 0.463407 
0.982273 0.69661 0.360332 0.475064 
0.0720076 0.604542 0.394246 0.500952 
0.203285 0.558772 0.494366 0.484635 
0.77391 0.498584 0.561255 0.493831 
0.922439 0.652034 0.680752 0.475807 
0.359772 0.521048 0.433343 0.475146 
0.955018 0.0931702 0.592732 0.486473 
0.608624 0.44483 0.499557 0.547939 
0.573039 0.403358 0.416697 0.495855 
0.500886 0.711014 0.521637 0.474864 
0.801578 0.567509 0.585302 0.522506 
0.0506796 0.740203 0.603295 0.546304 
0.974447 0.509693 0.526693 0.500377 
0.175202 0.568633 0.489774 0.453327 
0.88385 0.812794 0.449903 0.500794 
0.0109304 0.246715 0.612484 0.45041 
0.273754 0.101076 0.697483 0.542341 
0.181562 0.00480274 0.520165 0.562287 
0.0878594 0.784164 0.238239 0.493313 
0.0822233 0.638896 0.335915 0.514333 
0.513894 0.7572 0.439149 0.445524 
0.665421 0.554066 0.42069 0.46001 
0.782248 0.671913 0.433438 0.517652 
0.546065 0.688992 0.483124 0.476753 
0.863015 0.471986 0.314441 0.526084 
0.524551 0.451292 0.505759 0.526929 
0.0402588 0.69636 0.674666 0.500938 
0.225091 0.333773 0.461058 0.524359 
0.0604277 0.389414 0.646773 0.438819 
0.068339 0.537439 0.661796 0.478295 
0.589024 0.92036 0.529737 0.452083 
0.833616 0.388375 0.387545 0.459434 
0.642344 0.373921 0.525396 0.520298 
0.210465 0.41342 0.49674 0.480133 
0.514465 0.368954 0.518965 0.47704 
0.017912 0.724687 0.586132 0.485044 
0.979746 0.565821 0.542794 0.569783 
0.798939 0.587081 0.596094 0.551082 
0.279352 0.306986 0.451682 0.531039 
0.379613 0.467835 0.572919 0.54106 
0.411749 0.177191 0.385633 0.519397 
0.133667 0.407701 0.494545 0.49229 
0.37535 0.407532 0.514332 0.512118 
0.488621 0.210073 0.507592 0.520838 
0.0465204 0.777513 0.446486 0.489106 
0.510542 0.499721 0.573142 0.511778 
0.323633 0.523747 0.492085 0.484857 
0.733611 0.510146 0.427557 0.586874 
0.0403728 0.634769 0.481451 0.504011 
0.701976 0.524704 0.545609 0.477545 
0.565629 0.194399 0.52297 0.497236 
0.315092 0.338713 0.472956 0.456917 
0.422391 0.312699 0.523434 0.457815 
0.795046 0.437232 0.429468 0.441479 
0.75469 0.270975 0.645763 0.475249 
0.713042 0.635019 0.585822 0.549878 
0.531475 0.737084 0.449713 0.426483 
0.636895 0.163748 0.421479 0.487906 
0.186071 0.616897 0.443892 0.539512 
0.482189 0.93244 0.460879 0.491171 
0.755887 0.454438 0.735215 0.481652 
0.378535 0.717627 0.413245 0.437595 
0.608246 0.724222 0.503452 0.498793 
0.635657 0.454081 0.457924 0.534991 
0.0493353 0.498829 0.502083 0.498596 
0.0770294 0.251145 0.380035 0.469302 
0.870777 0.410258 0.452723 0.482455 
0.533321 0.725062 0.363447 0.509116 
0.335727 0.402925 0.566486 0.535124 
0.0455808 0.705023 0.529607 0.492777 
0.11687 0.147922 0.554443 0.525364 
0.92476 0.333782 0.40665 0.476287 
0.756525 0.746247 0.512452 0.494992 
0.383078 0.505821 0.471465 0.533523 
0.262523 0.764518 0.764051 0.495198 
0.407149 0.92608 0.574372 0.472725 
0.266072 0.598223 0.379768 0.463938 
0.840044 0.825281 0.51128 0.481914 
0.965314 0.490952 0.493331 0.486405 
0.313248 0.947031 0.500094 0.464044 
0.503357 0.719474 0.39093 0.502452 
0.575976 0.585696 0.528416 0.516394 
0.227121 0.497382 0.437899 0.462637 
0.180204 0.356057 0.481309 0.54436 
0.48189 0.427936 0.475618 0.463727 
0.342102 0.191116 0.482451 0.488872 
0.155399 0.51402 0.309943 0.52842 
0.171293 0.520205 0.451511 0.515962 
0.417182 0.675618 0.457611 0.516964 
0.810464 0.0927227 0.430535 0.473933 
0.592294 0.372245 0.398049 0.541474 
0.803715 0.413748 0.430041 0.512112 
0.0847488 0.737923 0.288167 0.497203 
0.0107158 0.652442 0.422119 0.473566 
0.581344 0.338648 0.350042 0.512533 
0.218837 0.482917 0.614424 0.54958 
0.257561 0.674327 0.444156 0.527161 
0.694585 0.434029 0.459401 0.464654 
0.655484 0.542962 0.500982 0.455104 
0.128059 0.623434 0.272817 0.48304 
0.953896 0.622731 0.523398 0.491091 
0.707672 0.294809 0.546433 0.513838 
0.281655 0.272367 0.568035 0.501423 
0.0578987 0.903713 0.533153 0.560571 
0.0342003 0.848695 0.491095 0.514495 
0.611283 0.431117 0.360598 0.507579 
0.476528 0.634258 0.49035 0.493277 
0.150795 0.37413 0.532644 0.475946 
0.87466 0.156021 0.649829 0.498408 
0.583816 0.490771 0.517791 0.495545 
0.511443 0.854579 0.551489 0.500422 
0.571014 0.645681 0.455984 0.534267 
0.827893 0.710484 0.473588 0.507189 
0.4815 0.338639 0.605504 0.511927 
0.0551304 0.619039 0.492938 0.490431 
0.504344 0.700654 0.609897 0.485462 
0.525768 0.529877 0.578665 0.500893 
0.510016 0.566079 0.451787 0.488155 
0.269258 0.782392 0.380864 0.440022 
0.280972 0.601688 0.600187 0.455388 
0.0105762 0.409671 0.578219 0.516749 
0.628874 0.578757 0.596123 0.475869 
0.889515 0.431205 0.558208 0.469539 
0.716932 0.569813 0.527089 0.484423 
0.579312 0.505437 0.522775 0.540577 
0.174892 0.474622 0.431344 0.512054 
0.715275 0.215571 0.59645 0.552516 
0.253319 0.669783 0.315175 0.483646 
0.12897 0.864486 0.368269 0.542511 
0.564326 0.516668 0.48207 0.478124 
0.121648 0.154911 0.514583 0.43632 
0.735524 0.623239 0.252242 0.501604 
0.891694 0.635929 0.30123 0.528736 
0.848237 0.583068 0.450676 0.527678 
0.0328859 0.424591 0.578113 0.505959 
0.0469446 0.80507 0.422071 0.470519 
0.597116 0.299154 0.51471 0.481468 
0.60454 0.49737 0.359618 0.517582 
0.495893 0.658543 0.511739 0.491598 
0.592017 0.691703 0.360767 0.477098 
0.30099 0.406757 0.458475 0.494663 
0.62359 0.248188 0.599973 0.47549 
0.713504 0.33563 0.702024 0.4941 
0.579393 0.535121 0.615038 0.475167 
0.036513 0.972675 0.535069 0.517271 
0.271547 0.633316 0.498479 0.462568 
0.691961 0.694071 0.539264 0.487584 
0.924068 0.633998 0.490334 0.467753 
0.895788 0.74588 0.494528 0.485936 
0.705281 0.326876 0.465034 0.499726 
0.984605 0.74118 0.522149 0.491425 
0.572355 0.751817 0.59171 0.515103 
0.608374 0.253066 0.272082 0.484079 
0.391315 0.477077 0.592778 0.442729 
0.239483 0.259715 0.658124 0.456804 
0.329492 0.666778 0.412734 0.470228 
0.782656 0.791325 0.354977 0.466046 
0.994814 0.590915 0.354288 0.517738 
0.15378 0.284792 0.432879 0.537895 
0.479148 0.893249 0.537124 0.5299 
0.00092938 0.687555 0.558975 0.497619 
0.717454 0.23274 0.358465 0.462974 
0.180526 0.42628 0.552492 0.490394 
0.238263 0.34002 0.49125 0.539411 
0.354016 0.861282 0.306868 0.474514 
0.858334 0.725555 0.478986 0.480672 
0.00678503 0.793314 0.502762 0.508442 
0.469792 0.305107 0.317568 0.503868 
0.865517 0.84037 0.657995 0.427535 
0.751854 0.554222 0.500187 0.51026 
0.917863 0.854784 0.505567 0.505425 
0.1287 0.676041 0.311612 0.445076 
0.845293 0.755789 0.628924 0.498795 
0.521412 0.173034 0.600598 0.490137 
0.0753414 0.619851 0.427897 0.497762 
0.160648 0.621777 0.547804 0.50628 
0.438601 0.415784 0.423682 0.481843 
0.217274 0.248282 0.546418 0.420467 
0.27078 0.385417 0.42413 0.588891 
0.494533 0.728311 0.369125 0.469827 
0.569844 0.827646 0.471882 0.526517 
0.0393436 0.539154 0.422717 0.479388 
0.580643 0.875471 0.437138 0.471404 
0.324384 0.433138 0.577147 0.515412 
0.842682 0.555238 0.632234 0.516014 
0.357599 0.844481 0.602443 0.563977 
0.656704 0.355154 0.582637 0.468998 
0.98709 0.929556 0.564085 0.486523 
0.632249 0.193763 0.39709 0.540823 
0.230574 0.113102 0.543097 0.476512 
0.161277 0.767573 0.489867 0.509614 
0.802381 0.303808 0.496901 0.51527 
0.127451 0.693421 0.43311 0.455917 
0.899687 0.513927 0.496549 0.524995 
0.525896 0.203727 0.428793 0.492295 
0.61195 0.586948 0.602154 0.47354 
0.145178 0.51676 0.478809 0.50078 
0.337851 0.757715 0.39468 0.510948 
0.1095 0.727649 0.540668 0.480894 
0.265524 0.887431 0.603729 0.521592 
0.493384 0.979281 0.518924 0.455604 
0.106439 0.713131 0.595582 0.541046 
0.697965 0.454996 0.588609 0.518233 
0.751962 0.245442 0.615866 0.511384 
0.0121577 0.470211 0.458075 0.513053 
0.496142 0.509412 0.392804 0.483634 
0.767532 0.601019 0.403833 0.497663 
0.330616 0.429305 0.460499 0.526315 
0.333336 0.514057 0.374474 0.477596 
0.883915 0.198855 0.441789 0.535516 
0.0829181 0.813084 0.530046 0.50064 
0.118629 0.378625 0.417992 0.554311 
0.188149 0.309543 0.663244 0.530274 
0.338314 0.684075 0.469003 0.484943 
0.975793 0.385981 0.634245 0.446906 
0.838535 0.376484 0.578238 0.477391 
0.733546 0.529484 0.455615 0.475089 
0.376032 0.204355 0.613669 0.527456 
0.415976 0.890014 0.490448 0.518609 
0.501426 0.479691 0.367009 0.495797 
0.991988 0.404171 0.464759 0.495717 
0.259006 0.11716 0.510158 0.483486 
0.0177008 0.349619 0.549735 0.464151 
0.836531 0.115258 0.599825 0.503467 
0.893848 0.12545 0.463539 0.462181 
0.88858 0.58696 0.439302 0.469341 
0.0943251 0.48391 0.544063 0.517258 
0.389683 0.61347 0.569449 0.476813 
0.519319 0.145057 0.408961 0.493152 
0.984122 0.873367 0.534978 0.51279 
0.370923 0.312415 0.453655 0.509596 
0.980931 0.531664 0.398099 0.470632 
0.557702 0.307449 0.619849 0.459973 
0.32999 0.651447 0.491453 0.534828 
0.975507 0.854165 0.482034 0.491773 
0.184281 0.353696 0.463447 0.48106 
0.491788 0.325467 0.478157 0.494932 
0.157772 0.84324 0.52812 0.51171 
0.752686 0.483601 0.474957 0.490656 
0.6878 0.141523 0.408071 0.48104 
0.986066 0.810287 0.412666 0.493082 
0.639506 0.62322 0.569484 0.504994 
0.0811027 0.0923544 0.498342 0.486135 
0.796438 0.267997 0.52233 0.481451 
0.977853 0.40131 0.551458 0.490621 
0.660479 0.601071 0.615505 0.548415 
0.436985 0.444059 0.526691 0.47569 
0.407996 0.462211 0.594991 0.520933 
0.264943 0.565584 0.473854 0.502859 
0.894097 0.389813 0.523927 0.512933 
0.545854 0.464961 0.321279 0.500884 
0.948487 0.226355 0.486614 0.517282 
0.332685 0.471009 0.393297 0.512651 
0.31191 0.730537 0.50268 0.476614 
0.624275 0.213419 0.592415 0.469125 
0.889321 0.59921 0.617023 0.478193 
0.804836 0.166707 0.462294 0.520291 
0.943661 0.648787 0.40532 0.532984 
0.86137 0.506382 0.401119 0.452261 
0.44659 0.297083 0.577322 0.481702 
0.42924 0.373473 0.473822 0.474762 
0.488346 0.53152 0.411369 0.536674 
0.759455 0.802837 0.483615 0.488666 
0.212344 0.69623 0.57333 0.49725 
0.77117 0.805867 0.667967 0.493308 
0.519772 0.494614 0.619705 0.5323 
0.48502 0.667988 0.660745 0.538008 
0.0879276 0.357634 0.663053 0.494243 
0.789706 0.486326 0.627745 0.513136 
0.999545 0.603597 0.337615 0.443108 
0.121695 0.74479 0.569807 0.470746 
0.747784 0.448493 0.335388 0.521793 
0.878131 0.904207 0.416473 0.489916 
0.796427 0.746666 0.448983 0.518837 
0.218631 0.481371 0.4371 0.523111 
0.694989 0.285837 0.547778 0.523327 
0.576104 0.615127 0.585563 0.489432 
0.321634 0.75871 0.418213 0.503898 
0.749886 0.806068 0.466607 0.500846 
0.982157 0.304541 0.441399 0.493413 
0.484205 0.526794 0.443432 0.510314 
0.351943 0.464961 0.445058 0.501279 
0.408059 0.471251 0.487395 0.491706 
0.03714 0.710458 0.515856 0.508818 
0.560981 0.797943 0.363394 0.519066 
0.972088 0.547558 0.430407 0.505947 
0.820225 0.429974 0.475647 0.480782 
0.394752 0.282721 0.490681 0.496955 
0.246067 0.670543 0.523074 0.477865 
0.389377 0.619874 0.53254 0.522795 
0.97372 0.455864 0.705137 0.489367 
0.104747 0.78823 0.515293 0.524855 
0.173685 0.408182 0.57503 0.527366 
0.439826 0.391304 0.563106 0.514928 
0.957693 0.418605 0.503793 0.495513 
0.242786 0.504268 0.506965 0.451006 
0.718344 0.134151 0.575176 0.490496 
0.918523 0.276499 0.455507 0.461956 
0.553628 0.399984 0.387097 0.522929 
0.343713 0.337808 0.579832 0.47835 
0.504886 0.622239 0.632159 0.470411 
0.647902 0.39219 0.486166 0.526655 
0.640906 0.455919 0.447719 0.467509 
0.222956 0.595705 0.446549 0.474615 
0.230116 0.925275 0.5393 0.560844 
0.385756 0.923939 0.579645 0.470528 
0.624482 0.138092 0.513467 0.533014 
0.0383405 0.399375 0.484929 0.488691 
0.751544 0.12707 0.52603 0.436597 
0.428225 0.353701 0.407548 0.551025 
0.850061 0.78714 0.313518 0.487184 
0.526409 0.53904 0.509283 0.47898 
0.124885 0.531225 0.495215 0.445167 
0.958694 0.224288 0.611839 0.489266 
0.362824 0.0625393 0.549512 0.467346 
0.0480312 0.901896 0.402273 0.499348 
0.996703 0.876395 0.436192 0.469192 
0.927181 0.872958 0.346452 0.518509 
0.410426 0.209894 0.449557 0.463355 
0.790483 0.349047 0.367418 0.48552 
0.0191049 0.375561 0.523129 0.487763 
0.330852 0.475622 0.425094 0.53925 
0.217278 0.273889 0.448152 0.470942 
0.558414 0.608322 0.461982 0.502243 
0.443053 0.262865 0.589291 0.469343 
0.238013 0.575038 0.46382 0.423017 
0.0990699 0.497322 0.404457 0.508165 
0.874422 0.632672 0.459345 0.469367 
0.115223 0.404091 0.43729 0.489368 
0.50716 0.47784 0.677419 0.477702 
0.684364 0.217988 0.528984 0.52224 
0.400051 0.372298 0.551179 0.530882 
0.256333 0.257075 0.393234 0.513258 
0.870229 0.640945 0.47986 0.49395 
0.510242 0.463243 0.580596 0.496393 
0.247547 0.136402 0.602318 0.500015 
0.79854 0.489828 0.591304 0.504692 
0.564434 0.759732 0.689118 0.453617 
0.614358 0.48663 0.530335 0.502157 
0.817963 0.478243 0.47215 0.44843 
0.0242423 0.87293 0.499376 0.496451 
0.918301 0.738015 0.571535 0.55407 
0.915077 0.594302 0.5372 0.539504 
0.0772613 0.313219 0.460259 0.508475 
0.753055 0.717583 0.54337 0.47602 
0.851571 0.27018 0.39368 0.499989 
0.520169 0.736054 0.577069 0.526083 
0.342806 0.449914 0.552845 0.472043 
0.498659 0.252455 0.497752 0.492199 
0.981334 0.293535 0.481255 0.498804 
0.903991 0.513872 0.405606 0.490298 
0.840528 0.74153 0.559784 0.532986 
0.649833 0.604959 0.584508 0.50648 
0.502462 0.655916 0.603282 0.535762 
0.821171 0.579822 0.377931 0.506753 
0.619575 0.200888 0.546993 0.524944 
0.763553 0.721728 0.527683 0.49056 
0.0123708 0.759408 0.581262 0.46645 
0.465424 0.507321 0.512946 0.504477 
0.456337 0.404253 0.679633 0.472934 
0.0922648 0.437591 0.472648 0.498306 
0.48031 0.642828 0.430654 0.482089 
0.725419 0.34001 0.362308 0.498924 
0.692324 0.263636 0.580654 0.472863 
0.258091 0.353223 0.488463 0.468523 
0.340421 0.597725 0.526514 0.507682 
0.332261 0.428105 0.46904 0.50089 
0.547977 0.387025 0.645688 0.513354 
0.945987 0.642603 0.580337 0.508182 
0.655241 0.807289 0.484877 0.503868 
0.537676 0.692954 0.387403 0.504751 
0.323443 0.572182 0.496539 0.491658 
0.184069 0.378422 0.562155 0.481079 
0.110283 0.674137 0.592115 0.44666 
0.917543 0.518988 0.35491 0.492732 
0.49277 0.480261 0.54583 0.499973 
0.437049 0.495297 0.453647 0.483407 
0.637815 0.668556 0.409439 0.478923 
0.577131 0.0231494 0.39289 0.501713 
0.443636 0.386594 0.616976 0.488043 
0.738869 0.728181 0.612882 0.537223 
0.324663 0.577931 0.529671 0.49494 
0.963791 0.522532 0.559915 0.537401 
0.403255 0.470599 0.435888 0.457478 
0.470303 0.450244 0.494698 0.499395 
0.249216 0.0527924 0.556671 0.543634 
0.59771 0.701256 0.451215 0.502936 
0.783798 0.435843 0.490934 0.485535 
0.339791 0.536885 0.504326 0.524118 
0.550049 0.594787 0.290167 0.493313 
0.145505 0.919853 0.448088 0.523205 
0.107617 0.583026 0.539979 0.471296 
0.500846 0.508979 0.520077 0.480722 
0.604643 0.573807 0.593454 0.53518 
0.625335 0.529478 0.457818 0.532684 
0.132577 0.71886 0.610031 0.462891 
0.542695 0.630073 0.679519 0.506856 
0.16226 0.640177 0.449322 0.505569 
0.292141 0.726467 0.492865 0.426581 
0.558517 0.585778 0.455568 0.545854 
0.984675 0.782649 0.512268 0.444637 
0.81959 0.345139 0.40889 0.487021 
0.460486 0.249972 0.426614 0.497817 
0.493496 0.641884 0.472998 0.522427 
0.707503 0.823752 0.37432 0.530499 
0.759544 0.418435 0.634569 0.482132 
0.639088 0.488912 0.602992 0.493944 
0.898274 0.495868 0.555608 0.499946 
0.940634 0.779013 0.671042 0.507701 
0.319438 0.182641 0.645373 0.445591 
0.740909 0.289231 0.502205 0.478922 
0.683061 0.783478 0.447603 0.500826 
0.625231 0.297262 0.488345 0.505263 
0.0605387 0.904536 0.391178 0.510387 
0.566921 0.465654 0.570966 0.517769 
0.644707 0.623907 0.537141 0.522475 
0.474024 0.439324 0.486621 0.50291 
0.640955 0.576238 0.600324 0.482643 
0.418275 0.313782 0.371348 0.532839 
0.616401 0.566892 0.523556 0.475129 
0.295805 0.360123 0.414441 0.514966 
0.231366 0.952667 0.438249 0.512434 
0.654422 0.44066 0.408989 0.526963 
0.135743 0.372625 0.497789 0.519509 
0.243155 0.0716867 0.49625 0.496403 
0.460025 0.604099 0.646605 0.459035 
0.774122 0.199851 0.352327 0.461249 
0.669511 0.482699 0.469468 0.521826 
0.833058 0.616878 0.530153 0.483049 
0.150603 0.417693 0.45363 0.469922 
0.548616 0.707827 0.595988 0.497061 
0.482265 0.754325 0.428591 0.506236 
0.793456 0.0735991 0.55067 0.529543 
0.363126 0.231955 0.395404 0.532191 
0.684334 0.171995 0.461959 0.547964 
0.087291 0.742944 0.50144 0.517069 
0.0728775 0.342571 0.581965 0.509717 
0.6228 0.132663 0.49007 0.529498 
0.145273 0.479328 0.442859 0.456251 
0.827451 0.51824 0.29365 0.495061 
0.43963 0.707465 0.606832 0.423913 
0.600776 0.584845 0.576201 0.480867 
0.737966 0.643057 0.406056 0.500534 
0.424143 0.361303 0.440427 0.521208 
0.872628 0.315069 0.545445 0.477956 
0.99068 0.417519 0.463213 0.481346 
0.876095 0.310772 0.591675 0.528688 
0.697233 0.579585 0.324132 0.453755 
0.94468 0.188972 0.478019 0.55346 
0.719359 0.798108 0.534151 0.517248 
0.0251493 0.190138 0.410266 0.519747 
0.458939 0.642045 0.380013 0.561015 
0.314523 0.90904 0.521773 0.495398 
0.97311 0.50122 0.565312 0.497161 
0.514026 0.600914 0.398208 0.467053 
0.650304 0.61784 0.486141 0.505205 
0.625528 0.469314 0.512402 0.579746 
0.563478 0.448961 0.446059 0.477824 
0.930327 0.62861 0.704302 0.49357 
0.918789 0.923867 0.605801 0.528094 
0.0627946 0.439979 0.333461 0.523246 
0.870384 0.32151 0.446831 0.492839 
0.835842 0.813498 0.60569 0.48174 
0.297433 0.762609 0.589054 0.472981 
0.708264 0.338328 0.53589 0.483 
0.674146 0.339539 0.631857 0.440886 
0.101055 0.298566 0.493667 0.510047 
0.67609 0.662951 0.402112 0.502154 
0.974066 0.5553 0.609436 0.522657 
0.530313 0.123586 0.471366 0.535046 
0.721443 0.283655 0.501351 0.474569 
0.0586785 0.711172 0.682932 0.544595 
0.761956 0.846726 0.484987 0.463353 
0.578857 0.546787 0.589301 0.499901 
0.909061 0.45542 0.499078 0.44664 
0.850932 0.552871 0.651275 0.552959 
0.722472 0.403067 0.501982 0.503226 
0.658064 0.610986 0.387631 0.499762 
0.821987 0.311147 0.355847 0.480357 
0.76343 0.422625 0.550633 0.486971 
0.858295 0.54167 0.470206 0.473393 
0.877772 0.674175 0.405379 0.508415 
0.179281 0.558723 0.414879 0.54147 
0.455994 0.36727 0.475259 0.484943 
0.675667 0.367554 0.455392 0.477419 
0.179649 0.608989 0.375498 0.524774 
0.794231 0.207536 0.379298 0.490166 
0.372014 0.709279 0.332307 0.476314 
0.735217 0.13106 0.650435 0.47486 
0.375959 0.634658 0.4987 0.503563 
0.734035 0.780616 0.53383 0.48488 
0.863666 0.5745 0.488967 0.49362 
0.544986 0.844414 0.64853 0.499033 
0.433429 0.282919 0.511388 0.507016 
0.2762 0.554275 0.486253 0.535509 
0.708942 0.0967964 0.52698 0.527212 
0.685988 0.437978 0.563493 0.519044 
0.794823 0.563925 0.322919 0.501647 
0.383511 0.707667 0.50676 0.477701 
0.455198 0.511695 0.529049 0.473085 
0.432604 0.836831 0.360823 0.522967 
0.965913 0.910725 0.461581 0.509557 
0.269519 0.643488 0.345464 0.55326 
0.146715 0.250284 0.497939 0.413474 
0.151121 0.377827 0.647956 0.482168 
0.816584 0.607431 0.412031 0.440667 
0.390211 0.487191 0.551646 0.495598 
0.329245 0.519039 0.491583 0.50905 
0.810686 0.587614 0.463586 0.477811 
0.647644 0.541256 0.650291 0.491946 
0.396498 0.413116 0.598994 0.466498 
0.665399 0.564385 0.565712 0.455848 
0.058829 0.686822 0.506199 0.43373 
0.373833 0.344298 0.57416 0.471077 
0.14399 0.571499 0.597808 0.446818 
0.902283 0.423264 0.556555 0.562023 
0.692098 0.520797 0.415874 0.49199 
0.701855 0.576693 0.362647 0.54152 
0.615271 0.652886 0.468727 0.466965 
0.637046 0.19116 0.304413 0.519426 
0.840595 0.751537 0.398387 0.497536 
0.19194 0.505666 0.34122 0.517477 
0.805803 0.74086 0.646961 0.513633 
0.625921 0.622706 0.496551 0.520388 
0.789375 0.449901 0.44646 0.508398 
0.053078 0.399619 0.630984 0.502192 
0.404043 0.847469 0.526974 0.450295 
0.0453383 0.830347 0.4643 0.43621 
0.741793 0.635361 0.522074 0.441843 
0.62525 0.91462 0.457651 0.51032 
0.0122645 0.738305 0.553991 0.455746 
0.876225 0.264503 0.561651 0.48331 
0.808244 0.318599 0.430825 0.541698 
0.154822 0.622234 0.516146 0.471156 
0.165725 0.737972 0.591459 0.51565 
0.649688 0.532368 0.525382 0.485944 
0.553152 0.268754 0.52183 0.486763 
0.798727 0.219347 0.542169 0.458139 
0.379607 0.626752 0.476409 0.446912 
0.337757 0.617834 0.602 0.538523 
0.18412 0.173125 0.524426 0.526658 
0.144886 0.367267 0.533765 0.51283 
0.656976 0.522817 0.413544 0.486846 
0.839313 0.565224 0.543992 0.471004 
0.207215 0.766344 0.588222 0.513802 
0.974924 0.510719 0.482289 0.557216 
0.504606 0.381256 0.412513 0.523944 
0.910079 0.735349 0.534114 0.490249 
0.54459 0.124373 0.490849 0.455143 
0.803837 0.197169 0.688791 0.463269 
0.610899 0.583834 0.362167 0.532534 
0.59668 0.57222 0.686218 0.528766 
0.814804 0.95495 0.545282 0.554111 
0.911816 0.310001 0.522128 0.496991 
0.431537 0.256565 0.444418 0.500315 
0.307101 0.858243 0.476454 0.477621 
0.968009 0.241194 0.36576 0.523569 
0.356631 0.390174 0.46979 0.51721 
0.400373 0.713318 0.46455 0.508477 
0.101015 0.798208 0.449169 0.487545 
0.659871 0.442741 0.390457 0.518764 
0.760289 0.181957 0.279799 0.485947 
0.138185 0.622468 0.423153 0.514472 
0.0996643 0.758699 0.374385 0.494158 
0.707958 0.625036 0.524983 0.481864 
0.6593 0.218896 0.51785 0.523782 
0.579249 0.53256 0.548341 0.475417 
0.0513944 0.587865 0.453043 0.47986 
0.426953 0.430821 0.640873 0.536083 
0.770732 0.373109 0.281487 0.504092 
0.49045 0.236796 0.479191 0.515976 
0.969405 0.326698 0.404128 0.433984 
0.46541 0.349623 0.477293 0.499203 
0.752109 0.719111 0.523175 0.465841 
0.441357 0.132284 0.538408 0.501502 
0.775293 0.160256 0.44402 0.499403 
0.50383 0.464634 0.254588 0.477752 
0.736431 0.394483 0.525063 0.524566 
0.324051 0.828263 0.412791 0.45056 
0.396942 0.696495 0.289865 0.530653 
0.515044 0.507996 0.479926 0.49098 
0.137494 0.64343 0.615771 0.511801 
0.352516 0.430199 0.495169 0.508712 
0.612262 0.839753 0.680017 0.435799 
0.582839 0.443659 0.435354 0.507184 
0.697113 0.362669 0.48688 0.438334 
0.833307 0.388686 0.514694 0.518139 
0.900086 0.571324 0.48769 0.52959 
0.0293083 0.79281 0.277115 0.475723 
0.455592 0.376611 0.504865 0.487712 
0.538459 0.330773 0.439846 0.488189 
0.923749 0.474131 0.678401 0.523842 
0.977639 0.453984 0.494257 0.470326 
0.95924 0.682579 0.461201 0.492288 
0.280997 0.726457 0.588762 0.485792 
0.267778 0.643187 0.584613 0.525308 
0.793369 0.344393 0.389303 0.499867 
0.482097 0.546253 0.685018 0.511283 
0.251849 0.487142 0.595715 0.52986 
0.378918 0.196466 0.486741 0.471606 
0.0781107 0.859419 0.531439 0.510786 
0.960336 0.7998 0.472443 0.522523 
0.189741 0.610502 0.59427 0.500708 
0.00310495 0.617849 0.630374 0.469726 
0.166267 0.0346509 0.533054 0.542514 
0.562646 0.394682 0.465148 0.498413 
0.794258 0.304925 0.482935 0.527176 
0.90261 0.488233 0.394766 0.564425 
0.184409 0.582909 0.515952 0.517926 
0.912814 0.769984 0.526248 0.510946 
0.634351 0.736284 0.496643 0.52604 
0.393763 0.343469 0.564339 0.458081 
0.618146 0.413505 0.529003 0.461532 
0.724871 0.684856 0.589977 0.466714 
0.734245 0.292567 0.538203 0.448295 
0.84547 0.676778 0.337676 0.529461 
0.592064 0.631112 0.481647 0.478229 
0.508511 0.287244 0.566139 0.484786 
0.0260949 0.272768 0.511516 0.465601 
0.270961 0.404548 0.419307 0.464047 
0.460584 0.228141 0.557536 0.486578 
0.77374 0.495141 0.61168 0.479449 
0.840393 0.452661 0.589027 0.470492 
0.547552 0.551119 0.44803 0.538161 
0.243361 0.161087 0.621826 0.537015 
0.248319 0.583051 0.578328 0.474961 
0.863769 0.401599 0.448117 0.511278 
0.5978 0.281163 0.378542 0.515872 
0.486621 0.233943 0.449239 0.503809 
0.677723 0.714848 0.532821 0.547142 
0.73839 0.62355 0.596022 0.525042 
0.515556 0.205836 0.495426 0.521632 
0.516132 0.259133 0.555254 0.559278 
0.182 0.25166 0.537998 0.510706 
0.322991 0.537091 0.404031 0.560044 
0.54578 0.786775 0.431938 0.540473 
0.149212 0.449569 0.34949 0.551321 
0.492812 0.884462 0.479908 0.483103 
0.103993 0.520369 0.585235 0.52529 
0.92018 0.523553 0.41025 0.496564 
0.78939 0.597923 0.550941 0.485129 
0.00148937 0.577638 0.516186 0.474217 
0.264093 0.817975 0.434524 0.505383 
0.673121 0.486108 0.62169 0.512593 
0.631451 0.0672506 0.573933 0.483513 
0.948335 0.231499 0.580212 0.462961 
0.318939 0.189487 0.52608 0.511114 
0.0439031 0.38232 0.519783 0.457012 
0.306171 0.259159 0.538986 0.437063 
0.526687 0.835571 0.367156 0.410532 
0.260484 0.489186 0.515683 0.450924 
0.211197 0.657947 0.287433 0.481279 
0.698986 0.412935 0.373877 0.50685 
0.632999 0.334992 0.402761 0.497228 
0.944584 0.680217 0.569072 0.49842 
0.670828 0.224996 0.431997 0.49001 
0.54722 0.255084 0.599568 0.482985 
0.655946 0.301587 0.29195 0.514213 
0.583329 0.444323 0.641736 0.512067 
0.295447 0.605952 0.515303 0.526115 
0.574688 0.159553 0.45806 0.508667 
0.471525 0.308603 0.387697 0.499818 
0.108323 0.452439 0.541139 0.502802 
0.209057 0.553467 0.384394 0.490629 
0.835118 0.653245 0.612078 0.450629 
0.824153 0.360846 0.424567 0.485861 
0.724885 0.476747 0.542994 0.514321 
0.244702 0.733853 0.46492 0.480751 
0.237744 0.430224 0.469505 0.534912 
0.871691 0.724423 0.52648 0.484354 
0.950546 0.378688 0.504881 0.51197 
0.57239 0.211387 0.332288 0.544753 
0.206701 0.205055 0.46116 0.495755 
0.919532 0.614676 0.513017 0.52786 
0.00181469 0.189655 0.581967 0.505058 
0.697952 0.789711 0.592827 0.48149 
0.523917 0.486856 0.593584 0.491929 
0.54856 0.706526 0.46869 0.504003 
0.645125 0.664034 0.521742 0.481994 
0.521975 0.494831 0.482931 0.545517 
0.722575 0.499731 0.536326 0.518208 
0.455962 0.785591 0.368272 0.540154 
0.0512848 0.542762 0.381287 0.478367 
0.560154 0.547174 0.410448 0.553798 
0.190886 0.383149 0.475732 0.571593 
0.597132 0.705388 0.319467 0.489471 
0.184183 0.596999 0.617667 0.537903 
0.279852 0.681099 0.588962 0.541984 
0.32582 0.911318 0.526633 0.476628 
0.580849 0.487915 0.429916 0.52331 
0.616631 0.665623 0.358164 0.520644 
0.288746 0.429963 0.409153 0.489789 
0.712126 0.769639 0.454589 0.50835 
0.886579 0.921319 0.354909 0.553722 
0.108098 0.25954 0.533368 0.479653 
0.775176 0.491652 0.396636 0.536312 
0.117883 0.4776 0.601745 0.494364 
0.219246 0.576321 0.548081 0.497461 
0.915874 0.344926 0.386216 0.547521 
0.0701435 0.199084 0.554552 0.49488 
0.974943 0.471993 0.468701 0.450909 
0.288724 0.677061 0.521027 0.500869 
0.664457 0.163997 0.649982 0.499903 
0.870225 0.305944 0.601367 0.55831 
0.487983 0.34578 0.38557 0.445803 
0.313178 0.304067 0.407033 0.442183 
0.0953335 0.495452 0.576577 0.540728 
0.890534 0.810568 0.596684 0.461967 
0.282865 0.522358 0.372261 0.530576 
0.630328 0.746775 0.495143 0.5106 
0.494888 0.749751 0.614435 0.520574 
0.337124 0.618719 0.495121 0.523949 
0.913249 0.0409009 0.568479 0.504108 
0.710762 0.417295 0.516559 0.553743 
0.792095 0.451751 0.466298 0.506419 
0.397887 0.414799 0.362278 0.45664 
0.0997097 0.507181 0.497706 0.492409 
0.57324 0.230633 0.676881 0.51841 
0.876457 0.262175 0.447459 0.500568 
0.217555 0.2841 0.397239 0.51702 
0.440129 0.559101 0.568982 0.518019 
0.79298 0.581257 0.473076 0.502563 
0.663048 0.569891 0.523159 0.514496 
0.782172 0.706777 0.589801 0.467099 
0.82225 0.403485 0.430315 0.514633 
0.878397 0.521295 0.439222 0.485813 
0.784517 0.751291 0.600784 0.537542 
0.496539 0.515584 0.442297 0.470843 
0.863499 0.65886 0.745567 0.507128 
0.396625 0.178874 0.543186 0.485149 
0.884706 0.406024 0.622074 0.481401 
0.668348 0.449963 0.437559 0.507598 
0.530517 0.509198 0.512345 0.505918 
0.699125 0.240545 0.508313 0.513611 
0.596668 0.767428 0.538637 0.472071 
0.75771 0.411845 0.455645 0.449516 
0.43825 0.719505 0.474244 0.461756 
0.000153544 0.541562 0.54815 0.521155 
0.0870122 0.640821 0.519403 0.43684 
0.221776 0.484605 0.43961 0.464387 
0.139386 0.631715 0.471513 0.509407 
0.676135 0.231445 0.55407 0.505214 
0.122695 0.295972 0.352251 0.483021 
0.661329 0.45402 0.379295 0.445918 
0.588991 0.657321 0.447207 0.495243 
0.484895 0.0668006 0.528567 0.527634 
0.955805 0.446207 0.447534 0.467856 
0.30827 0.894739 0.503815 0.498304 
0.662193 0.38248 0.471058 0.496538 
0.671076 0.773335 0.761841 0.5459 
0.823091 0.563178 0.374701 0.488408 
0.69762 0.470949 0.417861 0.536287 
0.526858 0.13574 0.512834 0.483236 
0.0672457 0.446437 0.444314 0.498961 
0.822608 0.143122 0.373249 0.481649 
0.631098 0.246356 0.340861 0.498292 
0.39676 0.23395 0.405887 0.472958 
0.977442 0.644082 0.718709 0.537819 
0.569022 0.55984 0.446973 0.556497 
0.716816 0.494586 0.356277 0.488871 
0.93829 0.17712 0.667126 0.486225 
0.218207 0.374252 0.415561 0.482293 
0.956895 0.776437 0.409413 0.451494 
0.284806 0.422472 0.48264 0.525303 
0.756282 0.428909 0.621696 0.553049 
0.787094 0.486004 0.386282 0.549437 
0.099293 0.469479 0.594755 0.507365 
0.223666 0.728634 0.458073 0.516805 
0.978988 0.279784 0.521499 0.478339 
0.544803 0.620867 0.636508 0.534859 
0.984963 0.635444 0.540687 0.478099 
0.120831 0.0691546 0.59288 0.496184 
0.192178 0.890702 0.611302 0.468776 
0.567617 0.138909 0.445099 0.502049 
0.445146 0.652509 0.509044 0.545602 
0.347951 0.529181 0.384988 0.483029 
0.687131 0.26503 0.411701 0.477096 
0.703636 0.258555 0.294213 0.490772 
0.881031 0.775722 0.520001 0.471686 
0.712432 0.529817 0.492468 0.532306 
0.193084 0.966525 0.644726 0.522814 
0.820173 0.685743 0.484078 0.504861 
0.0214309 0.427749 0.48226 0.51033 
0.763899 0.346941 0.48576 0.517696 
0.623277 0.324938 0.477478 0.515562 
0.450042 0.588115 0.60071 0.521451 
0.310168 0.250498 0.413671 0.498071 
0.536558 0.383379 0.51643 0.467869 
0.693797 0.144535 0.516971 0.475119 
0.439458 0.413356 0.571677 0.454082 
0.822925 0.60743 0.535136 0.54914 
0.630215 0.506457 0.583943 0.496199 
0.0502565 0.112906 0.432434 0.480035 
0.896977 0.464433 0.397361 0.495158 
0.74913 0.536982 0.519078 0.464983 
0.257844 0.815191 0.389078 0.557926 
0.390077 0.819102 0.449718 0.476323 
0.586854 0.722927 0.483772 0.530346 
0.217329 0.581734 0.578259 0.518067 
0.85878 0.498409 0.551646 0.468596 
0.284693 0.214916 0.558397 0.463156 
0.966038 0.736937 0.616202 0.507573 
0.770188 0.545494 0.449986 0.482809 
0.705009 0.537857 0.548337 0.526387 
0.429826 0.237164 0.460561 0.510554 
0.614788 0.231644 0.376481 0.432706 
0.191679 0.213719 0.585731 0.520143 
0.693873 0.636972 0.388111 0.538858 
0.982679 0.460638 0.598427 0.504014 
0.858632 0.415661 0.483785 0.486694 
0.144494 0.62654 0.480608 0.546956 
0.272503 0.342433 0.569827 0.479366 
0.73828 0.442181 0.415718 0.504508 
0.144781 0.389221 0.380495 0.576341 
0.586663 0.395344 0.717009 0.500582 
0.695133 0.484916 0.529087 0.565034 
0.0654724 0.779577 0.487469 0.49355 
0.15861 0.443148 0.528833 0.52182 
0.0055205 0.143348 0.460675 0.476958 
0.0603255 0.598702 0.635788 0.539428 
0.834445 0.340842 0.409498 0.508815 
0.903613 0.389915 0.456723 0.485033 
0.84357 0.330148 0.50657 0.517081 
0.766285 0.37495 0.394977 0.469078 
0.746938 0.178553 0.449467 0.5053 
0.898294 0.597007 0.505789 0.467711 
0.209616 0.954703 0.459814 0.490454 
0.0825355 0.636543 0.463471 0.501425 
0.408126 0.451214 0.466156 0.51194 
0.361496 0.492699 0.291351 0.478359 
0.0913081 0.447969 0.54966 0.469212 
0.857983 0.15658 0.542777 0.477737 
0.692837 0.412903 0.504626 0.478199 
0.578098 0.5674 0.472128 0.591478 
0.23966 0.055287 0.370667 0.478095 
0.330016 0.428678 0.452155 0.470775 
0.151518 0.449661 0.437119 0.526124 
0.593083 0.5693 0.521702 0.507468 
0.0161948 0.821952 0.445955 0.481353 
0.396959 0.47353 0.518855 0.533556 
0.722906 0.544886 0.570349 0.519929 
0.725608 0.148327 0.458073 0.481147 
0.519329 0.648047 0.496257 0.498445 
0.365673 0.358375 0.527465 0.520208 
0.376404 0.81743 0.568886 0.489039 
0.0966192 0.281835 0.472563 0.462209 
0.884933 0.547922 0.421585 0.549047 
0.354991 0.427573 0.416641 0.517726 
0.660034 0.328865 0.504194 0.465974 
0.113206 0.751068 0.54315 0.471225 
0.839445 0.575478 0.468214 0.529887 
0.460297 0.593942 0.356227 0.541122 
0.797657 0.696392 0.444272 0.53408 
0.558453 0.248805 0.54591 0.506286 
0.331435 0.261057 0.433525 0.539182 
0.170026 0.410374 0.625336 0.474119 
0.936715 0.233942 0.427076 0.521294 
0.224007 0.592697 0.404788 0.522036 
0.744358 0.314043 0.588548 0.479521 
0.0449096 0.205161 0.274596 0.520901 
0.525828 0.497051 0.452004 0.51643 
0.739634 0.890249 0.445272 0.486022 
0.0708788 0.804617 0.469006 0.509825 
0.468144 0.685747 0.612794 0.506576 
0.387286 0.410793 0.479758 0.518227 
0.964121 0.432097 0.529959 0.485988 
0.185334 0.638299 0.358781 0.526996 
0.460493 0.145063 0.516731 0.497651 
0.786195 0.36048 0.617004 0.50125 
0.788225 0.349882 0.529229 0.502212 
0.569634 0.530363 0.486131 0.526034 
0.70883 0.480515 0.517723 0.529083 
0.285362 0.53058 0.50553 0.535964 
0.964897 0.12045 0.581629 0.485321 
0.519342 0.588634 0.456312 0.504227 
0.62857 0.583742 0.450854 0.499 
0.168811 0.25948 0.426067 0.474556 
0.34544 0.474075 0.576842 0.48347 
0.877402 0.800106 0.400529 0.473417 
0.487417 0.392917 0.533435 0.47122 
0.12919 0.669872 0.416815 0.493645 
0.102071 0.502697 0.487567 0.482326 
0.0156882 0.528883 0.338999 0.529853 
0.346197 0.319185 0.424004 0.531753 
0.313635 0.332832 0.61096 0.47659 
0.815668 0.784568 0.511074 0.473362 
0.318173 0.472702 0.406436 0.491701 
0.277322 0.853314 0.447355 0.548841 
0.933549 0.786633 0.393278 0.490859 
0.0793901 0.350999 0.369862 0.514395 
0.429381 0.357402 0.605039 0.520325 
0.426484 0.603375 0.486384 0.514353 
0.846986 0.480092 0.603326 0.44168 
0.109879 0.713836 0.364564 0.512533 
0.539335 0.500622 0.429211 0.496028 
0.881073 0.67271 0.457565 0.512664 
0.855146 0.328401 0.573873 0.47603 
0.0825265 0.53076 0.459247 0.492706 
0.909106 0.337562 0.40631 0.497437 
0.860873 0.210202 0.5107 0.494244 
0.110143 0.303017 0.653114 0.497816 
0.048892 0.579062 0.485373 0.540939 
0.533483 0.725106 0.439865 0.454155 
0.782941 0.390402 0.619681 0.505057 
0.859338 0.634904 0.545103 0.474911 
0.604772 0.494313 0.439144 0.484715 
0.529189 0.540938 0.509436 0.465109 
0.571938 0.435001 0.341416 0.507409 
0.758047 0.163246 0.504609 0.493405 
0.427407 0.352695 0.468628 0.514205 
0.675235 0.548718 0.5208 0.51324 
0.957295 0.682827 0.384381 0.478 
0.829369 0.543426 0.492585 0.538115 
0.579227 0.466874 0.440088 0.517062 
0.0688918 0.548826 0.319937 0.536172 
0.155588 0.453827 0.603413 0.477483 
0.655633 0.434502 0.651459 0.487846 
0.491673 0.244617 0.563249 0.532034 
0.555588 0.87899 0.555529 0.500309 
0.485674 0.521488 0.567955 0.462834 
0.0251583 0.476352 0.572911 0.528325 
0.922882 0.333939 0.556018 0.506894 
0.308884 0.335056 0.53091 0.502915 
0.279106 0.583833 0.469037 0.477036 
0.661479 0.46115 0.544475 0.516829 
0.273117 0.442954 0.541236 0.495497 
0.449074 0.0766623 0.523751 0.496026 
0.571844 0.568603 0.555249 0.435077 
0.117046 0.28639 0.377572 0.524561 
0.506215 0.758803 0.379649 0.506004 
0.0737018 0.155434 0.528788 0.463073 
0.106556 0.474431 0.52707 0.503734 
0.863021 0.293547 0.403279 0.52245 
0.847209 0.0676182 0.430281 0.473936 
0.614217 0.106902 0.516748 0.521809 
0.21798 0.474896 0.466442 0.525238 
0.150757 0.256098 0.600621 0.512582 
0.407603 0.453413 0.65496 0.523619 
0.52051 0.296454 0.48481 0.475941 
0.26564 0.622164 0.516688 0.519282 
0.614726 0.454202 0.485263 0.492465 
0.151281 0.472683 0.39873 0.531134 
0.305537 0.68169 0.446661 0.485845 
0.936419 0.294752 0.426102 0.509219 
0.743207 0.894397 0.486543 0.48724 
0.0950793 0.795317 0.420608 0.510043 
0.758447 0.688297 0.581938 0.481265 
0.450198 0.340526 0.283994 0.459175 
0.330205 0.297392 0.592633 0.522225 
0.497 0.490733 0.645225 0.484298 
0.365552 0.396441 0.306801 0.503978 
0.42026 0.659721 0.354993 0.429551 
0.564629 0.543871 0.424674 0.554293 
0.898646 0.127973 0.66884 0.544788 
0.779335 0.664467 0.373047 0.496495 
0.770106 0.929239 0.588254 0.496466 
0.391368 0.458422 0.550668 0.517048 
0.35261 0.544357 0.683618 0.4783 
0.567997 0.703747 0.54874 0.496969 
0.0824188 0.652145 0.462167 0.47136 
0.730864 0.808747 0.571347 0.525943 
0.794576 0.101243 0.370274 0.439231 
0.889504 0.552748 0.637298 0.516005 
0.415384 0.275757 0.529491 0.482906 
0.762327 0.447355 0.467676 0.492013 
0.347041 0.756993 0.627054 0.521558 
0.498689 0.531982 0.375524 0.466041 
0.796577 0.496465 0.546873 0.524628 
0.110509 0.434525 0.620781 0.486037 
0.118814 0.803414 0.515698 0.525232 
0.353987 0.309526 0.597721 0.478812 
0.0939629 0.485093 0.488623 0.495957 
0.932864 0.625619 0.389455 0.470359 
0.762423 0.777353 0.363363 0.448812 
0.688216 0.446352 0.508941 0.514138 
0.0347815 0.736528 0.626867 0.536961 
0.744989 0.516345 0.510577 0.527631 
0.359831 0.705607 0.501823 0.547565 
0.798297 0.561848 0.584103 0.429317 
0.0325597 0.372296 0.465855 0.460353 
0.665892 0.612465 0.388429 0.460912 
0.033503 0.488692 0.677222 0.499971 
0.950853 0.464825 0.67238 0.520752 
0.895293 0.49304 0.491725 0.528729 
0.585471 0.78425 0.537536 0.467306 
0.651936 0.583993 0.538677 0.529404 
0.059505 0.198952 0.37138 0.478551 
0.0977605 0.265218 0.572595 0.458035 
0.685436 0.601902 0.479951 0.529183 
0.961899 0.10622 0.512816 0.453115 
0.436847 0.481192 0.439382 0.533688 
0.250596 0.696026 0.636802 0.515106 
0.568887 0.209617 0.374345 0.517355 
0.998307 0.604751 0.482162 0.536544 
0.637322 0.557326 0.594845 0.501382 
0.79944 0.553498 0.476645 0.440424 
0.916297 0.129256 0.535641 0.465968 
0.480108 0.87298 0.483986 0.483641 
0.770447 0.212402 0.431634 0.521553 
0.419325 0.363005 0.36552 0.517206 
0.686219 0.7981 0.417522 0.498685 
0.598659 0.651224 0.396018 0.497398 
0.667346 0.27071 0.439531 0.488105 
0.581247 0.782929 0.320007 0.492191 
0.173634 0.510166 0.26593 0.521539 
0.86461 0.14656 0.32717 0.49044 
0.82379 0.677092 0.508676 0.516274 
0.377174 0.0443267 0.554656 0.437127 
0.139529 0.680554 0.561872 0.543975 
0.939711 0.242293 0.323267 0.462257 
0.422666 0.508799 0.422277 0.486804 
0.882957 0.832707 0.523128 0.505797 
0.300339 0.483356 0.371362 0.51271 
0.299373 0.626012 0.455699 0.523915 
0.166987 0.427158 0.475252 0.515385 
0.570702 0.48291 0.459401 0.489425 
0.940103 0.984463 0.486525 0.502386 
0.527279 0.535473 0.497968 0.486691 
0.746435 0.105742 0.431037 0.52585 
0.977078 0.826314 0.558961 0.491257 
0.662172 0.52218 0.614524 0.484286 
0.630525 0.300418 0.512299 0.499532 
0.0374776 0.593967 0.440797 0.479302 
0.884263 0.336413 0.491926 0.514152 
0.368409 0.464521 0.452492 0.513792 
0.297053 0.927815 0.553886 0.490363 
0.52709 0.481882 0.357103 0.513864 
0.537152 0.415064 0.424756 0.505733 
0.635252 0.338476 0.54184 0.535624 
0.0299069 0.907541 0.729929 0.544531 
0.786991 0.275737 0.699139 0.46928 
0.234112 0.485632 0.539266 0.514278 
0.597456 0.492102 0.351499 0.442266 
0.836811 0.662197 0.487497 0.473964 
0.349295 0.789516 0.452015 0.487443 
0.287814 0.436642 0.35901 0.472723 
0.257571 0.285896 0.486774 0.467253 
0.0996578 0.773048 0.599373 0.524305 
0.19213 0.882393 0.555116 0.487208 
0.625096 0.503718 0.393341 0.492944 
0.474484 0.749432 0.610723 0.505232 
0.586016 0.61613 0.60848 0.513351 
0.787736 0.365822 0.261993 0.484907 
0.916694 0.689229 0.545543 0.520751 
0.565858 0.178449 0.413386 0.521714 
0.701968 0.357827 0.505278 0.458877 
0.754884 0.76909 0.408371 0.548859 
0.304122 0.286573 0.547983 0.493688 
0.96178 0.345389 0.547886 0.556451 
0.149468 0.594729 0.461682 0.511393 
0.457343 0.853403 0.538869 0.50732 
0.695884 0.175097 0.616205 0.476639 
0.30119 0.47361 0.311457 0.497007 
0.487564 0.67293 0.530609 0.538805 
0.172071 0.329418 0.413215 0.477705 
0.880963 0.145581 0.574843 0.499402 
0.0557654 0.565947 0.286001 0.477694 
0.76985 0.469042 0.730273 0.514451 
0.892516 0.251285 0.497538 0.515971 
0.965716 0.655849 0.508235 0.458586 
0.641369 0.327919 0.53182 0.470253 
0.723445 0.428733 0.542788 0.493748 
0.517973 0.684148 0.467007 0.476851 
0.960768 0.339589 0.422111 0.473458 
0.134378 0.593357 0.476932 0.535697 
0.849759 0.895459 0.63064 0.491773 
0.599398 0.186518 0.586078 0.518496 
0.776219 0.724717 0.55185 0.499452 
0.405204 0.216599 0.652809 0.513377 
0.584862 0.366914 0.563044 0.52585 
0.362139 0.691241 0.538119 0.492116 
0.943982 0.573871 0.487004 0.469104 
0.626113 0.774288 0.54773 0.547701 
0.196961 0.121433 0.585291 0.532569 
0.209257 0.348899 0.455773 0.53379 
0.561664 0.839686 0.458132 0.490765 
0.773423 0.617326 0.596127 0.471871 
0.57846 0.180886 0.283799 0.533969 
0.034574 0.217656 0.528139 0.479777 
0.198193 0.419534 0.494988 0.54085 
0.649959 0.888193 0.373617 0.470603 
0.387367 0.52731 0.61089 0.466854 
0.55747 0.308641 0.564358 0.5388 
0.741227 0.374413 0.446862 0.503175 
0.983081 0.191852 0.562767 0.501876 
0.202971 0.762368 0.537196 0.483734 
0.553281 0.45337 0.27156 0.507929 
0.792778 0.40767 0.575768 0.564272 
0.843809 0.863316 0.39625 0.49546 
0.298385 0.573578 0.484258 0.552622 
0.721652 0.339211 0.5169 0.508299 
0.593825 0.232252 0.298442 0.529197 
0.676901 0.4578 0.436942 0.570084 
0.330792 0.718778 0.631136 0.552267 
0.344327 0.512826 0.509786 0.500909 
0.411024 0.228289 0.35808 0.518273 
0.979813 0.508801 0.445826 0.470807 
0.461024 0.717363 0.450008 0.473272 
0.573892 0.394847 0.544845 0.521675 
0.647809 0.931948 0.433594 0.519247 
0.626135 0.626533 0.508362 0.45513 
0.10825 0.6882 0.5575 0.435358 
0.81237 0.658915 0.63491 0.491692 
0.915735 0.514869 0.612369 0.516521 
0.158464 0.577488 0.490364 0.474974 
0.412346 0.631562 0.609233 0.455649 
0.23609 0.544653 0.444818 0.448757 
0.156245 0.311843 0.519054 0.472156 
0.395103 0.591592 0.490502 0.48841 
0.424282 0.435679 0.440501 0.538757 
0.0597888 0.699405 0.582263 0.547629 
0.343178 0.621153 0.452453 0.53244 
0.379095 0.345063 0.525384 0.479294 
0.700535 0.704517 0.579459 0.460436 
0.973858 0.442477 0.444891 0.539662 
0.996096 0.612742 0.567011 0.536468 
0.17771 0.48579 0.464878 0.506448 
0.186735 0.546636 0.431378 0.534168 
0.605324 0.445597 0.459393 0.510375 
0.836522 0.597569 0.564325 0.434772 
0.102818 0.387322 0.432038 0.500827 
0.603067 0.817652 0.741856 0.483073 
0.523416 0.31416 0.537104 0.49162 
0.534712 0.187833 0.540576 0.499012 
0.510828 0.283665 0.558675 0.456173 
0.772438 0.240245 0.268952 0.484428 
0.818342 0.0878063 0.43265 0.511323 
0.203781 0.250473 0.562248 0.518391 
0.0547823 0.358411 0.471578 0.484933 
0.964181 0.793062 0.592478 0.494753 
0.617431 0.471054 0.611129 0.508692 
0.649596 0.451377 0.397079 0.46238 
0.856551 0.609536 0.365414 0.468659 
0.081644 0.407617 0.513831 0.501274 
0.962583 0.432147 0.451218 0.529322 
0.396578 0.718156 0.479364 0.477719 
0.956006 0.818985 0.548908 0.494753 
0.841036 0.672532 0.390081 0.549485 
0.559697 0.511059 0.445063 0.528287 
0.167494 0.416118 0.59555 0.463103 
0.144936 0.720076 0.445704 0.556146 
0.6294 0.436684 0.427324 0.552989 
0.2335 0.157908 0.371985 0.42793 
0.254888 0.423377 0.582031 0.50773 
0.130886 0.534343 0.467803 0.496368 
0.868649 0.634033 0.343871 0.524574 
0.0950734 0.145799 0.555415 0.531317 
0.506447 0.782695 0.564256 0.527473 
0.280946 0.563832 0.397457 0.481328 
0.0458553 0.717708 0.504425 0.51813 
0.976001 0.594672 0.557242 0.484925 
0.349241 0.56292 0.654169 0.460195 
0.0048447 0.658649 0.615213 0.515134 
0.411912 0.371247 0.310269 0.478336 
0.530044 0.494853 0.579468 0.520845 
0.259513 0.532575 0.568688 0.552117 
0.343946 0.378771 0.562279 0.47714 
0.23447 0.430365 0.583492 0.54547 
0.384666 0.483163 0.550812 0.467263 
0.675695 0.470504 0.529899 0.560478 
0.387453 0.342515 0.45194 0.530401 
0.668699 0.656217 0.668622 0.520213 
0.0807806 0.715346 0.559271 0.526999 
0.851442 0.339339 0.339953 0.501582 
0.745171 0.4725 0.537117 0.479501 
0.251537 0.295379 0.443541 0.429141 
0.416234 0.273656 0.496794 0.520133 
0.320214 0.240106 0.65981 0.482843 
0.129699 0.547217 0.451778 0.512544 
0.921249 0.574745 0.621517 0.494894 
0.75956 0.487526 0.517617 0.493937 
0.229664 0.351412 0.31802 0.455354 
0.958235 0.138408 0.587571 0.464664 
0.722391 0.930741 0.663335 0.461936 
0.384397 0.230633 0.548691 0.519243 
0.0079241 0.922587 0.378208 0.479898 
0.249946 0.720018 0.421103 0.517971 
0.103753 0.568699 0.616167 0.503447 
0.756861 0.154291 0.662466 0.497587 
0.818546 0.512629 0.633835 0.481867 
0.599831 0.594573 0.411617 0.507071 
0.299118 0.784534 0.65477 0.458575 
0.759658 0.452189 0.425297 0.47093 
0.68904 0.409251 0.495739 0.504445 
0.941503 0.481061 0.345681 0.484452 
0.762241 0.938897 0.609104 0.460863 
0.235478 0.215 0.427341 0.470875 
0.670931 0.575289 0.598825 0.507257 
0.612399 0.390855 0.579852 0.502796 
0.291554 0.323462 0.496278 0.534692 
0.0622579 0.377575 0.403323 0.495154 
0.987075 0.791776 0.373805 0.499675 
0.00553899 0.593478 0.351375 0.520877 
0.328587 0.856816 0.497218 0.55084 
0.72444 0.401207 0.451352 0.526103 
0.893555 0.823646 0.589852 0.531727 
0.0876356 0.413232 0.380692 0.507922 
0.167784 0.738176 0.480324 0.496167 
0.413909 0.446064 0.595291 0.471911 
0.446302 0.538714 0.544229 0.476294 
0.196489 0.234389 0.530214 0.522234 
0.41366 0.202848 0.513915 0.485014 
0.884542 0.714354 0.523569 0.51213 
0.00302772 0.264074 0.712222 0.466568 
0.869339 0.422965 0.52632 0.480371 
0.122335 0.883551 0.552288 0.547369 
0.304303 0.785207 0.344888 0.492064 
0.0642278 0.754574 0.519643 0.512824 
0.722918 0.455597 0.573162 0.482346 
0.545316 0.693394 0.640015 0.505283 
0.313741 0.582733 0.562572 0.51696 
0.886622 0.151388 0.592855 0.540046 
0.486185 0.501838 0.427503 0.487955 
0.349695 0.504068 0.356343 0.505763 
0.431087 0.646366 0.480493 0.499065 
0.581203 0.088233 0.497126 0.477984 
0.715188 0.218867 0.565781 0.503594 
0.435187 0.778608 0.60473 0.494231 
0.269701 0.697448 0.473098 0.504317 
0.497218 0.209131 0.50029 0.530496 
0.18964 0.833267 0.42276 0.534628 
0.0377359 0.501521 0.417211 0.524236 
0.0872673 0.770272 0.601239 0.518508 
0.423087 0.533253 0.589633 0.541703 
0.852127 0.511763 0.442781 0.544597 
0.453862 0.687136 0.452875 0.490128 
0.708206 0.114382 0.517789 0.505751 
0.304302 0.26489 0.407693 0.540137 
0.909329 0.432685 0.549698 0.481128 
0.4101 0.584268 0.674963 0.511414 
0.497691 0.455176 0.628532 0.507906 
0.0542413 0.913422 0.426785 0.493988 
0.532262 0.296125 0.462344 0.483534 
0.527315 0.263717 0.430254 0.549319 
0.870183 0.361567 0.563172 0.517806 
0.853018 0.259983 0.409601 0.513278 
0.787792 0.249198 0.573666 0.515428 
0.398522 0.594303 0.553297 0.494151 
0.746523 0.315039 0.539567 0.529594 
0.796946 0.772641 0.54864 0.458504 
0.981029 0.412353 0.550919 0.466497 
0.138094 0.390056 0.38991 0.500277 
0.796535 0.0686759 0.305031 0.496712 
0.550834 0.706167 0.572647 0.497745 
0.61865 0.494108 0.641249 0.532634 
0.715549 0.140427 0.580033 0.505263 
0.49036 0.555013 0.507952 0.52507 
0.909645 0.689061 0.473079 0.460406 
0.503741 0.558763 0.384044 0.486997 
0.523017 0.798903 0.647749 0.509972 
0.608997 0.537703 0.349511 0.521079 
0.00647231 0.650256 0.545034 0.518487 
0.986835 0.610486 0.503439 0.533173 
0.225051 0.37287 0.69182 0.503493 
0.516855 0.556346 0.410166 0.499623 
0.890277 0.209134 0.649471 0.485595 
0.724953 0.58636 0.708583 0.524466 
0.504817 0.485811 0.416799 0.504615 
0.166673 0.201243 0.522301 0.546 
0.888328 0.570869 0.469092 0.477518 
0.196645 0.481564 0.455678 0.532348 
0.572378 0.816699 0.443348 0.511617 
0.386461 0.152645 0.515147 0.5115 
0.582274 0.648057 0.41834 0.541246 
0.098214 0.595497 0.476631 0.5263 
0.678363 0.692566 0.52516 0.503262 
0.791938 0.567123 0.399405 0.51996 
0.349676 0.369759 0.635744 0.524483 
0.172968 0.284334 0.469308 0.503556 
0.0379653 0.638418 0.604642 0.492465 
0.885138 0.694328 0.557928 0.490377 
0.70961 0.428829 0.37874 0.555094 
0.226074 0.691949 0.551158 0.469726 
0.892816 0.58082 0.573485 0.514148 
0.155843 0.0254963 0.499064 0.508911 
0.585549 0.733506 0.489252 0.517281 
0.433168 0.828309 0.441312 0.521658 
0.517658 0.552168 0.368271 0.471583 
0.818606 0.837885 0.506813 0.465355 
0.953661 0.432961 0.622123 0.533634 
0.598544 0.256048 0.558319 0.516486 
0.12927 0.733994 0.513599 0.48003 
0.122157 0.296821 0.445499 0.509843 
0.0412451 0.629584 0.53517 0.502374 
0.951706 0.778005 0.566568 0.472257 
0.409949 0.778993 0.701619 0.489144 
0.793953 0.461448 0.567177 0.483169 
0.608408 0.511637 0.523489 0.537046 
0.239104 0.699601 0.501214 0.505039 
0.969116 0.52004 0.430666 0.510241 
0.370669 0.326527 0.411243 0.499148 
0.184995 0.564143 0.523918 0.509518 
0.276684 0.341306 0.639179 0.486805 
0.00481039 0.554641 0.567628 0.522621 
0.0621467 0.698008 0.423583 0.462755 
0.211892 0.856903 0.387647 0.501301 
0.440671 0.431428 0.51469 0.541729 
0.881591 0.617177 0.587066 0.543548 
0.954347 0.584496 0.565905 0.489044 
0.587415 0.467097 0.476951 0.485856 
0.607129 0.314449 0.616794 0.582717 
0.720733 0.638427 0.400699 0.505651 
0.23523 0.292446 0.505491 0.472819 
0.350622 0.358263 0.430435 0.515576 
0.279844 0.623432 0.43067 0.504052 
0.529677 0.649279 0.336962 0.497307 
0.591445 0.504822 0.505342 0.48829 
0.317935 0.683406 0.492029 0.499425 
0.701907 0.807978 0.534179 0.451874 
0.226043 0.607697 0.66274 0.477421 
0.74472 0.828403 0.570431 0.464492 
0.0699975 0.370825 0.531812 0.535746 
0.916057 0.365215 0.438282 0.4959 
0.201698 0.397078 0.64628 0.44484 
0.452622 0.20368 0.406248 0.571404 
0.373458 0.5377 0.508615 0.522321 
0.465804 0.536594 0.429625 0.530116 
0.107528 0.429468 0.417607 0.500811 
0.272959 0.335854 0.432109 0.481637 
0.9976 0.496916 0.529715 0.492397 
0.813168 0.416344 0.462958 0.496371 
0.321686 0.445911 0.453634 0.50434 
0.474636 0.640453 0.447329 0.533553 
0.997126 0.302713 0.433954 0.538905 
0.84539 0.239438 0.450148 0.444541 
0.313834 0.382864 0.750479 0.516446 
0.0668984 0.380095 0.719497 0.516838 
0.397564 0.533895 0.430653 0.564435 
0.964346 0.511472 0.353477 0.500434 
0.774782 0.400265 0.483499 0.469022 
0.816145 0.539632 0.459282 0.486254 
0.325099 0.640229 0.624942 0.504589 
0.266922 0.60592 0.728763 0.504669 
0.10309 0.36297 0.421989 0.483687 
0.0340457 0.447684 0.636575 0.481578 
0.92306 0.666634 0.495014 0.487049 
0.956993 0.544608 0.455791 0.491498 
0.504644 0.43988 0.473719 0.489661 
0.967646 0.668335 0.511895 0.512002 
0.816861 0.696568 0.490388 0.515895 
0.260609 0.515815 0.67945 0.487704 
0.663617 0.428794 0.48521 0.538544 
0.823013 0.784753 0.400951 0.474567 
0.820231 0.283961 0.412102 0.505419 
0.282791 0.454915 0.767313 0.472609 
0.498029 0.511754 0.405201 0.547039 
0.236559 0.466629 0.517707 0.533895 
0.379635 0.522878 0.422849 0.502661 
0.140229 0.460943 0.63281 0.537387 
0.953583 0.665026 0.506877 0.57235 
0.706369 0.80791 0.473226 0.452667 
0.760791 0.474097 0.511941 0.543236 
0.678813 0.757528 0.505179 0.434745 
0.867437 0.346857 0.522473 0.453249 
0.849939 0.555208 0.527722 0.499316 
0.990067 0.353823 0.488701 0.508379 
0.644128 0.69931 0.337704 0.46014 
0.619877 0.509324 0.522506 0.523981 
0.0112089 0.297818 0.547513 0.514317 
0.341774 0.304938 0.467945 0.50774 
0.479025 0.408963 0.586857 0.457384 
0.275878 0.259954 0.509497 0.527191 
0.751308 0.797285 0.715794 0.474683 
0.946424 0.516507 0.499684 0.504851 
0.293311 0.501247 0.481555 0.461398 
0.108453 0.153915 0.518364 0.532281 
0.0831001 0.300391 0.557155 0.485831 
0.589792 0.920796 0.526532 0.490648 
0.961335 0.567786 0.611309 0.538259 
0.418573 0.335434 0.535982 0.521037 
0.314559 0.368944 0.494382 0.531242 
0.652118 0.854762 0.458649 0.482481 
0.884388 0.280596 0.434297 0.509288 
0.267839 0.462274 0.3715 0.524291 
0.321798 0.500363 0.658262 0.476422 
0.543462 0.287983 0.556847 0.467005 
0.493718 0.807299 0.54375 0.495892 
0.684539 0.621575 0.515161 0.480792 
0.656877 0.194505 0.375463 0.529879 
0.0364491 0.542225 0.716811 0.477676 
0.00978107 0.462665 0.398351 0.481981 
0.874469 0.548737 0.392361 0.458753 
0.692352 0.296842 0.487272 0.518258 
0.161511 0.0974424 0.545756 0.47163 
0.913808 0.458114 0.546914 0.510276 
0.46678 0.850227 0.314823 0.475547 
0.00411833 0.630814 0.386494 0.535853 
0.36106 0.520891 0.499294 0.494002 
0.784693 0.124198 0.549281 0.459307 
0.572925 0.750887 0.502762 0.483297 
0.292967 0.400329 0.347361 0.503335 
0.415366 0.383354 0.470306 0.475502 
0.0197031 0.504549 0.566552 0.523733 
0.872959 0.468392 0.439143 0.526369 
0.646043 0.436723 0.472417 0.512356 
0.240628 0.540113 0.550341 0.503883 
0.0599533 0.749257 0.479202 0.47842 
0.726157 0.681613 0.345304 0.497594 
0.0512151 0.485476 0.362094 0.509416 
0.473902 0.34249 0.461899 0.432084 
0.305584 0.829903 0.468755 0.495738 
0.809143 0.912756 0.449649 0.497232 
0.415322 0.841343 0.460753 0.504751 
0.223944 0.384316 0.419025 0.442783 
0.311958 0.378468 0.607297 0.477513 
0.610189 0.379762 0.558561 0.483699 
0.422913 0.773745 0.643316 0.462764 
0.37432 0.639812 0.63343 0.566229 
0.14412 0.101734 0.541523 0.512196 
0.567433 0.577716 0.619445 0.506751 
0.333183 0.427028 0.637985 0.495319 
0.236578 0.365959 0.550909 0.487991 
0.125549 0.487693 0.499177 0.520817 
0.264772 0.285326 0.465696 0.448685 
0.083252 0.384958 0.653882 0.465843 
0.49696 0.661638 0.472697 0.535976 
0.498483 0.709389 0.712851 0.551387 
0.143972 0.821994 0.515575 0.520917 
0.0860759 0.570367 0.381475 0.491323 
0.578927 0.523561 0.47055 0.459259 
0.722762 0.615787 0.439148 0.492335 
0.125895 0.347167 0.612398 0.473586 
0.0274529 0.38656 0.404395 0.453658 
0.523208 0.228447 0.412401 0.480215 
0.940147 0.41209 0.40245 0.495509 
0.547031 0.128478 0.580231 0.49344 
0.331705 0.336813 0.512271 0.507136 
0.0034967 0.202896 0.43435 0.518707 
0.340003 0.569678 0.526794 0.434967 
0.318035 0.528271 0.553349 0.516584 
0.238497 0.184284 0.506749 0.502849 
0.354434 0.705199 0.5691 0.422815 
0.254531 0.22702 0.414062 0.498466 
0.325596 0.176433 0.432232 0.521687 
0.479258 0.501932 0.480269 0.504188 
0.662868 0.312733 0.60273 0.482588 
0.418304 0.468617 0.621637 0.52591 
0.173446 0.305602 0.324684 0.507259 
0.132186 0.737726 0.515835 0.463148 
0.706279 0.247808 0.500503 0.516512 
0.234875 0.582896 0.490156 0.457274 
0.457046 0.104768 0.536051 0.432632 
0.547669 0.774574 0.464251 0.510425 
0.424873 0.534799 0.425163 0.49761 
0.54594 0.448036 0.336973 0.538449 
0.172793 0.468605 0.653213 0.552642 
0.355041 0.549209 0.324378 0.501243 
0.766408 0.100206 0.362532 0.467488 
0.395619 0.385654 0.490675 0.476162 
0.578257 0.639579 0.486378 0.514632 
0.977203 0.324647 0.465462 0.48395 
0.194067 0.130881 0.551138 0.479734 
0.87978 0.527028 0.586308 0.534439 
0.0658288 0.602494 0.541432 0.534731 
0.188264 0.464131 0.334471 0.502595 
0.415166 0.4072 0.554591 0.484216 
0.2799 0.888939 0.522305 0.459189 
0.327634 0.028727 0.532052 0.507257 
0.853657 0.870476 0.294437 0.533507 
0.458692 0.228329 0.474629 0.503467 
0.371362 0.452087 0.513215 0.461037 
0.43281 0.0994482 0.530653 0.472984 
0.80125 0.0358563 0.612952 0.517214 
0.0574356 0.434121 0.523537 0.471831 
0.791658 0.633192 0.434598 0.498889 
0.286298 0.37071 0.513925 0.492787 
0.900967 0.358121 0.396911 0.531388 
0.299863 0.578435 0.389211 0.46486 
0.535787 0.263318 0.387703 0.549432 
0.386787 0.372887 0.382842 0.50429 
0.900829 0.04804 0.546382 0.50084 
0.100295 0.385031 0.65387 0.535919 
0.551179 0.213229 0.514146 0.52519 
0.664849 0.944661 0.317043 0.499428 
0.806947 0.667319 0.635738 0.522369 
0.55484 0.270493 0.575467 0.521559 
0.726144 0.887923 0.629602 0.532556 
0.493854 0.657036 0.435058 0.54674 
0.937695 0.252132 0.444943 0.473496 
0.534903 0.687044 0.503667 0.477291 
0.653785 0.255283 0.547795 0.410573 
0.477836 0.542805 0.438271 0.497671 
0.96844 0.806113 0.541814 0.495208 
0.718767 0.747608 0.461875 0.478427 
0.913284 0.249369 0.521767 0.502969 
0.302889 0.356012 0.468652 0.482491 
0.959187 0.467636 0.603219 0.532802 
0.94239 0.659092 0.452869 0.531941 
0.404726 0.230596 0.590797 0.544145 
0.481252 0.0762476 0.546309 0.517658 
0.576073 0.708523 0.368134 0.451231 
0.499389 0.708597 0.594897 0.477392 
0.820362 0.689238 0.603261 0.451329 
0.128299 0.363681 0.49866 0.488892 
0.437831 0.407558 0.509368 0.509931 
0.542333 0.409269 0.7125 0.498077 
0.609188 0.10372 0.665584 0.479031 
0.619102 0.369505 0.5618 0.456786 
0.105357 0.527009 0.527157 0.51748 
0.706812 0.593622 0.423512 0.525363 
0.923689 0.432344 0.38503 0.500098 
0.918692 0.607611 0.52714 0.565948 
0.957778 0.431308 0.50281 0.481549 
0.638739 0.10562 0.500478 0.544733 
0.814706 0.309794 0.63172 0.504205 
0.133274 0.578712 0.611023 0.463234 
0.739809 0.713761 0.462799 0.499884 
0.365439 0.339465 0.547981 0.464167 
0.306041 0.884307 0.607912 0.486309 
0.171399 0.27742 0.417427 0.482116 
0.506522 0.39217 0.514156 0.521564 
0.992291 0.441087 0.52167 0.444159 
0.534106 0.176157 0.607436 0.563586 
0.836638 0.562973 0.507438 0.492452 
0.0232818 0.212265 0.504416 0.504883 
0.577824 0.453638 0.50215 0.481678 
0.635668 0.734361 0.565177 0.501496 
0.917179 0.279888 0.634631 0.539321 
0.297001 0.336306 0.479677 0.481948 
0.258916 0.664048 0.39692 0.512818 
0.920485 0.149735 0.487982 0.511965 
0.332544 0.307854 0.391154 0.45011 
0.122666 0.732862 0.371285 0.53588 
0.750231 0.194804 0.633132 0.493386 
0.643884 0.644761 0.639126 0.486048 
0.801434 0.920233 0.560912 0.501995 
0.535436 0.525082 0.406224 0.452396 
0.683601 0.471697 0.467755 0.533494 
0.621575 0.562767 0.495873 0.44904 
0.184535 0.644551 0.607126 0.496357 
0.478617 0.363431 0.342135 0.483892 
0.307285 0.760271 0.61175 0.488904 
0.386189 0.741768 0.453643 0.459521 
0.227667 0.640954 0.432408 0.483847 
0.352966 0.59238 0.571092 0.504042 
0.72466 0.364298 0.760547 0.463652 
0.609208 0.66548 0.412964 0.589533 
0.198343 0.527791 0.528732 0.482705 
0.330934 0.668613 0.475409 0.499733 
0.978185 0.369585 0.551643 0.497967 
0.296531 0.181763 0.521911 0.467615 
0.405924 0.856701 0.557937 0.479969 
0.234413 0.113363 0.474918 0.512909 
0.207547 0.734099 0.525934 0.452865 
0.660471 0.275472 0.484121 0.549131 
0.0739085 0.530063 0.534095 0.474196 
0.626711 0.458382 0.562019 0.508015 
0.129483 0.496557 0.434463 0.475729 
0.581381 0.749641 0.570859 0.500776 
0.963364 0.505663 0.367882 0.460809 
0.70522 0.451044 0.4243 0.484265 
0.968573 0.513501 0.276311 0.544772 
0.860455 0.639608 0.447104 0.46265 
0.718386 0.479298 0.418351 0.455976 
0.153364 0.55908 0.513448 0.491242 
0.449585 0.740312 0.433143 0.467242 
0.849923 0.255237 0.451267 0.478584 
0.526083 0.394971 0.504973 0.468417 
0.777828 0.461831 0.604418 0.499501 
0.747755 0.632853 0.426262 0.476684 
0.00242824 0.47536 0.433117 0.432596 
0.481787 0.811658 0.675814 0.454767 
0.385118 0.197389 0.534149 0.485228 
0.557635 0.439248 0.594729 0.516206 
0.0387878 0.92713 0.59476 0.498309 
0.370772 0.249684 0.50691 0.514315 
0.711532 0.481066 0.610518 0.552625 
0.326349 0.339009 0.397816 0.502613 
0.0795515 0.654596 0.697329 0.532978 
0.485121 0.23062 0.411779 0.532139 
0.490526 0.510075 0.598287 0.495052 
0.814568 0.120068 0.488812 0.523219 
0.664325 0.0617428 0.456315 0.525235 
0.871711 0.0819145 0.544113 0.522217 
0.00504541 0.474414 0.340745 0.483948 
0.578429 0.601578 0.484451 0.483163 
0.193177 0.613928 0.478514 0.474964 
0.056609 0.158063 0.544489 0.567914 
0.220075 0.719639 0.546959 0.563709 
0.756678 0.237321 0.547103 0.513907 
0.222561 0.369285 0.583199 0.476584 
0.0331118 0.578715 0.564126 0.537745 
0.218773 0.830837 0.711356 0.543975 
0.217209 0.38459 0.374797 0.478364 
0.146083 0.821822 0.551788 0.527684 
0.0747208 0.232627 0.733564 0.498414 
0.97692 0.668401 0.343128 0.473605 
0.152126 0.397195 0.514277 0.487477 
0.15658 0.26665 0.478644 0.550069 
0.898703 0.664357 0.457486 0.51119 
0.214004 0.487671 0.438998 0.511021 
0.565654 0.487051 0.519023 0.477203 
0.74488 0.50376 0.428297 0.529208 
0.737518 0.755107 0.421984 0.495675 
0.270263 0.180852 0.467589 0.464017 
0.698397 0.372551 0.499671 0.511401 
0.22316 0.800978 0.480877 0.492335 
0.0699708 0.224687 0.498173 0.508273 
0.698976 0.418226 0.44327 0.531507 
0.667223 0.456668 0.477919 0.510241 
0.404186 0.322835 0.570509 0.509441 
0.935971 0.500194 0.504489 0.510178 
0.959897 0.62648 0.610394 0.445572 
0.833791 0.204496 0.464027 0.508067 
0.315148 0.446216 0.455483 0.511779 
0.941376 0.688237 0.425011 0.477778 
0.587009 0.477134 0.456432 0.502383 
0.476427 0.256804 0.426722 0.529391 
0.0260142 0.834283 0.431644 0.478386 
0.00462988 0.208421 0.536039 0.471021 
0.221902 0.582593 0.608246 0.575823 
0.0285995 0.54906 0.29494 0.504429 
0.833118 0.698545 0.701418 0.56443 
0.575347 0.740853 0.61869 0.523807 
0.599623 0.688542 0.48568 0.530583 
0.730229 0.417482 0.292763 0.471551 
0.321175 0.278494 0.49261 0.519979 
0.156225 0.34167 0.469772 0.513887 
0.999458 0.149021 0.299457 0.487916 
0.251717 0.665829 0.519243 0.465803 
0.549497 0.205208 0.498336 0.470805 
0.391785 0.407582 0.492351 0.464349 
0.787792 0.777061 0.55702 0.504886 
0.400116 0.327074 0.388045 0.510477 
0.745381 0.648208 0.459642 0.533375 
0.377479 0.330157 0.464664 0.45856 
0.849264 0.243932 0.514199 0.487338 
0.0760069 0.558674 0.470073 0.44015 
0.570448 0.59479 0.575224 0.495888 
0.0362885 0.567624 0.251954 0.536739 
0.197237 0.581251 0.478373 0.571033 
0.361012 0.622051 0.654881 0.56392 
0.0410603 0.461621 0.500695 0.550303 
0.971627 0.558326 0.428877 0.504146 
0.552981 0.612315 0.488802 0.519709 
0.0908076 0.766967 0.570905 0.50931 
0.475402 0.735681 0.557709 0.463572 
0.91823 0.675179 0.595951 0.534486 
0.768883 0.954257 0.493105 0.461404 
0.0870397 0.307995 0.574783 0.550701 
0.00678234 0.294292 0.538506 0.478851 
0.278815 0.231622 0.565583 0.531572 
0.634645 0.806049 0.589026 0.485536 
0.932562 0.169006 0.518346 0.478836 
0.00123622 0.83295 0.553716 0.48114 
0.974311 0.541036 0.712031 0.49888 
0.743321 0.346046 0.553818 0.43605 
0.795444 0.795811 0.597783 0.495069 
0.559532 0.368779 0.583038 0.550702 
0.388786 0.535642 0.563804 0.529314 
0.00895834 0.546815 0.348261 0.575809 
0.324617 0.397602 0.440065 0.508209 
0.737729 0.582548 0.664527 0.428574 
0.215128 0.486806 0.492027 0.512657 
0.328395 0.476559 0.429782 0.502316 
0.508842 0.462898 0.531433 0.493347 
0.410946 0.372049 0.575907 0.520623 
0.880943 0.643693 0.527602 0.489767 
0.381866 0.660437 0.572742 0.505325 
0.0348295 0.5811 0.673696 0.458389 
0.212994 0.535268 0.560602 0.471699 
0.551778 0.515713 0.524322 0.48195 
0.191726 0.84891 0.57002 0.505794 
0.992271 0.649795 0.585745 0.500494 
0.746966 0.166815 0.53421 0.503687 
0.78508 0.648318 0.362751 0.56 
0.733786 0.173612 0.536945 0.518542 
0.614681 0.111365 0.557147 0.503807 
0.472248 0.881556 0.538906 0.497396 
0.276452 0.850898 0.436388 0.506619 
0.45524 0.316634 0.677631 0.505769 
0.445357 0.678598 0.602364 0.481912 
0.181251 0.684016 0.521035 0.457443 
0.051799 0.386889 0.540769 0.502122 
0.237375 0.6913 0.388431 0.505778 
0.17619 0.503548 0.540243 0.491052 
0.790332 0.55179 0.580793 0.473325 
0.38544 0.774214 0.44838 0.517995 
0.296499 0.508802 0.509536 0.513844 
0.19123 0.530249 0.503305 0.49845 
0.946011 0.529771 0.434748 0.492965 
0.854796 0.40088 0.636003 0.504837 
0.295681 0.82542 0.302487 0.495513 
0.292988 0.650744 0.42216 0.536679 
0.508054 0.335308 0.356869 0.483817 
0.684913 0.655538 0.661963 0.486948 
0.00186913 0.6317 0.599423 0.474844 
0.402657 0.743544 0.576611 0.530234 
0.789824 0.211228 0.599039 0.500429 
0.0179435 0.912984 0.482218 0.529186 
0.0329985 0.222798 0.473018 0.481539 
0.3795 0.889918 0.288664 0.471699 
0.144509 0.655005 0.377585 0.467841 
0.309307 0.894629 0.446866 0.50412 
0.36928 0.505571 0.410273 0.504614 
0.142192 0.899532 0.37332 0.477589 
0.370327 0.381814 0.450508 0.441588 
0.768272 0.225757 0.520938 0.437911 
0.529786 0.142725 0.497237 0.50165 
0.607256 0.283759 0.667686 0.490501 
0.912142 0.692938 0.465655 0.504113 
0.909077 0.704628 0.500905 0.49806 
0.723593 0.6598 0.45642 0.479756 
0.666955 0.230702 0.522167 0.484993 
0.0605547 0.627502 0.360449 0.453225 
0.861658 0.340013 0.514555 0.549219 
0.364408 0.561741 0.507785 0.507553 
0.559919 0.386408 0.541273 0.507065 
0.548435 0.245971 0.528746 0.49271 
0.329056 0.248297 0.547521 0.485895 
0.4853 0.399743 0.493709 0.48986 
0.0600047 0.445202 0.475466 0.47665 
0.0310316 0.561786 0.592318 0.572398 
0.911249 0.360702 0.473016 0.532209 
0.608522 0.435691 0.427016 0.483638 
0.408725 0.499292 0.546538 0.481528 
0.977718 0.49908 0.638228 0.481688 
0.100601 0.595132 0.498152 0.485101 
0.223532 0.473253 0.559912 0.523203 
0.799066 0.782053 0.58166 0.519928 
0.225615 0.368164 0.586214 0.466003 
0.469338 0.402578 0.393669 0.472549 
0.319374 0.52637 0.564275 0.485221 
0.407579 0.536561 0.467709 0.515301 
0.728675 0.33753 0.47211 0.461498 
0.51015 0.299537 0.445034 0.49382 
0.427063 0.304799 0.556138 0.502409 
0.859739 0.614146 0.437054 0.505558 
0.417419 0.425016 0.476558 0.483885 
0.0716052 0.727437 0.439633 0.493472 
0.781252 0.602471 0.548073 0.494835 
0.962137 0.107924 0.565942 0.503072 
0.257791 0.877743 0.457632 0.459153 
0.383789 0.607249 0.563321 0.501083 
0.842279 0.729915 0.393589 0.476996 
0.374106 0.591575 0.301272 0.521163 
0.912022 0.26885 0.488981 0.536469 
0.0483697 0.7393 0.482845 0.518511 
0.26986 0.351854 0.6812 0.478121 
0.419799 0.789948 0.613091 0.515232 
0.366019 0.58025 0.551338 0.528353 
0.0418637 0.379246 0.38968 0.477225 
0.154747 0.252564 0.488586 0.465221 
0.727013 0.368631 0.568027 0.477317 
0.658517 0.398011 0.527295 0.484598 
0.440664 0.733388 0.713707 0.468821 
0.947318 0.494537 0.52785 0.528827 
0.0575931 0.295173 0.390132 0.53437 
0.745619 0.616731 0.621792 0.560985 
0.129631 0.779412 0.507805 0.518637 
0.0313199 0.562851 0.572401 0.508095 
0.271114 0.383586 0.764792 0.573011 
0.534822 0.289994 0.551243 0.500956 
0.829671 0.439312 0.570045 0.499354 
0.642018 0.363109 0.387982 0.435416 
0.512515 0.361676 0.580518 0.534675 
0.356193 0.596726 0.65243 0.439622 
0.219397 0.604251 0.60959 0.479973 
0.0924073 0.892337 0.491013 0.503925 
0.578089 0.461158 0.612034 0.490063 
0.392034 0.501654 0.460595 0.489221 
0.296268 0.418401 0.563876 0.554531 
0.726517 0.619654 0.6852 0.469717 
0.103985 0.673992 0.533222 0.503212 
0.803565 0.818216 0.55941 0.539885 
0.206539 0.339968 0.513944 0.520761 
0.249282 0.249083 0.403507 0.502173 
0.317297 0.183328 0.504667 0.523627 
0.0734512 0.342641 0.740971 0.458761 
0.0730923 0.269654 0.485244 0.505484 
0.0781564 0.305582 0.590543 0.501064 
0.140625 0.489598 0.58979 0.527218 
0.182258 0.389838 0.421646 0.52573 
0.586269 0.114293 0.513554 0.492346 
0.0190439 0.164387 0.346422 0.500946 
0.464427 0.524989 0.485433 0.49867 
0.0672752 0.358533 0.591638 0.489447 
0.734804 0.368291 0.53819 0.397339 
0.191073 0.573128 0.725667 0.477294 
0.383676 0.383416 0.464247 0.511702 
0.941932 0.381107 0.347562 0.499959 
0.699944 0.667423 0.683162 0.504938 
0.920076 0.797994 0.514956 0.542833 
0.591564 0.676651 0.361936 0.499895 
0.707838 0.731197 0.445364 0.49284 
0.992859 0.505456 0.514686 0.506418 
0.904737 0.224622 0.634986 0.506977 
0.356929 0.636112 0.434226 0.536808 
0.250263 0.590626 0.455447 0.406452 
0.979176 0.298507 0.421201 0.503488 
0.853579 0.588444 0.520515 0.509344 
0.476386 0.277225 0.476111 0.505262 
0.908574 0.200022 0.405255 0.522766 
0.319363 0.317119 0.238151 0.533642 
0.923175 0.587955 0.587461 0.505202 
0.148125 0.28022 0.546227 0.474529 
0.0493317 0.580823 0.421634 0.529858 
0.0929631 0.451132 0.509927 0.544998 
0.491987 0.600046 0.617714 0.454606 
0.192065 0.455702 0.566904 0.520921 
0.290812 0.228751 0.463342 0.489975 
0.720248 0.784775 0.40894 0.541828 
0.320464 0.284056 0.464773 0.508225 
0.739364 0.681406 0.557447 0.489549 
0.539728 0.311381 0.553077 0.492693 
0.717503 0.183283 0.467458 0.508779 
0.122825 0.807795 0.452498 0.504502 
0.200756 0.6313 0.474001 0.538017 
0.265814 0.388746 0.530533 0.47231 
0.0112256 0.360066 0.46 0.500977 
0.562134 0.594479 0.313756 0.530226 
0.734142 0.770481 0.431141 0.549122 
0.176162 0.512108 0.468217 0.548989 
0.400306 0.7243 0.428416 0.495097 
0.136778 0.276428 0.566666 0.517855 
0.77239 0.447453 0.51246 0.549491 
0.133372 0.300591 0.497398 0.513562 
0.920681 0.409973 0.38163 0.507049 
0.218529 0.914597 0.287038 0.468439 
0.616201 0.655039 0.572017 0.512061 
0.420498 0.369582 0.622423 0.497913 
0.679681 0.653375 0.428145 0.516514 
0.401496 0.529629 0.402682 0.461773 
0.286812 0.515781 0.505148 0.527642 
0.578591 0.472056 0.360076 0.50085 
0.251861 0.698775 0.400111 0.486149 
0.505229 0.180209 0.466922 0.52083 
0.380462 0.32789 0.532693 0.527069 
0.472735 0.660508 0.491578 0.479924 
0.24762 0.441167 0.278764 0.470192 
0.127878 0.870247 0.286217 0.443701 
0.651145 0.321983 0.591879 0.5109 
0.079393 0.491533 0.485449 0.542124 
0.182425 0.517489 0.395711 0.527421 
0.0570704 0.182719 0.563658 0.453518 
0.51891 0.552722 0.341789 0.495795 
0.987547 0.148319 0.329767 0.552311 
0.508562 0.678141 0.513592 0.508268 
0.513329 0.502243 0.4225 0.538225 
0.175573 0.696344 0.541232 0.470884 
0.680596 0.282125 0.554589 0.502106 
0.562625 0.841036 0.421374 0.474386 
0.926303 0.840403 0.600333 0.533067 
0.92432 0.745726 0.598724 0.466164 
0.383645 0.368135 0.444353 0.550144 
0.388455 0.770271 0.539765 0.487387 
0.436701 0.519905 0.526122 0.467117 
0.799574 0.177366 0.573014 0.478497 
0.346314 0.492703 0.41329 0.496677 
0.794086 0.537913 0.634177 0.525847 
0.691922 0.770604 0.442698 0.48177 
0.292374 0.785187 0.349862 0.476665 
0.765288 0.358805 0.584062 0.492897 
0.688022 0.214784 0.577146 0.457313 
0.782375 0.66974 0.512545 0.506602 
0.546963 0.397788 0.456392 0.48046 
0.670758 0.598307 0.373377 0.542466 
0.529352 0.676696 0.677433 0.513892 
0.776167 0.910046 0.503365 0.441989 
0.0577181 0.669332 0.505161 0.50247 
0.699912 0.459337 0.513064 0.496225 
0.65104 0.275636 0.674905 0.512517 
0.586173 0.755275 0.613156 0.536283 
0.511923 0.79804 0.480735 0.435339 
0.108387 0.403376 0.548303 0.500092 
0.0280884 0.868198 0.552057 0.477941 
0.585693 0.957811 0.445869 0.49862 
0.792137 0.806 0.373995 0.499379 
0.132948 0.470617 0.346352 0.462582 
0.732957 0.460466 0.585445 0.46947 
0.123521 0.144844 0.43429 0.48962 
0.539548 0.522984 0.503247 0.530778 
0.0777312 0.387379 0.471403 0.516254 
0.539009 0.851666 0.491668 0.510178 
0.928883 0.567852 0.635216 0.516677 
0.323082 0.45599 0.693384 0.511765 
0.570483 0.291918 0.549097 0.453608 
0.807054 0.657782 0.638597 0.506359 
0.300521 0.557306 0.664273 0.536361 
0.0632266 0.283542 0.259495 0.521321 
0.299037 0.703519 0.535016 0.50155 
0.547314 0.677924 0.506592 0.48913 
0.307262 0.495269 0.527611 0.493997 
0.598374 0.465213 0.591376 0.435843 
0.322585 0.575288 0.554967 0.501404 
0.234879 0.125181 0.597336 0.480766 
0.261316 0.640447 0.54108 0.482742 
0.297547 0.765617 0.379977 0.448822 
0.544278 0.637279 0.503518 0.477664 
0.135625 0.861893 0.487787 0.514539 
0.137977 0.802914 0.563162 0.437017 
0.527971 0.409067 0.572859 0.499741 
0.0746455 0.499506 0.735769 0.525064 
0.354585 0.226426 0.489499 0.534832 
0.99039 0.821682 0.526849 0.495794 
0.159213 0.344483 0.387897 0.455162 
0.608906 0.452644 0.593167 0.439237 
0.0521077 0.271457 0.462457 0.458106 
0.735734 0.762235 0.52144 0.520535 
0.676278 0.635722 0.434611 0.497009 
0.341287 0.94887 0.55711 0.513017 
0.00528177 0.397247 0.298313 0.506272 
0.866144 0.500532 0.394041 0.503531 
0.899801 0.413605 0.660347 0.509577 
0.758105 0.299984 0.476501 0.482495 
0.362667 0.289181 0.568897 0.531064 
0.966659 0.734619 0.520891 0.480361 
0.758553 0.933299 0.510944 0.530353 
0.456912 0.190716 0.582097 0.530989 
0.707457 0.776742 0.357788 0.487565 
0.612353 0.367153 0.511661 0.533256 
0.48301 0.562628 0.517141 0.470618 
0.156133 0.230607 0.358871 0.484396 
0.784822 0.427897 0.568914 0.48098 
0.882929 0.596829 0.489163 0.500709 
0.412537 0.159194 0.520801 0.437552 
0.66914 0.579099 0.437472 0.489572 
0.0589767 0.273309 0.53734 0.5145 
0.896829 0.471082 0.128531 0.535732 
0.225386 0.140061 0.458545 0.455377 
0.855735 0.359143 0.489524 0.4728 
0.959047 0.600734 0.541944 0.506539 
0.356099 0.676472 0.502521 0.496167 
0.671516 0.158088 0.631721 0.501659 
0.625952 0.370728 0.433903 0.524649 
0.783121 0.0410624 0.613258 0.479215 
0.941862 0.129177 0.38421 0.523382 
0.143336 0.411961 0.405222 0.506299 
0.805443 0.33598 0.609533 0.479861 
0.00909138 0.64068 0.50575 0.470533 
0.748465 0.690792 0.688614 0.46103 
0.957606 0.158461 0.375601 0.512736 
0.0845009 0.422785 0.534485 0.528105 
0.679584 0.424708 0.412949 0.51173 
0.938715 0.351598 0.636745 0.576189 
0.810561 0.0786875 0.600704 0.488534 
0.0259477 0.538083 0.403661 0.447586 
0.775967 0.434291 0.48439 0.537628 
0.995827 0.334423 0.607945 0.536779 
0.244116 0.575705 0.545736 0.47856 
0.0191131 0.850892 0.592883 0.505499 
0.48129 0.387899 0.481133 0.507901 
0.79873 0.679483 0.480023 0.519412 
0.328878 0.33762 0.518752 0.468461 
0.612593 0.257608 0.413129 0.486197 
0.0810316 0.678721 0.594907 0.454922 
0.121492 0.439057 0.675507 0.531429 
0.303447 0.263238 0.374115 0.496856 
0.468169 0.159049 0.534854 0.511574 
0.309361 0.772114 0.455481 0.490642 
0.826295 0.167868 0.432114 0.532728 
0.251734 0.480461 0.474997 0.486642 
0.539381 0.663832 0.581094 0.502677 
0.281762 0.290738 0.449994 0.529705 
0.160322 0.530362 0.555111 0.47245 
0.662033 0.741248 0.332526 0.521794 
0.434114 0.412002 0.634255 0.56371 
0.0455068 0.440143 0.552449 0.525126 
0.264176 0.21219 0.609548 0.560846 
0.973519 0.689563 0.374285 0.476161 
0.370762 0.934994 0.44247 0.518573 
0.229538 0.39096 0.474643 0.480229 
0.743152 0.634802 0.455056 0.467948 
0.0264327 0.79605 0.320516 0.522634 
0.937987 0.704038 0.436981 0.517648 
0.505559 0.440274 0.552335 0.547634 
0.339452 0.506596 0.561108 0.501137 
0.20914 0.248498 0.532166 0.479917 
0.930835 0.202763 0.534599 0.482876 
0.521956 0.556055 0.610588 0.501714 
0.17585 0.341367 0.574876 0.488729 
0.524743 0.581248 0.397803 0.542562 
0.929458 0.486861 0.513613 0.499011 
0.799841 0.28434 0.635899 0.491582 
0.428517 0.137105 0.518277 0.454274 
0.737132 0.307842 0.491026 0.458129 
0.735417 0.823115 0.495084 0.447492 
0.662885 0.676185 0.633129 0.511222 
0.743807 0.400565 0.498969 0.466868 
0.125096 0.465232 0.488264 0.51092 
0.165459 0.252737 0.473912 0.478394 
0.705499 0.764774 0.463123 0.553195 
0.262363 0.652518 0.528088 0.499359 
0.565909 0.647964 0.508366 0.519951 
0.560852 0.483503 0.527979 0.459549 
0.401699 0.274498 0.530704 0.501421 
0.181608 0.545357 0.404053 0.524361 
0.0480692 0.35779 0.527164 0.522169 
0.395139 0.127744 0.453625 0.476993 
0.252888 0.442899 0.398009 0.503185 
0.708561 0.420818 0.467726 0.545468 
0.106601 0.556368 0.526779 0.53075 
0.904238 0.277321 0.459344 0.506507 
0.1188 0.540028 0.598341 0.4847 
0.769123 0.746087 0.743447 0.488399 
0.882419 0.611893 0.442789 0.500112 
0.225933 0.613505 0.486432 0.503972 
0.0425484 0.522665 0.571579 0.469703 
0.594144 0.168639 0.398808 0.497027 
0.797222 0.487911 0.542199 0.529267 
0.283132 0.122713 0.468038 0.506747 
0.657777 0.0948622 0.571949 0.545452 
0.349254 0.76377 0.492276 0.457799 
0.443629 0.335032 0.458226 0.506043 
0.895194 0.524418 0.60118 0.505984 
0.0612691 0.781115 0.538507 0.481738 
0.273763 0.316232 0.602875 0.48089 
0.92178 0.602039 0.469033 0.466526 
0.328666 0.273915 0.567452 0.500039 
0.475212 0.660982 0.581124 0.50981 
0.709047 0.143477 0.583823 0.458052 
0.182344 0.557704 0.568524 0.474629 
0.833913 0.100967 0.536927 0.463474 
0.955187 0.558855 0.421123 0.521043 
0.200287 0.560205 0.548211 0.508467 
0.104235 0.071908 0.557814 0.521026 
0.444338 0.669382 0.628737 0.529006 
0.387394 0.811727 0.423985 0.428472 
0.224858 0.191877 0.538301 0.490469 
0.154832 0.694988 0.393023 0.481525 
0.38367 0.338303 0.545625 0.547626 
0.844813 0.520884 0.447789 0.494584 
0.620207 0.621139 0.371717 0.48672 
0.131056 0.736098 0.553047 0.502385 
0.433619 0.482058 0.475921 0.504431 
0.538855 0.387329 0.368307 0.539691 
0.443763 0.51034 0.481444 0.483824 
0.210196 0.100391 0.322156 0.451844 
0.315075 0.752869 0.554649 0.476019 
0.831355 0.480113 0.580935 0.448394 
0.693956 0.663048 0.618135 0.507293 
0.36746 0.214352 0.285945 0.498288 
0.942874 0.483247 0.548154 0.503938 
0.500894 0.42354 0.358993 0.505897 
0.357367 0.807377 0.371391 0.484905 
0.129146 0.749447 0.472578 0.488781 
0.895566 0.618439 0.588706 0.474277 
0.345616 0.532983 0.593328 0.487633 
0.831487 0.606481 0.462534 0.523548 
0.0812198 0.534609 0.478805 0.457225 
0.821955 0.202615 0.414166 0.485358 
0.628912 0.586855 0.562742 0.508835 
0.52067 0.491489 0.498447 0.537318 
0.966703 0.203814 0.533978 0.496834 
0.166528 0.636545 0.502994 0.515242 
0.430265 0.58859 0.589422 0.466578 
0.836203 0.396912 0.450557 0.520715 
0.474295 0.119324 0.494762 0.522178 
0.573174 0.862973 0.338865 0.452737 
0.965626 0.629425 0.506503 0.434499 
0.877618 0.447886 0.393379 0.525886 
0.806298 0.494924 0.435502 0.474232 
0.814318 0.564848 0.556851 0.496366 
0.923152 0.579784 0.581918 0.546125 
0.565524 0.754907 0.424512 0.524839 
0.146325 0.654913 0.398738 0.548056 
0.940239 0.18957 0.44184 0.504721 
0.0728967 0.77122 0.56714 0.470544 
0.176456 0.429862 0.476027 0.486928 
0.525303 0.429493 0.379204 0.484327 
0.556902 0.5106 0.359438 0.480301 
0.323868 0.726705 0.421956 0.465345 
0.24417 0.5244 0.662 0.481697 
0.0753863 0.418868 0.302412 0.498352 
0.382082 0.43971 0.652389 0.491741 
0.208136 0.186587 0.545459 0.485296 
0.191988 0.647942 0.597058 0.512695 
0.00210569 0.557493 0.5825 0.475866 
0.317376 0.404951 0.446402 0.482824 
0.87764 0.18029 0.544622 0.537517 
0.306413 0.950259 0.437345 0.497299 
0.00022394 0.564951 0.548055 0.524129 
0.682374 0.369635 0.555532 0.490146 
0.231948 0.916859 0.508583 0.468834 
0.618329 0.417285 0.47185 0.491197 
0.462425 0.656472 0.541133 0.487224 
0.617816 0.107446 0.498732 0.506508 
0.100157 0.705287 0.529752 0.449954 
0.696335 0.556158 0.424723 0.507071 
0.324505 0.667573 0.443131 0.521127 
0.263879 0.351658 0.6383 0.458155 
0.541863 0.550182 0.410395 0.543081 
0.454719 0.126164 0.476512 0.550618 
0.367631 0.574387 0.368659 0.519811 
0.601448 0.64863 0.592441 0.527714 
0.593835 0.769354 0.391296 0.520871 
0.920336 0.258617 0.495422 0.511282 
0.337465 0.50232 0.589589 0.538407 
0.907661 0.475677 0.585459 0.450217 
0.172733 0.4043 0.500584 0.469192 
0.978459 0.315675 0.57221 0.4905 
0.390431 0.636381 0.488038 0.471063 
0.878288 0.802312 0.47 0.418743 
0.570505 0.48685 0.496763 0.475444 
0.823867 0.442929 0.420328 0.509753 
0.656642 0.590321 0.358782 0.534642 
0.520516 0.715259 0.538647 0.453073 
0.987548 0.717536 0.608597 0.496987 
0.982999 0.313181 0.545012 0.529832 
0.603333 0.559248 0.445402 0.517537 
0.988975 0.487589 0.551814 0.51619 
0.997455 0.822966 0.481581 0.437093 
0.0546257 0.441513 0.572255 0.499341 
0.347245 0.459942 0.445016 0.505772 
0.349854 0.609585 0.422767 0.508566 
0.60315 0.497751 0.53957 0.552535 
0.855711 0.139347 0.594576 0.505156 
0.0229071 0.43058 0.485645 0.493816 
0.693658 0.434357 0.558363 0.50074 
0.723212 0.295856 0.461471 0.508961 
0.477151 0.695093 0.431401 0.513171 
0.158988 0.880097 0.587723 0.530453 
0.613627 0.408653 0.458302 0.524916 
0.353519 0.69859 0.345125 0.536442 
0.278854 0.310952 0.476115 0.509776 
0.107916 0.297888 0.373966 0.523083 
0.517386 0.604621 0.490999 0.502907 
0.3164 0.621479 0.459208 0.504438 
0.419017 0.341951 0.530742 0.511059 
0.745101 0.495215 0.684325 0.507336 
0.89376 0.250212 0.41808 0.519946 
0.189 0.286863 0.532662 0.436765 
0.858713 0.689014 0.396137 0.538099 
0.701988 0.776266 0.567082 0.490368 
0.0205717 0.545498 0.521697 0.503395 
0.665461 0.827873 0.350442 0.494512 
0.556545 0.570321 0.436817 0.496029 
0.589507 0.342706 0.52285 0.470904 
0.834869 0.683009 0.451857 0.486421 
0.943058 0.534431 0.452578 0.446913 
0.82191 0.674114 0.58357 0.517152 
0.241557 0.321447 0.332293 0.499645 
0.112705 0.658416 0.46943 0.466004 
0.638987 0.322648 0.596518 0.523615 
0.488179 0.783861 0.444919 0.512292 
0.667027 0.159535 0.445415 0.540226 
0.695967 0.722007 0.491909 0.471411 
0.86884 0.512506 0.453636 0.490281 
0.0643262 0.32813 0.403983 0.480235 
0.817408 0.428394 0.382182 0.501083 
0.389602 0.802599 0.593175 0.455213 
0.295861 0.729467 0.470524 0.474533 
0.59644 0.469975 0.47633 0.515552 
0.59777 0.185306 0.610716 0.547669 
0.121162 0.617358 0.467706 0.468294 
0.756029 0.785798 0.422459 0.469782 
0.297096 0.403971 0.455674 0.495677 
0.883201 0.503815 0.437205 0.53495 
0.949078 0.209526 0.408897 0.499792 
0.261353 0.516362 0.596065 0.496899 
0.66456 0.125592 0.598798 0.436932 
0.230706 0.345042 0.655695 0.432228 
0.126241 0.63996 0.597551 0.511728 
0.284185 0.698474 0.623926 0.461831 
0.805596 0.29219 0.382541 0.516616 
0.046965 0.524323 0.647996 0.433804 
0.427064 0.86863 0.440198 0.548014 
0.949772 0.520734 0.306566 0.492627 
0.89167 0.184868 0.550078 0.477311 
0.202754 0.745599 0.463583 0.504839 
0.741393 0.432568 0.589921 0.482663 
0.551954 0.413438 0.435036 0.520767 
0.421346 0.545763 0.359694 0.465696 
0.461609 0.830198 0.403731 0.524743 
0.0957641 0.353125 0.439673 0.529264 
0.316241 0.432932 0.396163 0.525609 
0.440633 0.608099 0.627937 0.519329 
0.0685391 0.345487 0.327561 0.510652 
0.00616801 0.3465 0.577106 0.522147 
0.942256 0.510955 0.515552 0.52108 
0.70322 0.921611 0.353893 0.531538 
0.848076 0.518021 0.622409 0.52869 
0.777586 0.488419 0.570351 0.511034 
0.75959 0.632327 0.471527 0.491874 
0.455346 0.631016 0.61862 0.489766 
0.0822847 0.458584 0.55629 0.475918 
0.0811392 0.680066 0.518558 0.459445 
0.641731 0.472176 0.484563 0.50123 
0.033354 0.779819 0.531985 0.501812 
0.139854 0.383702 0.563477 0.543796 
0.053177 0.824171 0.613952 0.549562 
0.675341 0.476833 0.527274 0.470323 
0.599585 0.638418 0.369363 0.485495 
0.637176 0.428082 0.499624 0.464808 
0.1216 0.855959 0.451233 0.491653 
0.228463 0.767671 0.572848 0.524257 
0.354613 0.208829 0.386593 0.450714 
0.130128 0.230743 0.622723 0.495235 
0.779001 0.554644 0.475003 0.546531 
0.972192 0.228866 0.555848 0.513057 
0.597175 0.216007 0.569144 0.511659 
0.728809 0.357723 0.579811 0.494114 
0.251972 0.32094 0.329025 0.458766 
0.775173 0.540582 0.396729 0.506763 
0.610468 0.897244 0.669421 0.476616 
0.332938 0.596811 0.563898 0.473799 
0.279517 0.340615 0.577265 0.493515 
0.617379 0.257745 0.366094 0.478223 
0.99353 0.649079 0.685456 0.491204 
0.608207 0.213209 0.495565 0.521459 
0.485468 0.322218 0.683271 0.499826 
0.8858 0.518549 0.549864 0.469279 
0.594633 0.550218 0.468624 0.518615 
0.537292 0.565029 0.51109 0.490872 
0.741115 0.419658 0.501181 0.52004 
0.96572 0.49059 0.422978 0.457209 
0.411323 0.476606 0.513452 0.500361 
0.0261915 0.407417 0.523375 0.515296 
0.751918 0.711056 0.651112 0.46254 
0.991564 0.808113 0.435231 0.497429 
0.876758 0.550742 0.437779 0.498689 
0.238236 0.314627 0.47035 0.46751 
0.309573 0.450264 0.688474 0.47038 
0.25414 0.790791 0.434224 0.521928 
0.938287 0.674067 0.527453 0.515132 
0.144731 0.658869 0.672493 0.472621 
0.327518 0.545193 0.658353 0.520432 
0.0783511 0.119793 0.360318 0.544696 
0.742015 0.0934853 0.480108 0.519141 
0.271509 0.42891 0.368659 0.520514 
0.179929 0.218799 0.542335 0.498384 
0.207885 0.525148 0.497905 0.516829 
0.962885 0.128232 0.483363 0.509325 
0.302221 0.463643 0.657032 0.512993 
0.90362 0.00779744 0.608337 0.498356 
0.800408 0.741598 0.394325 0.524023 
0.666336 0.671218 0.612677 0.492958 
0.558435 0.716761 0.392808 0.538537 
0.567245 0.646939 0.578968 0.548909 
0.206615 0.537842 0.588293 0.524195 
0.763811 0.281963 0.504154 0.515138 
0.368471 0.44674 0.53068 0.505103 
0.287548 0.531739 0.418127 0.528875 
0.656092 0.223251 0.436967 0.476865 
0.745595 0.571132 0.481392 0.53771 
0.885319 0.417194 0.580327 0.446424 
0.85886 0.470797 0.438638 0.448576 
0.898004 0.581383 0.59559 0.520165 
0.462034 0.166915 0.489154 0.542744 
0.411506 0.659654 0.486525 0.474803 
0.296779 0.514062 0.458213 0.488772 
0.559577 0.75294 0.674237 0.524739 
0.705992 0.440775 0.468721 0.481557 
0.0966779 0.644734 0.459115 0.486138 
0.473357 0.521537 0.641701 0.497868 
0.523453 0.461757 0.448409 0.49287 
0.559317 0.506884 0.421497 0.49584 
0.822124 0.566724 0.456547 0.491137 
0.78869 0.626647 0.491729 0.516626 
0.738167 0.602931 0.597283 0.5397 
0.644369 0.510635 0.632147 0.532919 
0.974223 0.296706 0.651953 0.517784 
0.988533 0.720903 0.377412 0.470734 
0.534922 0.736996 0.436162 0.492921 
0.214888 0.664379 0.506656 0.505555 
0.903458 0.513587 0.352355 0.499601 
0.961426 0.475141 0.474071 0.509165 
0.41802 0.789922 0.436319 0.506604 
0.4812 0.212729 0.332459 0.533318 
0.403572 0.881774 0.456631 0.474398 
0.950324 0.713634 0.540691 0.477132 
0.333916 0.765436 0.611821 0.470451 
0.652169 0.417855 0.558594 0.505583 
0.231649 0.396851 0.570774 0.499499 
0.0673129 0.229314 0.46361 0.515765 
0.23184 0.240551 0.512297 0.521391 
0.25546 0.71196 0.65709 0.525888 
0.198275 0.842362 0.381919 0.519325 
0.436706 0.492373 0.584345 0.478139 
0.153036 0.731963 0.493755 0.541773 
0.640191 0.396861 0.558649 0.516914 
0.830043 0.0548871 0.344916 0.474911 
0.49859 0.844108 0.309056 0.537241 
0.69025 0.271974 0.534806 0.516071 
0.84956 0.269272 0.414781 0.509996 
0.155779 0.431881 0.46418 0.495164 
0.925224 0.429253 0.631594 0.462479 
0.227516 0.487568 0.49866 0.53265 
0.859602 0.967233 0.645877 0.530941 
0.373157 0.575423 0.553422 0.476476 
0.836101 0.611744 0.418864 0.466748 
0.404304 0.592005 0.475498 0.452458 
0.504054 0.883034 0.573972 0.495409 
0.562582 0.570941 0.508921 0.518417 
0.299892 0.811923 0.396092 0.557548 
0.468595 0.619578 0.425871 0.474071 
0.140838 0.448289 0.456157 0.505256 
0.247995 0.266389 0.507558 0.463811 
0.894934 0.531326 0.482931 0.517351 
0.0297676 0.792795 0.722068 0.493134 
0.565742 0.807409 0.638394 0.497379 
0.445851 0.845034 0.596141 0.514129 
0.932852 0.290413 0.38399 0.477213 
0.852523 0.12694 0.576626 0.460326 
0.052332 0.258806 0.51096 0.49687 
0.349113 0.462267 0.417918 0.506065 
0.0568772 0.353488 0.50666 0.582545 
0.124523 0.456601 0.66865 0.559521 
0.309366 0.823795 0.499439 0.547037 
0.386406 0.419443 0.65784 0.519977 
0.688232 0.074779 0.604902 0.552906 
0.678466 0.406997 0.430124 0.518093 
0.119328 0.428462 0.465286 0.453076 
0.97017 0.138959 0.599475 0.480768 
0.2479 0.653728 0.432309 0.522714 
0.268631 0.511688 0.524218 0.523341 
0.381988 0.543789 0.475979 0.51939 
0.663013 0.635413 0.480584 0.459406 
0.420313 0.782097 0.496014 0.483736 
0.72553 0.467186 0.61152 0.549151 
0.0691092 0.376196 0.457853 0.560651 
0.0785202 0.485978 0.605803 0.468772 
0.799728 0.909152 0.462423 0.552241 
0.89232 0.870968 0.621413 0.499156 
0.440699 0.549462 0.548397 0.514243 
0.89054 0.414902 0.505597 0.528569 
0.0751877 0.514965 0.465894 0.455563 
0.153549 0.857161 0.475261 0.468228 
0.926198 0.446839 0.465225 0.509551 
0.620736 0.135556 0.490275 0.495752 
0.127956 0.299462 0.564929 0.498697 
0.290347 0.155497 0.583957 0.462086 
0.888243 0.329061 0.314676 0.503312 
0.144571 0.33952 0.393303 0.452002 
0.854706 0.562249 0.491924 0.4982 
0.744276 0.773847 0.490467 0.531413 
0.521299 0.412192 0.545157 0.487721 
0.305782 0.67402 0.474104 0.488391 
0.664993 0.824099 0.529378 0.507263 
0.271878 0.449486 0.56163 0.49621 
0.257654 0.743632 0.542518 0.469743 
0.83268 0.382525 0.58885 0.547084 
0.0636258 0.546425 0.457596 0.474133 
0.76904 0.623969 0.45332 0.479472 
0.0305078 0.982562 0.563032 0.509125 
0.54888 0.361593 0.458121 0.55602 
0.804476 0.323555 0.558623 0.480256 
0.803277 0.553009 0.667533 0.495551 
0.755966 0.662367 0.462509 0.524267 
0.277644 0.761058 0.669639 0.507544 
0.235486 0.40044 0.493277 0.521353 
0.395889 0.535632 0.46473 0.544293 
0.526533 0.339632 0.328849 0.507545 
0.932934 0.662559 0.547203 0.526142 
0.744688 0.61397 0.620081 0.503329 
0.846839 0.0931324 0.253176 0.520966 
0.748563 0.431836 0.343493 0.515147 
0.120432 0.739039 0.475405 0.521362 
0.919833 0.240632 0.586392 0.547122 
0.113715 0.392577 0.499808 0.485605 
0.201422 0.791359 0.430832 0.504194 
0.65573 0.738469 0.563307 0.494944 
0.0618342 0.190198 0.545573 0.486678 
0.381744 0.623707 0.432684 0.452669 
0.549696 0.49662 0.612375 0.487061 
0.230898 0.449465 0.615964 0.468644 
0.113037 0.510819 0.354297 0.49872 
0.152762 0.921726 0.558971 0.529031 
0.910499 0.364468 0.435299 0.54764 
0.979919 0.482922 0.505092 0.551526 
0.599914 0.323648 0.458568 0.521254 
0.314213 0.488608 0.518214 0.479502 
0.781202 0.266181 0.426669 0.48704 
0.831691 0.418117 0.421233 0.470139 
0.727047 0.206287 0.825482 0.481431 
0.320437 0.196706 0.428772 0.505419 
0.989978 0.489924 0.431054 0.510002 
0.689164 0.477154 0.469147 0.537253 
0.832277 0.87729 0.422508 0.46674 
0.642021 0.742737 0.354441 0.542495 
0.770426 0.725168 0.479235 0.553528 
0.995965 0.958952 0.742689 0.467272 
0.715043 0.544973 0.552081 0.573228 
0.0482321 0.627053 0.393848 0.495319 
0.915936 0.401627 0.53013 0.513876 
0.97761 0.921523 0.479868 0.509297 
0.230821 0.281289 0.543746 0.519747 
0.834257 0.81962 0.240766 0.481658 
0.979842 0.811698 0.51069 0.487622 
0.572039 0.474762 0.43495 0.549691 
0.510053 0.636753 0.578989 0.469888 
0.760062 0.584816 0.429635 0.491381 
0.300071 0.458417 0.395327 0.479876 
0.0612113 0.648696 0.48206 0.480063 
0.372123 0.858869 0.427441 0.497412 
0.920404 0.403982 0.605674 0.491346 
0.294851 0.240483 0.526118 0.483501 
0.918258 0.434943 0.340689 0.52651 
0.282205 0.510332 0.522271 0.55341 
0.924263 0.277344 0.468811 0.555326 
0.957893 0.314303 0.448561 0.475183 
0.0982505 0.750169 0.432372 0.511899 
0.515694 0.563048 0.474643 0.483303 
0.253525 0.612204 0.548447 0.510952 
0.142712 0.725032 0.558772 0.548037 
0.598875 0.415514 0.571647 0.532549 
0.182413 0.290826 0.561845 0.500909 
0.340935 0.807039 0.472676 0.495106 
0.337752 0.201706 0.422666 0.518936 
0.742713 0.648525 0.482713 0.479077 
0.207864 0.181037 0.623593 0.499233 
0.320538 0.603093 0.489238 0.494092 
0.874558 0.455499 0.394566 0.53753 
0.396836 0.574782 0.423005 0.481074 
0.214873 0.379723 0.430802 0.56031 
0.343303 0.565902 0.551986 0.561706 
0.464315 0.557306 0.452841 0.530787 
0.82802 0.623585 0.480808 0.536769 
0.0957073 0.184124 0.478158 0.508341 
0.318275 0.135943 0.469252 0.500839 
0.613924 0.71608 0.567233 0.532509 
0.641957 0.301373 0.577941 0.47966 
0.667893 0.672493 0.58606 0.473427 
0.656167 0.694741 0.47003 0.464006 
0.727868 0.309975 0.46257 0.484391 
0.28995 0.351436 0.720106 0.459324 
0.578726 0.647028 0.531118 0.491479 
0.497204 0.362374 0.518618 0.483979 
0.859203 0.678218 0.555154 0.479469 
0.933036 0.509577 0.653708 0.515965 
0.132153 0.657729 0.57236 0.486216 
0.656527 0.293921 0.424008 0.503988 
0.341017 0.36508 0.482412 0.478099 
0.486391 0.441065 0.653262 0.45786 
0.18193 0.531744 0.579913 0.530687 
0.495425 0.782985 0.360265 0.481681 
0.52393 0.683218 0.456901 0.481419 
0.850037 0.670289 0.610114 0.485377 
0.0476365 0.67528 0.544028 0.540207 
0.720876 0.404578 0.539078 0.5335 
0.0871355 0.659313 0.448654 0.490552 
0.557914 0.754117 0.440473 0.529815 
0.60225 0.627023 0.447251 0.570252 
0.0437313 0.819387 0.443926 0.525341 
0.807766 0.73021 0.593698 0.497066 
0.207544 0.654064 0.385796 0.492627 
0.445048 0.669439 0.686179 0.538342 
0.220625 0.486256 0.422684 0.537696 
0.100112 0.12503 0.462425 0.509386 
0.396981 0.469099 0.435952 0.510768 
0.261128 0.555724 0.458862 0.497549 
0.518231 0.846703 0.405171 0.532811 
0.312574 0.912743 0.583031 0.511433 
0.793286 0.826119 0.247238 0.454636 
0.0846716 0.456831 0.479469 0.492675 
0.541583 0.698937 0.5151 0.499151 
0.842691 0.492932 0.348449 0.506689 
0.15491 0.402096 0.422869 0.48149 
0.88946 0.508351 0.495516 0.532615 
0.850247 0.801153 0.420138 0.493598 
0.151912 0.699646 0.448785 0.498673 
0.36559 0.571372 0.529996 0.522001 
0.545211 0.837257 0.579788 0.510584 
0.255349 0.254498 0.435364 0.480601 
0.190954 0.576776 0.336221 0.535344 
0.0145828 0.521871 0.589122 0.470846 
0.176935 0.732211 0.626247 0.53709 
0.27389 0.6219 0.577435 0.484047 
0.448798 0.233134 0.47935 0.470824 
0.951195 0.540908 0.521126 0.511715 
0.977288 0.309333 0.436645 0.520389 
0.259949 0.434621 0.560085 0.533115 
0.585188 0.523615 0.494979 0.535854 
0.193178 0.398001 0.293325 0.50783 
0.83618 0.30169 0.544605 0.499897 
0.299928 0.805818 0.414441 0.4969 
0.575556 0.219461 0.616241 0.544204 
0.189972 0.399537 0.676352 0.443824 
0.210847 0.211354 0.451357 0.506481 
0.333986 0.579246 0.685891 0.490458 
0.572657 0.477958 0.487423 0.483701 
0.813052 0.496479 0.502428 0.513658 
0.562957 0.816257 0.46956 0.458748 
0.150251 0.248418 0.466037 0.471062 
0.761062 0.514792 0.451865 0.468106 
0.615627 0.217373 0.485023 0.529933 
0.692866 0.791417 0.478474 0.52827 
0.113035 0.431671 0.514539 0.489267 
0.745504 0.698033 0.465764 0.572794 
0.390226 0.787977 0.589437 0.507511 
0.317058 0.418909 0.437565 0.523289 
0.670463 0.313673 0.449569 0.523793 
0.274662 0.161302 0.436176 0.488469 
0.341574 0.386679 0.490472 0.541576 
0.33135 0.51942 0.501232 0.446505 
0.998959 0.683439 0.363009 0.508615 
0.0672534 0.37722 0.51724 0.540975 
0.238751 0.559783 0.5617 0.507175 
0.104355 0.398826 0.402107 0.447393 
0.458813 0.220027 0.460626 0.518947 
0.292552 0.405842 0.538039 0.482093 
0.638732 0.558473 0.342878 0.501677 
0.733707 0.387159 0.464162 0.474722 
0.952287 0.394181 0.539201 0.531388 
0.884119 0.263551 0.274847 0.499086 
0.0755596 0.623164 0.44728 0.528474 
0.00886184 0.138155 0.47191 0.484864 
0.607891 0.34939 0.479999 0.501295 
0.761366 0.135867 0.378214 0.475006 
0.347081 0.581684 0.506305 0.522428 
0.552223 0.501324 0.423322 0.50279 
0.494735 0.668626 0.337091 0.543869 
0.532556 0.634996 0.342635 0.395509 
0.534238 0.783728 0.498967 0.465064 
0.604497 0.283873 0.558827 0.534488 
0.0512125 0.480478 0.492974 0.548378 
0.0952237 0.194665 0.546986 0.521527 
0.955387 0.290932 0.461094 0.488121 
0.686437 0.457806 0.476987 0.513767 
0.563416 0.554993 0.393524 0.518778 
0.382224 0.278151 0.643493 0.493606 
0.157489 0.493096 0.582498 0.462785 
0.0696144 0.771828 0.571283 0.447143 
0.0400264 0.717353 0.497879 0.437733 
0.376461 0.190264 0.340542 0.518528 
0.513578 0.72728 0.337329 0.461577 
0.941856 0.294306 0.366934 0.474454 
0.110229 0.586055 0.512087 0.490939 
0.393781 0.332722 0.580957 0.509915 
0.736866 0.526031 0.497596 0.530461 
0.333215 0.201116 0.278961 0.549338 
0.746374 0.528585 0.631604 0.508738 
0.876754 0.689746 0.396289 0.502393 
0.309863 0.489588 0.484625 0.46802 
0.406541 0.751845 0.492851 0.50432 
0.529374 0.216146 0.397787 0.453682 
0.823629 0.204096 0.415166 0.546471 
0.604709 0.827892 0.437469 0.51166 
0.400121 0.553058 0.389305 0.484324 
0.396638 0.331962 0.565576 0.524749 
0.174332 0.593022 0.578414 0.494128 
0.449706 0.402384 0.528022 0.480347 
0.281707 0.134342 0.659697 0.486606 
0.122896 0.614452 0.459537 0.507929 
0.573007 0.711107 0.386673 0.461041 
0.657017 0.353108 0.524439 0.519599 
0.633247 0.870131 0.51622 0.493589 
0.685519 0.454219 0.526469 0.492579 
0.914463 0.507497 0.461076 0.441036 
0.116407 0.549452 0.479288 0.494955 
0.189591 0.739061 0.380227 0.459723 
0.878605 0.356947 0.525743 0.484893 
0.856527 0.725954 0.580427 0.494572 
0.497344 0.266132 0.566402 0.480038 
0.214462 0.756314 0.686215 0.488317 
0.503583 0.564784 0.471702 0.49281 
0.344375 0.0973653 0.677704 0.471356 
0.373082 0.460593 0.467487 0.51741 
0.0814632 0.639283 0.582193 0.536192 
0.83669 0.516354 0.381554 0.467167 
0.355509 0.778075 0.505832 0.535596 
0.14062 0.802107 0.560857 0.534657 
0.261414 0.431379 0.617068 0.48207 
0.232221 0.327078 0.500551 0.455793 
0.15026 0.658647 0.550979 0.501223 
0.883415 0.352347 0.422172 0.51239 
0.780731 0.0341777 0.42213 0.540674 
0.260765 0.481552 0.474642 0.441916 
0.824179 0.433618 0.477365 0.456818 
0.202123 0.885274 0.530258 0.42006 
0.146003 0.567772 0.518946 0.512687 
0.0180775 0.530417 0.707506 0.49464 
0.832992 0.573393 0.58917 0.471285 
0.883659 0.811683 0.587118 0.512535 
0.920745 0.439422 0.584922 0.467783 
0.706089 0.544897 0.449622 0.503786 
0.232061 0.22701 0.51387 0.509558 
0.42067 0.278928 0.404499 0.495222 
0.44111 0.759816 0.607743 0.503123 
0.534688 0.360125 0.485259 0.467881 
0.880688 0.323859 0.330592 0.463259 
0.130898 0.174997 0.462024 0.515938 
0.573981 0.175737 0.450736 0.524661 
0.892093 0.377916 0.559537 0.474054 
0.953587 0.510938 0.533185 0.457233 
0.726406 0.591495 0.473348 0.502844 
0.615491 0.721058 0.385252 0.477647 
0.772291 0.232963 0.460502 0.500907 
0.330199 0.399773 0.539026 0.464712 
0.382712 0.593012 0.464166 0.50221 
0.218903 0.421078 0.538227 0.512447 
0.0383607 0.97291 0.566111 0.456422 
0.25624 0.805937 0.402398 0.469476 
0.862418 0.889111 0.413697 0.467722 
0.102646 0.676682 0.630641 0.511548 
0.367465 0.769553 0.596507 0.496671 
0.956124 0.709166 0.499071 0.503289 
0.230916 0.385455 0.471474 0.49219 
0.852925 0.525818 0.485268 0.455048 
0.01262 0.459998 0.478719 0.538816 
0.391205 0.570595 0.512597 0.494008 
0.805713 0.465837 0.553505 0.527928 
0.687803 0.913999 0.662509 0.509229 
0.892455 0.494958 0.522208 0.53258 
0.284926 0.505588 0.43146 0.519597 
0.81715 0.277686 0.453095 0.516523 
0.0344805 0.348865 0.505804 0.522812 
0.266268 0.916191 0.495366 0.504406 
0.955817 0.778243 0.480582 0.523811 
0.906927 0.498451 0.466376 0.492216 
0.288038 0.575119 0.570698 0.517264 
0.369748 0.253158 0.648333 0.481885 
0.903189 0.371873 0.544479 0.520917 
0.10068 0.474722 0.612979 0.533498 
0.42434 0.556237 0.563779 0.472907 
0.0974172 0.365092 0.597178 0.513993 
0.874764 0.775838 0.5386 0.50265 
0.779478 0.363518 0.497694 0.489752 
0.143899 0.52201 0.481824 0.505731 
0.0606717 0.590655 0.406866 0.554292 
0.113068 0.452949 0.658723 0.515884 
0.928822 0.766366 0.566591 0.466686 
0.995906 0.132225 0.432414 0.497468 
0.283391 0.622868 0.511253 0.515828 
0.337278 0.615588 0.55675 0.492427 
0.51768 0.320231 0.505333 0.515912 
0.196769 0.475229 0.412379 0.532841 
0.297482 0.508998 0.400944 0.531916 
0.884449 0.407547 0.488516 0.533251 
0.177998 0.470466 0.340373 0.458076 
0.496337 0.786843 0.559464 0.504755 
0.564046 0.478166 0.594955 0.467796 
0.330265 0.389716 0.451316 0.541353 
0.809685 0.5633 0.454929 0.560551 
0.994548 0.623729 0.478068 0.494607 
0.786611 0.505529 0.378035 0.523123 
0.262337 0.451006 0.434407 0.49581 
0.688523 0.00958994 0.428108 0.472562 
0.964966 0.501895 0.736442 0.477809 
0.834266 0.400676 0.508036 0.510847 
0.0225564 0.563608 0.465853 0.512364 
0.934927 0.325938 0.641772 0.51279 
0.849118 0.524199 0.367911 0.493013 
0.406454 0.216208 0.540066 0.498189 
0.909449 0.388702 0.537261 0.493518 
0.608754 0.779673 0.557876 0.504799 
0.152562 0.641542 0.372109 0.539297 
0.21842 0.555066 0.527259 0.501428 
0.183211 0.392416 0.57048 0.486699 
0.497093 0.263777 0.518394 0.499051 
0.162389 0.354538 0.356465 0.522879 
0.0562793 0.743871 0.57991 0.487137 
0.298004 0.691983 0.465547 0.477848 
0.094378 0.7075 0.517819 0.45958 
0.534635 0.861891 0.597903 0.510459 
0.451515 0.854066 0.521454 0.514609 
0.057024 0.721056 0.508393 0.508007 
0.0424562 0.276342 0.288962 0.548699 
0.8436 0.457117 0.517383 0.50929 
0.583538 0.399849 0.284457 0.541488 
0.211162 0.445836 0.553531 0.502354 
0.076119 0.50715 0.458458 0.452077 
0.274042 0.487666 0.585314 0.506305 
0.181258 0.616484 0.643233 0.468457 
0.673126 0.307355 0.627222 0.487835 
0.449734 0.223461 0.488611 0.494318 
0.558897 0.603588 0.416355 0.494239 
0.225056 0.606361 0.370253 0.508094 
0.673563 0.399854 0.479157 0.492389 
0.0142936 0.13382 0.633854 0.494407 
0.962816 0.582672 0.432536 0.518392 
0.932161 0.102994 0.306885 0.524175 
0.427812 0.272986 0.566459 0.483801 
0.151487 0.66981 0.397898 0.511312 
0.185085 0.534115 0.50133 0.512809 
0.343312 0.101669 0.418478 0.554623 
0.201895 0.381411 0.56651 0.509917 
0.201165 0.296717 0.463415 0.520173 
0.260209 0.62432 0.480116 0.56077 
0.537308 0.784545 0.410225 0.515376 
0.96044 0.376621 0.430752 0.507243 
0.858361 0.84154 0.649562 0.514157 
0.282794 0.569955 0.57276 0.515933 
0.522175 0.85948 0.45182 0.492661 
0.350402 0.482298 0.518846 0.477301 
0.252162 0.130991 0.390692 0.468759 
0.643557 0.501077 0.542608 0.463884 
0.84532 0.155282 0.621463 0.513806 
0.831519 0.518623 0.462479 0.537598 
0.506353 0.404731 0.566844 0.51431 
0.660159 0.469448 0.50644 0.488544 
0.307212 0.278636 0.546583 0.525805 
0.922736 0.707429 0.334251 0.486925 
0.944585 0.741985 0.485047 0.476343 
0.400702 0.485327 0.495633 0.535432 
0.449548 0.733902 0.590467 0.497716 
0.314789 0.226418 0.535592 0.496214 
0.63355 0.476195 0.429617 0.527422 
0.166497 0.69355 0.416384 0.468567 
0.0338511 0.218644 0.499136 0.486546 
0.930534 0.676544 0.427118 0.531488 
0.517512 0.323311 0.576588 0.510715 
0.717302 0.392682 0.535054 0.476415 
0.0634438 0.604405 0.65702 0.482996 
0.730376 0.834531 0.726329 0.502805 
0.316687 0.452933 0.696623 0.495162 
0.736287 0.36814 0.484996 0.483995 
0.282416 0.851144 0.466611 0.517114 
0.400586 0.497209 0.474685 0.452759 
0.939192 0.413595 0.534308 0.482177 
0.249463 0.822403 0.527348 0.514829 
0.980528 0.429201 0.517012 0.516093 
0.173806 0.163122 0.474967 0.453183 
0.15913 0.797328 0.519155 0.43962 
0.397145 0.476418 0.452657 0.441965 
0.532221 0.566939 0.477517 0.525896 
0.466451 0.579738 0.428998 0.484567 
0.478284 0.0949795 0.39191 0.452926 
0.92175 0.182191 0.497569 0.478645 
0.809322 0.324611 0.470741 0.511628 
0.235921 0.713708 0.436412 0.467421 
0.620773 0.340949 0.66353 0.515897 
0.461344 0.685832 0.648684 0.505484 
0.557649 0.322741 0.358747 0.492425 
0.826849 0.442002 0.380761 0.528752 
0.182896 0.549773 0.395295 0.532509 
0.852739 0.134168 0.453673 0.483988 
0.363067 0.320801 0.515813 0.51656 
0.361449 0.240571 0.425977 0.503013 
0.216634 0.470596 0.516748 0.55118 
0.438768 0.210028 0.460461 0.520185 
0.0173076 0.331319 0.351197 0.500344 
0.612164 0.954462 0.432592 0.540796 
0.576428 0.379899 0.490259 0.577071 
0.284872 0.157493 0.523292 0.453593 
0.211007 0.335214 0.460391 0.486616 
0.85925 0.521238 0.500337 0.518112 
0.784768 0.236035 0.481759 0.516212 
0.340074 0.22744 0.677393 0.485183 
0.533096 0.39327 0.487039 0.499173 
0.971841 0.503064 0.435345 0.454788 
0.0218419 0.457104 0.58846 0.515276 
0.182511 0.606649 0.281404 0.474874 
0.962461 0.170628 0.620827 0.499642 
0.254944 0.739227 0.472193 0.52538 
0.13546 0.469617 0.375786 0.457762 
0.982177 0.624211 0.511162 0.488845 
0.339179 0.438156 0.477443 0.552087 
0.279494 0.200019 0.462223 0.475379 
0.786005 0.310129 0.54424 0.44396 
0.761654 0.453001 0.474691 0.486141 
0.856865 0.505963 0.531007 0.554423 
0.666917 0.107117 0.540828 0.497434 
0.94247 0.933785 0.527194 0.478328 
0.664042 0.700258 0.48363 0.462004 
0.301607 0.487294 0.510332 0.498339 
0.748975 0.549811 0.341495 0.477334 
0.853396 0.668378 0.544426 0.461697 
0.626939 0.330869 0.4007 0.553726 
0.672422 0.180018 0.429002 0.462425 
0.189394 0.697831 0.529278 0.530377 
0.723427 0.313226 0.523414 0.511985 
0.14912 0.47334 0.488561 0.487852 
0.767495 0.270005 0.483535 0.475364 
0.463675 0.880116 0.53976 0.491257 
0.993477 0.269847 0.557779 0.498639 
0.416126 0.567903 0.677294 0.50199 
0.342942 0.77534 0.299908 0.543822 
0.881522 0.416883 0.452473 0.492341 
0.180334 0.544242 0.394464 0.47293 
0.271636 0.337137 0.373174 0.459469 
0.298384 0.619673 0.499502 0.517006 
0.342796 0.374688 0.583745 0.527037 
0.478665 0.904396 0.610258 0.496151 
0.889373 0.0631697 0.540207 0.512416 
0.986916 0.591447 0.44204 0.448081 
0.88913 0.138162 0.599276 0.519451 
0.0324119 0.524653 0.523661 0.525939 
0.677271 0.575399 0.650407 0.50269 
0.87563 0.545471 0.623475 0.500704 
0.402326 0.69757 0.529763 0.504537 
0.17988 0.401713 0.446836 0.479882 
0.250249 0.684957 0.533861 0.497194 
0.304818 0.553685 0.486922 0.453273 
0.466078 0.240676 0.494955 0.452093 
0.772407 0.173367 0.259111 0.555603 
0.214685 0.605342 0.442592 0.473683 
0.636334 0.520183 0.557869 0.517901 
0.814915 0.975368 0.436018 0.474004 
0.534244 0.386599 0.310095 0.48513 
0.147496 0.793875 0.512954 0.506939 
0.490083 0.436007 0.341799 0.477195 
0.214843 0.623547 0.619193 0.499814 
0.513758 0.609501 0.656632 0.523875 
0.312622 0.319552 0.372083 0.527373 
0.606561 0.54404 0.611314 0.448331 
0.731867 0.806656 0.464067 0.46666 
0.0845688 0.612491 0.410409 0.543443 
0.281208 0.555442 0.54966 0.531391 
0.926152 0.482998 0.536683 0.507295 
0.731193 0.741344 0.488382 0.543695 
0.26988 0.396742 0.516774 0.493108 
0.308266 0.516744 0.654255 0.514546 
0.244286 0.439039 0.541655 0.540252 
0.601911 0.494909 0.631798 0.528892 
0.932872 0.54741 0.581994 0.474631 
0.824162 0.389939 0.643647 0.496168 
0.00645055 0.598513 0.44621 0.515279 
0.0155917 0.291733 0.469478 0.520444 
0.618144 0.849397 0.585639 0.494422 
0.135831 0.65785 0.413093 0.492187 
0.887701 0.597762 0.427961 0.525089 
0.805428 0.853734 0.361445 0.491441 
0.530205 0.124822 0.713695 0.538442 
0.968682 0.215895 0.559435 0.487862 
0.416097 0.725313 0.619891 0.486215 
0.504149 0.402236 0.57634 0.582993 
0.749942 0.322388 0.471241 0.528896 
0.0402352 0.554945 0.42946 0.52332 
0.425243 0.555198 0.577363 0.476376 
0.81927 0.710497 0.612178 0.517936 
0.742688 0.685153 0.51287 0.465381 
0.821492 0.577184 0.467981 0.473995 
0.153601 0.372113 0.492592 0.540835 
0.374717 0.502745 0.40805 0.427799 
0.394594 0.208195 0.584151 0.541734 
0.049093 0.596688 0.546981 0.529362 
0.661872 0.771653 0.598358 0.509272 
0.836321 0.636767 0.457958 0.465115 
0.0887009 0.622012 0.405278 0.506262 
0.593656 0.302268 0.446718 0.503544 
0.447773 0.951512 0.660396 0.473644 
0.898931 0.535289 0.622292 0.499543 
0.0286228 0.53957 0.343256 0.50722 
0.817077 0.734974 0.600294 0.499676 
0.951871 0.409325 0.47296 0.438345 
0.785405 0.9614 0.367417 0.530032 
0.434773 0.610425 0.593412 0.455251 
0.569785 0.527771 0.394604 0.497998 
0.539496 0.674267 0.495231 0.488357 
0.0387493 0.742367 0.395487 0.469382 
0.143324 0.647596 0.594423 0.544915 
0.1501 0.703646 0.495302 0.529783 
0.701604 0.654685 0.435886 0.527724 
0.03114 0.774357 0.563617 0.497497 
0.267782 0.532704 0.590235 0.49133 
0.690325 0.727109 0.546101 0.512113 
0.0499913 0.702445 0.534991 0.526092 
0.226272 0.49005 0.504959 0.52339 
0.142312 0.750458 0.571953 0.465226 
0.0226112 0.311176 0.460868 0.501353 
0.316407 0.783291 0.619731 0.449116 
0.679844 0.406753 0.487631 0.524015 
0.928661 0.3308 0.514838 0.528243 
0.742817 0.818517 0.320343 0.547729 
0.346644 0.595985 0.5241 0.480638 
0.318354 0.921853 0.276998 0.493262 
0.67711 0.649075 0.489701 0.505117 
0.219642 0.64533 0.506267 0.553871 
0.0739504 0.183261 0.550884 0.459597 
0.37654 0.774941 0.361006 0.472396 
0.897874 0.502335 0.481018 0.493159 
0.132673 0.485424 0.51908 0.473276 
0.94441 0.294252 0.592785 0.469061 
0.0827697 0.704246 0.478297 0.521873 
0.902645 0.381528 0.48079 0.522399 
0.866136 0.148921 0.658535 0.469544 
0.252169 0.448079 0.581685 0.472502 
0.749629 0.503802 0.438232 0.544238 
0.365521 0.320738 0.429377 0.509433 
0.991078 0.525683 0.589341 0.485776 
0.545293 0.456195 0.451603 0.454754 
0.250395 0.714516 0.58681 0.451694 
0.245856 0.238976 0.511863 0.509682 
0.0494208 0.271855 0.418697 0.499762 
0.622992 0.419023 0.620157 0.501124 
0.243772 0.396741 0.461453 0.4954 
0.898993 0.598217 0.447996 0.439021 
0.977267 0.354802 0.594123 0.471382 
0.82031 0.439739 0.541027 0.534019 
0.158153 0.236532 0.561697 0.534588 
0.829437 0.471576 0.479865 0.526741 
0.496554 0.775757 0.665727 0.453145 
0.143867 0.201969 0.569376 0.456355 
0.977993 0.597233 0.675752 0.522593 
0.0386791 0.423575 0.396341 0.465223 
0.544523 0.721867 0.4867 0.494717 
0.47784 0.5331 0.514204 0.53611 
0.310156 0.569797 0.44059 0.50695 
0.679071 0.313656 0.556367 0.462692 
0.836639 0.263574 0.451895 0.511902 
0.337243 0.202889 0.414345 0.495805 
0.475026 0.189124 0.53441 0.437158 
0.107324 0.795151 0.291531 0.506634 
0.663847 0.755479 0.561562 0.50649 
0.539186 0.757697 0.444264 0.44061 
0.79974 0.422045 0.626035 0.564623 
0.266357 0.633214 0.476475 0.457042 
0.359057 0.627626 0.473033 0.514983 
0.443887 0.620893 0.395038 0.513334 
0.629385 0.51021 0.519677 0.495087 
0.411178 0.432466 0.635672 0.498298 
0.0363831 0.140619 0.457279 0.543078 
0.0566458 0.644427 0.635832 0.464915 
0.46281 0.545451 0.481532 0.457502 
0.800914 0.56156 0.776401 0.511316 
0.371921 0.35569 0.462084 0.51319 
0.969121 0.607179 0.580022 0.514355 
0.115648 0.605979 0.625641 0.440289 
0.341189 0.28842 0.457463 0.516234 
0.675256 0.535913 0.51395 0.501006 
0.761331 0.842039 0.583706 0.468487 
0.873166 0.291383 0.641203 0.484207 
0.984033 0.884733 0.565812 0.510643 
0.270927 0.505778 0.444137 0.543153 
0.711751 0.442807 0.405878 0.443641 
0.5849 0.527746 0.395904 0.55111 
0.650064 0.397161 0.410833 0.46666 
0.399619 0.274408 0.540264 0.443434 
0.317437 0.248419 0.559915 0.459466 
0.843174 0.598478 0.645727 0.542659 
0.672522 0.279083 0.478087 0.52732 
0.247128 0.156378 0.60601 0.51379 
0.773687 0.607718 0.473413 0.488816 
0.456297 0.581735 0.479861 0.528034 
0.38607 0.681063 0.517878 0.4814 
0.2583 0.449541 0.422495 0.48503 
0.986604 0.0626176 0.423663 0.453135 
0.958441 0.393637 0.550728 0.522881 
0.0752646 0.149194 0.573655 0.48604 
0.193013 0.760006 0.673255 0.490583 
0.39393 0.507985 0.592428 0.494086 
0.882171 0.663035 0.567461 0.47351 
0.607081 0.703481 0.46292 0.466094 
0.18756 0.671562 0.410134 0.505777 
0.570487 0.237455 0.536951 0.530609 
0.852824 0.475416 0.412452 0.453804 
0.716291 0.877116 0.478629 0.453119 
0.809645 0.574032 0.652356 0.499735 
0.733831 0.397778 0.342599 0.46518 
0.549095 0.460664 0.48344 0.472784 
0.0783942 0.59228 0.539027 0.528023 
0.307064 0.588313 0.440209 0.523523 
0.501573 0.76962 0.531947 0.420074 
0.420389 0.6641 0.439125 0.496325 
0.447043 0.717638 0.32294 0.509726 
0.173455 0.213814 0.385675 0.465965 
0.961202 0.177088 0.568816 0.49788 
0.3738 0.597366 0.4681 0.5076 
0.675466 0.97238 0.517867 0.535475 
0.170303 0.697801 0.414642 0.539268 
0.891769 0.596172 0.514452 0.491763 
0.963635 0.34262 0.504987 0.490346 
0.276797 0.375136 0.599276 0.551748 
0.0896724 0.369274 0.481582 0.494459 
0.139097 0.765751 0.455074 0.508927 
0.861843 0.170062 0.442797 0.522604 
0.167765 0.733862 0.558294 0.520779 
0.0102816 0.538641 0.422393 0.478426 
0.225217 0.57339 0.601095 0.451791 
0.39255 0.477283 0.657599 0.473968 
0.714056 0.473282 0.496081 0.536631 
0.440199 0.847166 0.52205 0.519161 
0.52074 0.648895 0.421839 0.529496 
0.918373 0.184247 0.554405 0.497235 
0.452531 0.825457 0.688627 0.574255 
0.558434 0.0280119 0.500449 0.495504 
0.196252 0.595969 0.376169 0.458868 
0.0168011 0.797167 0.507602 0.498514 
0.673062 0.679722 0.564974 0.460117 
0.427121 0.347337 0.614812 0.466363 
0.885334 0.458403 0.567547 0.467825 
0.234362 0.527971 0.514118 0.483886 
0.137312 0.501509 0.592055 0.47649 
0.364298 0.525385 0.455068 0.498858 
0.945373 0.371569 0.417305 0.491803 
0.213584 0.525851 0.473714 0.513495 
0.798374 0.673569 0.464922 0.473543 
0.118899 0.752421 0.64705 0.514218 
0.520123 0.599567 0.525709 0.519014 
0.018135 0.408362 0.392025 0.516063 
0.637712 0.563803 0.494196 0.481536 
0.705626 0.633853 0.417032 0.546425 
0.635546 0.697756 0.377454 0.514649 
0.306401 0.398991 0.464325 0.551116 
0.29683 0.444367 0.582579 0.474938 
0.0246416 0.206461 0.51241 0.525561 
0.362359 0.451614 0.434854 0.496392 
0.801014 0.0760307 0.600017 0.438241 
0.661871 0.627919 0.49633 0.463738 
0.153195 0.8095 0.68201 0.552511 
0.938118 0.295431 0.423946 0.480208 
0.355266 0.666123 0.710671 0.540391 
0.0399953 0.586961 0.560186 0.474881 
0.552724 0.379085 0.623001 0.493119 
0.660447 0.565317 0.519344 0.470284 
0.317385 0.689989 0.491661 0.492098 
0.0957893 0.30705 0.517356 0.506084 
0.641686 0.532846 0.589479 0.499983 
0.562069 0.334834 0.523641 0.521553 
0.236576 0.364887 0.625128 0.476391 
0.811558 0.307466 0.469513 0.460691 
0.153368 0.0579132 0.382847 0.482913 
0.29682 0.550452 0.454851 0.516374 
0.0434811 0.328115 0.52876 0.501768 
0.883657 0.44452 0.502093 0.488125 
0.497647 0.104972 0.520975 0.431377 
0.462276 0.747277 0.526526 0.495107 
0.381109 0.370734 0.441804 0.480634 
0.122949 0.281344 0.452302 0.510199 
0.700674 0.583013 0.489147 0.553385 
0.635736 0.490364 0.243089 0.467319 
0.875646 0.925497 0.510442 0.503718 
0.514951 0.639499 0.523015 0.526659 
0.287604 0.564565 0.450815 0.476703 
0.801939 0.747773 0.438318 0.567746 
0.84137 0.565005 0.605146 0.534079 
0.00679473 0.305352 0.404737 0.499007 
0.237935 0.133269 0.542503 0.494482 
0.417445 0.740474 0.446173 0.53763 
0.637849 0.325353 0.631686 0.434827 
0.185138 0.798713 0.547111 0.492531 
0.574061 0.780665 0.459767 0.514916 
0.121233 0.200765 0.585991 0.554271 
0.974696 0.429119 0.605931 0.48467 
0.621631 0.360914 0.31549 0.512789 
0.590942 0.495672 0.487146 0.542667 
0.81583 0.862048 0.531733 0.473264 
0.62968 0.154561 0.434298 0.465232 
0.589389 0.310206 0.45902 0.502061 
0.704176 0.459546 0.624468 0.450248 
0.478758 0.543175 0.468368 0.510543 
0.956318 0.462463 0.522558 0.516831 
0.362652 0.257258 0.573907 0.478841 
0.547331 0.194573 0.46702 0.524537 
0.30987 0.712122 0.555733 0.523787 
0.260066 0.388184 0.334449 0.510425 
0.638789 0.173517 0.426195 0.471768 
0.605567 0.112702 0.62277 0.483815 
0.584246 0.436066 0.547226 0.451427 
0.576772 0.536405 0.409173 0.540792 
0.472073 0.448428 0.546962 0.528768 
0.305895 0.229104 0.373433 0.533441 
0.489945 0.354974 0.560695 0.496333 
0.958409 0.744703 0.25697 0.520127 
0.156128 0.0338956 0.361313 0.490223 
0.225757 0.466551 0.347509 0.51514 
0.130497 0.648179 0.572653 0.511646 
0.330811 0.636693 0.580757 0.505088 
0.87904 0.919074 0.380597 0.48681 
0.718142 0.663002 0.474831 0.540223 
0.328228 0.480087 0.492819 0.497052 
0.0138433 0.456046 0.4777 0.549355 
0.813402 0.556474 0.581733 0.460982 
0.726425 0.353019 0.49855 0.527435 
0.659439 0.3817 0.449639 0.511533 
0.670171 0.411372 0.578878 0.476046 
0.17282 0.209691 0.513135 0.526014 
0.475228 0.432203 0.659077 0.450931 
0.78809 0.406067 0.442271 0.507083 
0.764803 0.483793 0.371273 0.470131 
0.215755 0.939584 0.585306 0.475775 
0.830705 0.803806 0.325291 0.464724 
0.361651 0.3326 0.541216 0.508555 
0.470337 0.531158 0.460434 0.503546 
0.22436 0.70278 0.495463 0.457073 
0.836767 0.481664 0.583496 0.531028 
0.930685 0.51952 0.486695 0.516543 
0.645046 0.405347 0.582834 0.44021 
0.116667 0.604701 0.656378 0.477201 
0.821402 0.379689 0.419179 0.498088 
0.210675 0.23494 0.366697 0.529433 
0.25162 0.0840825 0.53527 0.522794 
0.0201112 0.717154 0.494715 0.512334 
0.75387 0.213936 0.417746 0.537404 
0.897524 0.642409 0.468789 0.4714 
0.988799 0.471138 0.488239 0.498201 
0.266758 0.713773 0.585359 0.455415 
0.600091 0.199834 0.608103 0.47254 
0.772864 0.470567 0.491872 0.486546 
0.497636 0.566054 0.487191 0.457347 
0.758349 0.25843 0.515223 0.54013 
0.30714 0.72815 0.479459 0.486166 
0.306121 0.840966 0.464547 0.514522 
0.206652 0.736326 0.378438 0.472391 
0.353685 0.652959 0.629774 0.513383 
0.941693 0.694674 0.481889 0.485271 
0.91048 0.532651 0.621295 0.546245 
0.529509 0.493815 0.44644 0.469056 
0.182055 0.449497 0.602536 0.492233 
0.26118 0.449132 0.602416 0.495927 
0.691444 0.583736 0.399579 0.513578 
0.965313 0.697776 0.399769 0.533587 
0.883142 0.485113 0.464218 0.540482 
0.616214 0.789517 0.480477 0.490193 
0.41021 0.713539 0.591069 0.505577 
0.82183 0.256637 0.44033 0.456105 
0.483749 0.715554 0.303321 0.529906 
0.230558 0.492469 0.341866 0.533012 
0.659127 0.425891 0.446678 0.514909 
0.338336 0.519438 0.703054 0.520239 
0.681111 0.611609 0.56119 0.504357 
0.398941 0.534606 0.403677 0.482966 
0.321219 0.344454 0.523829 0.547874 
0.386664 0.537929 0.532323 0.490755 
0.916475 0.724076 0.636023 0.46166 
0.458024 0.482468 0.611451 0.48675 
0.387103 0.541463 0.488602 0.533851 
0.541403 0.206607 0.500414 0.527069 
0.965021 0.49738 0.41431 0.546104 
0.152517 0.631009 0.653763 0.514872 
0.476309 0.746573 0.345895 0.526497 
0.904616 0.477776 0.46841 0.5339 
0.481505 0.880865 0.384158 0.548506 
0.524131 0.535985 0.361051 0.489699 
0.0205226 0.44468 0.555806 0.468436 
0.824731 0.491883 0.399881 0.496421 
0.63662 0.301347 0.559934 0.534019 
0.138913 0.860231 0.39951 0.463152 
0.296707 0.260067 0.479851 0.500018 
0.647208 0.712278 0.583266 0.503991 
0.737118 0.359104 0.556163 0.530116 
0.438266 0.24627 0.444661 0.499411 
0.350517 0.636127 0.549642 0.504772 
0.366658 0.722981 0.383911 0.514507 
0.591878 0.617672 0.672749 0.486287 
0.506424 0.609117 0.452603 0.519628 
0.545474 0.299715 0.514095 0.530941 
0.912554 0.515386 0.577238 0.473365 
0.884163 0.189135 0.362765 0.488009 
0.504467 0.246989 0.392335 0.475019 
0.95057 0.178981 0.637351 0.488836 
0.596451 0.194912 0.619056 0.442676 
0.423375 0.771569 0.505423 0.493163 
0.496417 0.490139 0.374723 0.508634 
0.196438 0.342719 0.314172 0.524045 
0.686549 0.483804 0.558822 0.515473 
0.832927 0.862443 0.644841 0.519478 
0.111263 0.807755 0.589985 0.483701 
0.664981 0.8551 0.555907 0.480799 
0.270858 0.146369 0.630103 0.496833 
0.908162 0.726675 0.311945 0.554334 
0.326707 0.490792 0.485921 0.519542 
0.0250744 0.0864036 0.578989 0.519281 
0.544528 0.545338 0.655876 0.521988 
0.942173 0.704125 0.541788 0.528679 
0.163112 0.408523 0.385747 0.498733 
0.00207612 0.570272 0.387589 0.504426 
0.837914 0.542522 0.543113 0.526074 
0.129184 0.149264 0.438799 0.487325 
0.932988 0.644414 0.622262 0.468328 
0.904628 0.720499 0.558306 0.498108 
0.423582 0.535933 0.432399 0.499222 
0.545034 0.443888 0.522446 0.488935 
0.251905 0.36135 0.481411 0.502613 
0.580559 0.572475 0.270941 0.545477 
0.142986 0.793748 0.397858 0.484596 
0.97093 0.53789 0.687678 0.507954 
0.786906 0.39833 0.393065 0.506907 
0.105304 0.840735 0.536149 0.501008 
0.823449 0.680494 0.506329 0.47876 
0.237763 0.466431 0.707661 0.472964 
0.860331 0.79409 0.432295 0.465434 
0.310569 0.816519 0.386527 0.509472 
0.366049 0.21218 0.551276 0.498887 
0.0600421 0.565289 0.547933 0.474005 
0.858941 0.663809 0.61538 0.488121 
0.14625 0.487521 0.748109 0.477888 
0.234149 0.527396 0.447374 0.547693 
0.206197 0.647802 0.595583 0.515404 
0.894776 0.181693 0.468759 0.510395 
0.461742 0.452971 0.607705 0.470568 
0.225637 0.78531 0.539631 0.555195 
0.989209 0.392689 0.566522 0.518445 
0.456387 0.465938 0.455723 0.498546 
0.939534 0.625495 0.438727 0.451918 
0.141239 0.226478 0.542504 0.499285 
0.601093 0.485141 0.557846 0.484667 
0.663789 0.606865 0.467422 0.505079 
0.178741 0.438808 0.43241 0.509695 
0.943931 0.748187 0.538187 0.500214 
0.867738 0.704926 0.467732 0.538657 
0.141327 0.670091 0.486418 0.460434 
0.0922621 0.586781 0.478504 0.451322 
0.824827 0.50511 0.550317 0.525406 
0.147341 0.402996 0.506805 0.458791 
0.0489914 0.552961 0.539962 0.488836 
0.350469 0.661757 0.412708 0.511537 
0.2389 0.463146 0.653268 0.510925 
0.884771 0.578075 0.554489 0.463332 
0.220598 0.445265 0.566224 0.498399 
0.297451 0.582807 0.548292 0.502486 
0.346191 0.786814 0.524093 0.517482 
0.783368 0.17015 0.541015 0.54265 
0.0586874 0.278039 0.57226 0.503312 
0.022335 0.739824 0.474695 0.516312 
0.693421 0.268317 0.5027 0.467475 
0.651217 0.529564 0.517593 0.47881 
0.399371 0.433173 0.3823 0.525607 
0.746198 0.346573 0.462161 0.531709 
0.606111 0.611726 0.666933 0.503251 
0.175906 0.786719 0.458213 0.531488 
0.210275 0.690139 0.33645 0.524917 
0.761684 0.302052 0.472055 0.493738 
0.247767 0.233496 0.686698 0.505955 
0.604003 0.714023 0.548764 0.451815 
0.10207 0.525535 0.542873 0.488493 
0.43316 0.29929 0.43807 0.501789 
0.161734 0.35805 0.490986 0.49201 
0.441585 0.502037 0.582037 0.538461 
0.255925 0.139916 0.613313 0.484712 
0.544677 0.576046 0.442403 0.512969 
0.270861 0.164352 0.522377 0.445909 
0.711385 0.716416 0.397889 0.525696 
0.688942 0.710654 0.387352 0.578237 
0.104321 0.842347 0.439001 0.483554 
0.604037 0.22849 0.286354 0.521562 
0.330678 0.29963 0.680806 0.511469 
0.646847 0.667855 0.602286 0.532932 
0.828632 0.502389 0.636309 0.50369 
0.68714 0.22322 0.611136 0.520369 
0.110569 0.257273 0.634418 0.502422 
0.333752 0.633904 0.582926 0.471428 
0.410433 0.457585 0.39544 0.521369 
0.725688 0.0555023 0.66385 0.485523 
0.489626 0.236362 0.563665 0.487251 
0.824843 0.489399 0.561192 0.472079 
0.507026 0.865541 0.56469 0.53996 
0.969906 0.187141 0.429295 0.504186 
0.139044 0.863114 0.567373 0.512767 
0.677627 0.825399 0.50409 0.531598 
0.581529 0.755887 0.583417 0.475532 
0.449333 0.694027 0.319409 0.500093 
0.217808 0.448635 0.421467 0.48837 
0.935668 0.372411 0.40766 0.494225 
0.415067 0.575407 0.361009 0.509824 
0.458485 0.6411 0.578404 0.499389 
0.488538 0.66846 0.447963 0.492234 
0.536219 0.48167 0.543834 0.497503 
0.62731 0.946144 0.470581 0.523394 
0.539072 0.610239 0.476493 0.434909 
0.370364 0.939259 0.436781 0.511352 
0.877121 0.557472 0.329027 0.4949 
0.961942 0.253231 0.580548 0.470083 
0.415523 0.806797 0.702799 0.514277 
0.915642 0.504081 0.523354 0.490472 
0.911969 0.746785 0.482589 0.503252 
0.695188 0.403665 0.356059 0.524946 
0.48314 0.739673 0.796491 0.543031 
0.732679 0.434461 0.419441 0.441917 
0.725619 0.492633 0.387375 0.467657 
0.31157 0.670057 0.559752 0.497054 
0.512213 0.234597 0.378018 0.635917 
0.0856817 0.78944 0.429625 0.517053 
0.350324 0.121953 0.543395 0.469606 
0.782219 0.599135 0.518135 0.537506 
0.613505 0.277926 0.40564 0.4906 
0.303481 0.651204 0.431086 0.495899 
0.528377 0.400316 0.371186 0.500101 
0.316852 0.355497 0.534475 0.52053 
0.0132581 0.738677 0.494824 0.53369 
0.706532 0.485541 0.606539 0.446663 
0.278428 0.44122 0.689053 0.504992 
0.499091 0.106275 0.547088 0.48806 
0.518374 0.281999 0.570648 0.517159 
0.472342 0.240838 0.444195 0.482082 
0.204173 0.0651587 0.734951 0.503931 
0.133164 0.839083 0.566687 0.499575 
0.829833 0.232702 0.609653 0.494499 
0.126614 0.477706 0.386219 0.511897 
0.37686 0.284477 0.369411 0.468985 
0.0238181 0.738358 0.378758 0.530725 
0.106292 0.800166 0.363748 0.493119 
0.0636758 0.475834 0.538095 0.525873 
0.864045 0.227687 0.682915 0.508219 
0.0950013 0.506017 0.355022 0.47518 
0.817803 0.525749 0.303408 0.478206 
0.0264196 0.246051 0.652407 0.532019 
0.259635 0.257594 0.504235 0.530236 
0.759722 0.570796 0.457755 0.540668 
0.295789 0.713118 0.491528 0.501299 
0.643178 0.42217 0.366531 0.470351 
0.244113 0.589804 0.492965 0.436898 
0.0354026 0.44367 0.605316 0.466238 
0.219954 0.665482 0.386612 0.534864 
0.725469 0.544749 0.386488 0.511191 
0.774793 0.253077 0.389508 0.505047 
0.526736 0.689029 0.447445 0.504784 
0.232235 0.0589516 0.520481 0.524954 
0.343963 0.390689 0.538333 0.503926 
0.136086 0.684165 0.54154 0.51813 
0.760987 0.424686 0.61306 0.461658 
0.98494 0.567987 0.510026 0.493241 
0.956693 0.549417 0.510985 0.419847 
0.0874872 0.113251 0.642299 0.491999 
0.367029 0.457972 0.467182 0.503283 
0.17381 0.32944 0.515791 0.535158 
0.768496 0.386565 0.534824 0.491458 
0.706875 0.73061 0.48026 0.514971 
0.866135 0.817118 0.360468 0.492896 
0.842188 0.450971 0.585931 0.493139 
0.727805 0.545259 0.610793 0.478026 
0.36962 0.551554 0.551714 0.462281 
0.235406 0.441328 0.675493 0.485272 
0.741243 0.564858 0.618476 0.485904 
0.258736 0.576751 0.344586 0.468379 
0.417091 0.598915 0.529834 0.463431 
0.478047 0.731515 0.556674 0.48755 
0.470924 0.489406 0.396368 0.501949 
0.0943179 0.716889 0.356915 0.449649 
0.394665 0.746132 0.480778 0.504557 
0.971864 0.306085 0.53123 0.48533 
0.0911817 0.539463 0.419627 0.525706 
0.000736742 0.471106 0.428261 0.474985 
0.879062 0.618221 0.596639 0.525775 
0.870123 0.609433 0.450312 0.476082 
0.873026 0.140016 0.560731 0.488875 
0.311415 0.96402 0.477023 0.551873 
0.62343 0.203506 0.46644 0.467455 
0.0181786 0.629561 0.552984 0.496954 
0.750803 0.419604 0.449014 0.51002 
0.0412877 0.563657 0.433097 0.460756 
0.438358 0.219581 0.5822 0.553628 
0.164302 0.727376 0.519534 0.470147 
0.14336 0.233377 0.556179 0.458207 
0.911991 0.40549 0.511678 0.523818 
0.466124 0.798698 0.392235 0.511953 
0.34231 0.483385 0.560314 0.512691 
0.341522 0.491252 0.478999 0.479204 
0.342986 0.606228 0.558959 0.47618 
0.518706 0.269194 0.645681 0.477145 
0.563705 0.734687 0.495311 0.552402 
0.227736 0.709709 0.430461 0.476016 
0.775738 0.347397 0.364595 0.494112 
0.318211 0.831758 0.660485 0.500195 
0.9739 0.500833 0.518658 0.479652 
0.222363 0.393599 0.553233 0.532258 
0.490485 0.487467 0.534577 0.512241 
0.838474 0.445927 0.594272 0.493244 
0.715136 0.36346 0.499627 0.49408 
0.967646 0.776829 0.417803 0.522591 
0.209232 0.479365 0.599843 0.496852 
0.692117 0.499275 0.368262 0.496436 
0.431061 0.84097 0.623052 0.533015 
0.198815 0.760216 0.48323 0.50702 
0.584472 0.366081 0.494832 0.465385 
0.487831 0.637889 0.516292 0.467619 
0.896686 0.343053 0.480959 0.508018 
0.752362 0.796022 0.564639 0.495919 
0.44956 0.42627 0.558433 0.550763 
0.303992 0.363015 0.393681 0.530084 
0.13314 0.545092 0.44406 0.48906 
0.87071 0.759106 0.514507 0.482978 
0.221265 0.757843 0.356896 0.488415 
0.548996 0.578866 0.536574 0.491961 
0.7589 0.321343 0.505232 0.51124 
0.433039 0.853982 0.393032 0.509478 
0.834107 0.521024 0.36124 0.506442 
0.324329 0.206427 0.426432 0.479992 
0.646049 0.737968 0.422626 0.503126 
0.932924 0.737816 0.547568 0.503335 
0.254743 0.201761 0.675092 0.525442 
0.44788 0.316538 0.363627 0.549528 
0.318657 0.239361 0.4112 0.51259 
0.799874 0.256285 0.375729 0.510568 
0.146682 0.277298 0.434787 0.511787 
0.163348 0.603371 0.528811 0.463392 
0.296267 0.458433 0.538817 0.466857 
0.795386 0.51965 0.607601 0.528401 
0.273659 0.431541 0.511356 0.521671 
0.54377 0.600495 0.512855 0.488948 
0.813132 0.62551 0.565 0.477339 
0.882408 0.0802164 0.467914 0.443397 
0.355271 0.52935 0.740896 0.485827 
0.136662 0.581993 0.590842 0.522065 
0.316506 0.610919 0.492707 0.502942 
0.254183 0.361823 0.590353 0.512895 
0.401205 0.654274 0.59024 0.456448 
0.59457 0.39915 0.529991 0.517825 
0.866906 0.670066 0.549396 0.472058 
0.604535 0.452114 0.536771 0.484088 
0.0992538 0.569395 0.410777 0.506336 
0.143864 0.450282 0.445432 0.512577 
0.250546 0.111517 0.423949 0.504513 
0.623213 0.676285 0.57025 0.455173 
0.135025 0.589068 0.314383 0.520663 
0.678466 0.50076 0.403726 0.48447 
0.208473 0.710232 0.499024 0.529506 
0.90973 0.366723 0.451115 0.482749 
0.864014 0.351253 0.57865 0.486785 
0.092258 0.658417 0.53686 0.486612 
0.84665 0.759217 0.359851 0.560251 
0.726125 0.828753 0.540404 0.486903 
0.494717 0.844103 0.39845 0.537245 
0.908748 0.52484 0.34637 0.477766 
0.89314 0.900501 0.443713 0.474638 
0.368554 0.143431 0.539391 0.520711 
0.798454 0.442277 0.579524 0.493321 
0.210101 0.506648 0.488204 0.48167 
0.108457 0.695004 0.420057 0.525139 
0.450994 0.171353 0.662766 0.437131 
0.730169 0.511389 0.436552 0.49617 
0.846884 0.666369 0.536225 0.471923 
0.647472 0.362663 0.347765 0.509279 
0.489409 0.516545 0.395482 0.51903 
0.585994 0.39384 0.520283 0.492627 
0.6183 0.565982 0.490708 0.551602 
0.54918 0.518492 0.619215 0.510742 
0.185413 0.929109 0.540257 0.4952 
0.267919 0.534278 0.550186 0.473008 
0.899788 0.616244 0.355189 0.524578 
0.546172 0.504285 0.433813 0.454404 
0.475073 0.384187 0.40782 0.487282 
0.67221 0.563971 0.452766 0.506684 
0.56663 0.862616 0.44038 0.510675 
0.00941141 0.213855 0.597291 0.537779 
0.37744 0.650362 0.581314 0.482417 
0.434056 0.453563 0.370785 0.502758 
0.180593 0.3476 0.61994 0.533418 
0.765467 0.464034 0.455723 0.485367 
0.00145676 0.892641 0.408424 0.439675 
0.482364 0.663972 0.57207 0.530583 
0.590168 0.685586 0.474505 0.514097 
0.650765 0.493802 0.470483 0.467647 
0.708036 0.646048 0.510881 0.522843 
0.790992 0.56379 0.492964 0.528313 
0.318109 0.328615 0.494945 0.548234 
0.627788 0.286769 0.735714 0.526833 
0.741568 0.810422 0.384545 0.478468 
0.0296354 0.414153 0.632805 0.494737 
0.503697 0.310733 0.31306 0.552111 
0.927064 0.502391 0.333951 0.468505 
0.913401 0.6826 0.490469 0.509062 
0.661791 0.312167 0.591629 0.4956 
0.518468 0.218605 0.590299 0.502022 
0.560729 0.45081 0.606714 0.520574 
0.81662 0.548596 0.566735 0.442647 
0.51995 0.682103 0.520606 0.482942 
0.62651 0.492679 0.48739 0.484035 
0.461719 0.524526 0.360871 0.525377 
0.160832 0.158098 0.54349 0.529221 
0.589531 0.448257 0.528101 0.515062 
0.813377 0.725242 0.387326 0.496457 
0.938969 0.764382 0.501705 0.540689 
0.127712 0.211284 0.603207 0.472771 
0.201883 0.340187 0.435685 0.532951 
0.917088 0.260071 0.44084 0.522807 
0.824399 0.431973 0.630612 0.462691 
0.0594481 0.581114 0.640691 0.497155 
0.0905512 0.48341 0.577462 0.481841 
0.87269 0.0468467 0.49967 0.553812 
0.061057 0.417703 0.407629 0.507235 
0.605501 0.212603 0.551483 0.510905 
0.790193 0.317244 0.439796 0.47633 
0.796786 0.857987 0.61336 0.489828 
0.202054 0.552808 0.482086 0.501535 
0.877402 0.38656 0.584077 0.477814 
0.109214 0.444687 0.391356 0.514633 
0.0149391 0.194815 0.567444 0.469084 
0.73365 0.621771 0.452175 0.480619 
0.811768 0.773629 0.364391 0.507471 
0.309098 0.432746 0.58746 0.509563 
0.353743 0.114955 0.474491 0.504104 
0.898791 0.483191 0.626641 0.522851 
0.339881 0.462683 0.63633 0.475735 
0.0681748 0.208777 0.467516 0.495883 
0.117763 0.487292 0.496892 0.52283 
0.0940048 0.284398 0.617567 0.515567 
0.0357415 0.515344 0.218597 0.484866 
0.156534 0.589955 0.506876 0.448496 
0.342846 0.57065 0.446433 0.50893 
0.476082 0.567449 0.468115 0.491666 
0.497476 0.728203 0.376306 0.484742 
0.331972 0.877237 0.529305 0.47363 
0.0110694 0.626353 0.597809 0.426912 
0.39722 0.568588 0.476256 0.574837 
0.0495799 0.390834 0.529916 0.52064 
0.58315 0.767893 0.615437 0.453388 
0.934697 0.883918 0.561274 0.50355 
0.159201 0.854423 0.565974 0.516396 
0.582216 0.188406 0.619802 0.51252 
0.263072 0.705114 0.525596 0.547949 
0.629121 0.516988 0.435849 0.522099 
0.527942 0.447881 0.519189 0.559282 
0.0213286 0.352387 0.520773 0.470991 
0.609926 0.490232 0.249339 0.501986 
0.51612 0.349389 0.423783 0.466462 
0.887772 0.295112 0.54072 0.531125 
0.508788 0.613898 0.628371 0.504212 
0.848326 0.520834 0.543362 0.512624 
0.703575 0.357331 0.706671 0.518153 
0.966933 0.51782 0.49812 0.492271 
0.730216 0.926442 0.551256 0.468332 
0.675849 0.562484 0.556259 0.473195 
0.00689638 0.284496 0.403535 0.501249 
0.0777377 0.778653 0.459048 0.497713 
0.731223 0.825521 0.437546 0.474605 
0.110162 0.375999 0.482353 0.485326 
0.097884 0.525637 0.453729 0.533797 
0.85112 0.84223 0.529195 0.532859 
0.188092 0.271734 0.596313 0.474616 
0.012163 0.357151 0.444652 0.534074 
0.131959 0.607351 0.457447 0.505049 
0.78904 0.310714 0.649515 0.438448 
0.530538 0.533794 0.369459 0.468997 
0.19059 0.83952 0.573286 0.46723 
0.0143333 0.410616 0.59135 0.525617 
0.611431 0.50752 0.205846 0.483549 
0.0423255 0.323265 0.647717 0.535094 
0.88231 0.789783 0.502715 0.478038 
0.875465 0.109508 0.58619 0.513966 
0.557724 0.22041 0.487743 0.468913 
0.486571 0.771105 0.353393 0.538252 
0.107519 0.401295 0.528003 0.525644 
0.248313 0.577815 0.359586 0.531735 
0.455944 0.327761 0.344784 0.484837 
0.719444 0.277138 0.440547 0.505164 
0.406714 0.867165 0.494622 0.532324 
0.942708 0.236223 0.555244 0.508984 
0.653157 0.738884 0.553495 0.514583 
0.877486 0.66968 0.661434 0.524067 
0.731628 0.376426 0.492074 0.520929 
0.420323 0.535861 0.527181 0.527757 
0.686559 0.787825 0.439693 0.520196 
0.165285 0.448574 0.549997 0.5459 
0.709181 0.302151 0.611142 0.487898 
0.467974 0.120432 0.363737 0.480124 
0.960495 0.624713 0.500212 0.503644 
0.0531379 0.178251 0.474972 0.545897 
0.518413 0.501747 0.427362 0.491568 
0.68455 0.862432 0.473822 0.529248 
0.495628 0.831386 0.42297 0.47151 
0.246436 0.437821 0.375438 0.511849 
0.576751 0.677913 0.496305 0.495173 
0.431065 0.175269 0.521536 0.515837 
0.0654744 0.218362 0.490894 0.452368 
0.44375 0.275142 0.531374 0.491501 
0.95385 0.592218 0.484104 0.538983 
0.793704 0.570952 0.522698 0.486695 
0.484658 0.495133 0.536682 0.486419 
0.399179 0.565993 0.524749 0.507654 
0.717394 0.507697 0.491298 0.51404 
0.282278 0.233502 0.497411 0.518814 
0.433092 0.38989 0.442491 0.488329 
0.793062 0.325366 0.558787 0.478497 
0.533426 0.175508 0.629066 0.456283 
0.593188 0.34508 0.659232 0.475636 
0.680427 0.660072 0.389645 0.525399 
0.94619 0.695205 0.433011 0.508 
0.0300598 0.77442 0.531312 0.526887 
0.125294 0.530907 0.528434 0.538644 
0.823636 0.301208 0.584252 0.500631 
0.445371 0.444157 0.49058 0.474806 
0.393133 0.44891 0.378404 0.492831 
0.0235149 0.63916 0.46169 0.506355 
0.294534 0.335308 0.628352 0.497857 
0.64769 0.824736 0.49578 0.508381 
0.0691441 0.147751 0.500582 0.508422 
0.469492 0.764159 0.63311 0.555941 
0.279049 0.73615 0.673743 0.495218 
0.0685873 0.069209 0.459565 0.511344 
0.447353 0.703455 0.440854 0.51915 
0.528238 0.638893 0.584222 0.524268 
0.880633 0.409268 0.675241 0.512871 
0.512756 0.757296 0.56822 0.502142 
0.0905079 0.564574 0.49541 0.516283 
0.0378463 0.512433 0.548101 0.471798 
0.139487 0.958708 0.427561 0.54728 
0.0607026 0.408733 0.505688 0.510755 
0.0623602 0.535918 0.308924 0.534344 
0.395553 0.697602 0.572735 0.533826 
0.889278 0.6978 0.588557 0.481668 
0.667955 0.65679 0.477494 0.432216 
0.708786 0.72205 0.464473 0.511567 
0.403654 0.495476 0.510721 0.480638 
0.61446 0.641783 0.312018 0.541614 
0.0647612 0.522293 0.689531 0.481477 
0.905548 0.220188 0.442799 0.480894 
0.00505314 0.609521 0.558825 0.505494 
0.903522 0.888181 0.273888 0.535286 
0.164484 0.971343 0.516887 0.523944 
0.275779 0.770731 0.690269 0.458583 
0.32896 0.44955 0.436755 0.54376 
0.434841 0.365834 0.602364 0.485767 
0.50769 0.506225 0.5875 0.546896 
0.659253 0.535213 0.473682 0.449297 
0.206992 0.452658 0.566863 0.467089 
0.0591296 0.622541 0.528193 0.432325 
0.00145306 0.472693 0.536234 0.498345 
0.607317 0.608498 0.445065 0.49825 
0.589649 0.33618 0.395464 0.505067 
0.051506 0.51886 0.457413 0.489659 
0.881062 0.595276 0.453212 0.524798 
0.774426 0.147576 0.510344 0.477718 
0.129784 0.72988 0.684155 0.437458 
0.31143 0.48377 0.422933 0.468042 
0.351947 0.565379 0.414337 0.493164 
0.641043 0.664352 0.499256 0.529781 
0.796795 0.657297 0.461012 0.509732 
0.723322 0.636154 0.569685 0.529289 
0.597105 0.456963 0.46317 0.532821 
0.363205 0.822474 0.464669 0.539457 
0.5923 0.657938 0.483949 0.482218 
0.306578 0.541508 0.533726 0.477508 
0.999986 0.546517 0.495112 0.511991 
0.000160027 0.424386 0.579577 0.50038 
0.26095 0.333903 0.521884 0.510729 
0.651642 0.800315 0.439494 0.521056 
0.681005 0.544974 0.523405 0.441044 
0.690785 0.287719 0.519034 0.493697 
0.990908 0.700265 0.555903 0.537977 
0.64817 0.885334 0.499682 0.5119 
0.330489 0.149301 0.690343 0.479722 
0.268258 0.190524 0.569124 0.552892 
0.295676 0.414023 0.457186 0.517396 
0.0704383 0.679048 0.484665 0.517115 
0.300789 0.0927985 0.497364 0.513359 
0.525782 0.501091 0.340371 0.472642 
0.0370341 0.810462 0.388474 0.513198 
0.320875 0.216811 0.446387 0.488451 
0.860814 0.980685 0.59798 0.555598 
0.0479055 0.175935 0.4107 0.496464 
0.518743 0.309278 0.441115 0.504423 
0.890622 0.11027 0.535863 0.531091 
0.188793 0.668602 0.323931 0.514714 
0.844663 0.372221 0.402807 0.500846 
0.039417 0.849484 0.362521 0.48057 
0.940944 0.0915762 0.632276 0.500951 
0.261465 0.866086 0.456025 0.533018 
0.580788 0.52925 0.619492 0.485462 
0.683988 0.818013 0.514167 0.528859 
0.124104 0.851122 0.48078 0.477404 
0.37398 0.677207 0.428016 0.491781 
0.059591 0.165914 0.412802 0.480133 
0.556052 0.760643 0.555281 0.527466 
0.349157 0.297193 0.37892 0.45913 
0.0850046 0.641246 0.548157 0.548317 
0.849728 0.243055 0.530673 0.507009 
0.363995 0.376511 0.46204 0.536959 
0.87755 0.689492 0.508739 0.456335 
0.32208 0.784894 0.384807 0.510097 
0.0503953 0.364628 0.537731 0.536229 
0.184205 0.33261 0.518698 0.507799 
0.844972 0.622009 0.521531 0.481621 
0.0062222 0.583779 0.498307 0.528622 
0.663029 0.140381 0.601982 0.497711 
0.403305 0.288413 0.57052 0.521922 
0.207773 0.573676 0.470507 0.460891 
0.570776 0.457569 0.282311 0.491168 
0.830201 0.693605 0.620908 0.500823 
0.0127234 0.251724 0.38594 0.540312 
0.0813635 0.414812 0.366755 0.488666 
0.273072 0.454234 0.537531 0.511933 
0.239141 0.246173 0.46095 0.505248 
0.474028 0.616057 0.276971 0.487763 
0.57015 0.247859 0.606439 0.510416 
0.249899 0.642702 0.235445 0.47851 
0.660564 0.312915 0.623048 0.48548 
0.829236 0.640996 0.574776 0.555017 
0.297995 0.85458 0.570654 0.497061 
0.276902 0.518881 0.597575 0.500466 
0.264725 0.339071 0.530886 0.42069 
0.290303 0.476058 0.616409 0.543806 
0.968387 0.58812 0.509328 0.519824 
0.491798 0.590256 0.538517 0.502062 
0.855803 0.356481 0.662228 0.471454 
0.55569 0.404275 0.496354 0.491272 
0.166134 0.744184 0.650475 0.461312 
0.67195 0.453742 0.481671 0.451349 
0.291796 0.842022 0.489341 0.512565 
0.0751666 0.665013 0.462478 0.498497 
0.22844 0.415686 0.576617 0.512206 
0.664833 0.397718 0.701522 0.515882 
0.37754 0.548905 0.431416 0.472115 
0.57904 0.940172 0.442706 0.537667 
0.0518602 0.911401 0.319689 0.551327 
0.308105 0.681758 0.484149 0.526652 
0.669662 0.448618 0.407247 0.533816 
0.723028 0.349844 0.390982 0.430442 
0.0713206 0.521202 0.669934 0.516506 
0.603125 0.579135 0.499295 0.494508 
0.619293 0.556721 0.554677 0.442354 
0.649744 0.661391 0.516235 0.515611 
0.974873 0.445157 0.586462 0.518408 
0.387371 0.472317 0.376572 0.557758 
0.974999 0.495258 0.586495 0.477997 
0.763009 0.490865 0.545987 0.508816 
0.848994 0.46582 0.438153 0.520823 
0.558473 0.797932 0.471133 0.558804 
0.517286 0.531474 0.600204 0.482015 
0.839114 0.751244 0.479191 0.465253 
0.948368 0.514432 0.581579 0.5477 
0.713503 0.534694 0.449201 0.447019 
0.108435 0.577574 0.558217 0.561174 
0.703071 0.724254 0.465839 0.454479 
0.934511 0.431924 0.573512 0.515849 
0.465547 0.368138 0.542103 0.452642 
0.297477 0.477798 0.50033 0.548004 
0.677387 0.2102 0.441066 0.464056 
0.731177 0.411789 0.482587 0.486664 
0.675722 0.864331 0.492649 0.482624 
0.868642 0.272787 0.523604 0.491171 
0.621904 0.614212 0.428778 0.557391 
0.821984 0.478354 0.658556 0.521817 
0.289235 0.718457 0.495854 0.487167 
0.780127 0.630446 0.63574 0.472445 
0.0377789 0.491422 0.566626 0.485099 
0.306568 0.733031 0.276703 0.465537 
0.691444 0.753214 0.42574 0.51057 
0.894963 0.568001 0.513577 0.485949 
0.975223 0.493681 0.605213 0.455101 
0.993957 0.512024 0.624987 0.476282 
0.713215 0.728503 0.412326 0.509919 
0.212069 0.450037 0.623095 0.481853 
0.587623 0.395324 0.477176 0.49387 
0.622796 0.249019 0.45583 0.49717 
0.229415 0.65292 0.521617 0.500597 
0.387229 0.207662 0.61321 0.528074 
0.495171 0.546084 0.456 0.491317 
0.553185 0.119841 0.583764 0.498908 
0.231606 0.686341 0.392352 0.471523 
0.0831547 0.648017 0.602363 0.494993 
0.696055 0.389311 0.632473 0.559037 
0.288695 0.545207 0.662793 0.470019 
0.243621 0.481312 0.45529 0.47091 
0.966452 0.661741 0.64129 0.452369 
0.786167 0.839153 0.493482 0.502806 
0.492781 0.611894 0.59909 0.463412 
0.82074 0.581313 0.424761 0.49313 
0.307185 0.82715 0.552119 0.504723 
0.568567 0.139901 0.520566 0.534426 
0.013337 0.398988 0.508695 0.529482 
0.869868 0.491141 0.491876 0.519495 
0.432696 0.279447 0.49497 0.509017 
0.757654 0.705487 0.624335 0.537037 
0.293141 0.708887 0.367201 0.475652 
0.795865 0.535999 0.610142 0.513284 
0.508976 0.374624 0.668169 0.501792 
0.0721296 0.79058 0.447679 0.476127 
0.611927 0.634479 0.557069 0.509179 
0.57086 0.471192 0.555889 0.487794 
0.00648627 0.43158 0.46396 0.504533 
0.383771 0.673103 0.520639 0.462262 
0.286035 0.263822 0.724136 0.510802 
0.197807 0.395973 0.439069 0.483317 
0.95801 0.670634 0.522837 0.526202 
0.220405 0.3898 0.610084 0.500372 
0.37088 0.338895 0.621293 0.515176 
0.562126 0.327962 0.46803 0.525463 
0.907695 0.5579 0.488278 0.508171 
0.442145 0.0828004 0.617934 0.485904 
0.91566 0.240002 0.444991 0.491429 
0.107352 0.335886 0.531143 0.525889 
0.925477 0.476095 0.67932 0.534423 
0.60697 0.369629 0.544779 0.484563 
0.473158 0.344203 0.547496 0.492572 
0.310105 0.498158 0.507026 0.552936 
0.830934 0.0241774 0.478075 0.471501 
0.85854 0.587797 0.616348 0.446354 
0.653447 0.874407 0.410381 0.492239 
0.650364 0.305234 0.574831 0.51172 
0.915329 0.538906 0.367515 0.508386 
0.205299 0.096662 0.495605 0.495537 
0.0307017 0.272267 0.555989 0.495241 
0.16521 0.66971 0.45015 0.531449 
0.0190437 0.556869 0.433603 0.474047 
0.0712618 0.414644 0.463249 0.517508 
0.887849 0.537568 0.60418 0.486093 
0.134348 0.227025 0.466644 0.495059 
0.331292 0.508983 0.334793 0.454842 
0.897642 0.7629 0.6963 0.525861 
0.0539685 0.711243 0.490024 0.475982 
0.77664 0.441275 0.467152 0.508181 
0.216362 0.261644 0.497913 0.498012 
0.428802 0.573053 0.523207 0.474569 
0.61228 0.75806 0.369831 0.489881 
0.747457 0.57739 0.531829 0.53888 
0.690616 0.678049 0.667173 0.501345 
0.850766 0.755377 0.461817 0.540697 
0.409292 0.235498 0.371456 0.47568 
0.832239 0.3276 0.588435 0.527112 
0.801027 0.345268 0.544421 0.470307 
0.0463218 0.63585 0.493386 0.473891 
0.173856 0.711814 0.49085 0.50769 
0.553622 0.314039 0.417302 0.496278 
0.481675 0.360948 0.533445 0.527735 
0.424907 0.139436 0.39409 0.544471 
0.47299 0.500863 0.38869 0.47652 
0.875632 0.920429 0.539382 0.524181 
0.850643 0.148632 0.445973 0.540221 
0.771174 0.268863 0.499851 0.448823 
0.722509 0.683421 0.474384 0.482634 
0.13276 0.586293 0.481174 0.495017 
0.18635 0.411047 0.436756 0.509707 
0.683129 0.511631 0.448254 0.498313 
0.786854 0.541566 0.543042 0.495705 
0.474404 0.541982 0.428864 0.468292 
0.788229 0.461999 0.491622 0.436262 
0.944796 0.874152 0.612603 0.497772 
0.314523 0.588672 0.505007 0.52761 
0.142717 0.749289 0.361806 0.527605 
0.849449 0.413056 0.565263 0.513659 
0.761651 0.224321 0.470204 0.495939 
0.552836 0.16472 0.555458 0.4525 
0.847041 0.880406 0.501015 0.477689 
0.585435 0.831814 0.511817 0.515814 
0.497882 0.518566 0.444502 0.479871 
0.876491 0.60461 0.499179 0.419163 
0.319872 0.419774 0.392909 0.529816 
0.876272 0.522377 0.615439 0.529701 
0.367565 0.355148 0.306186 0.457389 
0.275476 0.482767 0.286297 0.522889 
0.202835 0.373906 0.50549 0.484167 
0.267591 0.681715 0.442258 0.466451 
0.577887 0.253234 0.751583 0.477918 
0.425122 0.785372 0.429108 0.547535 
0.988023 0.650756 0.539829 0.46596 
0.475727 0.720888 0.418685 0.482348 
0.48871 0.290628 0.499967 0.536729 
0.268803 0.143818 0.546662 0.492467 
0.50797 0.51262 0.412497 0.445607 
0.670241 0.058645 0.501201 0.547882 
0.382494 0.488168 0.529617 0.557413 
0.0653206 0.249157 0.498018 0.489886 
0.0104447 0.267139 0.565715 0.559743 
0.340247 0.434839 0.433924 0.476071 
0.0313512 0.41425 0.533007 0.481553 
0.0901502 0.714361 0.480563 0.539663 
0.162446 0.254667 0.594981 0.450216 
0.0393818 0.178283 0.674518 0.538658 
0.159807 0.769746 0.404102 0.494774 
0.353374 0.103681 0.537103 0.51258 
0.29772 0.494287 0.594892 0.524997 
0.765093 0.511311 0.675854 0.455566 
0.544658 0.635496 0.527834 0.518849 
0.246518 0.438318 0.472952 0.517749 
0.156518 0.405106 0.621455 0.523903 
0.147712 0.182246 0.497358 0.531938 
0.435629 0.117465 0.438234 0.49703 
0.614059 0.7345 0.357752 0.472343 
0.474195 0.226326 0.624338 0.481009 
0.458429 0.475498 0.430627 0.538208 
0.446834 0.367358 0.624737 0.453498 
0.739845 0.24101 0.48948 0.555518 
0.671806 0.583914 0.549045 0.505122 
0.116765 0.132829 0.49079 0.479762 
0.440307 0.509919 0.435716 0.51948 
0.739934 0.412632 0.530875 0.504982 
0.108631 0.120829 0.44276 0.482701 
0.779924 0.291807 0.46769 0.488869 
0.236116 0.555965 0.456685 0.542393 
0.175722 0.36606 0.379581 0.502911 
0.801185 0.31142 0.57742 0.479527 
0.0898975 0.259323 0.656314 0.525434 
0.432205 0.668561 0.592657 0.507068 
0.878018 0.884919 0.578488 0.494305 
0.0298707 0.171371 0.350365 0.48632 
0.0694165 0.527612 0.488602 0.474887 
0.0507162 0.487067 0.387255 0.548907 
0.255804 0.427859 0.475286 0.489297 
0.0831032 0.766983 0.620366 0.509734 
0.293652 0.333231 0.450703 0.538777 
0.15203 0.47141 0.655098 0.459404 
0.223529 0.19263 0.450942 0.532726 
0.676064 0.499285 0.331005 0.526817 
0.0885508 0.36922 0.560649 0.541661 
0.635145 0.340192 0.64117 0.479124 
0.507384 0.431687 0.493943 0.53848 
0.879906 0.42905 0.572873 0.473449 
0.855128 0.287969 0.458116 0.479171 
0.99178 0.137439 0.566102 0.538602 
0.892298 0.42079 0.426511 0.50901 
0.166234 0.820805 0.611978 0.473529 
0.397087 0.365424 0.465107 0.486988 
0.276202 0.332406 0.646915 0.482987 
0.0742668 0.458168 0.603805 0.475958 
0.276265 0.582053 0.697663 0.416214 
0.0105323 0.811956 0.446007 0.466464 
0.624245 0.255996 0.438645 0.533318 
0.532933 0.412819 0.508307 0.477474 
0.835702 0.885604 0.555357 0.486256 
0.721936 0.0748047 0.647054 0.464919 
0.590291 0.289669 0.425731 0.470239 
0.301326 0.728236 0.537221 0.490328 
0.132778 0.57798 0.426231 0.522948 
0.0452075 0.132235 0.53584 0.45996 
0.81357 0.794184 0.36792 0.501595 
0.966753 0.692022 0.506776 0.586881 
0.34212 0.6476 0.658309 0.534316 
0.0507908 0.468682 0.585656 0.467565 
0.174573 0.604922 0.601132 0.41273 
0.690791 0.159333 0.436969 0.522162 
0.201296 0.267768 0.465509 0.505494 
0.447958 0.0690859 0.63918 0.510896 
0.914522 0.898735 0.498982 0.499327 
0.707976 0.413567 0.384322 0.476179 
0.126594 0.518737 0.398466 0.486583 
0.293557 0.49245 0.510853 0.535951 
0.0778307 0.788075 0.467927 0.501412 
0.591542 0.293077 0.39701 0.500071 
0.792521 0.670026 0.622405 0.491271 
0.342621 0.680345 0.404258 0.493927 
0.16768 0.117495 0.493036 0.480392 
0.718585 0.627567 0.501865 0.478125 
0.00462939 0.271289 0.544009 0.491027 
0.903602 0.613779 0.474465 0.488644 
0.80276 0.18421 0.549599 0.478033 
0.703374 0.619206 0.609774 0.515083 
0.382892 0.721943 0.704531 0.531175 
0.277384 0.427439 0.387624 0.508338 
0.309919 0.099236 0.587985 0.5087 
0.191766 0.465957 0.345446 0.490755 
0.964325 0.494086 0.656694 0.537727 
0.837193 0.486949 0.4407 0.45958 
0.119803 0.432384 0.487689 0.458275 
0.136414 0.340071 0.457817 0.500876 
0.756767 0.359562 0.526545 0.512791 
0.907424 0.283431 0.510043 0.47982 
0.244127 0.389111 0.426219 0.501655 
0.534742 0.572858 0.624261 0.530567 
0.864537 0.472898 0.449681 0.489783 
0.653302 0.53838 0.593136 0.484126 
0.353456 0.858503 0.446738 0.504807 
0.361555 0.514566 0.38853 0.538802 
0.801406 0.701971 0.547613 0.487972 
0.999042 0.0666332 0.475338 0.468831 
0.549234 0.620647 0.624956 0.508701 
0.0363125 0.680155 0.419769 0.490175 
0.653411 0.455066 0.620583 0.502038 
0.417287 0.32919 0.462227 0.54511 
0.995361 0.241855 0.483122 0.485425 
0.920999 0.289824 0.586286 0.413043 
0.906211 0.266273 0.486608 0.50179 
0.51352 0.521653 0.425371 0.551706 
0.46122 0.713777 0.391809 0.497885 
0.956317 0.687072 0.528844 0.507112 
0.96795 0.473298 0.363779 0.488003 
0.370799 0.476397 0.659474 0.49817 
0.504362 0.265963 0.516013 0.463183 
0.238682 0.573624 0.607285 0.482668 
0.0642094 0.417575 0.507733 0.472861 
0.296535 0.282988 0.473934 0.505842 
0.617893 0.621999 0.440563 0.477569 
0.963746 0.434525 0.582179 0.529378 
0.528001 0.743408 0.574599 0.510797 
0.0665807 0.215156 0.461371 0.458466 
0.972035 0.460522 0.553493 0.532122 
0.278574 0.519913 0.668039 0.53373 
0.232703 0.160555 0.740373 0.472986 
0.104002 0.844596 0.506817 0.550428 
0.334839 0.23036 0.439534 0.489635 
0.977128 0.57208 0.432453 0.467191 
0.603302 0.615612 0.591607 0.464452 
0.840651 0.360221 0.51831 0.528426 
0.963099 0.562284 0.466741 0.503958 
0.144539 0.0944362 0.479303 0.495988 
0.281529 0.406513 0.493057 0.517028 
0.337849 0.522128 0.654873 0.49937 
0.467028 0.689517 0.427181 0.524759 
0.52531 0.497383 0.495051 0.529362 
0.00992609 0.648829 0.581788 0.487332 
0.10571 0.475587 0.570652 0.478868 
0.283441 0.468823 0.470014 0.497759 
0.998643 0.256956 0.593 0.475211 
0.941341 0.502182 0.342516 0.511936 
0.945247 0.1328 0.341408 0.50319 
0.0102081 0.779771 0.557027 0.489553 
0.748675 0.304952 0.287408 0.506584 
0.582737 0.592303 0.557043 0.499943 
0.998401 0.487047 0.536188 0.543498 
0.684365 0.830246 0.354012 0.476397 
0.895518 0.441101 0.480456 0.443443 
0.560808 0.583865 0.524907 0.456751 
0.452455 0.231166 0.474797 0.45186 
0.508312 0.832535 0.586251 0.459566 
0.100322 0.513236 0.451321 0.512827 
0.873175 0.398684 0.518982 0.484841 
0.399441 0.273198 0.490256 0.519425 
0.580029 0.319976 0.535057 0.500274 
0.288568 0.532403 0.586088 0.456032 
0.190621 0.222874 0.527381 0.493439 
0.059457 0.727318 0.5017 0.510659 
0.0576871 0.295281 0.499688 0.531384 
0.683652 0.545917 0.455865 0.519985 
0.936938 0.357557 0.462619 0.526821 
0.269392 0.446193 0.491819 0.504012 
0.735899 0.746831 0.522351 0.510515 
0.0595192 0.439614 0.501423 0.515579 
0.533664 0.855533 0.474243 0.521351 
0.114207 0.577347 0.455835 0.486331 
0.23612 0.209638 0.463292 0.531274 
0.97729 0.525414 0.466832 0.499751 
0.503854 0.52825 0.528146 0.547063 
0.604246 0.58432 0.315814 0.47102 
0.579398 0.416746 0.470423 0.510589 
0.956034 0.123926 0.480136 0.459443 
0.634715 0.643384 0.523076 0.506057 
0.115327 0.474156 0.431773 0.54095 
0.634179 0.180882 0.728493 0.477033 
0.450207 0.393626 0.431872 0.490685 
0.56248 0.365604 0.373563 0.485343 
0.113766 0.604285 0.534152 0.546662 
0.289803 0.523534 0.373744 0.486968 
0.29277 0.595256 0.565562 0.528769 
0.8295 0.686574 0.63227 0.46632 
0.659707 0.580011 0.582747 0.496066 
0.828563 0.850648 0.661174 0.52393 
0.259361 0.206942 0.568826 0.497275 
0.444691 0.772228 0.349536 0.489911 
0.961892 0.261836 0.544741 0.438859 
0.142775 0.34421 0.375282 0.526231 
0.679525 0.404272 0.527928 0.573477 
0.431933 0.415731 0.532502 0.510884 
0.456532 0.830488 0.486009 0.509868 
0.611695 0.943316 0.546398 0.484841 
0.849139 0.659608 0.458004 0.51175 
0.860755 0.775583 0.591455 0.515102 
0.582325 0.445165 0.479954 0.520606 
0.715806 0.135491 0.600662 0.467674 
0.385755 0.55339 0.409326 0.469009 
0.909836 0.514993 0.630805 0.499768 
0.671829 0.702772 0.438799 0.455247 
0.078973 0.640087 0.522299 0.508896 
0.836313 0.471548 0.627443 0.47827 
0.0131446 0.118133 0.502247 0.462203 
0.693745 0.476294 0.533016 0.501063 
0.50419 0.374153 0.494423 0.517242 
0.734001 0.0194728 0.450223 0.457061 
0.883436 0.381206 0.496959 0.522698 
0.447717 0.579512 0.442517 0.53679 
0.774641 0.843378 0.423945 0.512184 
0.0662153 0.733791 0.583461 0.453066 
0.907533 0.763588 0.583094 0.489591 
0.187942 0.0614286 0.522757 0.495595 
0.253003 0.355058 0.424686 0.480302 
0.635436 0.225539 0.622109 0.503931 
0.177415 0.401616 0.328023 0.520295 
0.458103 0.452771 0.502223 0.479924 
0.50939 0.327742 0.370293 0.468273 
0.165244 0.136665 0.577124 0.532958 
0.282193 0.162155 0.577813 0.533599 
0.550461 0.832072 0.47428 0.548674 
0.878934 0.156727 0.63743 0.48751 
0.0389577 0.818263 0.616634 0.466518 
0.366258 0.734776 0.457939 0.541594 
0.817681 0.700821 0.41311 0.555547 
0.687398 0.332142 0.404705 0.49552 
0.291798 0.712963 0.610484 0.468636 
0.192235 0.0825187 0.330226 0.552055 
0.89721 0.0944292 0.525067 0.411203 
0.236662 0.605447 0.581385 0.499723 
0.660953 0.502628 0.442387 0.4974 
0.774159 0.306677 0.675206 0.494436 
0.553619 0.533887 0.625158 0.458668 
0.0176201 0.331952 0.701854 0.49236 
0.102181 0.310318 0.374775 0.497964 
0.212848 0.408149 0.512465 0.497895 
0.571771 0.455457 0.573115 0.486456 
0.177845 0.614982 0.389407 0.434644 
0.896066 0.454604 0.456249 0.516856 
0.724703 0.386505 0.432743 0.51326 
0.179442 0.443168 0.571668 0.499707 
0.333755 0.537719 0.481175 0.471017 
0.199967 0.464045 0.475989 0.498482 
0.465962 0.510354 0.465737 0.490742 
0.547028 0.41966 0.465696 0.466537 
0.356635 0.650062 0.492053 0.549592 
0.279998 0.477248 0.40703 0.501072 
0.982028 0.383733 0.58013 0.521779 
0.67817 0.600776 0.516929 0.522306 
0.909429 0.601242 0.519363 0.504229 
0.526772 0.173753 0.341577 0.46718 
0.227465 0.650355 0.503671 0.559769 
0.611023 0.351537 0.384397 0.493854 
0.0539953 0.0579093 0.553886 0.511524 
0.283577 0.585173 0.594865 0.482196 
0.784183 0.410623 0.419536 0.525982 
0.406864 0.146502 0.522806 0.441598 
0.129744 0.568179 0.53177 0.46888 
0.279332 0.794053 0.615269 0.499555 
0.737354 0.827486 0.561957 0.511688 
0.490784 0.874362 0.414095 0.499802 
0.923961 0.633156 0.562938 0.537143 
0.56304 0.596842 0.650673 0.527299 
0.640841 0.681546 0.4827 0.475903 
0.0772949 0.660614 0.653549 0.462098 
0.667425 0.29994 0.594898 0.53458 
0.00225181 0.331706 0.335308 0.468805 
0.0129211 0.580494 0.636598 0.433128 
0.679199 0.326748 0.590582 0.505505 
0.00833911 0.527612 0.568533 0.562639 
0.0746663 0.583701 0.615698 0.479733 
0.151546 0.472873 0.547474 0.492535 
0.0475467 0.86014 0.432681 0.434484 
0.411464 0.396258 0.409511 0.524503 
0.507708 0.398631 0.454662 0.480007 
0.955339 0.463722 0.636673 0.517155 
0.778856 0.824248 0.603564 0.417088 
0.622199 0.48742 0.552587 0.484354 
0.682601 0.669664 0.551998 0.477736 
0.497135 0.144544 0.358472 0.489249 
0.676928 0.669425 0.535319 0.515738 
0.308198 0.583384 0.356265 0.539978 
0.212887 0.402159 0.500068 0.532942 
0.8427 0.759841 0.486101 0.459168 
0.663059 0.273994 0.488808 0.520656 
0.780879 0.396233 0.434285 0.448347 
0.0469301 0.694028 0.440469 0.491595 
0.965974 0.626743 0.587523 0.525066 
0.451652 0.303963 0.74385 0.517236 
0.999432 0.591481 0.573057 0.509573 
0.362861 0.261015 0.38004 0.48121 
0.417836 0.455597 0.44251 0.547842 
0.678094 0.366212 0.375219 0.469766 
0.720068 0.224156 0.447926 0.518587 
0.674752 0.645399 0.523827 0.472042 
0.898115 0.802486 0.465674 0.430048 
0.981326 0.369859 0.514394 0.500552 
0.679283 0.22836 0.48568 0.467604 
0.421062 0.517487 0.540256 0.554133 
0.206971 0.596927 0.459882 0.56228 
0.472132 0.617164 0.45969 0.470876 
0.753919 0.228265 0.498538 0.520186 
0.0501951 0.543758 0.527713 0.478978 
0.764498 0.369227 0.439598 0.551106 
0.79636 0.719497 0.196018 0.5009 
0.941046 0.165316 0.450688 0.476251 
0.661491 0.673317 0.528008 0.501889 
0.445468 0.85461 0.605268 0.517011 
0.834979 0.4639 0.364575 0.459865 
0.221956 0.621631 0.389717 0.485842 
0.730045 0.592319 0.543878 0.521044 
0.744755 0.539975 0.551369 0.529439 
0.143981 0.417304 0.514202 0.53327 
0.547505 0.384387 0.421718 0.529646 
0.686209 0.408846 0.565707 0.503191 
0.0397112 0.471471 0.548429 0.481914 
0.169222 0.211971 0.389672 0.445436 
0.593968 0.423861 0.433014 0.510344 
0.199847 0.440378 0.485206 0.542927 
0.12621 0.346733 0.611641 0.548819 
0.685648 0.157774 0.574587 0.506514 
0.0326959 0.794996 0.42788 0.487555 
0.218657 0.551996 0.446684 0.498758 
0.359355 0.227015 0.476876 0.464637 
0.887147 0.813016 0.502644 0.492794 
0.932856 0.327255 0.487987 0.479734 
0.131033 0.792844 0.523076 0.538737 
0.118121 0.336415 0.532363 0.476893 
0.14118 0.841199 0.362574 0.51574 
0.830259 0.211477 0.455157 0.490454 
0.0877705 0.245696 0.354835 0.482723 
0.331933 0.645183 0.547374 0.498546 
0.13912 0.499951 0.518825 0.513727 
0.858849 0.658785 0.54693 0.508432 
0.462858 0.371734 0.493382 0.476153 
0.259207 0.601757 0.406273 0.519637 
0.505067 0.75082 0.408849 0.52357 
0.223115 0.191627 0.449083 0.517065 
0.81982 0.219394 0.472929 0.518017 
0.302048 0.885791 0.468555 0.499706 
0.827969 0.73324 0.5034 0.486801 
0.914288 0.389198 0.568094 0.50934 
0.453597 0.379386 0.408289 0.527496 
0.492974 0.367061 0.466494 0.532082 
0.477925 0.388429 0.460478 0.48597 
0.821313 0.169994 0.509355 0.479581 
0.694373 0.40232 0.48267 0.510702 
0.420086 0.100051 0.417886 0.451853 
0.850218 0.212518 0.485961 0.544097 
0.796584 0.136607 0.576096 0.498678 
0.503699 0.132716 0.436599 0.510235 
0.194366 0.250963 0.530637 0.496384 
0.211218 0.513674 0.541718 0.488477 
0.499512 0.878205 0.524334 0.431084 
0.497696 0.323211 0.572912 0.502096 
0.940662 0.495405 0.529844 0.488807 
0.928864 0.383633 0.609503 0.53853 
0.307789 0.733083 0.588015 0.499014 
0.149248 0.432354 0.416359 0.500881 
0.952714 0.355776 0.329941 0.521293 
0.355882 0.795678 0.408222 0.533868 
0.762661 0.728242 0.695758 0.473838 
0.521407 0.823222 0.560668 0.436476 
0.738691 0.444755 0.45072 0.549233 
0.2637 0.421933 0.342924 0.508474 
0.0626096 0.668791 0.288561 0.470657 
0.157334 0.500043 0.539156 0.512614 
0.749979 0.485269 0.445054 0.485026 
0.735601 0.723788 0.492876 0.472412 
0.358052 0.643171 0.531331 0.496373 
0.606106 0.565796 0.39288 0.506019 
0.591276 0.690022 0.53909 0.529114 
0.52404 0.598405 0.668141 0.484058 
0.00250056 0.599366 0.567506 0.483325 
0.125602 0.462191 0.596305 0.558396 
0.31973 0.57012 0.616142 0.476544 
0.733057 0.537607 0.610997 0.491046 
0.614028 0.753395 0.435189 0.521497 
0.219194 0.65928 0.335157 0.553579 
0.326269 0.529804 0.499564 0.532795 
0.445002 0.736087 0.409963 0.512162 
0.581896 0.598277 0.547444 0.4867 
0.39647 0.377025 0.50291 0.537723 
0.931329 0.782598 0.466135 0.498171 
0.682537 0.424709 0.537188 0.517935 
0.460257 0.435134 0.503591 0.546587 
0.683014 0.415127 0.467002 0.467764 
0.80366 0.345744 0.471045 0.523904 
0.462353 0.139912 0.508888 0.53479 
0.123449 0.457034 0.369759 0.520211 
0.442208 0.697315 0.516585 0.486595 
0.615219 0.349401 0.471989 0.465498 
0.204885 0.597741 0.385648 0.46408 
0.371552 0.351406 0.435533 0.491737 
0.733937 0.846523 0.291304 0.523731 
0.873631 0.412058 0.349289 0.512933 
0.432241 0.433945 0.644032 0.458172 
0.282522 0.582204 0.371562 0.529094 
0.16026 0.330157 0.543384 0.506654 
0.929267 0.723885 0.439949 0.508438 
0.500842 0.600886 0.62029 0.513731 
0.576876 0.46437 0.495314 0.470537 
0.59493 0.969353 0.429175 0.486984 
0.945388 0.647549 0.607185 0.51873 
0.530967 0.665774 0.495421 0.457572 
0.81706 0.409253 0.476159 0.545507 
0.73892 0.599853 0.274269 0.490897 
0.76253 0.556306 0.586888 0.50032 
0.13641 0.308933 0.490538 0.500588 
0.787234 0.921517 0.416439 0.482505 
0.683632 0.799406 0.409475 0.466383 
0.603586 0.809222 0.68474 0.476626 
0.916277 0.838544 0.491907 0.525471 
0.927272 0.749383 0.634489 0.490201 
0.911643 0.43945 0.42124 0.539716 
0.381848 0.802992 0.500889 0.459826 
0.808944 0.570511 0.533202 0.506867 
0.420797 0.276744 0.613583 0.565403 
0.954882 0.64678 0.475659 0.496483 
0.824411 0.0915156 0.554373 0.516373 
0.655495 0.706973 0.423006 0.488419 
0.310483 0.606573 0.594798 0.511941 
0.514006 0.531023 0.523019 0.562487 
0.948114 0.342749 0.550334 0.513591 
0.975261 0.310286 0.600381 0.527508 
0.840701 0.190991 0.571674 0.519866 
0.691137 0.390472 0.520862 0.518209 
0.771133 0.184966 0.625688 0.498572 
0.787113 0.724412 0.599995 0.490527 
0.769819 0.248153 0.342665 0.518626 
0.290513 0.384341 0.565977 0.496274 
0.0630919 0.621132 0.431858 0.505211 
0.0531308 0.143241 0.367848 0.491934 
0.470557 0.565663 0.508524 0.518026 
0.306126 0.373165 0.525412 0.500805 
0.889134 0.562987 0.437511 0.538692 
0.181331 0.453816 0.4336 0.519216 
0.721273 0.68334 0.54334 0.545747 
0.869166 0.488053 0.516741 0.434682 
0.554108 0.620539 0.493613 0.439412 
0.175092 0.667403 0.547923 0.540943 
0.814856 0.495695 0.559743 0.492009 
0.416579 0.388256 0.509251 0.506886 
0.0732034 0.605285 0.693571 0.513293 
0.101318 0.556292 0.552706 0.571507 
0.262058 0.70024 0.433187 0.524551 
0.729894 0.687091 0.588754 0.486238 
0.66293 0.856456 0.441396 0.528078 
0.178613 0.589695 0.475365 0.486446 
0.386016 0.487691 0.512049 0.537399 
0.0637956 0.438207 0.625013 0.486316 
0.0450817 0.131279 0.431775 0.483511 
0.0408341 0.146629 0.520459 0.50677 
0.594008 0.732917 0.546888 0.534005 
0.838669 0.334512 0.465783 0.523138 
0.0766594 0.627522 0.331263 0.487807 
0.659193 0.702843 0.654342 0.52696 
0.326969 0.572156 0.31341 0.521009 
0.531288 0.525323 0.40581 0.513576 
0.757003 0.50672 0.575646 0.536332 
0.525153 0.856034 0.511264 0.504533 
0.539144 0.576251 0.531896 0.487361 
0.402321 0.535513 0.381192 0.527573 
0.822403 0.399396 0.673378 0.506641 
0.493094 0.469585 0.449069 0.481874 
0.117759 0.247456 0.415806 0.511481 
0.706672 0.193098 0.545031 0.527159 
0.627193 0.701575 0.600084 0.554662 
0.11107 0.368068 0.394121 0.483596 
0.640396 0.33735 0.491456 0.505843 
0.91977 0.445918 0.502564 0.51426 
0.944016 0.479799 0.41791 0.520579 
0.253939 0.583656 0.670246 0.482705 
0.166772 0.126717 0.458739 0.50548 
0.375451 0.368303 0.423767 0.448447 
0.716033 0.517068 0.552177 0.522663 
0.808098 0.494537 0.524836 0.511341 
0.908808 0.508424 0.512398 0.558703 
0.363603 0.60693 0.597035 0.514217 
0.0881654 0.0444104 0.464901 0.488453 
0.402532 0.365377 0.553947 0.519691 
0.31178 0.217464 0.378966 0.491468 
0.211267 0.261011 0.414732 0.461449 
0.566827 0.664611 0.401421 0.473294 
0.566791 0.533916 0.581647 0.499805 
0.659436 0.667102 0.473688 0.500616 
0.92162 0.692507 0.553491 0.496215 
0.648461 0.600653 0.436118 0.496712 
0.0217868 0.212876 0.44914 0.487223 
0.293134 0.447421 0.534277 0.487239 
0.541669 0.661804 0.479858 0.513637 
0.36284 0.469215 0.452283 0.500449 
0.341456 0.705616 0.485841 0.467733 
0.0714999 0.556251 0.396636 0.524073 
0.261172 0.315225 0.413553 0.468768 
0.950372 0.128756 0.367994 0.483638 
0.198782 0.568332 0.324569 0.511804 
0.111026 0.358451 0.456468 0.506638 
0.220395 0.43241 0.441988 0.552093 
0.292525 0.684804 0.735619 0.498602 
0.533343 0.379234 0.430976 0.525467 
0.114192 0.666486 0.487441 0.516197 
0.74984 0.681038 0.514061 0.466892 
0.10616 0.416812 0.530861 0.505466 
0.923483 0.97184 0.575236 0.511339 
0.840853 0.824239 0.301021 0.495109 
0.126599 0.318084 0.449416 0.458017 
0.567563 0.248704 0.504084 0.54826 
0.356734 0.618665 0.401336 0.512206 
0.29794 0.440618 0.437639 0.456083 
0.474177 0.402867 0.569554 0.484321 
0.627994 0.508897 0.650766 0.474876 
0.578802 0.263826 0.45327 0.514742 
0.955341 0.705899 0.538346 0.512894 
0.93844 0.417043 0.565263 0.526599 
0.403609 0.26742 0.590253 0.506077 
0.844183 0.236761 0.5923 0.49283 
0.34175 0.840409 0.487855 0.5305 
0.243951 0.677499 0.624005 0.493212 
0.658967 0.71267 0.506258 0.495276 
0.739195 0.360214 0.367491 0.496 
0.489156 0.543278 0.433763 0.508992 
0.89288 0.224335 0.501981 0.528145 
0.451341 0.615664 0.644742 0.493887 
0.818474 0.107002 0.452331 0.534103 
0.290622 0.762069 0.525073 0.512524 
0.0525465 0.299774 0.476882 0.539839 
0.765635 0.265194 0.49363 0.492257 
0.0751207 0.762799 0.390506 0.516978 
0.481401 0.188339 0.590771 0.548138 
0.245487 0.624502 0.284562 0.510255 
0.655662 0.245426 0.455259 0.491411 
0.207707 0.404411 0.348299 0.537772 
0.872913 0.158062 0.473543 0.459357 
0.684849 0.632606 0.439356 0.526141 
0.632267 0.533094 0.600187 0.526598 
0.67823 0.580602 0.481733 0.498424 
0.0434447 0.220583 0.584476 0.537324 
0.083524 0.539486 0.464294 0.509765 
0.323635 0.641741 0.556055 0.552872 
0.56624 0.748749 0.412927 0.500698 
0.955839 0.218827 0.55422 0.472342 
0.322179 0.670902 0.402276 0.49341 
0.705911 0.525481 0.696214 0.461136 
0.0772406 0.826235 0.379226 0.458765 
0.124175 0.543065 0.489417 0.527594 
0.0225138 0.145219 0.5182 0.507054 
0.296961 0.826643 0.570895 0.548183 
0.588055 0.398769 0.665137 0.489845 
0.838205 0.58918 0.42752 0.503879 
0.0895127 0.23195 0.498318 0.495804 
0.862909 0.525436 0.552402 0.496804 
0.607049 0.114603 0.432766 0.455463 
0.581871 0.741171 0.40833 0.511043 
0.13096 0.152371 0.457569 0.494248 
0.552543 0.902631 0.591204 0.514882 
0.760426 0.19715 0.401134 0.552563 
0.812799 0.340195 0.499012 0.492665 
0.523457 0.574431 0.416467 0.507795 
0.501456 0.298175 0.610592 0.541107 
0.623675 0.62953 0.345165 0.473854 
0.52149 0.594884 0.435796 0.532205 
0.179835 0.603786 0.432283 0.492735 
0.294932 0.84183 0.574686 0.547445 
0.104608 0.39144 0.436083 0.490313 
0.936731 0.788495 0.45749 0.500427 
0.910126 0.392684 0.577812 0.451045 
0.111293 0.611383 0.481783 0.545266 
0.32525 0.337207 0.458306 0.523523 
0.0182845 0.568904 0.542991 0.477199 
0.00291529 0.47315 0.555902 0.484332 
0.657153 0.566864 0.558288 0.526043 
0.186596 0.257181 0.433265 0.496597 
0.266385 0.750967 0.52974 0.459995 
0.350282 0.652421 0.607383 0.492616 
0.330606 0.705519 0.516458 0.504231 
0.644303 0.413619 0.464915 0.532472 
0.323263 0.16353 0.447171 0.463238 
0.380975 0.556452 0.489771 0.504325 
0.491675 0.334311 0.312957 0.527346 
0.25483 0.625136 0.489637 0.487526 
0.944479 0.444002 0.476136 0.506315 
0.254813 0.128617 0.63756 0.497842 
0.771678 0.379263 0.488344 0.476754 
0.81921 0.716387 0.44666 0.544441 
0.433132 0.192852 0.531809 0.54533 
0.427332 0.729868 0.512696 0.513551 
0.411006 0.521443 0.526275 0.495371 
0.473024 0.465328 0.353756 0.476112 
0.470125 0.482464 0.416068 0.508701 
0.756801 0.775807 0.454346 0.527571 
0.480843 0.507608 0.553871 0.490632 
0.832723 0.369763 0.533653 0.504938 
0.506953 0.365366 0.410681 0.526205 
0.954165 0.604693 0.465986 0.55054 
0.227628 0.131797 0.582601 0.460901 
0.765182 0.10638 0.434026 0.499041 
0.2386 0.304678 0.562017 0.474363 
0.247161 0.705588 0.548606 0.51092 
0.794765 0.587438 0.395617 0.521267 
0.923084 0.144779 0.349979 0.506679 
0.0238603 0.475736 0.681532 0.469721 
0.738493 0.441998 0.401986 0.53371 
0.245733 0.174988 0.518987 0.533424 
0.77613 0.46943 0.512313 0.487315 
0.00593457 0.345831 0.555974 0.549927 
0.899024 0.565624 0.460123 0.541054 
0.564042 0.307803 0.629191 0.529591 
0.828312 0.804836 0.454409 0.475281 
0.800805 0.574995 0.592295 0.487244 
0.98365 0.396716 0.477462 0.497438 
0.472441 0.540991 0.468694 0.510047 
0.874761 0.871686 0.409955 0.499829 
0.314253 0.403262 0.441704 0.499445 
0.64173 0.509005 0.503127 0.482962 
0.236633 0.669402 0.449045 0.488424 
0.316827 0.950309 0.604992 0.561222 
0.0263856 0.670113 0.645168 0.490677 
0.586553 0.242879 0.42152 0.544807 
0.743925 0.578977 0.362749 0.481285 
0.988507 0.505428 0.560243 0.491594 
0.107194 0.883213 0.371239 0.454043 
0.578523 0.712327 0.537722 0.488544 
0.127594 0.330176 0.609832 0.494268 
0.887645 0.134014 0.57073 0.48425 
0.316442 0.81241 0.491234 0.545072 
0.0729931 0.688786 0.470989 0.483688 
0.00210579 0.305634 0.643579 0.484095 
0.356372 0.62411 0.523493 0.515974 
0.770558 0.489729 0.533787 0.520132 
0.312726 0.545408 0.502422 0.475781 
0.348066 0.131218 0.486007 0.484539 
0.290957 0.632662 0.38309 0.531537 
0.459202 0.867905 0.620609 0.507942 
0.252664 0.222891 0.404496 0.511743 
0.510293 0.507741 0.553322 0.498018 
0.0242067 0.267925 0.437844 0.522968 
0.651726 0.912434 0.410125 0.499777 
0.0553802 0.515069 0.548789 0.465148 
0.325472 0.659586 0.423464 0.508168 
0.725004 0.247733 0.464642 0.501083 
0.992372 0.321307 0.430469 0.471641 
0.772563 0.638232 0.419748 0.519834 
0.661417 0.468602 0.693058 0.500718 
0.0797104 0.537034 0.430945 0.483218 
0.742232 0.691086 0.595367 0.49858 
0.733037 0.499947 0.419944 0.457824 
0.618358 0.231907 0.493097 0.460515 
0.20771 0.372442 0.391619 0.47699 
0.0416784 0.648894 0.455663 0.439372 
0.811875 0.465269 0.586804 0.412233 
0.210193 0.637819 0.607749 0.504721 
0.235993 0.471414 0.524746 0.500076 
0.651228 0.180811 0.497842 0.513125 
0.597599 0.0628454 0.490502 0.536674 
0.813282 0.835046 0.577273 0.481478 
0.701624 0.299784 0.541758 0.473406 
0.949971 0.604184 0.373928 0.504618 
0.163396 0.500021 0.573395 0.51593 
0.250825 0.278675 0.535301 0.537593 
0.421352 0.522057 0.447615 0.529737 
0.253464 0.413108 0.511669 0.511759 
0.0608049 0.771644 0.436268 0.512396 
0.687649 0.33743 0.46628 0.458659 
0.0883097 0.35992 0.64828 0.509083 
0.138114 0.693832 0.350101 0.548004 
0.885998 0.94641 0.47667 0.500256 
0.0645712 0.467303 0.566743 0.523284 
0.519237 0.399057 0.625057 0.45208 
0.46373 0.643723 0.575455 0.539198 
0.634147 0.47934 0.527818 0.503591 
0.531392 0.68697 0.512928 0.455409 
0.0433882 0.463426 0.525427 0.44465 
0.363498 0.17985 0.461044 0.484818 
0.589612 0.398779 0.60897 0.531912 
0.0767358 0.782612 0.398112 0.472818 
0.326226 0.257878 0.352316 0.492521 
0.470598 0.499647 0.569388 0.507183 
0.950738 0.408304 0.542843 0.51097 
0.541845 0.338871 0.489563 0.526571 
0.256014 0.490239 0.450489 0.509881 
0.0791119 0.127761 0.445353 0.490634 
0.228627 0.47256 0.373563 0.46945 
0.590387 0.115802 0.313231 0.467997 
0.157141 0.235889 0.659205 0.537864 
0.455641 0.883558 0.467834 0.520102 
0.878823 0.153378 0.56796 0.492279 
0.540174 0.308952 0.412854 0.492655 
0.266658 0.702397 0.581784 0.458341 
0.945724 0.328976 0.449257 0.551712 
0.0315876 0.348111 0.629525 0.4251 
0.704328 0.74316 0.520161 0.472235 
0.325269 0.27704 0.459504 0.496732 
