0.400741 1.20275 0.759303 1.00105 
1.22873 0.642453 0.893216 1.17474 
2.3455 0.74569 0.318719 1.10518 
0.624811 0.667741 1.22966 1.13784 
1.24424 2.18893 0.918518 0.991868 
2.15851 1.82598 0.582238 1.02421 
2.08418 1.18054 1.40975 1.11137 
3.26997 0.679103 0.94719 1.03471 
0.415415 1.96859 1.47947 1.02182 
0.345509 0.49357 0.794452 1.02195 
0.847311 0.920624 0.661258 0.767619 
0.677097 1.74073 1.07647 0.986121 
1.05184 1.1651 1.08607 1.11869 
0.118842 0.209799 1.20111 1.05149 
3.03552 0.743292 0.726715 0.97924 
0.376791 0.673456 1.30081 1.00904 
0.731708 1.58522 1.0554 0.964189 
2.27519 0.739954 1.05011 0.873376 
0.27131 0.432271 0.980423 0.907918 
0.583822 2.26116 1.01941 0.960236 
0.756571 1.1791 0.808263 1.0707 
0.180801 1.87617 0.750679 1.20995 
0.195651 1.40264 0.758462 1.08548 
1.45723 0.315032 1.39298 0.901146 
2.4895 1.78169 1.47969 1.15581 
0.285562 1.82935 1.03727 1.05516 
0.616364 1.09016 0.973933 0.85244 
1.74233 0.413414 1.31811 0.828485 
1.18844 0.355301 0.998306 1.17083 
0.257882 0.135676 0.91919 0.989759 
1.09707 0.0847251 1.46758 0.694133 
0.504668 0.609578 1.02943 1.03541 
0.331516 1.02232 0.666032 1.01915 
0.0385045 0.268351 1.23962 1.06548 
0.317084 0.169086 0.503861 0.987593 
0.32801 0.383252 1.19216 0.91015 
0.274667 0.633208 1.10994 0.881055 
0.204231 1.24838 0.91775 1.07312 
0.145093 0.975591 0.608432 1.08674 
1.73863 0.259894 0.893898 0.934109 
0.588904 1.58656 0.636397 1.0673 
1.49256 0.239525 1.53648 0.946688 
0.128051 0.749768 0.998681 1.1067 
0.663469 2.04782 0.572319 0.899705 
0.695098 0.451484 1.11315 0.989769 
1.58863 1.16901 0.87403 1.20042 
0.380411 1.21157 0.999125 0.949011 
0.914495 0.434696 0.579458 1.08889 
0.0381646 1.2465 1.09021 1.03663 
0.652431 0.3879 1.55816 1.16475 
0.632632 0.228573 1.34809 0.978415 
0.900252 0.443821 0.811467 1.07528 
0.106284 1.38396 0.812403 1.01604 
0.214486 0.455607 1.23851 0.906056 
0.477733 1.36217 1.03298 1.04874 
0.175425 1.01551 1.22374 1.04831 
0.455244 1.9798 0.800447 0.955716 
0.264498 0.361187 0.451675 0.998909 
0.260362 1.27367 0.836128 0.921447 
1.96779 0.553511 1.13036 0.940064 
1.07124 1.92858 1.13431 1.18794 
0.123361 0.846405 1.17052 0.919984 
2.96967 1.03876 0.590165 0.956067 
1.43544 1.29778 1.57518 0.945563 
0.314114 0.545066 0.84136 0.900275 
0.102526 1.04975 0.784029 0.919237 
0.419467 2.3927 1.63943 0.954501 
2.2416 0.703114 1.59695 0.93835 
2.41914 0.465163 1.29275 0.826852 
0.610016 0.916662 0.988657 0.85518 
1.84327 0.66421 0.920113 1.02857 
0.60272 0.425331 0.794503 0.963967 
0.948689 0.571148 0.764268 1.1392 
0.353863 1.55782 0.505793 1.07375 
0.335456 1.51334 0.816673 1.02487 
0.185798 0.526779 1.03099 1.18725 
0.712615 0.535685 0.952348 0.875823 
1.75168 0.171892 0.739384 0.885104 
0.769221 0.262426 0.994767 1.11664 
0.518332 1.01184 0.693604 0.923892 
1.15183 1.04814 0.887238 0.828385 
2.46027 1.19884 0.417039 0.904894 
0.045137 2.11015 2.03664 1.14466 
0.0880983 0.51484 0.85233 1.11808 
3.67915 0.152835 0.907724 1.10726 
2.5446 0.306205 0.685249 0.947304 
0.758625 0.74323 0.746922 1.14472 
0.625213 0.459789 0.674285 0.824136 
0.260574 0.937654 0.84537 0.937575 
0.988703 0.514558 1.50966 1.04619 
0.221691 0.768561 0.799565 0.951226 
2.41182 1.09958 1.33597 1.08584 
0.634861 1.35411 0.858167 1.13021 
0.614421 1.14637 1.06893 0.969703 
0.314622 0.412081 0.45857 0.941491 
2.12846 0.629492 1.18086 1.21134 
0.0994456 1.0457 0.474813 1.09772 
0.307541 0.90283 0.829193 1.28844 
0.137551 0.812177 1.04424 0.926188 
0.752206 0.425355 0.996849 0.899626 
2.38901 0.8382 1.17437 0.945123 
0.518276 0.242202 0.681496 0.998495 
0.0993096 1.40199 0.896094 0.969237 
0.962866 1.15346 1.06785 0.856169 
0.736309 0.695351 1.03785 0.93702 
0.0584711 0.80821 0.386711 1.00955 
0.0938497 0.597 1.08202 0.953089 
1.48139 0.547171 1.93538 0.872033 
1.06926 1.34973 0.761444 1.09582 
0.0818543 1.00949 0.792386 0.818097 
1.70616 1.51819 1.01218 0.9808 
0.972717 0.498024 1.55818 0.953903 
0.0241217 0.553544 0.731121 0.934376 
0.972542 0.987417 1.36141 0.919823 
2.48718 0.40885 0.452718 0.936287 
0.934621 0.753395 0.531761 1.1508 
1.01077 0.490172 1.13012 0.95326 
0.808314 0.906285 1.13408 1.05829 
2.51744 1.01109 0.95263 0.906331 
1.32298 1.75794 0.930808 0.811992 
0.636229 0.568269 1.43017 1.0476 
1.22836 1.17803 0.913091 1.09822 
0.583314 1.20276 0.671457 1.12914 
0.221736 0.520579 0.703527 0.91185 
3.23747 2.36933 0.826955 0.920956 
0.69535 1.82776 0.752468 0.870755 
0.118 0.156735 0.434597 0.921488 
1.46947 1.31127 0.834404 1.23814 
0.671031 0.40894 0.905615 0.928479 
1.22802 0.348148 1.22113 1.165 
0.457878 1.77963 1.95149 0.971233 
0.221785 0.810168 0.548105 1.02538 
0.559411 0.998017 0.628638 0.984036 
0.392996 0.395182 0.768855 1.19847 
0.102137 1.13581 0.594769 1.11366 
0.714293 0.768901 1.08466 1.07163 
1.02677 1.45403 0.611184 1.06401 
2.07631 2.56547 1.02188 0.850884 
0.347854 0.964805 1.01845 0.996984 
0.312584 2.15139 0.863 0.882865 
0.152893 0.456194 0.521265 1.153 
0.0853584 1.28922 0.853664 0.95826 
1.10958 0.490009 1.06102 0.88559 
0.0139348 0.719073 0.844985 1.115 
3.0766 1.07442 0.595543 0.909115 
4.92837 1.06761 0.541623 0.859974 
2.03751 0.608729 0.938274 0.966341 
0.0145448 1.26234 1.23134 1.12877 
0.403728 0.782347 1.19185 0.86349 
0.225035 0.852245 1.13969 1.25615 
0.0145619 0.933178 0.658499 0.851826 
1.57279 2.09133 1.3537 0.923183 
0.353656 0.782919 1.13287 0.932726 
0.055993 0.227938 0.770214 1.04012 
0.957057 1.19276 0.847472 1.12383 
0.0921415 0.424474 0.856502 1.06734 
0.0577822 0.361304 0.790859 0.944086 
0.835304 1.16395 0.548319 0.928816 
0.0368734 0.933079 1.04875 0.91665 
2.60297 1.27939 0.620021 1.03423 
2.56195 0.29474 1.71267 0.953039 
0.248331 1.6221 0.922395 0.898425 
2.08906 0.449722 0.921243 0.92084 
0.239218 0.487939 0.847814 1.08454 
1.8664 1.06944 0.896448 0.934987 
2.5783 1.70005 1.21693 1.0651 
2.06003 2.20057 1.12394 1.10436 
0.195707 1.18513 1.2443 0.989586 
3.28532 1.3052 0.791212 0.90539 
3.90046 1.14332 1.04147 1.05319 
0.796562 0.844093 1.17041 1.19278 
0.455686 0.89334 1.26184 0.861352 
0.959629 0.190377 0.796026 0.897052 
5.5112 0.953275 1.16327 0.943122 
0.39657 0.629065 1.26828 0.947411 
0.934193 1.3378 1.07981 1.10718 
0.161661 0.606705 0.738449 1.20922 
0.0483714 0.172926 0.404628 1.03685 
1.539 2.80823 0.751529 0.984252 
0.260026 1.73214 1.49002 1.0016 
0.208815 2.1794 0.55587 0.88311 
2.97659 0.73541 0.964822 1.03792 
2.52697 1.20104 0.907745 1.11222 
0.0250787 0.44919 0.663625 1.23122 
0.161209 1.61783 1.14161 1.09371 
0.0360661 0.4911 0.906857 1.02964 
1.08243 0.590629 1.14835 0.988814 
0.433049 0.073032 1.25224 0.956443 
0.888962 2.11699 0.813058 0.947094 
0.175826 0.793087 1.07151 1.01814 
0.634264 0.980385 0.833132 1.0952 
2.88206 2.01353 1.10383 0.886271 
2.8267 1.01362 0.501502 0.989675 
0.593933 0.529595 0.882399 1.0856 
4.58849 1.08193 0.8285 1.14006 
0.279984 2.2647 1.22658 1.05327 
0.0235895 0.509947 0.80757 1.09636 
0.495835 0.776967 1.96318 1.01291 
1.17061 0.574874 1.92104 0.859556 
0.531333 1.57443 1.01918 1.04388 
0.659539 1.13487 1.19339 1.00567 
2.48689 0.484189 0.998041 0.96047 
2.20918 0.689573 0.644553 0.908248 
1.70071 0.301934 1.55224 1.08043 
1.7084 0.646004 0.772876 1.07515 
0.899252 0.138699 0.497858 1.07052 
0.146884 0.616547 0.64048 0.904747 
0.333626 0.597168 1.32285 0.972607 
0.763791 1.64129 0.665236 1.01389 
3.56079 1.12947 1.65287 1.12092 
0.701181 0.128217 1.10647 0.952709 
0.257296 1.14623 0.678091 0.871474 
3.53078 0.379656 0.821247 1.21783 
1.16344 0.470474 0.247343 0.958024 
0.0275675 3.944 0.78749 1.17583 
0.110445 1.45013 0.818692 1.06011 
2.97833 0.458716 1.00795 1.11076 
2.30304 0.421076 0.813476 1.03088 
0.408616 2.40845 1.18719 1.01889 
0.311354 0.351521 1.06232 0.930535 
0.0038527 1.01799 1.00468 1.03356 
0.883581 0.534107 1.10063 1.00763 
2.79586 1.17381 0.800246 1.01068 
1.77178 0.9462 0.759404 1.22013 
0.0173413 0.688142 0.942448 0.931766 
0.672719 0.173151 0.679464 1.02804 
0.0896136 0.908654 0.779942 0.941179 
3.68667 2.56331 1.08609 0.95341 
1.51067 0.870025 0.792774 1.04686 
1.30844 0.335593 1.11659 0.950439 
0.223893 0.324297 1.16943 0.880125 
0.0836201 0.477125 0.772414 1.03958 
0.661087 0.627507 1.69503 0.997856 
0.892835 2.44064 1.89384 1.01345 
0.826285 1.36045 0.549686 1.11717 
0.0474489 0.183837 0.46199 1.12577 
0.9123 0.6154 1.39288 1.09567 
0.284932 0.757412 1.01325 1.05221 
2.33019 0.514878 0.940817 0.978183 
0.835042 0.577731 1.18996 1.01326 
1.49335 0.506213 0.607324 0.855734 
0.775145 0.224995 1.27603 1.02359 
0.307845 1.43358 1.17312 0.976921 
0.0934316 0.760766 1.01503 0.904448 
0.685532 1.14494 1.08888 1.08229 
1.19785 0.738689 0.547665 1.0109 
2.13738 0.820829 0.805778 0.943573 
1.1246 1.07818 1.61231 1.14536 
1.02855 0.198713 0.876226 0.971246 
0.729026 0.57828 0.754421 1.10253 
0.877378 0.354172 0.648037 1.04164 
0.760883 1.62853 1.48028 1.07444 
3.27304 0.383262 0.885487 1.04456 
0.0579864 2.64471 1.50107 1.01302 
1.49102 0.587183 1.03123 0.97576 
0.00901192 0.857914 1.0029 1.25391 
2.77637 1.81341 0.766832 0.873809 
2.16501 3.6872 0.749839 1.00395 
0.216313 0.857514 1.06252 1.09473 
0.366301 0.350628 1.33984 1.00013 
0.678141 0.272747 0.793671 0.874101 
0.430441 0.493751 1.41962 1.00134 
0.338676 0.0454546 0.967772 1.11651 
2.28752 0.655744 0.859756 0.997007 
0.843688 0.998699 0.647452 1.06248 
0.584008 1.14219 0.824885 1.02124 
0.204282 1.29853 1.04655 1.0019 
0.101187 1.15439 0.921609 0.898068 
0.43013 1.24578 0.871396 0.999635 
2.74102 0.962471 1.04362 0.934529 
0.217163 1.01914 0.871172 0.982178 
0.912691 1.14668 0.571683 0.959274 
1.6114 0.804857 0.609669 1.09106 
0.535972 0.455693 1.68853 1.05222 
1.33234 0.464617 0.888796 0.991267 
0.133125 0.698815 0.94425 1.05082 
1.18038 0.974264 1.10217 1.08766 
5.45468 0.608241 0.925618 1.02651 
0.307543 0.76025 1.32581 1.23513 
3.59624 0.42383 0.928792 0.859046 
5.4746 1.11883 1.95064 1.07431 
1.36629 1.23324 0.967001 0.927292 
1.37459 0.15923 0.498493 0.87952 
5.41998 0.306585 0.787846 0.985884 
1.8581 0.415532 1.10125 1.12487 
0.391201 0.628187 0.905228 0.926075 
0.320697 0.365285 1.41084 0.80038 
0.0291548 0.334786 0.66628 0.986958 
1.21533 1.69645 0.734185 1.08202 
4.24248 1.74169 1.11312 0.875139 
1.19314 0.319486 0.81949 1.12576 
0.155374 1.98741 1.16469 1.03272 
1.99077 0.643987 1.04499 0.986112 
2.43918 0.343071 1.12324 1.03651 
0.972651 1.24025 0.835375 1.14967 
1.06383 1.25614 0.796121 0.957373 
0.666701 1.45965 0.704698 1.03953 
1.42809 0.714882 1.08633 1.01634 
0.287892 0.493301 1.02991 1.11488 
2.29982 2.44437 0.771344 0.872921 
1.80937 0.170529 0.610618 1.08669 
0.270775 1.70956 1.50896 1.00738 
0.957458 0.73144 1.14545 1.01762 
0.389635 1.17167 1.47555 1.02384 
0.411797 1.67861 0.73772 0.935589 
0.415259 1.12981 0.579147 1.00147 
0.989361 2.195 0.988791 0.919169 
0.0642572 0.182265 0.565653 0.904557 
0.367175 0.611772 1.00771 0.935309 
0.56355 1.35535 0.948751 0.906304 
0.651273 0.627111 0.934662 1.06631 
0.500583 1.40584 0.955278 0.999793 
1.12984 0.744678 0.989123 1.07114 
0.557285 1.38522 0.906328 0.869267 
0.917372 0.297065 0.645448 0.793579 
0.236556 0.636655 0.660458 1.08963 
0.162827 0.753637 0.781521 0.948408 
1.69928 1.95358 1.37891 0.991864 
0.391236 0.279956 1.24877 1.00113 
3.18361 0.0714241 1.01291 0.928413 
3.16865 0.344734 0.964073 1.04086 
1.22404 0.555526 0.460661 0.878792 
0.111174 1.17531 1.34613 0.984764 
1.37284 0.621918 1.35051 1.00328 
1.71941 1.71683 0.864615 0.97944 
0.577063 1.41697 0.966187 1.02185 
2.7488 0.184004 1.31344 1.07545 
2.0795 1.38469 1.21491 1.12624 
1.23441 1.19814 1.58713 1.02525 
0.1287 0.951852 0.751408 0.958089 
3.21225 0.827111 1.22577 0.996017 
2.0228 0.31614 1.32442 0.969985 
0.540605 0.304378 1.11063 0.986686 
0.437562 0.278012 0.619352 0.908198 
0.0294834 2.09148 1.08941 0.968486 
1.89422 2.17876 0.972833 1.08481 
0.655121 0.332159 1.18516 0.934727 
0.226098 0.268312 0.834946 0.825756 
2.25509 0.474587 1.35518 1.16799 
0.377642 0.68235 0.519122 0.876396 
0.302579 0.670064 0.509091 1.08134 
0.795825 0.733043 0.99518 1.13148 
1.89988 0.406069 1.031 1.1121 
0.0116654 1.4507 0.634014 1.13605 
0.931129 0.501431 0.631659 0.987653 
0.0323533 1.50947 0.464363 0.981878 
0.268127 0.163073 0.759098 0.912689 
1.67783 1.50201 1.12721 1.15106 
1.61642 1.05768 0.229975 0.969472 
0.331271 0.125869 1.29999 0.878181 
0.660036 1.66823 1.01652 0.96139 
0.660687 1.176 1.66467 0.902721 
2.79667 3.22736 1.28918 1.01302 
1.08221 0.340342 0.729508 1.07394 
2.71295 2.00248 1.0521 1.12576 
1.06086 0.994242 0.908001 1.23859 
0.860485 0.745508 1.27857 0.920336 
1.10184 1.04784 1.09549 0.9986 
0.00124275 0.529957 0.976491 1.01598 
2.71829 1.61155 1.10725 0.838199 
1.63585 1.48253 0.863695 1.08872 
3.33279 0.662158 0.857776 0.958298 
0.50178 1.02956 0.705141 1.06487 
1.60472 0.450255 0.912696 1.08549 
1.11485 1.62507 1.57237 1.14839 
0.138883 0.693492 0.669252 1.12482 
1.38109 1.29763 1.13164 0.909524 
0.0265883 1.45447 0.926218 1.0445 
0.323683 1.43137 0.968304 1.00265 
4.54208 0.149687 0.619713 1.01896 
0.73566 1.09369 1.32712 0.970829 
0.372512 0.473614 0.864183 0.935732 
1.0649 1.04224 0.833848 1.02357 
0.231907 0.319589 0.909777 0.891168 
0.582734 1.89244 0.902247 0.977496 
0.0339543 1.49887 0.817947 1.19608 
0.867399 2.03256 0.597397 1.09142 
2.46241 1.1011 0.846988 0.913161 
1.4747 1.64062 0.856338 0.875689 
1.25117 1.06312 1.25957 1.08863 
0.409504 0.937702 0.741824 1.02717 
2.67379 0.886767 1.29334 0.943313 
0.75821 0.518917 1.27145 1.0886 
1.18358 1.39513 1.34817 0.95925 
3.04432 1.0877 0.767445 0.94476 
1.1532 0.40683 1.03673 1.02758 
1.05263 0.713979 0.662792 1.00093 
0.194948 0.839763 1.11013 0.971409 
1.78375 3.45861 1.0667 1.04116 
1.15119 0.751665 0.426921 1.05975 
0.387631 0.86858 2.1175 0.938497 
0.950751 0.707659 0.701913 1.05703 
0.850933 0.621143 0.953973 1.04532 
0.360977 0.598366 0.779489 1.00821 
0.0228593 0.547381 0.479171 1.14256 
0.117014 0.406851 1.44278 1.0166 
0.54362 1.15193 1.08083 0.967478 
0.0793104 0.864662 1.54274 0.904484 
1.17666 1.41348 0.807902 0.965662 
0.220645 2.70459 1.3516 0.972208 
0.410031 0.918521 0.695908 0.852232 
0.970784 1.15751 0.556921 0.871924 
2.21821 1.35934 1.09523 1.06324 
2.32115 0.256254 0.706296 1.0513 
0.550828 2.32084 1.38136 1.0295 
2.98806 1.46029 1.22247 1.10857 
3.52893 0.522413 0.72064 0.945581 
0.230983 1.92013 1.20153 1.04608 
0.188391 0.468746 1.17081 0.965173 
0.248595 0.872187 1.54155 1.03692 
2.37672 0.873016 0.826735 1.02232 
0.120453 1.11352 1.31804 0.948813 
0.00727617 0.803229 0.721946 0.977538 
0.108355 1.69128 1.71399 0.964368 
0.640241 0.577846 2.09414 1.06727 
0.843503 0.742533 1.2714 0.936936 
0.462089 0.4912 0.911493 0.877322 
1.30322 1.73841 0.925489 0.788627 
1.27899 0.580297 1.36313 1.18433 
0.624406 2.21699 1.23082 0.860112 
0.134174 1.10607 1.05312 1.14173 
1.56358 2.01979 0.739464 0.967426 
0.764759 1.59861 0.80447 1.00286 
0.110055 1.07767 1.20751 1.03762 
2.98716 0.14529 1.30003 1.17926 
0.824415 1.52951 1.15037 0.954804 
0.780721 0.536329 0.731873 1.10363 
0.488747 0.121934 0.542193 1.03308 
0.152637 0.544755 0.724598 0.88839 
0.536025 1.5104 1.6733 1.19371 
0.669834 0.930929 0.848243 1.00854 
0.181284 1.57895 0.463137 1.10899 
0.635111 1.33662 1.25651 0.988264 
1.10758 1.19919 0.698073 1.16084 
1.39738 3.43646 0.882913 1.03312 
1.78363 1.45484 1.33917 1.07001 
1.00519 1.27709 0.879737 1.16174 
0.151504 0.746405 0.955645 1.13697 
2.91755 0.865933 0.923248 0.904772 
0.18256 0.122003 1.19191 0.99971 
2.31074 1.60677 0.804652 1.03286 
0.531194 0.199863 1.14654 1.20929 
0.366784 0.984738 0.833457 0.986991 
0.413966 0.986518 0.827553 1.02113 
1.50335 0.118627 1.0821 0.99305 
0.556951 1.22949 1.3764 1.07787 
0.00345708 0.980857 0.89019 0.765155 
0.176594 0.435031 0.501565 0.933893 
0.164073 0.997834 0.881141 1.07325 
0.161893 0.296717 0.640975 0.89782 
1.31725 0.188367 1.4958 1.13998 
0.14427 0.605579 1.50049 1.08824 
0.413048 1.66903 1.01655 1.0721 
1.05053 0.53798 0.57768 0.951552 
0.74939 0.150766 1.59746 0.995321 
0.603732 1.82674 0.922423 0.995309 
1.18808 1.02278 0.780538 0.91886 
0.799743 0.612506 1.97746 0.87679 
0.0614518 0.279385 0.569109 0.919965 
0.288993 0.333543 0.5962 0.962484 
1.61921 0.476978 1.51568 1.0739 
0.126703 0.943254 0.796612 0.99524 
0.808539 1.97062 0.721941 1.36215 
0.414063 0.636175 0.741426 1.0838 
0.422475 0.653908 0.856582 1.03423 
3.17269 0.350348 1.08181 0.85928 
1.41339 1.04113 0.61383 1.08468 
0.336105 0.41271 1.28371 0.914608 
0.578196 2.12626 0.765357 1.01007 
1.92417 0.216992 0.786422 0.905433 
0.00998567 0.588739 0.852654 0.985116 
1.33515 2.66804 0.754306 0.882364 
1.13672 0.628465 1.73546 0.910066 
0.58015 1.68309 1.27344 1.10397 
1.72452 2.11503 0.807141 0.989514 
0.690427 0.554098 0.687803 1.18928 
0.238845 1.21286 0.850395 0.933178 
0.691992 0.851658 1.16643 0.978122 
0.57955 0.493685 1.35873 1.16807 
0.627479 0.792483 1.43327 0.978204 
2.18674 0.196148 0.592614 0.964849 
0.469617 1.78487 0.405758 1.10759 
0.923231 3.31211 0.834342 0.997366 
0.655246 1.03187 0.804426 1.05722 
0.417037 0.794399 1.03985 0.966823 
1.12918 2.19491 0.539119 0.894268 
0.299582 0.602111 0.805196 0.836779 
0.611483 1.37009 0.495731 1.1158 
1.89629 1.41783 1.38872 0.946175 
0.851801 0.642254 1.06881 1.0241 
0.93322 1.445 0.72858 1.15335 
0.812905 0.60329 0.989629 0.826865 
0.0647776 0.148777 1.13536 0.973543 
3.40811 1.90235 1.67649 0.935864 
0.135153 0.592419 0.62585 1.07776 
0.0873414 0.226313 0.848662 0.89443 
0.18012 1.30163 1.81285 0.913358 
0.0462822 0.84316 1.00853 1.10371 
0.889381 0.98995 0.723915 0.883543 
0.69341 0.810841 0.795242 0.846283 
1.12035 0.22845 0.791198 1.04658 
0.739346 2.19989 0.680765 0.866185 
0.681682 1.69784 0.855222 0.899199 
0.178603 0.724077 1.00491 0.895595 
0.753509 3.19916 1.028 1.06806 
0.769536 0.813411 0.697441 0.887479 
0.7921 0.216777 1.89047 0.99399 
3.17756 1.41092 0.705334 0.937926 
0.317114 0.841154 0.77348 0.932755 
0.0640854 0.166565 0.928914 1.12213 
0.114006 2.97726 1.42148 1.06621 
5.23245 0.229839 0.753142 1.06229 
0.463678 1.05355 0.918553 1.08976 
3.02792 1.13218 1.09649 1.00023 
2.17399 1.28704 0.72321 1.08004 
0.28401 3.10721 0.797858 1.19856 
1.56873 1.49331 0.709412 0.811203 
1.16635 1.80381 1.4797 0.974761 
0.351632 1.64735 0.601741 1.13121 
0.00168316 1.36328 0.708685 0.925968 
3.31671 0.741655 1.3227 1.09049 
1.09296 1.85124 0.972253 0.944353 
4.53174 1.15385 1.15929 0.972359 
2.268 0.80583 0.747082 1.10415 
2.3131 1.69335 0.842821 0.864171 
0.922979 1.13652 0.742513 0.967655 
0.292906 1.95536 1.00598 0.935948 
0.308464 1.72869 1.2525 0.855023 
0.476706 1.90297 0.853886 1.0096 
0.893763 0.633167 1.40059 0.975897 
1.16197 1.10212 0.928123 1.02987 
0.60271 0.0313345 0.978161 0.906426 
0.108696 1.31975 1.21924 1.03206 
0.421281 0.185852 1.37589 1.1105 
0.205051 1.17315 1.04345 0.955638 
0.36496 0.344156 1.76703 0.986931 
0.859641 0.848916 0.904613 0.994666 
1.04365 0.233907 1.40501 1.08795 
1.26517 1.33716 1.19904 1.03026 
1.01528 1.40757 1.03983 1.00712 
0.000307202 0.595651 0.905829 0.968215 
1.18276 0.924497 0.961006 1.06068 
0.213183 1.49606 0.71367 1.00827 
0.0432612 1.13817 1.25172 0.772815 
1.15521 2.36423 0.914463 1.07837 
3.92323 0.883422 0.95777 0.998561 
0.164494 0.850281 0.842237 0.880571 
3.61137 0.72596 0.919954 0.873992 
0.0859963 0.942685 1.2601 0.95163 
1.70777 1.84248 1.37484 1.02688 
0.0640102 0.184014 1.12998 0.87896 
1.84703 2.7763 1.35027 0.91955 
0.106105 0.624954 2.00626 1.12182 
3.30719 0.412562 0.722494 0.92568 
3.68359 1.00017 0.810575 1.08798 
0.574095 1.47151 1.05825 0.923633 
0.976722 1.74942 1.89982 0.976128 
0.927108 0.192432 1.24712 0.930451 
1.4119 0.701113 0.81971 1.07686 
4.49897 3.9594 0.845971 1.02621 
0.523296 1.29077 1.21351 1.07182 
0.929427 0.242459 1.24836 1.03782 
0.778841 0.887169 0.806899 0.936059 
0.951539 0.270231 0.922051 0.872573 
0.380219 0.509082 1.04517 1.00446 
0.586889 0.374453 1.02254 1.11239 
0.359314 0.884206 0.780401 0.958259 
1.44934 1.38496 0.967656 0.839224 
0.378238 0.334264 0.702407 0.899189 
0.685819 0.247858 1.26749 1.04198 
0.574715 1.25167 1.40012 1.01972 
0.135806 1.20279 1.1516 0.889961 
0.123863 0.781768 0.437338 1.05114 
0.00598597 0.508475 0.99992 1.10289 
0.0485708 1.19347 0.523483 0.941418 
1.0427 0.51745 0.749152 1.05092 
1.71682 1.80823 0.827496 0.990873 
2.64836 0.414204 1.32436 1.03607 
0.605767 0.595717 1.00125 1.01095 
2.38084 1.14486 0.574662 1.10466 
0.568089 0.524213 0.49189 0.807306 
1.14869 0.706665 1.11728 0.994008 
1.55732 0.833153 0.900102 1.04831 
1.80908 0.701502 1.84077 0.982215 
0.956055 1.63399 1.42972 1.05977 
0.243614 0.922146 1.05714 0.994761 
1.69165 1.01526 0.726383 1.02021 
0.0692767 0.927836 1.10346 1.06357 
0.326848 3.1236 1.23553 0.933992 
0.820615 0.97279 0.918072 0.895502 
0.149397 1.01953 0.711828 1.08958 
0.757398 0.418403 0.744552 1.02553 
0.498786 0.988954 1.02572 1.05766 
0.868405 0.567024 0.872214 1.10924 
0.872882 0.938838 0.53956 1.11082 
1.48804 0.134302 0.831998 0.922661 
0.317638 0.530444 1.37007 0.930977 
1.60899 1.09496 0.923484 0.889244 
1.14474 2.20526 0.749369 1.01838 
3.30497 0.517507 0.565332 1.02893 
0.156333 1.28249 1.37345 0.922488 
0.32631 0.187969 0.91859 0.958059 
0.278013 0.216811 0.706556 0.964893 
0.977665 0.649219 0.63065 0.919286 
0.691887 0.418512 0.922982 1.07667 
0.430591 0.215351 1.1089 0.995339 
3.52672 0.553589 0.878751 0.877699 
0.286262 1.75367 1.1178 1.12728 
1.67823 0.685975 1.13811 1.08328 
1.79354 0.154819 0.946083 1.06277 
2.22555 1.65461 1.22044 0.907655 
0.686952 2.28633 1.32496 1.07772 
0.146398 1.53229 0.721331 1.02848 
1.63425 0.478384 0.900219 0.897796 
0.213586 1.31364 1.44507 1.02702 
0.954672 1.38151 0.974526 0.884237 
1.22064 0.253051 1.68868 0.973163 
0.538621 1.72533 0.757694 0.917474 
0.113577 0.51717 0.65709 0.92829 
2.05994 0.462691 1.10732 0.885349 
0.634108 0.12765 0.969513 0.853541 
0.164011 1.60559 1.24813 1.20269 
0.633743 0.109838 1.04611 1.05168 
0.637209 0.520456 0.94673 1.13581 
3.75902 0.633819 1.28165 1.24454 
0.703443 0.765938 1.02515 0.969887 
1.07036 0.678994 0.905723 1.04766 
2.81093 0.444832 0.64183 0.895928 
0.673115 0.674969 1.10542 0.763175 
2.51087 2.65483 0.627067 0.937644 
0.200224 0.938592 0.607327 1.08011 
0.177315 0.429865 0.764696 1.03288 
0.206009 0.801447 1.49726 0.931226 
4.89911 0.311227 0.905154 1.08234 
0.709674 0.897285 1.09287 0.928024 
1.17281 0.289649 0.854977 1.01405 
0.85375 0.743414 1.08866 0.974191 
0.0276171 1.38277 0.715454 1.01918 
0.566783 1.48298 0.984422 0.98613 
0.0385749 0.662431 1.03107 0.922136 
0.523235 1.41281 0.573136 0.947642 
2.08657 1.19237 1.46429 0.876436 
0.283123 0.272442 1.45 0.921279 
0.579126 2.02026 1.31249 0.91344 
2.90028 0.258655 0.822197 0.859282 
0.356745 0.36333 1.29046 1.11732 
1.86058 2.63867 0.805614 0.982574 
1.2205 0.0915138 1.20272 1.22232 
1.31243 1.74819 1.13615 1.05515 
0.852976 1.98484 0.453405 1.02098 
4.06353 0.233562 0.711028 0.900301 
2.62661 0.796148 0.915031 1.08481 
0.824911 0.374434 0.746454 1.09425 
0.282737 1.67391 0.796641 0.967586 
0.245317 0.676389 1.089 0.937543 
0.0150801 0.343379 0.407402 1.04551 
0.103247 1.72673 0.759112 0.974331 
1.43636 1.10582 1.12 0.973305 
0.0909916 0.879932 1.175 1.17883 
0.355187 0.66615 1.55185 0.922063 
2.21133 1.17639 0.910109 1.14982 
0.322134 1.4904 0.926954 1.10627 
0.33651 1.49775 0.798695 0.870677 
0.569312 1.1708 0.643944 0.91648 
0.453415 1.8968 1.22747 1.11783 
0.512897 0.177651 0.669977 1.05975 
1.14213 1.53931 1.29249 1.09741 
1.78191 0.322599 1.52241 1.08241 
0.907427 1.47255 1.29592 0.907936 
0.0120829 0.716968 0.526445 0.850615 
1.48204 1.16952 1.18489 0.862955 
0.00511411 1.21327 0.972031 1.12584 
0.273165 0.344902 0.690744 0.984222 
0.430376 0.464447 0.792206 0.959708 
1.24522 0.460412 0.892482 0.888463 
0.375607 0.812552 1.29338 1.00581 
0.95858 0.356293 1.07369 1.05841 
1.69785 0.859091 1.063 0.998994 
0.312656 0.624653 0.823661 0.926889 
0.0954212 1.53088 0.869016 0.866391 
0.38326 0.456913 1.38699 0.971611 
0.962417 1.994 1.50878 0.846107 
1.0321 1.78814 0.317168 1.20404 
0.523583 1.44753 1.10131 1.04531 
0.346391 1.77909 0.885145 0.928415 
6.13173 0.271274 0.814062 1.05898 
0.0543501 1.10058 1.16392 0.792657 
0.72285 1.23698 1.186 0.827854 
1.68714 0.348621 0.924153 0.895723 
2.39271 0.254716 0.877525 1.08794 
0.376727 1.03434 1.34994 1.01592 
0.298524 1.36956 1.09138 0.919074 
0.33598 1.36251 0.472161 0.946675 
0.708054 2.09605 1.27797 1.10474 
2.62948 1.70631 0.966867 1.03922 
0.845171 2.10266 0.637611 0.994632 
1.46734 1.89875 0.809167 0.984827 
0.982991 1.19203 0.842936 1.14458 
0.438764 0.406076 1.06838 1.03189 
2.22688 0.680016 1.46344 1.07411 
1.79747 1.36387 1.50362 0.89305 
0.196732 0.224183 1.038 1.03005 
0.435627 0.852201 0.780187 0.911956 
1.15173 0.755264 1.28501 0.848648 
0.789916 0.484921 0.9619 0.923476 
0.00680651 0.745281 1.05114 0.941308 
1.23286 0.920856 0.914624 0.900929 
1.47189 0.5358 1.29673 1.10799 
0.912513 0.601688 1.18516 0.9553 
1.33287 1.48749 0.502232 1.06366 
1.33971 1.70598 0.398956 1.09402 
0.25878 1.65927 0.910366 1.03164 
0.257062 1.82132 1.18001 1.00761 
0.57002 1.52555 1.21288 0.981071 
0.257082 3.27163 0.978963 0.914447 
0.0220544 1.95797 1.03799 1.1935 
1.50754 0.376488 0.99057 0.906909 
3.02524 0.682898 1.30602 1.00155 
0.930325 2.11857 0.492459 0.89328 
0.203844 0.359229 1.38972 0.898867 
0.162551 0.24765 0.864345 1.09645 
0.413361 1.83141 0.938574 0.993494 
0.142056 0.388211 0.788764 1.03322 
0.79668 2.12292 1.02127 0.797328 
0.722218 1.66268 0.680199 0.911852 
0.459625 0.844211 0.381523 0.892157 
0.737047 1.44092 0.740784 1.07994 
2.86819 0.927887 0.873764 1.06651 
0.339021 1.05648 0.633225 1.06839 
0.468101 0.451256 1.26486 1.04524 
0.201173 0.677974 0.687219 0.984477 
0.321601 0.150395 0.823496 0.853611 
1.0481 0.782198 1.74735 1.08742 
0.0388422 1.36326 0.860024 1.04674 
0.191063 0.216941 0.919585 0.910059 
0.886009 0.695451 1.1193 1.10468 
0.511451 0.427739 0.719544 0.987171 
1.54155 0.886932 1.46999 1.02545 
1.52016 2.02 1.18766 0.773663 
0.367418 0.283662 1.27672 0.929251 
2.00928 0.591088 1.15402 1.02883 
0.989051 0.272493 0.846789 1.03334 
1.55744 1.0061 1.1042 0.845188 
0.684184 0.127232 1.36569 0.979698 
4.99861 0.248032 1.13288 0.993702 
0.034098 0.44234 1.08859 0.950638 
0.00561172 1.92754 1.02695 0.93945 
1.45831 0.688967 0.645665 0.865864 
2.50467 1.68663 1.3026 1.14821 
0.174945 0.948574 0.982297 0.887297 
0.207148 1.00785 0.951602 0.87023 
0.0109778 1.53826 1.12924 1.07521 
3.21386 0.978515 0.418192 1.17086 
1.76834 0.966707 0.988343 1.24652 
0.707823 1.61061 1.73878 1.00969 
0.522054 1.85844 0.89314 1.06691 
0.26282 0.234052 0.785522 1.0672 
0.578361 0.763575 1.04102 1.02751 
0.226738 0.811872 0.799965 0.97298 
0.364879 0.189681 1.81137 1.05329 
0.71011 0.346979 1.31919 1.08135 
1.60615 0.570654 0.927541 0.837038 
0.955153 0.805204 1.40199 0.918131 
3.92975 0.565429 0.80908 0.978239 
0.646838 1.05426 0.993305 0.835561 
4.04293 0.890619 0.383726 0.93169 
3.00103 0.840097 0.887216 0.976535 
0.420652 0.055865 1.17889 0.901243 
0.621778 1.73882 0.92309 1.02831 
2.5998 0.963106 1.05155 1.13726 
0.884764 2.45406 1.36025 0.951868 
0.915696 0.593365 1.49684 1.10856 
2.37233 1.13003 0.990397 1.01627 
3.38781 1.19029 1.64849 1.135 
0.587014 1.53531 0.969669 1.06508 
0.104044 0.455967 0.609837 1.03944 
0.433364 0.470026 1.07454 1.01849 
1.91013 1.07874 0.66754 0.996419 
2.66122 0.0769978 0.792387 0.893452 
0.00261574 0.732551 0.811543 1.14405 
0.22083 2.25284 1.08293 1.16061 
0.3697 1.68033 1.89585 0.934128 
0.639379 0.672621 0.967098 1.02944 
1.95981 1.73509 1.15241 1.11 
1.75359 0.855308 1.44665 0.989001 
3.50898 3.16704 0.561271 1.01203 
3.77143 0.86625 1.38208 1.05335 
1.68828 0.641915 0.663187 0.920627 
0.412509 3.27203 0.595943 1.02692 
0.905337 2.76837 1.021 0.905537 
0.334935 0.617804 0.642679 0.972323 
0.781567 1.8516 1.02941 1.10412 
2.3466 0.223031 0.634057 0.950941 
5.55865 0.3198 1.08146 0.917274 
0.675041 2.82071 1.08069 0.949594 
0.623429 0.948448 1.20336 1.04465 
1.20432 0.715125 0.995907 1.17781 
0.0369433 0.617923 0.569416 0.959882 
1.04832 4.42363 1.25882 0.859071 
0.733731 0.0616622 0.798913 1.10738 
0.306281 2.55376 1.29583 0.944734 
0.614607 0.634624 1.01352 1.00551 
3.37283 1.36752 0.927422 1.04607 
0.528867 0.724612 1.32532 1.01806 
1.93229 1.61967 1.31367 1.16041 
0.106717 0.570081 1.3045 0.847666 
0.15482 0.358402 1.06793 1.09151 
0.536415 1.16446 0.630592 1.08812 
0.549718 0.716179 1.00303 1.1397 
0.207672 0.141652 0.966798 1.21051 
0.69337 0.908705 0.875375 0.850335 
1.8395 0.597543 0.521256 1.04911 
2.23584 1.0026 0.607687 1.04375 
1.85029 0.631917 0.908287 0.910412 
0.153816 1.25223 1.32688 0.990053 
1.48503 0.409942 1.57979 1.06148 
3.71725 1.02583 0.886645 0.990358 
0.640304 0.444233 1.1094 0.865904 
1.03112 0.425898 1.40678 1.06397 
1.754 0.747727 0.966937 1.13959 
0.071046 2.1974 0.50736 1.02157 
0.268992 0.506018 0.597664 1.06765 
2.52342 1.42603 0.601159 0.974451 
0.448846 2.82055 1.54615 1.1472 
0.332579 0.273817 1.01306 0.901841 
0.131852 1.02088 0.911153 0.90951 
0.591433 0.103796 0.589752 1.05464 
0.380148 1.36239 0.727409 1.0741 
0.566836 0.541091 0.98585 1.05932 
0.12392 0.818397 1.00446 0.79226 
0.672157 0.127836 1.04054 0.789952 
0.164926 0.73276 0.834029 0.816367 
0.00374948 0.413427 1.1434 1.01308 
0.0963097 0.51153 0.772959 1.09955 
0.101825 0.275216 0.876309 0.910619 
0.0718895 0.359634 1.1831 1.09399 
1.48664 0.683225 0.823351 0.963858 
0.674436 0.54132 0.579294 0.961444 
0.499555 1.52159 0.745303 0.940354 
1.53734 0.787492 0.492152 0.813624 
1.13891 0.69745 0.907586 0.959632 
1.45418 0.717994 0.658009 0.986133 
3.7164 1.68329 0.800418 0.856582 
2.00951 2.14379 0.97818 1.04133 
1.10091 0.663217 0.55739 1.03385 
0.113833 0.747622 0.934087 0.970549 
0.671195 0.167583 0.556146 0.836052 
0.643716 1.29332 0.718183 1.09772 
0.238359 1.2227 1.60953 1.11245 
0.458014 0.604702 0.589902 0.906661 
1.37536 0.448592 0.889297 1.09626 
3.0016 0.463447 1.42122 0.947433 
1.2693 1.30234 1.41679 0.967609 
0.307139 0.397045 0.60023 1.04929 
3.79146 1.10302 1.15092 1.1024 
2.74697 0.865979 0.880932 1.01873 
0.721255 0.309056 1.05313 1.0488 
0.180422 1.87551 0.789331 0.947697 
0.19045 0.425001 1.03774 0.920807 
1.43661 1.02085 0.996627 1.04961 
0.207396 0.433783 1.47037 1.16409 
1.6105 0.669303 1.53814 0.890262 
0.507009 0.60384 1.08684 0.956893 
3.21278 0.66029 1.63413 0.857877 
2.12738 1.66903 0.765571 0.927913 
0.620722 0.511393 1.24154 0.985239 
1.36364 0.158705 0.99931 1.06954 
0.73098 1.18538 0.751435 0.994308 
0.0880321 2.19481 0.684929 1.05663 
0.206907 1.47225 1.08234 1.1037 
0.126773 1.02715 0.608361 1.15178 
1.38259 0.221535 1.11315 0.880496 
1.15697 0.060412 0.833908 0.805842 
0.585466 1.71104 0.872911 1.02803 
2.57134 2.87403 0.713279 0.933403 
0.179579 0.483479 0.67913 0.944758 
0.85224 1.0536 1.20335 0.892835 
0.6849 0.139106 1.51133 0.907715 
3.79156 0.428087 0.754747 1.03562 
0.0524127 1.89693 0.81701 1.00398 
2.16838 0.64689 1.16031 1.08064 
0.0813184 0.405522 1.20551 0.892517 
1.76955 0.220246 0.661154 1.0479 
0.936498 1.0102 1.17373 0.854997 
0.0279868 0.915989 1.09537 0.874682 
1.7981 0.242012 0.907615 0.949704 
0.137605 1.32887 0.963684 0.89481 
0.663916 0.96012 0.678843 1.09572 
0.751567 2.52151 1.23502 0.972136 
0.385993 0.476757 0.764188 1.02899 
0.705649 3.05254 0.799337 1.16359 
3.95948 2.23939 0.753641 0.926181 
0.600902 0.0787016 0.811098 1.1273 
0.914839 0.590878 0.970591 1.15949 
2.69051 0.394516 1.51848 0.867758 
0.304464 0.229986 0.738058 0.894774 
2.80968 0.598257 1.93629 1.02848 
1.54364 0.417585 0.963263 0.975892 
0.87972 0.680905 1.13108 0.943776 
2.71341 0.8032 1.09662 0.910415 
0.157413 0.0341068 1.10821 0.981481 
0.877493 0.79948 0.70593 1.04876 
1.32278 2.87561 0.855901 1.02457 
1.30916 0.886398 0.367045 0.863745 
0.928281 0.510962 0.930809 1.09049 
0.0343279 1.62076 1.00844 1.05512 
0.104491 0.372829 0.61703 0.955958 
1.14791 0.683419 0.783682 1.03373 
0.596419 0.263959 1.36816 0.990484 
0.918526 1.92297 0.547799 1.01045 
1.49065 1.18538 0.94581 1.24809 
1.87227 0.259817 0.530348 1.00867 
2.08812 0.910581 0.77178 0.934982 
0.483671 2.54562 0.881794 1.01299 
0.65223 2.23018 0.856995 0.979235 
1.09638 2.20607 1.31454 1.07378 
0.227262 0.34645 0.620702 1.01205 
1.87781 0.980894 0.556805 1.05493 
0.154943 0.425476 1.16742 0.876506 
1.64662 0.310264 0.547598 1.03133 
0.898192 1.13047 1.09253 1.10412 
0.0289729 0.640763 0.824079 1.01359 
0.427141 0.369311 0.845596 0.957985 
0.281439 0.0296025 1.7566 1.09317 
0.173747 0.688564 0.89042 1.09031 
1.36537 1.93274 1.13247 1.01083 
1.08386 3.5413 1.06282 0.88499 
0.889269 1.1112 0.8866 1.04581 
0.588017 2.27978 1.02644 0.968004 
2.13719 0.673714 0.957181 0.824041 
0.980564 2.17108 0.892221 0.98447 
2.42488 0.590352 1.28767 1.02675 
4.04045 1.11887 0.923768 0.965294 
0.547072 0.77065 1.00402 1.10025 
2.4519 1.97657 1.33703 1.05988 
0.174275 0.574063 1.41974 0.905897 
0.670894 0.598543 1.41571 0.934487 
0.330342 0.0470045 0.903085 1.00907 
1.0932 0.839956 0.807052 1.01481 
2.31775 0.192471 1.60193 1.08448 
1.24955 1.03018 1.25261 0.978922 
0.476203 0.474482 0.878531 0.907166 
0.267438 0.62454 0.381656 0.790434 
0.779094 1.21369 1.25757 0.928283 
0.923209 0.354589 0.870928 0.837367 
0.300405 0.747153 1.32055 1.01955 
1.09519 0.876266 0.95101 0.924831 
0.0326626 0.647623 0.877133 1.31397 
0.92091 2.20864 0.672949 0.955238 
0.235867 1.09854 0.919714 0.975668 
0.511056 0.761397 0.814891 0.94464 
1.3974 1.81373 1.29285 1.12994 
1.92885 0.645476 1.33169 0.861997 
0.986253 0.591528 0.647583 0.983238 
0.561652 1.04873 0.833288 0.985116 
2.1456 0.382116 0.667917 1.01051 
0.062164 2.12705 1.55018 0.962616 
0.64623 2.17031 0.637361 0.953057 
0.008721 0.391467 0.737186 0.910253 
4.05956 1.18295 0.678531 1.19968 
1.49174 0.188447 0.51657 0.944153 
0.866788 0.0802057 0.775999 0.989584 
1.20112 0.231953 0.667362 1.1789 
0.260582 2.32003 0.520315 1.0392 
0.174222 0.676743 0.65895 0.948947 
0.0451833 1.11379 1.18056 1.20157 
0.0942846 0.304399 0.619079 1.03162 
0.0549546 1.0597 0.976 0.981716 
0.406217 1.81507 0.980707 1.09986 
3.09576 0.165604 1.46746 0.968733 
1.3607 1.10371 1.1449 0.774149 
1.77912 1.9628 1.42435 0.91446 
0.821299 0.495171 1.13305 0.956173 
0.383727 0.129066 0.687045 1.18381 
0.42402 0.453041 0.80307 1.00361 
0.566032 0.440612 0.741146 0.915961 
0.0594181 0.220831 0.638967 0.863562 
0.927991 0.95104 0.738794 1.03081 
1.07511 0.5022 1.16532 1.10338 
0.394981 1.7729 1.11244 1.02251 
0.0524137 1.04905 0.502067 0.957829 
1.91629 0.438866 0.487915 1.10494 
0.922785 0.567003 1.23016 0.924516 
1.03592 1.18558 0.732618 1.09704 
0.179096 0.797539 1.11855 1.29361 
1.02141 0.257263 0.816702 0.85951 
2.41787 0.445851 0.884305 0.895087 
0.0585364 2.05407 0.825958 0.956899 
4.40838 1.1552 1.04315 1.06819 
1.84019 1.527 1.60959 1.06285 
0.802383 0.315026 1.25973 1.04189 
0.00178556 1.91021 0.989908 0.951163 
1.87313 0.343405 1.0608 0.922007 
0.721293 0.0790384 0.746682 1.09232 
0.0622877 2.30382 1.07745 1.04029 
0.192196 1.0371 1.33674 0.955032 
1.65331 0.640357 0.975085 0.873133 
2.58447 0.138969 0.847585 0.96731 
1.0346 0.662112 2.06675 0.911226 
0.0255595 0.279194 0.989764 1.0858 
2.44443 1.25256 0.844496 1.04837 
0.0834373 0.532731 1.33425 0.929801 
0.369615 1.06705 1.74388 1.0798 
0.397415 0.887115 0.648061 1.05605 
0.801979 0.84189 0.694498 1.03904 
0.966765 0.452013 1.44151 1.06699 
0.14999 0.475903 1.17453 1.06957 
2.34375 0.8019 0.699005 0.886509 
1.98053 1.8928 0.772364 0.974504 
1.88774 2.083 0.678093 0.92643 
0.763826 0.926661 0.938543 1.12352 
0.965933 1.01513 1.69349 0.999737 
1.73836 0.697904 0.820739 0.871033 
0.692626 0.238771 1.67843 1.17114 
1.24329 0.577934 1.57375 1.05634 
1.04006 1.01588 1.1907 0.977022 
0.180955 0.809265 1.23827 0.888716 
1.20931 0.849232 1.07992 0.961403 
1.65374 0.890983 1.32475 0.98802 
0.455604 0.759104 1.02718 0.911858 
0.0273856 0.7323 1.20965 1.05988 
0.00308467 1.13359 0.62358 0.974093 
1.56019 0.868374 1.76379 1.12282 
0.536168 0.526845 1.53031 0.919196 
0.0538942 0.250266 0.974177 1.19611 
0.353414 1.08937 0.917784 0.974312 
0.0528115 0.657581 1.29153 0.822811 
0.589451 0.467357 0.82102 1.10732 
1.59372 0.723181 0.916032 0.915246 
0.576139 1.10347 1.17676 0.99152 
1.73493 0.665869 1.22048 1.0098 
1.40011 0.813088 1.13518 1.00602 
0.481713 1.40007 1.13208 1.03478 
0.363134 0.877116 1.02627 0.953916 
0.530587 2.1836 0.7154 1.0566 
1.30814 0.455249 0.771376 1.11884 
0.937817 1.07665 0.969906 1.09395 
0.473399 1.3818 0.821418 0.880308 
0.0620465 2.03442 0.951202 0.880306 
0.103164 4.04025 1.46066 1.00382 
0.424437 1.86005 1.3959 0.802478 
0.58528 1.79155 0.740091 1.09366 
0.305941 0.828589 0.428159 0.936125 
0.27909 1.28911 1.05307 0.968662 
0.303542 0.252256 0.585222 1.01685 
0.225098 0.577246 0.782723 1.0495 
0.0889715 2.78006 0.950406 0.904737 
0.0716016 1.97453 1.52822 1.12703 
1.09856 0.642647 0.744232 1.03934 
0.118994 0.797822 0.742175 1.13735 
0.312951 0.678439 1.38575 1.04948 
0.310436 0.496716 1.07311 1.17566 
0.865141 2.18114 0.67117 1.30897 
0.054813 1.93278 1.07599 0.983482 
0.458004 0.37017 1.11669 0.841313 
0.898892 0.96882 1.21884 1.03936 
1.31857 0.0514308 0.653245 1.07744 
0.0841336 1.67556 1.33757 1.03802 
1.99841 0.187787 1.42305 1.06497 
0.963786 1.06217 1.11687 1.24397 
0.0532913 1.43185 0.989229 1.07356 
2.28569 0.339824 0.623574 0.922996 
0.441694 1.15299 1.44576 0.953465 
2.19307 1.3659 1.71635 1.01803 
1.07069 1.64751 0.646057 0.860458 
0.50048 0.361924 0.974032 1.14447 
1.34963 0.527835 0.672351 1.15129 
1.67522 1.13494 0.774091 0.856736 
0.511256 0.550282 0.810901 0.833129 
1.49351 1.08765 0.72871 0.99486 
0.350559 2.94181 0.712282 0.918422 
1.49644 0.875785 1.21526 1.14951 
1.05487 0.915363 1.04281 1.16239 
0.269128 0.211721 0.86563 1.00806 
0.498585 0.421902 0.862377 0.914853 
1.11642 0.396011 1.31241 1.04542 
0.043033 1.11773 1.56991 0.980596 
0.979234 0.502789 1.00111 1.08628 
1.7754 1.0937 1.24108 1.0119 
0.9959 1.64176 1.09197 0.75057 
0.324939 1.00349 0.582415 0.852383 
0.0262702 0.793272 1.19002 1.16588 
1.10728 1.53287 1.27667 1.07093 
0.379072 0.19408 0.920647 0.912145 
0.392997 1.43367 0.751757 0.870228 
0.408 0.29471 0.613228 0.973014 
1.42623 0.310886 1.22559 0.906543 
0.902108 0.318764 0.806556 0.970451 
0.175356 0.917868 0.842921 0.948927 
0.671325 1.31943 0.853201 0.965726 
0.487649 0.79367 0.981814 1.01671 
0.213966 2.16593 0.520185 0.997159 
0.0299788 0.665995 1.13468 1.13199 
1.90475 1.23454 0.827688 0.85425 
1.5703 1.81028 1.69431 0.920843 
0.522054 0.574042 1.005 0.897954 
0.837846 1.65037 0.770856 1.03032 
1.97755 0.603076 0.823053 1.12629 
0.735923 1.9949 0.846082 1.08705 
0.0710364 1.44561 0.785238 0.928334 
0.141872 1.39625 1.05472 1.12611 
0.341558 2.62943 0.603747 0.88119 
0.0702018 0.710625 0.703616 1.04276 
0.477333 0.858985 1.25897 0.966069 
1.97562 0.213175 0.855695 0.915581 
1.30241 2.18655 1.0275 1.01058 
0.361508 0.826949 0.885612 0.905217 
0.639432 0.287963 1.20329 0.873046 
0.105134 2.5986 0.542112 0.960559 
0.101441 0.426874 0.855303 0.883526 
0.457757 0.821002 0.637462 0.97498 
1.0688 0.610928 1.2092 0.948155 
0.392465 3.32628 1.88881 1.0745 
0.318034 0.660545 0.954051 0.942112 
0.828461 0.675999 0.594632 0.948573 
0.259827 0.554046 1.3326 0.950973 
0.0923083 0.765732 0.826217 0.837042 
0.318092 0.692075 0.512669 1.04493 
0.545069 1.69564 0.61863 0.855839 
2.94275 0.525465 1.05412 0.864105 
0.0626984 0.494054 0.80207 0.85383 
2.96737 0.81483 0.689563 1.01409 
0.136674 0.913141 1.18364 1.18436 
0.21961 0.461125 1.23285 0.785703 
0.403407 0.612985 0.713396 0.960584 
0.97863 1.35829 0.926279 1.07541 
0.766854 0.976019 0.869121 1.14358 
0.527786 0.655542 0.724239 0.971477 
1.51681 1.14852 1.85689 0.947889 
1.31888 2.03392 1.02404 0.902627 
1.37704 0.689459 1.10942 1.00725 
0.357962 0.303083 1.39372 0.994048 
1.31911 0.662474 1.57737 1.01987 
2.23378 1.18494 1.21035 1.03731 
2.16241 1.39624 0.851169 0.999468 
0.333632 0.707738 1.08585 1.00674 
0.157237 0.712098 1.4823 1.0011 
0.239388 1.04754 1.37638 1.01179 
0.0656569 0.533998 0.572029 0.99581 
0.388916 1.26874 1.04839 0.982526 
0.214546 1.46663 1.20166 0.934576 
0.532249 0.564626 0.869375 0.964882 
0.223686 1.05794 1.25576 1.02493 
0.257446 0.59822 0.95027 1.11603 
0.0396991 1.2398 0.974201 0.995762 
1.66429 0.259375 0.709721 0.922982 
0.602052 0.591311 0.93337 1.01758 
1.45762 0.956863 0.521442 0.952683 
0.902825 1.61187 0.755777 0.832768 
1.23488 2.0777 0.505494 0.966014 
0.490394 0.337432 0.814059 0.983325 
0.135856 1.05426 1.138 0.786719 
1.02507 1.25671 1.89317 0.939031 
0.496492 0.874818 1.08886 1.09902 
0.27971 1.34183 1.17811 1.03744 
0.468795 1.10913 0.905072 0.951326 
0.642969 0.345817 1.8005 0.955741 
0.146008 1.22248 0.950755 1.2034 
0.938807 0.580635 0.901039 1.27983 
0.462622 2.03194 1.20257 1.04066 
0.698188 0.632973 0.813866 0.913245 
0.575302 0.630255 1.36639 1.07553 
1.40888 0.209455 1.17349 1.03373 
0.783263 0.104216 0.6598 1.07093 
0.574087 0.998966 0.80916 1.02005 
0.322968 1.07779 1.46483 1.06873 
1.40874 0.725321 1.20421 1.20238 
0.283803 0.782299 1.02073 1.04532 
2.78384 0.68733 1.041 0.84779 
1.6019 0.916187 0.783323 1.13735 
1.97503 0.316462 0.802372 0.824501 
0.11142 1.0547 1.49537 0.975863 
0.127297 0.242902 0.629593 0.918593 
0.506347 0.240821 0.828139 0.960384 
2.36052 0.718645 0.811405 0.858622 
0.312615 0.605884 0.719962 1.01751 
0.0159458 0.775129 1.17064 1.13609 
1.69254 0.202988 0.719581 1.01684 
0.51405 0.388972 0.764829 0.960052 
0.574623 0.874718 0.992928 1.02005 
0.141326 1.57329 0.781813 1.01323 
1.3994 2.0521 0.96247 0.991995 
0.438907 0.757531 1.08138 0.973809 
1.30066 0.714098 0.833522 1.00701 
0.171071 0.430872 0.770262 1.11538 
0.421327 1.77762 0.804968 1.27207 
1.00481 1.0871 0.803652 0.888134 
2.65612 0.435353 1.16831 0.855643 
1.60595 0.781381 0.617875 1.00331 
3.26243 0.773054 0.994612 1.1046 
0.119787 0.59491 1.04489 0.978699 
1.70991 1.28556 0.960898 1.07133 
2.97351 0.664551 0.899019 0.948379 
1.84245 0.496822 1.2632 0.984725 
0.133 2.09654 1.03662 0.998971 
0.350832 0.709532 1.86108 0.912963 
1.47298 2.3171 1.07335 1.14703 
0.0717153 0.131962 1.23486 1.05156 
0.449314 1.00891 0.46278 0.998765 
0.0585321 1.08511 1.22319 1.08688 
0.143178 1.7064 0.744866 1.04535 
0.375803 1.92713 0.981967 0.961096 
0.0261543 0.842939 1.66313 1.03664 
0.0742046 0.371839 0.652022 1.10875 
0.867384 0.994761 1.10811 0.939828 
0.253383 1.97066 0.788202 1.16472 
0.39248 1.38357 0.915644 0.904867 
0.896421 0.872263 1.49279 1.18991 
2.98947 1.11956 0.928779 0.943251 
0.509868 0.1415 0.861237 1.11573 
0.671091 1.68155 0.97989 0.939166 
0.0138013 2.04457 1.43522 0.902486 
0.112664 0.629546 0.695195 1.09389 
0.140752 0.820782 1.18921 0.938066 
0.223456 1.89385 0.862583 1.11887 
0.400291 1.85915 0.454246 0.968806 
5.0706 0.322736 1.34134 0.962008 
0.508871 0.243776 1.07236 1.13827 
0.139816 0.865868 0.956478 0.970054 
1.93304 1.30584 0.780137 1.09581 
0.778521 0.995538 0.941 0.925158 
1.07449 2.35533 0.729452 1.05974 
0.517057 0.412416 0.941939 0.958224 
0.659565 1.30982 1.02754 0.9377 
0.895215 1.00291 0.58882 1.11535 
0.520399 0.411748 1.11514 0.970728 
2.53942 1.10516 1.1647 1.11969 
0.0894216 1.55625 1.00406 0.88327 
2.70039 0.672697 0.850241 1.03334 
0.0788842 1.07289 0.564393 0.880475 
0.21754 0.482115 0.762818 1.14641 
0.460065 0.351805 1.30473 0.916215 
0.364777 2.20194 0.479782 1.03172 
0.0983937 0.82388 0.955595 1.16177 
1.00679 0.0149488 0.394595 1.10162 
0.0700926 1.30414 1.04445 0.914164 
1.17458 1.33743 0.801501 0.933598 
0.680001 1.66182 0.840757 0.863371 
3.56822 0.925685 0.632491 1.03611 
2.08342 0.238804 0.925008 0.970061 
1.02571 2.3536 1.41992 1.05578 
3.23623 0.431955 1.52682 0.835585 
0.0896018 1.32556 0.604068 0.926712 
2.15792 0.742468 0.972643 1.08993 
0.694232 0.254904 1.12148 1.07086 
0.0504584 1.20605 1.0345 1.09085 
3.65508 0.857875 0.679502 1.19699 
0.0661774 0.92344 0.833465 0.932489 
0.318439 0.97855 0.728953 0.983669 
0.0724143 0.070588 1.16105 0.890261 
1.49366 1.01864 0.671807 1.03548 
1.71432 0.472849 1.50773 0.994272 
0.0363958 0.724837 0.889317 0.969932 
0.425152 0.281201 0.561217 0.905347 
3.92165 0.678826 0.93986 1.04974 
1.99422 1.01173 1.42177 1.1018 
0.195448 0.145181 0.930997 0.952823 
0.65427 0.715829 0.828282 1.02979 
0.322878 1.58217 0.846921 1.11883 
0.418576 0.474063 0.841048 1.05268 
0.852278 1.88292 0.933347 1.1054 
0.718214 2.72553 0.798399 1.03354 
1.05761 1.18913 0.991893 0.968139 
1.35811 0.587097 0.546632 0.973879 
3.07957 0.357892 0.997468 0.974059 
1.06506 0.882884 1.01994 1.11861 
1.22297 0.548749 1.20439 1.01367 
1.84009 0.775575 1.06277 0.884472 
0.158188 1.34646 1.53163 1.25051 
0.0730568 0.341387 0.956002 0.945022 
1.05463 0.97515 0.662739 0.982843 
0.897227 0.491731 1.74836 0.907074 
0.328071 0.367735 0.804588 0.969993 
0.189961 2.35893 1.17744 0.979692 
3.98861 2.59866 0.466028 0.924196 
0.23853 0.320003 1.08648 0.910345 
0.25458 1.08487 0.972056 1.03871 
0.824423 0.283778 0.955411 0.885556 
0.437574 0.474682 0.645783 0.921692 
2.02694 1.83498 1.28463 0.855293 
4.13915 1.41698 0.825198 0.909684 
0.0287835 0.217841 0.908769 0.99606 
0.198097 0.471434 0.965513 1.07317 
1.00168 0.687428 1.25018 1.05709 
0.0870138 1.94818 0.893425 1.11816 
0.794316 0.91503 1.07563 0.944047 
0.0850684 1.32926 1.32001 0.930288 
0.308442 0.70907 1.28382 1.15024 
0.739069 0.651873 1.37461 1.2676 
1.31444 1.7214 1.05707 1.09743 
0.352837 0.325613 1.20905 0.818378 
0.910804 1.35935 1.68333 1.03835 
3.66552 1.51747 0.770746 0.87255 
0.296046 1.52835 1.54753 0.751162 
0.0965412 0.468977 0.828548 1.00075 
2.07441 1.33452 1.17281 1.07703 
1.4676 0.455423 1.16553 1.09584 
0.282516 0.390029 1.04105 1.11774 
3.74055 0.501022 1.61909 1.16068 
0.530626 0.817748 0.704464 1.08028 
0.0257156 1.22646 0.853334 0.938231 
1.12883 0.458768 0.978552 0.974127 
0.338809 1.02431 1.46693 1.25174 
2.15743 1.32042 0.871682 0.909745 
5.31048 0.597543 0.846935 0.989699 
0.919928 0.381728 1.01113 0.991406 
0.412244 0.3746 1.1993 1.03753 
2.51842 0.20262 1.18799 0.986384 
0.46555 0.084551 0.548728 1.06562 
0.594572 0.227057 0.706519 1.00732 
0.81378 1.17874 0.781586 0.825674 
0.583493 2.48294 1.25578 0.889861 
1.0203 0.180163 1.20087 1.0313 
1.28683 0.487999 1.3902 0.890659 
3.50704 0.352988 1.4903 1.13638 
0.322221 0.413047 1.36122 1.07135 
0.606586 2.55291 0.767327 1.06379 
0.338936 2.11588 1.01274 0.940882 
5.64396 0.920811 1.25066 1.09648 
0.3057 0.480861 0.654356 1.20142 
0.0790671 0.600068 1.22129 1.05402 
1.20856 0.365265 0.895673 1.21159 
0.386078 1.75526 0.86128 1.01224 
0.00683097 1.18508 0.880414 1.02809 
0.979859 0.523562 0.886985 0.902254 
0.107331 0.633558 1.44685 1.00083 
1.90908 1.31562 1.47108 1.01348 
0.0201142 0.133081 1.07328 1.17585 
2.60254 1.46089 0.930328 0.8986 
0.333186 0.587908 1.03517 0.920699 
0.311485 0.549307 0.911227 0.948329 
0.722436 0.251167 0.595412 1.01051 
0.290279 1.46952 0.789278 1.03278 
0.276964 1.89655 1.2004 1.10605 
3.21749 0.645383 0.854291 0.999368 
0.480024 1.08619 1.01862 1.06074 
1.16578 0.640409 1.33513 1.0657 
3.07458 0.697695 0.965032 1.10637 
0.65676 0.749946 0.741715 1.11834 
0.677178 0.498401 0.741948 1.06958 
0.460657 0.138282 1.25402 1.07561 
0.914872 1.06921 0.860376 0.964515 
1.23402 1.98881 0.704103 1.09503 
2.25511 0.598802 0.526871 0.883741 
0.598356 0.187818 0.588693 0.93779 
0.488814 1.60137 0.853966 0.896884 
0.38787 0.0560854 1.08739 0.957835 
0.703948 0.240509 1.38313 0.906854 
0.798021 1.44238 0.583104 1.01111 
0.587026 1.62806 0.565531 1.04213 
0.0864379 2.0676 0.862766 1.09749 
0.974474 1.55571 1.25645 1.01732 
0.304043 1.08568 1.08146 0.954694 
0.693561 1.96376 1.53816 0.994547 
0.677404 0.259069 1.11621 0.996428 
0.202981 1.01708 1.57924 1.02723 
0.219051 1.89811 0.646206 1.16655 
0.0239973 0.836167 1.01652 0.933203 
0.260112 2.2942 0.989401 1.02121 
0.964955 2.2302 0.970604 0.953581 
0.50086 0.387811 0.866004 1.06898 
1.11654 1.40193 0.895057 1.06129 
0.571563 0.997284 0.665997 1.0536 
0.119538 2.07105 1.01958 1.08712 
1.20368 1.2626 1.53249 1.05069 
0.0145618 0.214184 1.93523 1.00351 
0.172759 0.39491 0.896624 1.06961 
3.32372 1.33968 2.19016 1.03314 
0.141177 1.13499 0.531187 0.983245 
3.33079 1.21791 1.28407 1.07673 
0.759898 0.749236 1.00297 1.16628 
0.925738 0.917054 0.951166 0.919098 
0.0248935 1.04431 0.904347 1.05995 
2.3865 0.363672 0.866197 0.868276 
1.15208 0.605407 0.996943 0.981479 
0.0961216 0.913057 1.18575 1.10149 
0.0284477 0.491383 1.79411 0.919424 
0.533848 0.61814 0.590559 1.0435 
0.858361 0.509049 0.951554 1.0018 
0.0290192 0.742165 0.763697 1.05991 
0.225695 1.20356 0.997033 0.945578 
0.456632 1.60056 1.28539 1.16776 
0.6901 1.35657 0.558373 0.947234 
1.07439 1.03812 0.642189 1.08843 
0.896387 0.854666 1.25312 1.00794 
0.997013 0.742038 1.04471 1.21101 
1.18153 0.186379 0.994385 0.948728 
0.451783 1.63037 1.59372 1.02374 
2.52825 1.89414 1.20992 1.01391 
0.59548 0.759142 1.09096 0.978478 
0.543523 0.637809 1.11481 1.18499 
0.117522 1.64916 0.957362 1.01022 
0.327504 1.09596 1.06381 0.907691 
0.0098521 0.425505 0.668324 0.910736 
2.36211 1.21188 1.05944 0.883776 
4.00673 0.264367 0.672935 0.974622 
2.95997 1.00409 1.51846 1.03536 
0.557268 0.628389 1.62927 0.928032 
0.277477 1.00725 1.56196 0.856037 
0.643925 0.459414 0.595522 1.04548 
0.420903 2.09571 1.01136 1.00346 
2.40761 0.352432 1.09262 0.907593 
2.02192 0.278684 0.89236 0.917596 
0.824496 1.71916 0.859443 0.888792 
0.651122 0.913745 1.21274 1.10336 
1.10839 0.539507 0.77293 0.915478 
0.505647 0.136376 0.647844 1.26524 
1.16993 2.81891 1.33534 0.87112 
0.939936 1.48964 0.798068 1.03715 
0.147155 1.35215 1.45358 0.847744 
2.94083 0.301804 0.498575 1.07105 
0.27937 0.0709352 1.19999 1.09778 
1.00315 0.629051 0.471345 0.900059 
1.36356 1.02328 1.06448 0.969519 
1.03018 0.845988 0.894648 0.943136 
0.0452194 0.739243 0.50652 0.764909 
0.79888 0.269899 1.17152 1.01447 
2.95663 1.05542 1.25412 1.05584 
1.58311 2.77352 0.902891 0.9849 
2.13281 1.00596 0.892067 0.944789 
0.436902 0.227389 1.13619 1.11058 
0.764618 1.29983 0.600983 0.993154 
0.540016 0.89211 0.909226 0.864369 
2.93156 0.41269 0.884553 1.22928 
0.20235 1.75162 0.906384 1.02708 
1.0977 0.264451 0.847701 1.23111 
1.60175 0.539151 1.02764 0.990796 
0.450649 1.20281 0.679826 0.787131 
1.15121 0.675985 1.01006 0.822878 
1.28451 0.988369 1.19446 0.994789 
0.118038 0.456034 0.850436 0.884986 
0.464421 1.28679 1.15792 0.91871 
0.27042 0.0589673 1.42352 1.07276 
1.42925 0.588194 0.578884 1.14857 
0.548598 1.65905 0.981982 1.0999 
0.843619 2.58686 0.65515 1.09602 
0.049554 1.59368 1.45589 0.963383 
0.677345 0.699159 1.6735 0.971891 
0.819783 0.635409 0.342759 0.923457 
2.08553 0.457276 0.503111 1.03098 
1.62698 0.776964 1.42829 1.04188 
3.66964 1.82615 1.26075 1.09878 
0.370235 0.81019 1.10187 1.02527 
0.811305 1.03759 0.991226 1.22837 
0.810897 1.16431 0.642905 1.227 
1.32879 1.81337 1.39031 1.04819 
0.371812 0.407236 0.982612 0.966445 
0.0650964 2.97297 1.43098 0.989871 
0.294722 2.12218 0.89843 0.934686 
1.37504 1.51437 1.00357 0.9371 
0.289055 1.35954 1.35579 0.943088 
3.62905 1.68202 0.661355 0.950597 
0.814069 2.07102 1.20033 0.910859 
0.610596 0.573791 0.941562 1.06905 
2.10693 1.90173 0.911362 1.10094 
1.59404 3.88046 0.441727 1.08269 
0.885761 0.519037 0.898938 0.878774 
1.41344 1.27943 0.854403 1.07128 
1.00631 0.903349 1.41116 1.06351 
1.15906 1.12084 0.679266 0.992964 
1.3995 1.66181 0.878383 1.06126 
0.412629 0.215634 0.701944 1.12302 
0.0953979 1.04994 1.17761 0.919715 
0.397269 1.32893 0.863922 1.02876 
0.778775 0.446464 0.989677 0.94918 
3.21572 1.05707 0.940216 0.959787 
1.74073 1.53535 0.929202 1.00085 
1.69532 0.562962 0.533159 0.95816 
3.63775 0.790565 0.649612 0.814445 
1.2329 0.569166 1.28364 1.03415 
2.28523 1.31137 1.10536 1.04229 
1.58783 0.213491 0.890889 0.841926 
1.99347 0.179686 0.677323 0.858835 
3.36595 0.20676 0.739335 1.02848 
0.0786083 0.409205 0.701721 0.817011 
0.301179 0.89329 0.895275 1.0092 
0.548196 0.676677 0.595216 0.99453 
0.436001 2.2186 0.902744 1.02873 
0.804647 0.44176 0.545436 0.97886 
0.365267 2.0696 1.37387 1.04637 
2.23306 0.54401 1.41377 0.953428 
4.59522 1.48692 0.765233 0.899737 
0.029841 0.82926 1.06072 0.835902 
2.26553 0.597142 1.33183 0.942815 
1.07089 0.543622 0.733705 0.966368 
1.22105 0.91877 0.741299 1.00008 
2.83915 0.878941 1.19209 1.05516 
3.08128 0.48823 1.19325 0.919632 
0.304983 0.967751 0.898547 0.935464 
4.49318 0.4716 1.06617 1.0168 
0.995631 0.687115 0.981481 0.852294 
0.456906 0.537893 0.63876 1.27896 
1.98886 1.08002 0.661539 1.01753 
0.0416742 0.378547 0.545664 0.930943 
0.0256655 1.96799 0.556731 1.09019 
1.50791 0.48925 0.903886 0.856287 
5.61088 1.04588 0.967854 1.11167 
1.84224 0.6186 0.614572 1.01294 
0.459882 0.239241 1.72601 0.962944 
0.474965 0.245349 0.574533 0.976069 
0.0618188 1.58779 0.606768 0.901293 
0.363086 2.19991 0.634127 1.0911 
1.78487 2.38877 1.43505 1.08612 
1.13635 0.863845 0.974792 1.07944 
0.658485 0.481887 0.736706 0.916467 
1.15807 0.506406 0.833988 1.09054 
0.172556 0.542345 0.726546 1.09914 
5.92967 0.55488 1.66386 0.959371 
1.74994 1.08741 0.587525 0.962102 
0.119877 0.885768 1.12915 0.882907 
0.293229 1.53732 1.19858 0.90444 
1.68725 1.17836 1.31023 0.897698 
2.5547 0.721766 0.701519 1.03602 
1.0769 2.30077 1.10144 0.991181 
2.07471 0.137145 0.910074 1.02571 
0.459705 1.98541 0.599741 0.988316 
1.71451 0.815631 0.810908 0.986139 
0.483571 1.5688 1.64397 1.12661 
0.0124589 1.08294 1.64701 1.10921 
2.67481 0.123518 0.581665 0.966322 
1.20159 1.0016 0.856459 1.05329 
0.506942 1.4615 0.668092 1.17624 
0.866076 1.3368 0.781344 0.870397 
1.10201 0.633805 1.00884 1.18541 
2.62898 1.40334 0.885954 0.990105 
1.78369 1.68116 0.808206 0.838364 
0.872998 0.542687 1.50441 1.03499 
0.528409 1.48397 1.41896 1.07492 
1.73329 0.126335 0.591807 0.981447 
1.1278 0.263948 1.26275 1.09274 
1.72461 1.7456 1.50461 1.16168 
2.92658 1.66498 0.785432 0.948222 
0.248472 1.75378 1.0392 1.06117 
0.42658 1.92719 1.13361 0.885249 
0.946015 0.401397 1.08471 0.999101 
1.08075 0.799451 1.01583 1.02014 
0.114646 1.45873 0.990925 0.982142 
0.79668 0.378234 0.454355 0.979376 
0.0193395 0.753324 1.2142 0.900239 
1.50562 0.15809 0.787563 1.16879 
0.0510018 2.10447 0.433612 0.904195 
2.66857 0.552509 0.683014 1.06074 
0.539584 0.777855 1.47651 0.985545 
1.11157 0.196205 1.35946 0.953472 
0.059162 0.999429 0.640467 1.15149 
0.2872 1.82339 1.20095 1.09122 
2.39783 1.24855 1.18861 1.01168 
0.403739 0.688214 0.587404 0.910332 
0.948497 0.33548 1.03867 0.933908 
0.739813 0.803085 1.68766 0.955228 
0.709261 0.20925 0.523087 0.829144 
0.293317 1.1885 1.21726 0.876301 
0.825525 1.48762 1.41524 0.93479 
3.25105 1.65114 0.665417 0.853584 
0.379641 1.38129 1.58841 1.1652 
1.01181 1.93382 1.00789 1.01235 
0.0692514 0.669667 1.44401 0.923906 
0.91633 0.269642 1.21203 1.06043 
1.46776 0.310001 1.55684 0.8479 
0.910612 1.3426 1.58703 0.830794 
0.624066 0.79376 0.898486 1.08242 
0.434855 0.43967 1.34989 1.06778 
0.0711701 0.969549 0.761875 0.867665 
0.469013 0.320328 1.11197 1.12064 
2.45941 0.59373 0.518766 1.0052 
2.60694 0.243866 1.23825 0.935377 
2.5095 1.427 1.60584 1.12771 
0.351503 0.962422 0.968094 1.0182 
1.55727 0.827541 1.49798 1.10068 
0.670082 0.0830488 0.858505 0.926429 
1.61443 0.461835 0.779645 1.05849 
0.862821 0.922859 1.22517 1.3241 
1.41977 1.05418 0.563494 1.0522 
0.336471 0.231197 0.738689 1.05249 
0.171948 2.0182 0.928338 1.18964 
0.0280714 1.74879 0.879325 0.956454 
0.0201664 0.653425 0.672611 0.89368 
0.490791 0.883671 1.00182 0.988176 
0.847955 1.70754 0.956398 1.18803 
0.0341164 0.353813 1.17153 0.967429 
1.47203 0.422253 0.849943 1.09178 
0.508282 1.30983 0.762162 0.90805 
0.825749 0.74486 1.10212 1.10699 
0.601811 0.922995 0.726238 0.959969 
0.185493 1.00138 1.20643 1.11782 
0.105006 1.50355 1.93479 0.883262 
1.46486 0.718131 1.05584 0.861299 
0.115229 0.534704 2.03058 0.851717 
0.287955 0.401058 0.886834 0.981629 
0.766101 0.763491 1.13494 0.939334 
1.08299 0.0796386 1.44274 1.08612 
1.53185 1.54356 0.593406 0.926379 
0.913426 0.963076 1.17391 0.985246 
1.1731 0.545198 0.797515 1.02044 
0.894848 2.28592 0.751673 0.938036 
0.0437749 1.38252 0.912244 0.978307 
0.674414 1.18535 0.958145 0.958545 
0.915746 1.38498 1.2124 1.02537 
2.61998 0.339788 1.53903 0.965735 
1.48871 1.88383 0.766031 0.928803 
0.769075 0.672291 0.608957 0.957072 
0.0217462 0.341353 1.02946 1.02976 
0.798053 0.444991 0.775947 1.0181 
0.699685 0.151532 1.0409 1.29943 
1.87151 0.408011 0.852372 1.22038 
1.01603 1.44636 1.03789 0.971528 
0.536759 1.39545 1.30371 0.805414 
0.892982 0.924728 1.01468 0.824965 
0.0689572 0.0216807 2.03193 0.93998 
0.888909 0.731014 0.959645 0.964212 
2.19424 0.153611 0.635338 0.862806 
0.55394 1.11412 1.07632 1.08127 
0.444406 1.14184 0.249404 1.17154 
1.94007 0.13685 1.08003 0.920975 
1.17585 1.10421 1.01804 0.926318 
0.274411 0.152257 0.797882 1.02928 
5.19542 2.36164 0.680209 0.995392 
0.0584586 1.11738 1.23345 0.797662 
0.914836 0.245056 0.53885 1.1281 
1.54082 0.209035 0.990552 0.88969 
0.895827 0.206848 0.90592 0.980326 
0.358649 0.336388 0.458579 1.12164 
0.41043 0.675792 0.604945 0.979247 
1.65018 4.03804 0.779346 0.984819 
0.567503 2.06784 1.17454 0.876455 
0.490244 0.452869 0.698347 1.31717 
1.53429 0.23614 0.624442 0.950339 
0.0486522 0.566452 1.19579 1.08668 
0.542554 1.89539 0.992015 0.918733 
0.431298 2.1144 1.07815 0.926163 
1.74499 0.422167 1.80548 1.03469 
1.72499 0.714687 0.60855 1.16088 
0.240178 0.221343 1.95085 1.05494 
1.20431 0.938143 0.541437 0.984724 
0.73331 0.734818 1.03251 1.10096 
0.747258 1.16047 0.901962 1.09931 
0.561054 0.351868 0.612024 0.860376 
0.109223 1.84987 1.27201 1.09773 
0.457934 0.531816 0.962745 0.903493 
0.778689 0.757628 1.23959 0.897275 
0.342428 4.5124 0.65897 0.968144 
0.154396 4.4424 1.42965 0.987895 
0.0862208 2.00264 1.12962 1.09051 
2.19537 1.75417 1.27838 0.948946 
0.406805 1.27337 0.803497 0.954873 
1.04035 1.8808 1.1487 1.02614 
0.550063 0.517282 1.21626 1.1747 
2.2854 0.954227 0.882305 0.973308 
0.211766 0.152121 0.978786 1.13578 
0.180145 1.80208 0.858743 0.933835 
0.552624 0.454744 1.12601 1.03956 
0.47596 0.221497 0.754798 0.891799 
0.34501 1.02505 1.17961 1.11635 
3.37577 0.238923 0.980076 0.809679 
0.0275107 0.190903 1.11662 1.08338 
0.1945 1.09035 1.41431 0.789361 
0.302908 0.757593 1.0036 0.983968 
0.909782 1.41129 0.874451 0.786335 
0.113334 2.02246 0.543796 1.03222 
0.230919 0.939064 1.03858 0.945652 
0.560104 1.78667 1.5119 0.990268 
0.0484008 1.00381 0.819133 0.997125 
1.59972 1.17178 0.939634 0.973573 
0.366963 0.694109 1.14225 1.04628 
2.9485 0.271655 0.853035 0.913454 
2.80913 0.754372 1.03837 1.05225 
0.832514 0.954921 0.774137 1.12189 
1.57128 0.642082 0.862507 0.865287 
4.35759 0.582895 0.900145 0.945092 
0.491053 1.45814 1.30927 0.892539 
0.824473 0.203964 0.935162 0.941555 
2.36288 0.663804 2.36533 1.09792 
1.17824 0.782861 1.08695 0.915283 
0.146837 0.552172 1.09272 0.963294 
0.730215 0.898032 0.839165 0.976646 
0.322511 0.784018 0.824301 0.954352 
0.703066 0.178559 0.528118 0.942231 
1.4532 1.0932 1.00619 0.917424 
2.14166 1.17377 1.0573 1.04491 
1.88385 1.01206 0.708692 0.781262 
0.151581 1.08515 0.521723 1.1389 
4.82394 0.215725 0.818649 0.844235 
0.987101 0.502685 0.584899 0.967609 
1.74772 0.236401 0.90583 1.01307 
0.258291 0.106151 0.726735 1.08261 
1.15951 0.372936 0.997779 1.06539 
0.649537 0.805113 0.799521 0.837639 
0.330773 0.326465 1.15493 0.985699 
0.360168 1.52714 0.879869 0.978793 
0.153796 0.765659 1.16476 1.08275 
0.0736582 0.549007 1.11034 1.00625 
2.17599 0.114544 1.52793 1.02582 
0.784726 3.27203 1.25419 1.11884 
0.540283 0.722224 1.06174 1.05461 
0.63599 0.729091 1.12377 0.961292 
0.770141 1.63279 0.752634 0.829706 
0.0678501 0.458975 1.26419 0.898089 
0.266748 2.43496 1.16717 0.876654 
0.963295 0.104265 0.58501 1.0598 
0.682611 1.72308 1.62469 1.18312 
1.05425 1.17761 1.2282 0.900849 
3.84165 1.52682 1.81344 1.22828 
1.4042 1.66125 1.09061 0.886677 
0.465906 1.00985 0.742191 1.05361 
0.0333235 0.469834 0.945233 1.11698 
0.928153 1.41589 0.943731 0.932704 
3.99389 0.876096 1.79386 1.01962 
0.317368 1.27899 0.489064 1.00225 
2.19417 1.02198 0.899262 0.983038 
1.64632 2.11862 0.663116 0.960228 
0.419974 1.85787 1.56008 1.00316 
0.545389 0.902256 0.758667 0.9347 
0.0273032 1.97831 1.43033 1.00861 
0.465565 1.6489 0.879898 0.994414 
1.39649 0.646571 0.985794 0.987463 
0.864629 1.09884 0.932572 1.02846 
0.213856 0.68014 0.629378 0.92637 
0.170676 0.0865192 0.823693 1.01795 
0.726985 1.41552 0.909292 1.09353 
0.824193 0.646138 0.694878 0.965919 
1.65365 1.77017 0.929684 1.17448 
0.44387 0.186172 0.503726 0.95144 
0.065163 0.783722 0.88715 1.01158 
1.06001 1.84488 1.09275 1.09016 
0.0119452 0.190989 0.952229 1.06138 
0.741779 0.817309 1.47858 1.01319 
1.67837 0.446517 1.38311 1.09529 
0.28657 3.15928 1.02335 1.02225 
0.804309 1.77808 0.619182 1.06018 
1.39291 0.605566 1.12977 0.936962 
0.293049 0.160379 1.53352 1.01429 
0.390266 0.775994 0.457021 1.21577 
1.03768 1.6664 1.19266 0.828153 
0.89707 0.414019 0.631156 1.0287 
0.622156 1.53404 1.12192 1.11143 
0.795444 0.965329 0.328982 0.988302 
0.59663 0.823046 0.63995 1.07039 
1.70406 0.755058 0.977071 0.998215 
0.353022 2.02614 0.862449 1.12153 
0.0831413 0.656006 0.961192 0.882114 
0.632764 0.724685 0.927978 0.874791 
0.378964 1.25088 1.03458 1.00154 
1.32835 0.538576 0.326719 0.968608 
1.72697 0.778838 0.73557 0.995539 
0.560617 1.19767 1.00727 0.963646 
0.383826 1.12302 0.892118 0.940116 
0.670218 2.10077 0.817247 0.7916 
3.20686 0.647661 1.12713 0.94585 
1.52933 1.55421 0.743216 0.927847 
1.66249 0.788905 0.798453 1.15908 
1.81528 0.574701 1.17478 1.02623 
0.941766 1.54324 0.879883 1.04877 
0.594843 0.717991 1.0474 0.970608 
0.846451 0.730151 0.849298 0.972947 
0.00566754 0.767822 0.808021 0.781342 
1.34038 0.240183 1.62866 0.97024 
0.148557 0.714697 1.07436 1.11056 
1.39174 0.770525 0.814438 1.01155 
0.707566 1.51516 1.49399 1.11611 
0.356806 0.678543 0.531723 1.26737 
0.0346669 1.95092 1.22708 1.16915 
0.377993 0.909203 0.577306 0.953641 
0.412423 0.144258 1.2578 1.01026 
0.652763 0.608051 1.18774 1.04279 
2.04755 0.357679 0.830567 1.01103 
2.15022 1.54213 1.43924 1.20171 
0.257963 0.850188 0.881468 0.964238 
1.10377 0.901281 1.3118 1.0197 
1.91013 0.343284 0.578104 0.897646 
1.20802 1.23787 0.806948 1.1078 
0.330433 0.634755 0.425148 1.15832 
0.547326 0.819596 1.00302 1.23064 
0.432322 0.70203 0.549856 0.937713 
0.167988 0.802969 1.071 1.17195 
0.126126 0.745317 1.2912 1.19167 
0.351316 1.85858 0.364785 0.941042 
2.84877 1.14034 1.2713 0.909401 
1.71239 1.07291 0.903948 1.1878 
0.267099 0.307818 0.919147 0.800734 
0.885225 0.966283 1.20374 0.981833 
2.75333 0.191105 1.43985 1.02095 
1.51162 0.778769 1.35487 0.905598 
4.63153 2.16462 1.12745 0.932522 
0.261226 0.548763 0.532063 0.984461 
3.27343 0.462092 1.6234 1.03377 
0.232202 0.428632 1.07186 1.0184 
1.90777 0.899917 0.673847 1.14831 
0.394312 1.3581 1.00862 0.951611 
0.0129358 0.229031 0.967 1.06609 
0.359245 0.298332 0.667356 0.933033 
1.4699 1.13908 1.02609 0.953956 
0.0497827 1.04574 0.515076 1.1233 
0.330742 0.495292 0.947316 0.947701 
1.4368 0.677656 1.38839 0.827367 
1.44145 0.905026 0.676177 0.931706 
0.308368 2.01015 0.497665 0.858941 
1.02603 0.276687 1.45575 1.08634 
0.525796 0.223064 0.931318 1.00271 
0.871808 1.64681 0.502585 1.16377 
1.35718 1.61066 0.945039 1.01756 
0.0953225 1.23904 1.12271 0.967541 
0.485471 1.18936 1.38916 1.11616 
0.0287089 0.400651 0.633065 1.11485 
1.98854 0.279184 0.707155 1.1155 
0.378031 1.06969 1.84053 0.93472 
2.12088 2.11459 0.506558 0.77015 
0.12025 0.135239 1.14676 0.895126 
0.649009 0.849474 0.646982 1.26492 
1.70544 1.54406 0.670152 1.09946 
0.726096 0.457571 0.868759 0.958889 
0.294107 0.489803 0.920083 0.983239 
2.09323 0.600852 1.26347 0.995557 
0.11834 0.642278 0.576236 1.045 
0.956182 1.19537 0.812292 0.777538 
0.885706 1.04711 0.770484 0.926969 
0.562172 1.82373 1.09511 0.861958 
0.0967808 0.667334 0.984806 0.995563 
0.771453 0.908432 0.947607 0.929535 
2.47382 0.583444 1.10131 0.935149 
1.09278 1.70605 1.14196 1.09457 
0.15121 1.16736 0.949504 0.948747 
0.216652 2.28715 1.7103 0.901776 
1.03401 1.15344 0.802942 0.841394 
0.569192 1.71525 1.71331 0.978919 
0.277134 1.32863 0.814526 1.0231 
1.18591 0.309725 0.870158 1.1615 
0.318103 0.550153 0.815706 0.835251 
0.274979 0.612719 0.709902 1.1186 
0.840907 1.00477 0.573836 1.05852 
1.89339 1.98476 0.630175 0.867427 
1.34961 1.74099 1.33854 1.09112 
0.168706 0.648863 0.953211 0.841415 
2.28383 0.524507 0.809511 1.00722 
2.19746 0.997517 0.966815 0.916208 
0.769324 1.46731 1.14309 1.03812 
0.6129 1.18136 1.38866 1.10097 
1.45626 1.10292 1.0345 1.02059 
0.126774 0.125879 1.21539 0.935653 
0.346954 0.651563 0.602504 1.07538 
2.87995 1.81601 0.878816 0.82209 
1.00496 0.258529 1.38691 1.12652 
0.308153 1.93045 1.39573 0.976472 
0.54171 3.0078 1.64764 0.930945 
0.927895 1.80368 0.80707 1.07034 
0.134855 1.14901 0.804885 0.84179 
1.44991 0.831496 1.0957 1.0707 
1.25973 1.14753 1.37467 1.09675 
0.46235 0.422276 0.833724 0.839461 
1.54004 0.398658 0.629402 1.0023 
0.0544743 0.780942 0.769041 0.989566 
0.0431082 1.12816 0.993828 0.924842 
5.39666 2.13668 0.699084 0.997746 
3.32981 1.40674 0.872872 1.01549 
1.50519 0.314409 0.941762 0.81998 
1.36844 0.346474 1.29027 0.87478 
1.38811 0.829874 0.98567 0.876579 
0.891607 0.453399 0.74922 0.889167 
0.918617 0.875945 0.460391 1.00227 
0.451903 0.915815 0.619813 0.910885 
2.98602 1.09362 1.33064 0.985097 
0.896795 0.129624 1.42452 0.85236 
0.675736 0.327582 1.37297 0.91898 
4.8536 0.549521 0.882602 0.979555 
1.21973 1.42556 0.481692 1.08135 
0.919967 2.06454 0.97347 1.06282 
2.8561 2.04426 0.652798 1.03365 
1.10529 1.20458 0.807661 1.07049 
1.2464 0.211374 0.582784 0.964517 
0.0955379 1.01913 0.438953 0.98385 
3.21059 0.490187 1.05402 1.05801 
0.774524 0.204345 0.754568 1.20327 
3.30619 1.60024 1.40099 0.954806 
3.81526 2.10894 0.920962 0.849967 
0.873064 0.744342 1.53042 0.923536 
0.740773 0.313771 0.895031 1.04286 
0.796461 2.61595 1.04487 1.22238 
1.00724 1.09359 1.5388 1.0093 
1.63295 0.200461 1.79895 1.1314 
0.830292 0.648412 0.568417 1.01191 
0.287446 1.27948 1.26968 0.800816 
1.10927 1.94086 1.04763 0.987648 
0.639589 0.87321 1.27481 0.91394 
0.935317 0.499192 1.17315 0.93922 
0.357327 0.244872 1.09323 1.15701 
0.345941 1.78622 0.53254 0.832008 
1.3651 0.581335 1.66046 0.908705 
0.636025 0.29419 0.977442 0.977929 
0.122859 1.92353 0.759429 0.86635 
1.62898 3.25925 1.67755 0.944927 
0.463585 2.12549 1.02638 1.30024 
0.335563 0.503019 0.598248 0.795755 
0.250284 0.254531 0.986728 1.07165 
0.175568 0.514284 1.40123 0.896176 
3.31338 0.364454 0.970388 0.874035 
1.6326 1.15745 1.00056 0.995643 
0.0949867 0.0982383 0.991034 0.979805 
0.949902 1.1023 1.29251 1.02294 
2.68025 2.41115 0.534055 1.10212 
0.593114 2.3518 1.09543 0.995303 
2.02483 1.73813 0.924931 0.97366 
0.50629 0.831482 0.835967 0.994843 
0.426285 0.776906 0.419522 0.943333 
0.437176 0.587454 1.11438 0.957625 
0.571436 0.786909 0.953377 0.917796 
0.180228 0.925419 1.10791 0.997775 
3.49818 0.617927 1.00498 1.01129 
0.23529 0.371466 1.50031 0.996791 
0.219916 1.5187 1.20089 0.918517 
0.301038 0.735264 0.672192 0.908658 
0.563523 0.317261 0.492164 0.960752 
0.295194 0.300658 0.914151 1.19015 
0.153665 0.562517 0.776833 1.12023 
1.63336 1.19395 1.67654 1.21162 
0.486796 2.55601 0.857775 0.959754 
0.44633 0.967306 1.00465 0.98117 
2.06762 1.23889 1.70122 0.967259 
0.96864 0.688316 1.29455 0.988028 
1.07465 2.98707 1.67312 0.892928 
1.1069 1.33624 0.988553 0.977356 
1.00914 0.0590519 0.554073 0.97058 
1.44919 0.669481 1.13568 0.906724 
0.207746 1.79943 1.23902 1.10088 
0.121586 0.131778 1.01099 0.909278 
0.0380246 0.424137 0.48977 0.978741 
0.827026 0.884421 0.932043 1.12264 
0.268191 0.689381 0.869238 0.93445 
1.02874 0.226306 1.3036 1.04016 
1.87072 0.487213 1.44252 0.967025 
1.17559 0.647872 1.10333 1.00244 
4.04786 0.273841 0.814881 0.938824 
1.16123 0.862228 1.05729 1.29009 
0.710156 2.28618 1.0769 0.99363 
1.10401 0.453592 1.03737 0.959223 
0.669151 1.13628 1.14199 1.01838 
0.149951 2.21608 0.987575 0.783487 
0.0282027 0.125778 1.18107 1.0443 
3.54175 0.760767 1.13383 1.01437 
0.134496 1.5261 1.06823 1.07301 
0.608769 1.61929 1.09719 1.09625 
0.744458 1.69972 1.17836 0.887986 
0.462004 0.927273 1.64747 0.909661 
0.239245 0.786516 1.71219 1.13301 
2.29798 2.50049 0.794717 0.892243 
1.49354 1.69443 0.759879 0.835334 
1.21086 0.98273 1.41514 1.00757 
0.74565 0.442711 0.266145 1.08901 
0.0994682 0.815005 0.753983 1.00836 
1.23797 0.441495 1.16243 1.2716 
0.434232 0.296805 0.584926 0.969983 
4.39878 1.37154 1.27794 0.889895 
1.49201 0.561741 0.612723 1.0403 
0.306569 0.318942 0.780138 0.890231 
2.13509 1.57899 1.07547 1.1342 
1.62677 0.968388 1.02325 0.919334 
2.57732 0.39438 0.984919 1.0168 
3.49561 0.895426 0.955228 1.02832 
0.510557 1.24995 0.776 0.955511 
2.02398 1.45539 0.819296 0.969827 
0.683347 0.879724 1.2587 0.865999 
1.2534 1.07408 0.905142 0.92423 
3.67489 0.695882 1.27027 1.03905 
0.197243 0.833899 1.39792 1.00736 
3.28033 1.4549 0.824553 1.10651 
0.661967 0.646317 1.05729 1.02712 
0.366415 0.32515 0.560767 0.901717 
0.303865 2.15192 1.00963 0.902369 
0.561624 1.02182 0.726516 1.11568 
0.713783 0.634627 0.935476 1.00507 
0.500613 0.545543 1.0079 1.07625 
0.0387165 0.530964 0.800552 1.09383 
1.08692 0.706529 1.43796 0.91393 
1.86032 0.885503 1.13639 0.855744 
0.704264 1.37935 1.05061 1.14482 
0.103943 0.726845 1.35359 0.929801 
1.87528 0.780935 1.32358 0.967274 
0.294398 0.864109 0.5265 1.0128 
0.983029 1.72705 1.9287 1.10583 
1.13457 2.34898 0.772531 0.986189 
0.179539 0.472784 0.95271 0.957929 
1.26349 0.795332 1.22998 0.998741 
2.53702 1.29235 1.64858 0.903674 
1.03498 0.872945 0.884716 1.10059 
0.504755 1.09956 1.36894 0.879836 
0.443886 0.766998 1.76331 1.08847 
1.32226 0.84178 1.60162 1.00293 
0.223236 1.20452 0.838432 1.02071 
0.0322523 0.872791 1.36932 1.09856 
0.212591 3.5218 1.3162 1.00476 
0.244267 0.244813 1.43812 0.905363 
0.750871 0.578348 0.685368 0.961853 
0.121036 0.909366 1.34985 1.19487 
0.640738 0.994235 0.829339 1.02354 
1.56537 1.66054 0.61864 1.24833 
2.39839 0.217657 0.986751 0.950349 
2.44381 0.198272 1.31099 0.935508 
0.171728 0.423399 0.623166 0.813732 
0.0806618 1.26222 1.25894 0.948247 
1.02981 0.223922 1.14612 1.03676 
0.0974623 1.19515 0.66848 0.915665 
0.329539 0.460926 0.696528 1.04587 
0.57121 2.2059 1.3149 1.01389 
3.1699 0.432523 0.629134 0.985319 
0.38821 0.413817 1.28193 0.917528 
1.28933 0.444323 0.836009 0.887227 
0.606315 0.696418 0.702793 0.952482 
1.14435 0.911062 0.992414 1.14211 
0.173307 1.69966 0.930874 1.05515 
1.33443 2.1271 0.908053 1.03211 
0.175023 0.822831 0.513686 0.851407 
0.249841 0.415275 1.1344 0.936337 
1.75255 0.760521 0.98904 1.02806 
1.36812 1.27451 0.847863 0.947607 
1.64231 1.54306 2.19133 0.895632 
0.0368327 0.996415 1.15921 0.968732 
0.462992 1.20792 0.695245 0.862946 
2.652 1.00739 0.882974 1.0757 
0.277694 0.501195 1.1342 1.30058 
0.993853 2.37102 0.459575 1.23319 
0.413693 2.1774 0.704032 1.10608 
0.0575399 0.830236 0.495791 0.852945 
0.318823 0.302389 1.35206 1.10631 
1.41286 0.535126 0.365607 1.1571 
3.30992 1.43738 1.15109 1.03878 
0.223528 1.38081 0.833003 0.908559 
0.273537 0.212995 1.08064 0.960095 
0.427115 0.997662 1.18251 0.972051 
2.14427 0.373306 1.05378 0.900861 
3.50798 2.20169 0.495498 0.929258 
0.600725 1.34619 1.18568 1.0933 
0.133283 0.344394 0.951486 1.04836 
0.666526 0.9355 1.49913 1.01496 
0.0939665 0.569618 1.43101 1.0133 
2.38139 0.790528 1.23611 0.944577 
0.301867 0.984202 1.2604 0.97674 
0.316294 1.37696 0.742629 1.07277 
3.9487 2.23358 1.38095 1.06621 
3.73854 0.770475 1.06727 1.12281 
0.251562 1.64092 0.646845 0.923605 
0.34265 1.37882 0.738848 1.08981 
0.0416496 2.2595 1.12616 1.06512 
0.0568765 0.979544 1.21175 1.08088 
0.34951 1.31998 1.49841 1.03997 
0.55692 1.83823 1.14486 1.04567 
0.576094 0.867999 0.703571 1.05926 
0.603279 1.13823 1.22636 1.19787 
0.963732 1.5381 1.16369 1.0457 
0.325515 0.913669 1.39849 1.08317 
0.884714 0.491125 0.974515 0.871578 
0.455985 0.909498 1.36198 0.851823 
0.0415262 0.568493 1.18718 1.00653 
1.39685 1.54946 0.436721 1.13467 
0.282164 0.44166 0.80657 0.985633 
0.628449 1.19198 1.50116 1.02346 
5.45503 0.833932 1.14624 1.13859 
2.12454 0.450814 1.33936 0.982439 
4.53162 1.57191 1.10711 1.03902 
0.787142 0.950442 1.10979 0.90773 
0.07229 1.82078 1.75145 0.927122 
2.25539 2.05612 1.07193 0.84817 
0.394417 1.50018 1.11099 0.978079 
0.425913 0.194426 0.984753 1.01174 
0.172376 1.32309 0.734123 1.12489 
0.863783 2.56028 1.10659 1.05061 
3.16407 0.502926 1.00003 1.06123 
0.306994 1.09995 0.992278 1.07264 
0.203756 0.663623 0.616691 0.994057 
0.769603 0.800076 1.11657 0.959688 
1.3254 0.520148 1.1354 1.05066 
0.188544 0.672332 0.922871 0.94409 
0.565137 0.758525 1.30892 0.942106 
3.69246 1.17581 1.00655 1.10571 
0.240201 0.221197 1.16541 1.20305 
0.416273 4.54319 0.736364 0.959348 
0.945749 1.50002 1.28709 0.961054 
0.540243 0.538538 0.890852 1.13276 
2.33764 1.81524 1.14331 0.870313 
0.0873968 0.23935 1.14792 0.946266 
3.30058 1.52725 0.964521 1.17079 
0.53717 0.567381 0.788431 0.907097 
0.200788 0.397572 1.08245 0.875386 
0.376703 0.677179 1.06966 1.04633 
2.15032 1.92605 0.438544 1.15868 
1.19076 1.82724 0.536984 1.1144 
0.681895 1.57652 0.659478 0.821689 
0.518733 0.380931 0.851907 1.07571 
2.07562 0.711216 0.961831 0.952069 
0.591125 1.94272 1.14508 0.843204 
0.11245 0.892719 1.15372 0.752143 
0.208081 0.481689 0.672582 1.0009 
1.60168 0.56583 1.39494 0.979675 
3.37801 2.14014 0.6993 0.769099 
1.61557 1.41319 1.02531 1.21138 
0.310911 0.464682 0.663204 0.933701 
0.901554 3.15199 0.502114 1.02465 
0.0271147 0.902981 1.022 1.00484 
0.342166 1.00007 0.804526 1.04901 
0.602748 1.04647 1.13552 1.03305 
0.608632 2.42727 1.69433 0.769375 
1.42333 0.381572 0.544428 0.912172 
0.783484 0.311141 0.892008 1.08096 
0.705565 1.22282 0.724037 0.962289 
0.00832596 0.653363 1.02902 0.920304 
0.405699 3.37978 0.729411 1.0755 
0.0338178 2.76148 1.14936 1.08888 
1.26802 2.32435 0.800646 0.956589 
2.21587 0.318717 0.735566 0.737146 
0.23713 0.451608 0.679208 1.01012 
0.232271 1.02612 1.31264 1.09162 
0.535621 2.10184 0.957533 1.2167 
0.397597 0.906973 1.43339 0.898791 
0.267581 1.50091 1.11365 1.04988 
0.151848 0.563458 0.844901 0.946192 
0.338027 1.75407 1.05749 0.976244 
0.360924 0.331968 0.858164 0.91209 
1.21105 2.2364 0.756424 0.766374 
2.07895 2.52047 1.48474 0.731899 
0.976968 1.01539 1.23312 0.902977 
1.39206 1.51949 0.589647 1.16075 
0.0710498 1.09991 1.40257 0.845507 
0.904917 0.673714 1.62024 1.05895 
1.63864 0.139416 1.11215 0.908614 
0.334204 0.529219 1.97992 1.17795 
1.38833 1.01638 1.04716 1.01013 
1.10643 1.44674 0.970459 1.08376 
1.83829 0.502521 0.648829 1.00191 
0.143051 0.919248 0.883382 0.980479 
0.250031 1.42366 1.18233 0.784339 
0.203046 0.12201 0.993728 0.894803 
1.56361 0.396441 1.06828 0.856871 
1.5924 0.595405 0.965201 1.01148 
0.230741 1.12988 0.817158 1.07552 
0.922289 1.61957 1.17865 1.22894 
0.645641 1.04716 1.27584 1.10685 
2.7508 1.25569 0.852918 0.977127 
0.200371 0.493053 0.614361 0.984061 
0.619998 0.527165 0.664893 0.800364 
0.258569 3.27008 1.24399 1.00566 
2.6963 1.57089 1.06661 0.910413 
2.06874 0.453147 0.949692 0.894255 
1.14951 0.881909 0.923567 0.993212 
0.31079 0.0696449 1.44437 0.959491 
1.34039 1.7561 1.21307 0.884924 
0.269753 1.08784 0.888532 1.1189 
0.69241 1.64977 0.854161 1.13009 
1.35356 1.27216 0.880206 0.942183 
1.23808 0.472146 1.33218 1.03362 
0.100341 1.94508 1.16643 0.909477 
1.08614 1.02786 0.768474 1.03305 
3.12417 1.41997 0.951471 0.927227 
0.724087 0.484167 1.50872 0.968853 
1.49146 1.34116 0.869139 1.15808 
0.3956 1.33803 0.753485 1.17674 
2.0307 0.158869 0.968961 0.947843 
0.381454 0.457895 0.675307 0.993997 
0.750804 0.507879 1.18121 1.06513 
1.37853 0.474148 1.26408 0.839408 
1.41272 0.264334 1.12141 1.10358 
1.54714 1.51618 0.415036 1.04585 
0.336225 1.17365 1.04204 0.982918 
2.73658 0.534953 1.12425 0.934837 
2.01805 0.595605 0.58831 0.953726 
0.37384 0.177953 1.00822 0.860924 
0.465714 0.605953 1.39633 1.07089 
0.0150983 0.315321 1.15084 1.13676 
2.60118 0.298613 1.49108 1.08267 
0.774353 1.50994 0.848635 0.884969 
0.812303 0.202147 0.598302 0.979987 
0.0436225 0.439581 0.540945 0.871334 
0.197885 0.297911 0.826074 0.960621 
0.38524 0.408243 0.54509 1.07547 
1.04779 1.40509 1.28161 1.13413 
0.0681929 1.66806 1.03703 1.03347 
0.0808753 0.43122 1.15392 0.932705 
0.851707 1.6198 0.563677 0.944625 
0.399806 1.82591 0.728361 0.962649 
0.991894 0.805374 1.14844 0.902433 
0.195394 1.18272 1.33985 1.00321 
1.34176 1.33161 0.633839 0.966084 
1.42241 0.906025 1.68687 0.766543 
1.4448 0.391013 0.808472 1.02447 
0.0496149 1.32954 1.09281 1.03145 
1.03129 0.388573 1.63753 1.15041 
1.2624 3.58847 0.937918 0.983455 
0.676578 0.823904 0.943384 1.11476 
0.137987 1.45809 0.351372 0.970061 
2.06778 0.350192 1.0522 0.943049 
0.734966 1.19955 1.28171 1.16209 
0.838582 0.970659 1.67383 0.965131 
0.103061 1.02385 0.672377 0.923454 
0.420465 1.8651 0.675296 1.27719 
0.04133 0.356257 0.986073 0.966672 
1.33465 1.79278 0.952115 1.01948 
0.626727 0.487548 1.47234 0.857126 
1.44501 0.154626 0.590225 0.976848 
0.17903 0.579545 0.989666 0.905361 
0.143107 1.10493 0.958636 0.979541 
0.0168465 2.84305 1.11541 0.987145 
0.346637 1.87441 1.00754 0.912136 
0.596626 0.835287 1.22997 1.04833 
0.275452 0.393452 1.0728 0.737759 
0.460283 1.71487 0.894191 1.07791 
1.41175 0.602877 0.679803 0.990389 
0.391082 2.65451 1.50773 0.84946 
0.586056 0.836531 1.04287 1.00556 
0.367621 1.11645 1.11898 0.989986 
1.08819 1.66683 1.29333 0.969687 
1.04883 0.220439 1.25785 0.834989 
1.07304 1.06895 0.854794 1.07792 
0.590598 1.34293 0.359298 0.888435 
0.87678 0.547376 0.717534 0.993494 
4.28316 0.72528 0.924513 0.880688 
1.27705 0.57037 0.810305 0.921226 
0.0253753 0.341112 0.858631 0.795664 
0.731446 0.466936 0.815983 0.96035 
0.4871 0.828361 0.811695 1.06095 
0.782122 0.313292 0.960901 0.941128 
1.84815 1.63824 0.603783 0.909898 
0.499308 2.40951 1.09221 1.18877 
0.795553 0.436774 0.539278 1.15799 
1.95226 0.320834 0.946996 1.08323 
0.080655 0.555528 0.885312 1.19672 
1.83474 0.077843 0.565274 1.06829 
2.63263 0.415586 0.598235 0.974222 
0.851227 0.416312 1.11669 1.08216 
0.71666 0.101462 1.25961 1.02044 
1.30126 0.898692 0.819287 0.851134 
1.10619 1.5235 1.37863 1.0354 
3.52982 0.400281 0.514071 0.957889 
1.81511 1.21979 0.381293 0.864694 
0.504935 1.55801 1.43992 0.891423 
1.40245 0.342714 0.667241 1.19893 
1.3181 2.49142 0.722459 1.03866 
0.819163 0.43577 0.908496 1.24967 
0.036997 1.30241 0.664095 0.949241 
0.548931 1.02424 0.888491 0.906083 
0.0307367 0.194577 0.953974 1.13151 
1.38695 1.18916 1.01764 0.973066 
2.22131 0.234946 0.601982 0.866138 
1.82283 0.279122 0.985422 1.07947 
0.8924 0.843051 1.17426 1.05796 
0.880704 0.512506 1.25033 0.977423 
1.28796 0.441821 0.97715 0.943608 
0.5469 0.890154 0.928834 1.03976 
0.328255 1.68661 1.8645 1.05883 
0.359218 0.665537 1.19696 1.02451 
0.00321503 2.44272 1.25486 1.2345 
0.769449 0.702467 0.972467 1.00171 
0.862823 0.0894779 0.981959 1.01102 
1.45252 1.10964 1.074 1.18977 
0.211079 0.533874 0.476551 1.0055 
0.023829 0.682865 0.742909 0.975959 
0.441504 1.2273 0.692864 0.824162 
0.183536 1.23295 0.524419 0.778578 
0.0518606 0.704947 1.32843 0.894711 
2.2707 0.707558 1.21247 1.03454 
0.373067 1.58516 1.04576 0.93976 
0.0433655 0.83053 0.852509 1.07115 
0.985438 1.36761 0.627047 1.06245 
0.724473 0.602465 0.93388 1.09834 
1.14888 0.1554 1.07484 1.04168 
1.10053 0.514307 0.668635 1.08668 
0.103821 1.62251 0.689826 1.07852 
0.54564 0.484543 0.923591 0.986418 
1.01265 0.478289 1.58807 0.953052 
0.27367 0.451614 0.687162 0.901085 
1.04009 0.575143 0.877251 1.05511 
0.281849 1.15174 1.08939 1.04047 
1.42778 0.630319 0.495619 1.03044 
1.33344 0.996324 0.872459 1.0009 
0.366923 1.45192 0.629071 1.04195 
1.53377 1.57359 0.804705 1.11909 
0.125839 0.658121 1.18464 0.937018 
0.196076 0.876584 0.628862 0.928151 
0.0256302 0.931546 0.813139 1.17134 
0.0860336 1.25891 1.43462 0.812214 
0.764257 2.38098 1.10512 1.03436 
0.793005 0.458387 0.725536 1.02518 
0.314664 0.0967947 1.34768 1.14899 
1.76496 0.518119 0.989451 1.0757 
0.19028 0.215529 0.951392 1.08005 
2.59828 0.110908 1.10306 0.882363 
6.57489 1.11324 0.571423 0.913819 
0.319836 0.303368 0.815175 1.02315 
2.78577 1.90808 1.24348 1.01176 
0.997483 1.56717 0.962655 1.02194 
3.49268 0.504701 0.994475 1.01519 
0.283839 0.859105 0.750471 0.921556 
4.31312 0.362064 1.16235 1.0431 
0.225365 1.51632 1.34362 1.02033 
1.0669 1.45411 1.2262 0.940819 
1.66943 0.808559 1.02639 1.09738 
0.129178 0.950709 0.860985 0.900136 
2.20117 0.444504 1.00214 1.01314 
1.53668 0.625126 1.94642 1.02464 
1.73816 0.768594 1.39131 1.04433 
1.18638 0.601343 1.40853 1.1146 
1.06502 0.505106 1.19579 1.01603 
0.00179725 1.03081 0.613108 1.05274 
1.33986 1.26116 1.18408 1.02596 
1.20412 0.288088 1.42722 1.02247 
0.274055 0.278446 1.10706 0.879051 
1.35807 1.28389 1.18413 0.991952 
1.73593 1.70819 1.44145 1.00201 
0.139822 2.00819 1.22701 1.09194 
0.261515 0.718879 0.989856 1.00296 
0.258588 0.965664 0.946274 0.960598 
0.641303 0.708848 0.601064 0.952247 
1.01775 0.961696 0.754254 0.947052 
1.58252 0.549897 0.913567 0.944003 
2.23817 0.439902 0.684869 1.06893 
0.186861 1.92379 1.36359 0.832507 
1.06717 1.44704 0.878475 0.970999 
0.173883 1.04766 0.616066 0.803564 
1.04066 1.03435 1.06896 1.05134 
0.234311 0.298085 1.49468 1.02355 
0.0630321 1.24321 1.22594 1.04894 
0.596877 0.282304 0.729072 0.915312 
0.378044 1.28274 1.04921 1.04318 
0.578231 0.353721 0.788817 0.971047 
0.332235 0.747969 0.827042 1.07996 
0.296859 1.61947 0.796296 0.9346 
0.87893 1.39055 0.764827 0.986875 
1.1307 0.97632 0.655891 1.10938 
0.604261 0.832319 0.97728 1.08474 
0.791999 1.04032 0.947112 0.837339 
1.72006 0.620274 1.15261 0.990312 
0.420804 1.26928 1.18456 1.00547 
0.497216 0.362404 0.643042 0.932981 
0.120793 1.51588 1.574 0.929197 
0.375142 1.05147 0.617267 0.936825 
0.218253 0.530785 0.744582 0.976842 
0.333599 0.629683 0.758764 0.977181 
2.10542 0.571551 0.909391 1.14037 
2.85641 0.932265 1.45933 1.02165 
0.517601 1.7002 1.30471 0.823039 
2.47462 1.84259 0.89628 0.981717 
0.859778 1.22074 1.04522 0.955606 
1.6994 0.716098 1.16282 0.914171 
1.51255 2.0386 1.14065 1.05933 
0.0933566 1.0735 1.6141 1.0352 
1.19419 1.57687 1.52685 1.00955 
0.21851 1.52153 0.986387 1.01368 
1.51148 1.60401 0.493777 0.925205 
1.75813 1.14589 0.98936 0.948715 
0.570917 0.462123 0.579923 0.839371 
2.0291 1.00462 0.842456 0.970368 
0.384251 0.807556 1.23676 1.20049 
0.772157 0.11576 0.972027 0.952057 
1.04885 0.221161 0.984693 0.796093 
0.0313985 0.18797 0.427623 0.891794 
1.96505 0.303637 0.628873 0.876439 
0.233882 0.496393 0.986497 0.757557 
1.01967 2.9448 1.09268 1.02527 
0.58609 2.19958 1.54935 0.95046 
0.44048 0.139713 0.783829 0.832347 
1.95589 0.469175 1.29357 0.991207 
0.806811 0.623573 1.15099 1.03088 
0.167191 0.00486074 0.70079 1.02701 
0.16229 0.282534 0.81096 1.05756 
0.0277549 0.87124 1.19021 1.22868 
0.823551 1.78065 0.886395 0.934281 
0.0915147 2.02604 0.644047 0.825037 
1.65614 2.74391 0.722301 1.02048 
0.455258 0.98149 1.039 1.22588 
1.69409 0.251438 0.83318 0.958642 
0.217869 0.970267 0.802686 1.03965 
0.230989 2.55377 0.839644 0.925223 
0.0638416 1.73415 1.12809 0.985352 
1.65591 1.44857 0.868251 1.05226 
0.323515 0.331359 0.631213 0.89688 
0.163838 1.07824 0.691774 1.07828 
0.862561 1.44039 1.56372 0.872172 
2.78398 0.264076 1.29076 1.26705 
1.9363 0.881046 1.15263 1.13813 
3.04718 0.590569 1.1257 1.13104 
0.138737 3.63064 0.621474 1.00271 
2.76361 1.74952 0.647954 1.07486 
0.280912 0.788258 1.11406 0.929035 
0.00992155 2.06538 1.30701 0.846302 
0.980634 0.813646 0.69376 0.837876 
0.0304794 0.573039 1.07895 1.04165 
1.62774 1.47989 1.17645 0.872648 
0.80387 0.795761 0.782948 0.936061 
3.49722 0.589627 0.555099 0.892289 
0.00941994 0.362094 0.601297 0.890408 
0.0970787 1.04439 0.680172 0.994738 
2.507 0.534412 1.13135 1.03621 
0.339942 0.117026 0.664494 1.11258 
0.794451 0.818495 0.764102 0.905318 
1.11511 0.771842 0.756093 0.909132 
0.232489 0.840437 1.08089 0.843687 
1.30404 1.18687 0.723043 1.03729 
0.569356 0.170862 1.41594 0.983898 
0.306929 1.16946 1.23556 1.22762 
0.0394189 0.55915 0.89048 0.979784 
0.101321 0.459845 1.23986 1.25825 
0.829728 0.798956 1.32741 1.06469 
0.654686 1.5218 0.921383 0.978621 
1.30826 0.0568986 2.08516 0.886834 
0.0505948 2.51247 0.827263 1.04605 
1.29232 0.598519 0.760895 0.938666 
1.27955 0.362907 1.08706 1.06433 
0.0731864 1.29784 1.16855 0.902413 
0.537388 0.717332 0.966279 0.941586 
1.54005 0.226025 0.764923 1.20867 
1.45259 0.503089 1.60386 1.16676 
0.790208 0.38656 1.22063 0.99323 
0.294383 1.40062 0.957734 1.04563 
2.6871 1.11947 0.667447 1.02056 
0.327471 2.30998 1.19528 1.07849 
0.320069 2.20647 0.739848 0.966777 
0.563171 2.16837 1.34864 1.00354 
0.333741 0.376917 0.749904 1.00554 
0.870086 0.295947 0.868643 1.04789 
2.35995 0.601376 0.792779 0.917319 
0.0357642 0.513372 0.831462 1.00559 
0.421265 0.350167 0.824223 0.848682 
1.1223 2.14557 1.07815 1.03029 
0.788026 0.816032 1.24176 1.09188 
0.358208 0.564064 0.872397 1.18655 
0.510215 0.262684 0.880098 1.16077 
0.388092 0.311894 1.15045 0.993381 
0.663503 0.65867 1.18155 1.19076 
0.527065 0.723728 0.856219 1.06683 
1.53674 0.574449 0.746531 1.10103 
3.87225 1.41638 0.95278 0.883361 
1.78357 1.42177 0.884558 1.11779 
0.956897 1.50387 0.579428 0.910628 
1.12341 0.800914 0.817617 1.10841 
0.119669 1.40198 0.722328 0.959233 
0.411328 1.40709 1.20131 1.04159 
0.779945 0.949643 0.945993 1.26226 
0.364357 2.30656 1.19088 1.02169 
2.5482 0.0305587 0.912347 0.886094 
1.6505 0.517378 0.779272 0.920817 
0.745897 0.392086 0.853691 1.15955 
1.58622 2.32911 0.986931 1.10861 
0.173951 0.298957 0.490623 1.05208 
0.184718 0.71005 0.810286 1.03981 
0.230905 2.06168 0.891989 1.10171 
0.517998 1.21826 1.32573 1.03296 
0.929754 1.18102 0.77412 1.08172 
1.19609 2.26832 0.909102 1.1758 
1.03953 0.627794 1.19057 0.966418 
0.736734 0.695904 0.553148 1.01715 
0.108781 1.65591 1.3637 1.00201 
0.363248 1.10042 0.902463 0.844287 
0.50961 0.575514 2.00417 0.882201 
0.0478272 0.723681 0.621204 1.04209 
2.97917 0.812775 1.82025 1.13871 
0.514504 1.69287 1.38783 0.990274 
3.39374 2.9629 1.08149 0.893905 
0.447575 1.55197 1.40703 0.98315 
4.00478 0.330779 1.02136 1.05633 
0.473775 2.00032 0.775823 1.08077 
1.12977 0.384789 0.568202 0.968537 
1.13759 0.502599 1.07719 0.978157 
3.34093 2.4805 1.21534 0.883767 
1.11596 0.529043 1.3157 1.17855 
0.843973 0.798751 0.957416 1.10799 
0.420584 0.269925 1.12306 1.09067 
2.36478 1.11084 1.03495 0.975423 
1.43233 1.19405 1.24325 0.95187 
0.46078 1.47185 1.11254 0.831623 
0.233443 0.301402 0.794486 1.01428 
1.19608 0.217046 1.48681 1.12327 
3.24914 1.45783 0.751173 1.11972 
0.00724712 0.494289 1.56023 0.942693 
1.09047 0.526596 0.973425 0.997195 
4.29349 1.51339 1.07613 1.03121 
0.0854317 0.60938 0.817716 1.08071 
1.5921 2.24623 0.894727 1.06218 
0.627731 1.31577 0.439615 0.837235 
0.397561 0.461577 1.03024 0.852465 
1.63278 2.20238 1.15846 0.970089 
0.907755 3.22436 0.789716 0.932532 
0.212081 1.74912 1.0249 1.05917 
0.576415 1.42879 0.934875 0.856403 
1.35762 0.675675 1.26466 0.94838 
0.0404366 0.354437 0.702496 0.944266 
0.0882029 1.1966 0.897942 0.956232 
0.715942 1.13579 0.806432 0.859767 
0.10253 1.06395 2.0653 1.0686 
1.82029 0.378746 0.671213 0.92094 
2.03657 0.444765 1.01871 1.13765 
0.102544 0.622447 1.39601 0.943814 
0.414283 1.80887 0.719193 0.992001 
1.13454 2.22804 1.79925 0.989128 
2.03088 4.63864 0.396411 0.883965 
0.871755 0.134908 0.956766 1.00466 
0.6262 0.300217 1.078 0.956618 
0.588552 0.774026 1.22448 0.998377 
2.28948 2.35343 1.93929 0.936879 
1.80711 1.28631 1.46493 1.00393 
0.0735635 1.73721 0.888758 1.08999 
0.236235 0.384714 1.78062 1.10292 
1.57849 1.37682 1.38816 0.989021 
1.23119 1.03145 1.27467 0.908034 
0.0850723 0.405485 0.996857 0.90147 
0.31501 0.836951 0.817248 1.08327 
0.261071 1.78375 1.02445 1.16745 
0.797601 1.36547 1.21541 1.0246 
1.6916 0.603822 2.44273 1.11874 
0.912198 0.596624 1.15802 0.95146 
0.778816 0.741846 0.707103 1.00339 
0.686917 0.327664 0.593135 0.939708 
1.32616 0.0576724 0.884997 0.923039 
0.9389 0.853843 0.574499 0.947729 
0.50845 0.342558 1.29086 0.84772 
0.751199 0.40049 0.905643 1.17284 
0.500742 0.476468 0.586782 1.00007 
0.842796 1.03348 0.785704 0.998695 
0.154753 1.16616 1.28536 0.965348 
2.21486 2.20529 1.12228 0.943999 
1.29421 2.1614 0.969532 0.974029 
6.60351 1.80033 0.803747 0.973097 
6.57099 1.13715 0.902694 0.89301 
0.0725803 0.450989 1.1201 1.0605 
1.30424 1.0231 1.22427 0.928645 
2.30032 2.02724 1.18422 0.918483 
1.32695 1.26925 0.618747 1.11013 
0.66511 1.33508 1.25182 1.02252 
0.301627 0.731167 1.81485 1.04755 
1.28424 0.768719 1.64628 0.949843 
0.221617 1.54878 1.31631 1.18591 
0.241419 0.875265 0.414671 1.04389 
0.105567 0.709018 0.488691 0.985084 
3.38789 0.200965 0.799683 0.926859 
1.10009 0.577227 1.34688 1.00847 
0.957 1.72869 0.820785 1.08646 
0.489044 1.27841 1.23736 1.14831 
1.34555 0.953002 0.830862 0.985821 
0.972288 1.95087 0.818976 0.914569 
0.512821 1.256 1.34465 1.07866 
0.678118 0.860159 0.634824 0.993801 
0.409672 3.40651 0.806864 0.977944 
0.386143 0.557722 0.629487 1.04697 
1.24635 0.716759 1.1564 0.921053 
0.298377 2.69312 0.730144 1.08711 
1.22278 1.1144 1.10203 1.03289 
0.977943 0.79289 0.792143 0.986876 
1.35364 0.417454 1.12113 1.14445 
0.158082 0.910515 1.2246 1.13758 
0.0899419 0.812279 0.716598 0.863822 
1.66892 0.975132 0.602967 1.08068 
0.769233 2.33763 1.39065 0.927954 
0.691846 0.338079 0.811854 1.04713 
0.19201 2.00771 1.07633 1.17313 
0.808423 0.749713 0.706348 0.969151 
0.519858 0.730928 0.911899 0.972259 
1.98354 1.99963 1.30999 1.01659 
2.34739 1.14958 0.822953 0.999879 
0.709152 1.53462 1.40467 0.89272 
2.56642 1.71006 0.826602 1.09587 
1.65488 0.174333 0.767162 1.06568 
1.96469 0.109036 1.17638 0.871091 
2.5503 0.323274 0.992076 1.04746 
0.465299 1.10961 0.813262 1.01174 
0.410544 0.388924 0.744643 1.10171 
1.78003 1.72886 1.53684 0.917544 
1.37588 1.0254 1.24838 0.935917 
1.01656 0.788306 1.49479 1.03747 
0.818299 1.9126 0.679498 1.08634 
0.139441 0.498732 0.79241 0.948335 
0.815021 1.0667 1.01043 0.937584 
0.680233 0.943227 0.812348 0.965588 
1.97786 0.377165 0.904405 1.11426 
1.28911 0.434321 0.778255 1.08164 
0.680972 1.12151 0.976425 1.0257 
2.0071 0.152675 1.28864 1.0287 
0.136544 0.762093 1.07134 1.0642 
0.952171 0.365625 1.7411 0.939373 
1.82029 0.537304 1.24767 1.03329 
0.568502 1.1477 1.08366 0.899589 
0.10123 1.4135 1.10882 1.06069 
0.240299 1.66259 0.560898 0.765628 
1.52985 0.333202 1.06182 1.066 
1.14671 1.30675 1.04492 1.09505 
3.29016 1.94208 0.466844 1.07257 
2.54151 1.27174 1.04663 1.05772 
1.73645 1.25137 0.720009 1.05619 
0.968849 4.36582 0.914903 1.10556 
0.331111 2.0005 0.955566 1.12546 
0.0198536 1.26596 0.70774 0.885319 
1.42808 1.32596 0.908329 1.03136 
1.08697 0.225341 1.03955 1.06703 
3.17465 1.49835 1.32398 0.774176 
0.081793 1.31209 1.32182 0.971536 
1.41524 0.231802 1.06802 1.10347 
1.87174 2.10046 1.15105 1.03528 
0.317225 2.40361 1.3576 0.942137 
0.0621576 0.815631 1.40975 0.986802 
1.95512 2.09513 1.35227 0.822021 
0.650098 0.846334 1.73417 1.04 
0.988685 0.175199 1.07638 0.977015 
0.344845 2.85296 0.798344 1.05872 
1.55333 1.9548 0.965126 1.12887 
0.8904 1.54547 0.489812 0.989835 
0.0484373 0.320393 0.713216 1.15716 
1.39435 0.254686 0.988072 0.970125 
0.292545 0.716562 1.21606 0.954002 
0.00957864 0.544606 1.52555 0.872155 
1.44739 1.12656 0.652283 1.13516 
0.10429 0.234251 1.08163 0.957771 
0.0171047 1.01729 1.17559 1.04287 
0.721598 1.18678 1.01391 1.184 
0.00470627 0.190549 0.915479 1.00456 
0.419549 1.30837 0.654341 0.951353 
0.0924548 0.746974 0.95531 1.06517 
0.100245 0.191112 0.824849 1.1292 
1.59034 1.04245 0.829812 1.25949 
2.09816 0.50502 0.691849 1.03855 
3.48659 1.56962 1.88119 1.02936 
2.37524 0.375016 1.26259 1.00935 
0.260952 0.692937 0.895759 0.950028 
3.44942 1.31975 0.953838 1.19937 
0.186166 1.85786 0.568043 1.08197 
0.818343 0.628355 1.12902 1.01303 
2.13082 0.159326 0.570173 0.963523 
4.45412 0.760197 0.940601 1.15457 
0.678523 0.637279 0.831336 0.991791 
0.0822336 0.567406 0.655865 1.05991 
0.237495 0.365333 0.573328 0.944753 
0.559317 3.60081 0.514786 0.932026 
1.86238 0.236128 1.01434 1.04234 
1.02359 0.784861 0.985771 0.933367 
2.86155 0.455632 1.47501 0.95312 
0.979285 0.578776 0.67472 0.816849 
1.19086 0.15874 1.12769 0.981809 
2.67046 0.594826 0.880555 1.05189 
0.00470704 0.242444 1.21757 1.04771 
0.527884 1.89458 0.956667 0.904811 
0.845858 1.7521 0.793947 1.05766 
0.45319 0.367469 1.11431 1.01501 
0.33185 0.744388 0.93403 1.28196 
0.951245 0.468594 1.3988 1.1171 
0.0564529 0.512432 1.03681 1.1569 
0.0243767 1.85684 1.04791 1.14122 
1.24613 0.350535 2.05862 1.04283 
0.0656553 0.569641 1.22576 0.975087 
0.41863 1.99976 0.41758 0.995635 
1.23417 1.24671 1.19042 0.846299 
0.226534 0.816575 0.857962 0.960733 
0.0959558 1.93367 0.971543 0.933747 
0.0759251 1.8118 1.00213 1.04328 
0.806122 1.2568 1.44793 1.01854 
0.412091 0.421832 0.892023 1.14726 
0.588028 1.20703 0.848742 0.984642 
0.822067 1.12282 0.503729 1.00177 
1.37659 1.73555 0.843938 0.939438 
0.153648 1.30777 0.61635 0.8694 
0.0208167 1.21266 0.613017 1.10837 
0.00319208 1.81309 1.03021 0.823772 
0.973513 0.417905 0.564658 1.02316 
0.79309 1.85366 1.001 0.909762 
0.492671 1.09382 0.662819 0.908036 
0.234712 2.65498 0.584536 1.15405 
0.140986 1.60721 1.0771 1.01246 
0.256858 0.481757 0.952505 0.906767 
0.067146 0.424355 0.968043 1.02147 
0.0337162 0.61521 1.21645 0.83284 
0.178122 1.15274 1.14606 0.855991 
1.16765 0.0780819 0.82456 0.971469 
2.02108 0.348952 1.11219 0.81552 
0.282943 1.98064 0.569695 0.891397 
0.607305 0.715544 1.63154 1.05633 
1.85461 0.248438 0.874111 0.961974 
0.318036 0.481841 0.643816 1.12844 
0.0783853 0.82913 0.84513 1.16462 
1.27312 2.04477 1.04055 0.964675 
0.72938 1.86341 0.760792 1.25674 
1.58955 1.97244 0.785015 0.892174 
0.0225685 1.43075 0.733521 0.943861 
0.146461 1.59956 1.22261 0.991982 
2.14309 0.298635 1.53852 0.984996 
0.541118 0.17732 0.490325 1.05181 
1.76475 0.961046 1.81985 1.01365 
0.132912 1.72156 1.00665 1.05608 
0.746296 3.7804 1.35225 1.12018 
1.01304 0.228322 1.06881 1.04919 
0.240041 1.34825 1.15685 1.23231 
0.64612 0.331276 0.643113 0.976794 
0.913978 2.0903 1.2119 1.13956 
1.15864 1.74793 0.925127 0.952548 
0.145646 1.73229 0.624508 1.16529 
1.89913 0.637664 1.25948 0.92896 
0.67625 0.609991 0.77977 1.04193 
2.59101 1.51854 1.32712 1.07002 
0.32259 1.80823 1.0148 0.977907 
0.769427 0.0410307 0.634602 0.91491 
1.26713 1.13292 1.07307 1.14772 
1.02755 0.436649 0.765224 0.905545 
1.69452 0.666605 0.676107 0.954377 
0.73461 2.23898 0.595313 0.968258 
2.71595 1.083 0.808813 0.934773 
0.0935265 1.4395 1.67661 0.761016 
1.32972 0.571628 0.759412 0.985937 
0.481261 0.552314 0.880192 0.963351 
0.440081 0.452851 0.995942 0.856864 
0.153847 1.60335 0.752281 0.912856 
0.152281 1.4453 0.590356 0.989882 
1.09345 0.292367 0.64379 1.09501 
0.723837 0.717439 1.17579 0.967446 
0.951011 0.353918 0.694236 0.974483 
1.45753 2.257 1.07175 0.925059 
0.070669 0.466749 0.781867 1.1347 
0.89982 0.240394 0.781709 1.22498 
4.04083 0.212791 1.08541 1.00904 
2.141 0.807044 1.80126 0.936981 
0.508598 0.351418 1.07628 0.965246 
0.118315 0.293429 1.04803 0.913761 
1.18526 1.08118 0.734609 1.02752 
0.604072 0.890645 1.27378 1.02847 
0.829248 0.710764 1.08675 1.04212 
0.149949 0.82211 0.889716 0.951369 
1.05786 0.772811 0.388778 1.07778 
0.678128 0.187021 1.22662 0.966098 
0.198999 1.60605 0.775188 1.02528 
0.310663 0.188733 0.664708 1.13136 
0.101536 1.49831 1.15423 1.12391 
2.07219 1.50033 0.63399 1.01161 
0.668512 1.5245 1.11074 0.961855 
0.513781 1.15454 1.59731 0.964728 
0.925295 1.74493 1.19253 0.877743 
0.454674 1.0077 1.5497 0.750384 
0.307943 0.20548 1.45373 1.04306 
0.0435064 0.598767 0.908501 0.893833 
2.32662 0.200599 1.32416 0.956219 
1.36311 0.909316 0.576541 0.8979 
0.252828 0.726765 1.22975 0.865796 
0.699952 0.552581 1.45861 1.18246 
1.95053 0.73504 1.0185 0.966115 
0.450475 1.49524 1.60445 0.899941 
1.76121 0.271102 1.06167 0.947673 
2.2388 0.702162 1.1881 0.890509 
0.30674 0.27785 0.660204 0.861996 
1.19493 1.82053 0.88766 0.885468 
0.806544 0.0400512 0.517354 1.25089 
0.349034 0.317958 1.16847 1.00645 
1.27026 1.81656 1.11385 1.03167 
1.7243 1.61238 0.964182 1.11003 
0.0656665 0.81431 1.32058 1.25146 
0.139904 0.252441 1.18382 0.928857 
0.150337 0.148526 0.821899 0.96598 
0.709133 0.97025 0.867155 0.950774 
0.688589 0.217615 0.946863 0.962667 
0.294642 1.35345 0.751879 0.984801 
1.03208 1.11961 0.756251 0.832031 
0.122249 1.82437 0.628408 0.892004 
1.61734 1.0124 1.05826 1.22026 
1.44987 1.62958 0.892162 0.974995 
0.332899 0.439939 0.866508 1.05633 
0.796147 0.495779 1.34173 1.01632 
0.70635 1.45692 0.800718 1.10664 
0.382847 0.7077 0.661339 1.06998 
0.119297 0.683728 0.791949 1.03049 
0.676685 0.146653 1.14623 0.925423 
0.491844 2.24964 1.49536 1.04645 
0.0923611 0.498593 0.990504 0.971774 
0.703902 0.0928593 0.516569 1.02446 
0.918944 0.759022 0.892229 0.817661 
0.849685 2.61375 0.767101 1.22079 
0.117619 0.699445 1.09244 1.10932 
0.799951 0.996704 1.22064 1.06586 
0.5174 0.345794 1.13974 0.981504 
1.18021 0.923142 0.828429 0.858695 
0.219046 0.509821 0.63211 0.944858 
0.485035 0.87438 1.01897 0.845394 
1.43218 1.41159 0.607563 0.993119 
0.176621 0.690538 0.612898 1.07889 
2.1288 0.626819 0.864283 0.954595 
3.8065 2.03508 1.08461 0.849257 
1.67628 2.50467 0.780799 0.994036 
0.184828 2.08597 0.893754 0.940136 
2.02735 2.26508 1.18951 0.941707 
0.257029 1.14853 0.994341 1.1149 
1.02057 1.10102 1.46713 1.05236 
0.174482 0.748692 1.39477 1.1082 
0.603086 0.741986 0.809493 1.13336 
0.168528 0.774835 0.816275 1.10992 
0.0660907 0.392251 0.678888 0.891514 
2.4121 1.08392 0.949257 1.02746 
1.08045 1.92478 0.869994 0.972229 
0.130238 0.127014 1.38306 0.797713 
0.345319 0.346737 1.01505 1.04771 
0.270953 0.957653 1.13759 0.919138 
3.38864 1.8874 0.998777 1.09944 
0.722242 2.12571 1.08688 1.0675 
1.80287 0.256515 0.731377 0.840514 
0.837273 0.937516 0.905629 0.892068 
2.60585 1.94754 1.11506 0.83011 
0.551764 0.992666 1.30858 0.844017 
0.513161 1.30358 1.01305 1.20695 
0.230167 1.18982 1.15159 1.07253 
1.8872 0.345557 1.27116 1.00133 
0.112257 1.07612 0.927885 1.13463 
0.491772 0.643945 0.43722 0.80099 
2.04617 0.597006 0.942417 0.916054 
0.787434 1.69614 0.582062 1.01788 
2.41631 0.544822 0.821752 0.762781 
0.110518 0.694954 1.15869 1.01747 
0.0297918 0.888614 1.2121 1.08972 
0.691589 0.198431 0.77144 1.17703 
0.222886 1.43242 0.630457 0.824399 
2.18453 0.82524 0.669131 1.09067 
0.410694 0.703083 1.0197 0.975598 
0.922971 0.32178 0.73459 0.991805 
0.279822 1.9754 0.790094 0.97154 
0.804011 0.774373 0.584387 1.14365 
0.208059 0.634966 1.12146 0.885849 
0.687842 0.559964 1.28456 1.0414 
5.25869 0.691293 1.44584 0.931549 
2.28478 0.0502663 0.920479 1.06148 
0.607774 0.549693 0.848289 1.03759 
4.2563 1.36285 1.33918 1.12089 
0.152548 0.411774 0.947195 0.802549 
1.59848 0.455843 0.907513 0.983826 
0.0582498 0.49838 0.624264 0.969903 
1.55343 1.86066 1.08438 0.951319 
0.191983 0.775273 0.923181 0.925697 
0.429369 0.664853 0.51029 0.834321 
0.473793 0.715336 0.8373 0.965502 
2.48736 3.15925 0.768718 0.853286 
2.43585 0.752313 0.834952 1.15852 
2.58678 1.38625 1.00729 0.951212 
2.15742 0.831405 1.1222 0.877373 
0.312765 0.696882 0.567576 0.92292 
1.33012 1.19529 0.423585 0.97324 
0.226122 1.02125 1.08773 0.902926 
1.2944 0.40508 0.567245 0.94363 
1.69343 0.406332 0.766048 0.845748 
1.15746 1.74944 0.721809 0.879168 
0.620917 1.40066 0.781928 1.00009 
1.54878 0.338014 0.794267 1.04025 
0.601028 0.435802 0.775289 0.882339 
1.09949 0.288667 0.972175 1.03481 
2.08665 0.225608 0.67445 0.787497 
1.31652 1.88212 0.651187 0.897241 
0.814465 1.54834 0.845027 0.936347 
1.4413 1.28921 0.857741 1.12406 
0.0740189 0.679309 1.05746 0.982635 
3.38703 0.702711 0.668611 1.00541 
0.681452 0.321125 0.453237 1.12501 
1.02536 1.22192 0.863602 0.84424 
0.0547866 1.1748 1.06971 1.11946 
0.492895 1.02481 0.783708 0.992635 
0.187822 2.25263 1.41669 0.871271 
0.0928784 0.826789 0.700993 1.06251 
0.277969 2.32614 1.54178 1.1153 
0.0716699 0.319116 1.05593 1.03478 
1.3543 0.447444 0.881859 1.03626 
2.17529 1.3723 0.9381 0.926383 
2.71585 0.178169 0.856421 1.02183 
1.46285 0.799252 1.0305 1.07706 
0.44611 0.577863 1.0234 1.01406 
1.60314 0.45842 1.31165 1.1589 
0.394948 0.320382 0.737948 0.919998 
0.342365 0.215175 0.652194 1.04274 
0.19953 1.07059 0.691881 1.19798 
2.04006 2.55822 1.13216 1.05446 
0.218745 0.225927 0.49345 0.995889 
0.00477808 0.154454 1.19494 1.00295 
1.55468 0.332425 0.898013 1.07964 
0.298951 0.302935 0.84645 1.01602 
0.85615 2.12489 1.01278 0.860143 
0.469454 2.02879 1.24366 1.0569 
1.16005 0.367782 0.64799 0.974519 
0.383629 0.324487 0.566896 1.11163 
4.6982 2.36479 0.695001 1.01167 
1.54398 0.66303 0.477784 0.936444 
0.0675457 0.10404 1.47452 1.00559 
1.78883 2.23441 0.943084 1.01658 
0.0996642 1.28516 0.954919 1.05378 
0.293821 0.839784 0.826509 1.00795 
1.64258 0.852364 1.54367 0.94563 
0.549686 2.1082 0.956772 0.847399 
0.124796 0.372169 0.707344 0.891201 
0.557492 1.14311 1.01359 1.25434 
0.780687 1.80707 0.889249 1.01551 
3.0884 0.322721 1.03772 1.12199 
0.885405 0.0894613 0.712401 0.988068 
0.665607 1.24723 0.620003 0.937951 
3.12161 0.753565 1.48382 0.872707 
1.88373 0.182639 0.658699 1.0293 
0.247292 0.637404 0.7284 0.949553 
1.57274 0.595174 0.754444 1.01513 
1.0178 0.360379 1.63709 1.01629 
1.4991 1.02078 1.07154 1.09531 
0.920145 1.19649 0.795001 1.12865 
0.0945808 0.995501 0.458097 0.978188 
0.45023 0.676297 0.836111 0.97021 
0.470108 1.18315 0.902932 1.02553 
0.337681 0.576565 1.14635 0.882466 
0.644378 0.578384 1.03744 0.983103 
0.282562 0.465291 1.01698 0.85729 
2.13194 1.39986 1.19543 1.05301 
0.987058 1.17971 1.46761 0.994008 
1.31019 0.0839673 0.848235 1.03871 
2.0585 1.31092 0.86488 1.24329 
1.02143 1.10461 0.932046 0.989029 
0.060243 1.16101 1.05515 1.03637 
1.15589 0.416469 0.893866 1.15811 
2.92336 1.07684 0.933325 1.01582 
0.124013 0.609259 1.67914 1.01402 
1.72476 1.15183 0.941035 1.00662 
0.589423 2.18338 0.912448 1.11506 
1.65473 1.30071 1.24813 0.82178 
0.727149 2.12216 0.887541 1.0005 
0.00546366 0.614615 1.03988 1.00627 
0.381179 0.557683 1.05097 0.994692 
0.324791 1.54597 0.603702 0.786215 
1.17686 0.193506 1.08537 1.03693 
0.516385 0.529637 1.25987 1.04791 
0.486021 1.29438 1.05123 1.02783 
0.646183 2.66404 0.457846 1.01421 
0.237604 1.36366 0.820491 1.02122 
0.681288 0.583488 1.5635 1.04829 
0.899425 0.579218 0.863837 1.02479 
0.07915 0.188585 0.650128 1.1392 
0.153742 1.32717 1.14174 0.974411 
1.73945 0.336981 1.06392 0.999307 
0.151374 0.154542 1.38302 1.05549 
0.926795 0.175395 1.08603 0.822698 
0.089264 1.59197 1.47647 1.02819 
0.602253 0.343029 1.17253 0.971736 
0.848906 0.0939576 1.29481 1.00096 
0.0418234 1.7132 0.692584 0.857759 
1.2124 0.484178 0.570032 0.968831 
1.24079 0.395426 1.00795 0.919283 
0.464826 0.450726 1.22684 1.02208 
0.0622606 0.227275 1.1659 0.9198 
0.968323 0.691411 1.07315 1.05192 
0.507 1.46992 1.67347 0.983977 
0.935413 0.503448 1.44828 1.12844 
0.094937 0.905015 0.596302 1.12766 
3.87231 1.2884 1.61495 1.21141 
0.288846 1.27775 0.637037 0.867882 
0.60736 3.18979 1.20304 0.777119 
0.645542 0.873396 1.31105 1.07776 
1.46571 0.224339 1.27583 1.00271 
0.033699 1.22126 1.36798 1.01133 
0.944473 0.42957 0.828486 1.10134 
1.78113 1.10144 1.23885 0.85173 
0.996075 0.606764 0.763343 1.0626 
0.250196 0.630965 1.16299 1.07242 
1.92279 0.318497 1.01556 1.02597 
0.0972101 0.577595 0.848847 0.856524 
0.224919 1.79027 0.384023 1.04446 
1.54415 0.479193 1.01291 1.02689 
1.05353 1.27287 1.22524 1.00268 
0.696677 0.845793 1.02245 1.22535 
3.77063 0.967369 0.733221 0.926434 
0.172713 0.956224 0.663994 0.876513 
1.69111 0.542929 1.1346 0.904563 
0.0968483 0.441887 0.976946 0.922791 
1.07722 0.99175 1.10519 0.998476 
1.00764 0.151587 0.979648 1.04964 
0.0549447 0.134845 1.34753 1.16824 
0.128818 1.75971 1.25821 1.25193 
0.164871 0.587033 0.902837 0.915197 
0.372538 0.575121 0.578505 0.950904 
1.92976 0.431221 0.930695 1.13046 
2.67933 2.22018 0.869296 0.818101 
1.52367 2.49905 0.927156 0.941033 
0.429027 0.535437 1.6007 1.13088 
1.29991 0.484958 1.62814 0.870363 
0.298067 1.98075 0.789043 0.854065 
0.723551 0.997289 1.80549 0.913 
3.08132 1.95143 0.835167 1.07996 
0.287259 0.97048 0.911672 1.12022 
1.64298 1.07963 1.18974 0.947845 
0.408234 0.500322 0.580332 1.06034 
2.18537 1.30824 0.985188 0.963797 
3.04817 0.662257 0.60665 1.013 
1.68437 0.774613 0.75738 1.01852 
0.886434 0.455194 0.765933 1.04281 
0.519673 0.222226 0.855137 0.955426 
0.728081 0.337425 1.13843 0.99686 
0.297322 1.18303 0.558838 1.1728 
1.62705 1.32189 0.874912 0.994502 
0.0945656 0.812406 0.546375 1.006 
0.340864 0.475346 0.423981 0.990806 
0.752949 1.05879 0.98899 0.880985 
1.4811 0.263511 1.26438 0.898077 
1.02989 3.59044 0.80883 0.952952 
0.647654 1.72805 1.06282 0.930486 
0.136001 0.438099 1.4253 0.942291 
1.406 0.194116 1.77259 0.853825 
0.0323899 0.777562 0.622031 1.08673 
1.08 0.880321 0.969268 1.0805 
0.72412 2.75771 1.4339 1.07011 
0.744241 2.42213 1.06118 1.04306 
1.69305 2.16811 1.32909 1.12603 
0.123032 0.763536 0.796187 0.882322 
0.992357 1.52883 1.45065 1.00663 
0.328229 1.14654 0.62958 1.05266 
0.59777 1.32305 1.37628 0.923886 
3.54077 0.231757 1.20127 0.807315 
0.0879416 1.85564 0.489841 0.980712 
0.741242 0.848363 0.775011 1.0604 
0.13167 0.526183 0.86676 0.91679 
0.000211731 2.28819 1.38759 1.0377 
0.0920029 0.996171 0.839834 0.980455 
0.150297 0.434388 0.816878 0.908147 
0.688292 4.02668 1.31765 0.975072 
1.99789 1.20472 0.509485 0.951785 
0.405978 1.95571 1.44694 1.01646 
1.11438 0.57147 0.986594 0.988915 
0.79382 1.27432 0.581659 1.1071 
0.589162 1.2177 1.23318 0.87382 
0.0864182 1.73307 1.66442 1.08939 
0.024153 0.735167 0.544956 1.10769 
1.34961 0.879729 0.745403 1.24108 
0.563357 0.334629 1.37391 0.930181 
0.785056 0.245545 1.21639 0.889999 
0.706418 1.83924 1.56471 0.929211 
1.38384 0.443254 0.887348 1.02267 
0.0712571 0.764403 1.19718 1.1039 
0.194595 0.63818 1.16382 1.09461 
0.742238 1.01084 0.967516 0.986591 
1.57077 0.370596 1.44716 0.816763 
1.55181 1.30504 0.648872 1.09269 
0.332341 0.438782 0.844815 1.01705 
1.42268 1.29326 1.45854 1.09528 
0.0513568 0.266666 1.22258 1.13958 
1.19478 1.30963 0.807481 1.15576 
0.198705 1.84179 1.19655 1.04795 
0.0718107 0.330073 0.790674 0.924717 
0.303563 0.297782 0.577117 0.981238 
0.759914 0.462714 1.19006 1.01463 
0.359928 0.311928 1.59589 1.02133 
0.561412 0.691113 1.17634 0.855239 
2.21299 0.302629 0.605265 0.855713 
2.07284 0.395592 0.755441 1.133 
4.50661 0.20201 1.5819 1.00106 
0.170586 1.0887 0.610385 0.920301 
1.61957 0.187161 0.795393 0.979948 
0.0501423 0.499791 0.70027 1.09119 
1.59881 0.794705 0.887123 0.997427 
1.52993 2.97957 1.47108 0.987676 
0.495377 0.525621 1.13239 1.01762 
0.590085 0.909064 0.998825 1.10478 
0.565087 1.38825 0.794449 0.942529 
1.26825 1.71618 1.00026 0.98034 
2.79986 0.306191 0.821649 1.0663 
0.97825 0.761948 1.68602 0.752508 
0.51843 0.967178 0.962357 0.929472 
0.172674 3.2147 1.27545 0.886568 
1.25553 0.70031 1.17101 1.02214 
1.91543 1.1984 0.803969 0.943443 
0.310902 0.900724 0.801711 1.09986 
0.561279 0.994604 1.03536 0.945861 
0.114439 0.152991 1.0815 0.890904 
0.178368 1.16533 0.876415 1.05863 
0.544397 1.41245 0.942888 1.12775 
0.523368 0.634648 1.1316 1.12569 
1.76966 1.5281 0.833462 1.0119 
1.94121 1.99502 1.2425 0.938867 
0.688562 0.4838 1.08932 1.15397 
0.159645 0.302481 1.10388 0.940742 
1.84165 0.849731 1.3876 1.08929 
0.158448 2.18474 0.909893 1.00776 
0.186797 1.38736 1.11462 0.918783 
0.161667 1.16046 0.655094 1.16098 
2.54383 0.0908205 0.94439 1.09393 
0.611827 0.978419 0.689886 0.863004 
0.684145 1.02735 1.37523 0.933856 
0.718946 0.812092 0.961132 1.08093 
0.538932 0.377887 0.682774 1.06215 
0.215959 1.02052 0.626664 1.10346 
0.199035 1.10104 0.877632 0.825213 
1.66777 1.96854 0.500922 0.897156 
0.310651 0.379094 1.03386 0.817571 
1.34261 0.086585 0.838733 0.981648 
0.0926008 1.51981 1.05411 1.20077 
5.09764 0.643408 1.06643 0.999193 
0.554783 1.90004 0.810099 1.01041 
0.379158 1.17101 0.791041 0.898946 
1.90827 0.29748 0.813944 0.79424 
1.12139 1.00798 1.45048 0.945996 
1.04305 0.900026 1.56053 0.812491 
0.313828 0.912131 0.436459 1.11275 
1.23057 0.0207664 0.561896 1.04332 
0.479852 1.27962 0.731491 0.993548 
1.2278 0.181969 1.33474 1.25335 
0.754605 0.643151 1.03313 1.06937 
1.30949 1.13709 0.91711 0.98902 
1.65045 1.66153 0.811371 0.955274 
0.784224 2.02692 0.766625 1.18469 
0.813086 0.901219 0.618391 1.07319 
3.64751 1.67879 0.779112 1.03828 
1.98545 2.24756 1.35066 1.03886 
1.99497 0.596683 0.633796 0.913114 
0.129389 0.371656 0.809445 1.10446 
0.120834 1.5212 1.43195 0.956517 
2.30748 0.32361 1.03708 1.16743 
0.331261 3.16297 0.849374 1.01249 
1.66607 0.88985 0.949896 0.80124 
1.13391 1.06358 0.965496 0.925365 
0.519833 0.699373 1.1137 0.922011 
0.222155 2.70334 0.965479 1.00143 
0.340555 0.320479 0.843123 1.05902 
1.36567 1.16554 0.323215 0.86927 
0.740925 1.20936 0.911986 1.04295 
0.0714514 0.903075 0.806896 1.04818 
0.0147022 0.470707 1.8516 0.90413 
0.0191511 0.381892 1.14544 0.849432 
0.192907 0.683953 1.1274 1.03362 
0.357031 1.7528 0.858602 1.09192 
0.488926 0.733779 0.513396 0.814511 
0.994141 1.52619 0.964834 1.04653 
0.467481 2.0011 0.542545 0.840712 
0.517148 1.61557 0.842312 0.931943 
2.75507 0.831974 1.76658 0.950919 
0.167103 0.38683 0.58028 1.26373 
0.212569 0.914635 1.26402 0.99173 
1.34773 0.687369 1.20681 1.06069 
0.417718 0.698571 0.445004 0.91164 
1.06333 0.609852 1.38869 1.08982 
0.59043 1.19253 0.928243 1.03168 
1.41174 0.993492 1.22216 0.738276 
0.415703 0.752065 0.574819 1.02708 
1.06927 2.0778 1.59793 1.14929 
0.348416 1.16416 1.37997 0.85555 
0.499237 0.666729 0.702695 1.00324 
0.134494 0.828972 0.409707 1.06302 
0.859524 0.916172 0.434356 1.08104 
3.20713 0.933996 0.62584 1.05774 
0.866349 0.967231 1.30318 0.979697 
0.171268 0.573814 0.640321 0.927985 
0.353675 1.05944 0.947562 0.948439 
1.87687 0.454812 1.21914 0.812976 
1.24944 0.802821 0.635009 1.1063 
0.584701 0.356316 1.30888 0.937736 
0.260992 3.05753 0.895966 1.10204 
0.165615 0.745542 0.946926 0.914704 
1.33556 0.367797 1.49971 0.872355 
2.06597 0.311554 1.00708 0.937856 
1.25734 1.24543 0.794437 1.06658 
0.43034 1.19888 1.29541 0.989703 
4.76885 0.350613 1.03446 1.0734 
2.92789 0.731715 1.23404 0.993787 
0.386325 0.293958 0.829314 1.10804 
1.63406 1.07987 1.11232 0.864871 
0.276594 1.43766 0.627811 1.23839 
1.50642 3.38229 1.39549 1.08753 
0.00361676 0.763867 0.621309 0.848693 
0.435939 0.593123 1.33303 1.02625 
0.0733783 2.29282 0.666062 1.14016 
0.623107 0.217666 0.598574 1.04414 
0.0660647 0.476804 0.669986 0.979464 
0.719981 0.337672 1.65117 1.09448 
1.80025 1.14982 0.591715 1.0269 
0.0905566 0.978312 1.20576 0.855985 
0.0126287 0.930754 1.17796 1.07258 
1.21622 0.639984 0.521573 1.10689 
0.35566 0.325114 0.957015 1.03691 
1.33644 0.825245 0.846734 0.932624 
0.0882825 0.331007 0.712744 1.16049 
0.450355 0.701152 0.69253 0.912696 
0.471969 2.95597 1.22851 0.964731 
0.228021 0.548589 0.971913 1.07573 
0.28211 0.914545 1.69533 0.8004 
0.255602 1.18984 1.13259 1.01823 
0.892766 0.569111 1.17153 0.929141 
0.24792 1.00055 1.68385 0.891224 
0.686355 0.291993 0.658546 0.985066 
1.13792 0.465373 0.796896 1.0128 
0.319846 1.04581 0.648411 0.993464 
1.0462 1.94729 1.02333 0.999387 
0.988864 2.81054 0.990525 1.04032 
0.643022 0.0394423 1.34955 1.0396 
0.471312 1.12041 0.548755 1.09679 
0.481583 0.289575 1.17028 0.847721 
2.15197 1.41949 1.27294 0.844031 
0.0457709 0.749973 0.892669 1.05854 
0.282622 1.50625 1.69869 1.21784 
0.340932 0.650667 1.08663 0.87781 
0.141997 1.99474 0.64374 1.00051 
0.146724 0.652888 0.879325 0.997444 
3.23076 2.60828 0.943098 0.986506 
2.14016 0.662288 0.938441 1.04549 
0.00912838 0.368745 1.02484 1.02565 
1.08861 0.606241 1.05962 1.08632 
0.912262 0.777817 1.16422 0.968432 
1.05339 1.34327 1.13995 1.05495 
0.32214 1.49774 1.09467 1.01908 
0.0571942 0.806608 1.42204 0.834244 
0.397502 2.31802 1.09765 1.18633 
1.36889 1.16012 0.86994 0.913663 
0.730618 1.52916 1.23531 0.979785 
0.804599 1.59146 0.805307 1.26959 
2.09205 0.704856 0.87392 1.06321 
0.100428 1.14286 1.13269 0.973322 
1.71811 0.726658 0.828017 0.964981 
1.16364 0.592472 0.468606 1.02118 
1.56337 1.01884 1.19095 1.02511 
0.639482 3.34287 0.611146 0.96177 
1.01318 0.127111 0.897993 0.965668 
1.65203 0.831259 1.49999 0.841044 
0.329658 0.696416 0.917535 0.926447 
0.95211 0.60523 1.27036 1.02032 
1.13998 0.780781 1.06406 0.919192 
0.0609309 0.187157 0.925667 0.884716 
0.0440217 0.898183 1.36894 0.931306 
1.10255 0.559996 0.588613 0.928404 
2.45635 0.22123 1.07391 0.82378 
0.582596 0.485383 1.07672 1.17849 
0.751651 3.12167 1.12748 1.11503 
2.61499 1.3546 0.540386 0.91627 
3.27386 0.6957 1.2256 1.05662 
0.00519142 0.504325 0.500243 0.900923 
0.167413 1.53081 1.18203 1.13833 
0.545039 1.63699 0.775072 0.982822 
0.572496 0.513599 1.06041 1.01586 
3.22509 1.5196 0.834241 1.02721 
4.95313 1.3616 1.41152 0.861042 
0.491019 1.23828 1.02242 1.08133 
0.480943 0.62374 0.902078 0.929528 
0.938451 1.06192 0.732839 1.09207 
1.68393 0.799561 0.594659 1.0173 
0.243867 0.203316 0.480436 1.28596 
0.914554 1.38233 1.10393 0.828698 
3.57608 0.212338 1.28646 0.894833 
2.18922 0.911106 0.75947 0.837035 
0.00229824 1.95559 0.842141 1.01732 
1.83762 1.28553 0.321163 0.972196 
0.41627 0.201914 0.851949 1.10012 
1.43126 3.22413 0.600943 1.16368 
1.17255 0.523444 1.18429 0.810513 
0.778894 0.422301 0.867726 1.06375 
1.02118 1.37394 0.663617 0.87386 
0.0194326 0.834734 0.56032 1.01756 
0.845832 1.11493 1.35183 0.916639 
2.06521 0.0942433 0.861322 0.952681 
0.5409 1.02947 0.456461 0.927279 
1.24366 1.01532 1.29545 1.0624 
2.67597 1.95606 1.57149 0.867538 
0.929714 0.709345 0.905587 0.935261 
1.63976 0.576365 1.23642 0.890546 
0.220248 0.450721 1.06173 0.860649 
1.03239 1.09755 0.868492 0.971573 
2.01783 0.926889 1.46561 1.22477 
0.440091 0.59619 1.06579 0.866929 
0.450923 0.930434 0.448494 0.903061 
0.619157 0.268423 0.569031 1.10577 
1.9558 1.42904 0.718915 1.00906 
0.0242013 0.358325 0.533628 1.0403 
1.54866 1.19503 0.581128 0.893493 
0.808364 0.255485 1.2144 0.956031 
0.676302 1.50153 0.662705 0.873896 
0.862106 0.901359 1.2027 1.20531 
0.0488403 0.626116 0.770765 1.01402 
0.371845 0.305636 1.47674 0.991427 
0.876752 0.0406976 1.37597 0.994705 
0.914079 1.59445 0.618789 0.981898 
0.0567656 0.964082 0.615996 0.860539 
0.413347 0.207546 1.35915 1.0147 
0.90005 1.0758 0.707391 0.828752 
0.321667 0.916957 1.38085 1.04705 
0.681229 0.445315 0.597828 1.00446 
1.91044 0.112783 0.911392 0.977109 
2.62829 2.09018 1.05923 0.942342 
0.0394655 0.300328 0.874573 1.03068 
4.98093 0.913991 0.474057 1.06112 
1.71612 0.121091 1.07381 1.09346 
3.65362 0.664651 1.01815 1.11072 
0.672067 0.663759 0.77084 0.988682 
1.56955 1.08594 1.39604 0.935982 
0.323543 2.16247 0.737068 1.11099 
0.554054 1.27619 1.188 1.06325 
0.0471032 2.68791 1.07658 1.15271 
0.113984 0.322704 1.98665 0.952515 
0.789265 0.30881 0.907936 1.01886 
2.46504 1.44101 1.48326 0.944792 
0.857629 1.60629 1.53197 1.10878 
0.157939 1.71788 0.766951 0.884493 
1.15528 1.27539 0.946449 0.918677 
5.27647 0.546789 0.479836 0.922863 
0.462379 0.672766 0.966185 1.02565 
0.349399 0.647375 1.18567 0.972801 
0.91581 0.421665 1.1202 1.02067 
0.0990612 1.14377 0.545991 0.916874 
2.00008 0.534429 1.41448 0.958358 
0.333903 0.366339 0.995751 1.08421 
1.98437 0.37298 0.610034 0.995486 
0.187392 1.14106 0.939026 0.922629 
0.565877 0.896142 0.769748 1.07983 
0.458291 0.786818 0.936947 1.00265 
0.956577 1.57852 1.23423 0.962495 
0.963637 0.911143 0.908123 0.933784 
0.526352 1.28314 0.945823 0.950919 
0.659 0.355337 1.05488 1.07783 
1.54248 1.08913 1.0396 0.939735 
1.80063 1.83386 1.12807 0.838343 
1.19262 0.0409704 1.05424 0.919971 
0.0587375 0.360678 1.16179 0.919584 
0.729848 0.429232 1.22892 0.943996 
0.343172 2.49946 1.16639 0.928675 
0.261813 2.83227 0.860503 0.960023 
0.102478 0.408872 1.14843 0.735368 
2.02293 0.645306 0.571844 0.844568 
0.702925 1.55807 1.24451 0.894281 
0.284398 1.37184 0.981422 0.987265 
0.471565 1.51853 1.29168 1.12884 
1.16053 0.79424 0.706146 0.979659 
2.9003 1.67443 0.870844 0.818341 
0.544874 0.866002 0.427883 1.09464 
0.211788 0.289397 1.24472 0.937559 
1.62463 1.09574 0.777798 1.02851 
0.44989 1.30352 0.81202 1.07739 
2.93179 0.334377 0.593953 1.01761 
0.123224 1.13095 0.743312 1.00043 
0.409572 0.41519 0.954569 0.957323 
1.21308 1.41656 1.54987 0.88872 
1.97798 1.13564 2.13671 1.01449 
0.521717 0.95003 1.08066 1.03874 
1.26018 0.351435 1.3629 1.07897 
0.964499 0.842948 0.903303 0.975405 
2.48639 1.40539 0.949111 1.02531 
2.82612 0.147949 1.53003 0.984264 
2.62677 0.952225 0.976321 0.895371 
0.399405 1.59305 0.924765 1.14274 
0.16415 1.90594 0.872731 1.00104 
0.85557 0.0357856 1.08599 0.938925 
0.0425075 1.28733 1.02393 1.01695 
0.844618 1.11396 0.673479 1.23579 
2.20955 1.66715 1.30661 0.925123 
0.0477407 1.45615 0.982341 0.955699 
0.529873 0.684406 1.39462 1.06193 
0.757703 0.619222 1.35146 0.941268 
0.860587 1.05729 0.811275 1.15591 
1.22341 0.523319 0.511628 0.859826 
0.312219 0.890277 1.26811 0.824091 
1.32523 2.05644 1.19159 0.993806 
0.223238 0.586347 0.967995 1.12883 
1.12798 0.806922 1.36812 1.01438 
5.31304 2.00578 0.534744 0.893774 
3.94521 0.801402 0.893891 0.953759 
1.24328 1.47341 0.675722 1.15832 
4.73226 0.119026 1.43782 1.01963 
0.371425 0.151776 1.6017 1.04977 
1.80009 0.40287 0.773998 0.955225 
1.99078 0.366198 0.872856 1.11908 
2.37028 0.24485 1.38162 0.950753 
4.74411 0.950933 0.718175 0.8552 
0.13991 1.17205 0.980546 1.15391 
0.390142 0.241311 1.04494 0.903462 
0.269199 2.30255 1.10274 1.00489 
1.7109 1.42691 0.761673 0.970399 
0.0771875 2.23726 1.02921 1.11416 
0.385439 2.47279 1.14095 1.01617 
0.0729558 0.459383 1.05112 0.974715 
0.0707965 2.40565 2.12882 1.04318 
0.632752 1.86817 0.790874 0.808678 
2.15492 1.14093 1.46342 0.987208 
1.29787 1.53588 1.66664 0.99027 
0.306032 1.6208 1.2031 1.0946 
0.133822 1.5981 1.44384 1.02626 
2.73672 0.239416 1.10556 1.07535 
2.69831 0.455618 0.851353 1.21347 
3.19235 0.66037 1.33087 1.03065 
1.39921 0.263152 1.09522 1.0346 
3.83253 0.843494 0.872841 1.0632 
3.40456 0.162735 0.576663 1.04627 
0.0382426 0.246383 0.595577 1.02129 
0.850883 0.568243 0.584394 1.03265 
0.45883 1.19182 1.39055 1.07268 
0.364326 0.939641 0.951491 1.106 
0.406318 1.17577 0.835756 0.965789 
3.88543 1.41202 0.776236 1.02468 
0.445261 0.57838 0.998174 0.983188 
2.58524 0.225403 0.891948 1.05602 
0.273583 0.529572 1.23208 1.02994 
0.174926 0.110909 1.10187 0.976487 
0.384387 0.238494 0.810287 1.06388 
0.184766 0.889478 1.26984 1.04778 
0.158169 1.64827 0.665465 1.04929 
0.442512 1.01817 0.709437 1.00993 
0.368705 0.23889 1.03731 1.02959 
0.668773 2.08051 1.42454 1.061 
0.0758802 0.447581 1.05633 1.07806 
0.118009 0.817851 0.806777 0.938521 
0.0491341 1.35811 1.05169 1.08997 
0.822341 1.74295 0.966418 0.959326 
0.332926 1.20906 0.607267 1.01748 
0.51478 0.646859 1.00842 0.920016 
0.312457 2.31453 1.36858 0.960601 
1.05933 1.25744 0.881925 0.92578 
0.0820007 0.392137 1.19335 0.88433 
0.0481149 0.53587 1.39702 1.02537 
0.407285 0.302797 0.375917 1.16379 
0.690757 0.240634 0.778132 1.02395 
1.79625 3.07759 1.69574 1.08604 
0.500082 3.31907 0.737238 0.98051 
0.689789 3.09193 1.21018 0.924275 
1.07755 0.357316 1.05475 1.06971 
0.885811 0.436797 0.518542 0.850941 
0.84198 3.48519 1.22904 1.04308 
0.366467 0.936743 0.892995 0.831814 
0.0222322 0.849937 0.811392 0.910132 
1.17969 1.57967 1.11042 0.946558 
2.50178 1.98922 1.88445 1.00743 
1.19763 0.0996681 0.714855 1.18571 
1.3008 0.845129 0.856398 1.08173 
2.58343 3.04266 0.970037 0.920778 
0.581937 2.027 0.60367 0.994503 
1.28334 1.5673 0.617019 0.905226 
0.0668779 0.660327 1.04003 1.00567 
0.807012 1.09792 1.72685 0.937679 
3.90708 0.445642 0.981897 0.776001 
0.217472 1.74282 0.495135 0.994872 
0.474441 0.458751 1.13576 1.22248 
2.87423 2.25968 1.03811 0.978541 
0.657288 0.949 1.03067 1.00826 
2.42678 0.492011 1.27471 1.01757 
0.393582 2.07958 0.799174 1.15503 
1.05729 0.732907 0.750881 1.01635 
0.281213 0.27397 0.782038 0.888711 
0.458921 0.387057 0.719231 1.24901 
0.474409 0.753015 1.17902 0.852297 
0.667845 1.22402 1.42086 1.01622 
1.48363 0.351491 0.528385 1.00118 
0.97565 0.990698 1.30107 0.804019 
0.781534 0.636166 1.78628 0.871656 
1.66173 1.24275 1.57056 0.89616 
0.491446 3.40403 0.499436 0.997752 
0.673152 1.87023 0.729302 0.85484 
0.354041 1.18807 1.67765 1.00989 
0.35049 0.566226 0.730106 0.97606 
0.892799 0.403135 1.0446 0.911295 
0.744836 0.0598767 1.43687 1.04962 
1.08079 1.40742 0.801222 0.829065 
0.718274 0.325785 1.5904 1.15133 
0.240106 2.15798 0.972885 0.887028 
0.159778 0.883964 0.842802 0.868765 
0.461666 2.01746 0.865085 1.03918 
1.48188 2.40358 0.825933 0.81587 
0.847256 0.884615 1.18541 1.17604 
0.0108477 0.863497 0.3352 1.19187 
0.294132 0.918697 1.11285 1.03593 
1.83662 0.458479 0.779665 1.01472 
0.283026 0.719684 1.72285 0.862723 
1.44303 0.681211 1.46269 0.944419 
2.10679 1.85505 0.466498 0.960445 
1.75808 0.257879 1.271 0.890684 
0.0795159 1.10815 1.36755 0.969199 
0.407981 1.52309 0.829208 0.836154 
0.305286 0.819293 1.0471 1.18777 
0.114998 1.9392 0.811891 1.01645 
1.75428 1.02117 1.02066 0.966949 
0.902887 1.92427 0.715525 0.861095 
1.14064 1.19299 0.723369 1.09707 
1.44147 1.17705 0.966761 0.961376 
0.557501 0.3241 1.19086 1.09479 
2.37298 0.851137 1.21926 0.977858 
0.912868 1.597 0.6593 0.956628 
0.0297363 0.175792 0.801036 1.05915 
0.472846 1.40406 0.952418 0.810681 
1.82192 1.35016 0.848497 1.09485 
0.880169 1.23664 1.13995 0.864298 
2.08072 1.23127 0.470952 1.09892 
1.4522 1.01829 1.0233 1.03071 
1.56891 0.26443 0.969524 0.946599 
0.72938 1.79428 1.21663 1.07239 
0.155545 1.60771 0.762657 1.04293 
0.654205 0.534656 0.720564 1.01288 
0.214483 1.06328 1.1309 1.0941 
0.393586 0.733056 1.29314 0.838922 
0.0445781 0.302643 0.659089 1.00462 
1.02009 1.2502 1.14589 1.138 
0.172174 0.170794 1.14072 0.839459 
1.42116 0.566374 0.767348 0.929887 
0.0971084 0.481277 1.18356 0.940334 
1.14432 1.69213 0.481722 1.03972 
0.428254 0.416965 1.25451 1.13304 
0.968672 1.85511 0.937396 0.923838 
0.196374 0.415593 0.854493 0.852124 
0.102523 0.670603 0.560936 1.01493 
0.713332 1.24911 1.69806 0.984708 
0.519189 2.37235 1.1739 1.01623 
0.0879426 0.952789 0.725149 1.07157 
0.677706 0.929765 0.906903 1.13718 
0.639065 0.419818 1.42968 0.881999 
0.58805 0.31168 0.975442 1.07527 
1.9957 0.162007 1.04197 1.02921 
0.0778142 0.632944 0.808044 0.932529 
0.103007 2.20966 0.993625 0.996817 
0.209847 0.233061 1.05579 1.0961 
1.0596 0.753952 0.845555 1.02868 
4.83314 0.830172 1.18155 1.01751 
1.49099 1.16412 1.15488 1.05753 
0.0149603 0.635639 0.526246 1.09273 
0.00486509 1.48638 1.0806 0.852138 
0.148884 0.47063 1.27593 0.957035 
2.18514 0.556772 0.684107 1.12383 
0.716832 0.961188 0.759885 0.99831 
0.577625 0.656643 0.738966 0.771221 
0.976068 0.370762 0.796885 1.12963 
1.1537 0.666786 0.802007 0.899607 
0.280801 2.20084 1.3876 1.09265 
1.00924 0.442792 0.345716 1.44584 
0.34089 1.2516 0.821081 0.871231 
2.18075 1.61966 0.920727 0.961607 
1.82721 0.196102 0.652075 0.982546 
0.388474 1.13467 0.690354 1.04929 
0.346433 0.372456 0.877502 0.940755 
0.0657409 1.41656 1.26781 1.20445 
0.589296 0.735752 1.20182 1.04122 
0.489913 1.51418 1.47124 0.938337 
0.581851 1.78504 0.89128 1.04718 
0.686795 0.627853 1.06435 1.03513 
0.4107 0.985853 1.13887 0.944808 
1.58612 1.47774 1.48654 0.955299 
1.33116 1.17699 1.06391 1.15873 
0.252455 0.891506 1.07456 0.902991 
2.32112 0.638971 1.15459 0.934809 
0.421653 0.695248 1.2008 0.920289 
0.57991 2.23013 1.01378 0.879612 
1.86148 0.691526 1.02495 1.1978 
0.899202 0.503677 0.568455 0.813478 
2.28849 1.21093 1.3275 1.08136 
0.270413 1.11774 0.5428 0.987608 
0.302991 1.65418 0.744908 0.948266 
0.974518 0.880634 0.793429 1.03053 
0.242472 0.375403 1.3852 0.969143 
0.0283557 0.712956 0.750347 1.02545 
1.62891 0.866172 1.9056 0.899193 
0.12346 0.509396 1.35456 1.12305 
0.638187 2.01012 0.812607 0.918869 
0.311054 0.220273 1.14136 1.01576 
0.613134 1.07929 0.913913 0.862543 
0.0237377 0.862408 1.05336 0.971548 
2.13041 1.12209 1.3867 0.979987 
0.0420635 0.55037 0.726312 1.07828 
0.8414 0.910834 1.46596 0.91687 
2.42499 0.675399 0.76989 1.2203 
1.70558 1.39865 0.758377 0.977994 
0.455208 0.128622 1.14412 0.890002 
0.103112 1.70048 0.996469 0.86332 
0.928476 1.12175 1.35149 1.08595 
0.554828 0.39981 0.871221 1.13378 
0.345687 1.69064 0.631968 0.965182 
0.313535 0.828381 1.26504 0.996027 
2.24317 0.345505 1.51694 0.976249 
0.169604 0.373561 1.077 0.964376 
1.12491 1.88867 0.988556 0.917818 
0.190317 0.456805 0.960336 0.978416 
1.49198 1.49893 1.23669 0.907754 
1.51469 1.68672 1.30485 0.969952 
0.0880857 0.223667 1.29098 1.03166 
0.1704 0.94516 1.57724 0.912202 
0.151932 0.787624 0.736768 1.37703 
0.60128 0.70671 1.18139 1.10566 
2.92766 0.542713 1.14577 1.07573 
2.89417 0.745888 1.30159 1.05709 
2.16758 0.684606 1.07697 0.928414 
0.0340154 0.311938 1.09708 0.9604 
0.113319 0.148652 1.18056 0.931225 
0.486243 2.3514 0.958025 0.958918 
0.0694285 0.293089 1.29594 0.926479 
0.508399 1.85436 1.16651 1.05232 
0.737545 1.08845 0.645285 0.955068 
0.324963 1.16353 0.597171 0.947723 
0.313591 0.78762 1.49437 0.782181 
0.431102 0.313393 0.946618 1.07668 
0.865896 0.749045 1.04535 0.967064 
0.389694 2.87062 0.425892 0.925995 
0.642297 0.354693 1.20421 0.94685 
0.481149 0.483408 0.915706 0.915922 
1.85587 1.75697 1.21394 1.00969 
0.0815767 0.347598 0.57494 1.01643 
0.941307 3.25163 0.86463 0.936209 
0.27798 1.20843 1.28852 1.0614 
2.64427 0.18429 0.771162 1.02606 
1.22004 0.247629 1.18777 0.961517 
0.138938 0.232948 1.94642 1.09918 
0.394943 0.576463 0.614649 0.984063 
0.444276 1.87659 0.87158 1.02931 
3.84463 1.32224 1.93552 1.0122 
0.386465 1.13575 1.19665 0.908471 
1.21312 0.445199 1.22798 1.19475 
0.0461124 0.939008 0.955753 1.14824 
1.29605 1.58686 1.2738 0.921941 
0.0345474 2.07078 0.875941 0.980582 
0.316288 0.363273 1.37655 1.01451 
0.409412 0.319059 0.99925 0.891161 
1.14304 0.23992 0.873547 0.991524 
1.46683 0.874255 0.774679 0.983052 
0.485721 0.393539 0.752176 0.83642 
0.205346 1.3176 1.554 0.906195 
0.539601 1.24928 0.812374 0.996832 
1.85127 1.08521 0.852307 0.94822 
0.587437 0.664033 1.22023 0.928579 
0.0845084 1.18385 0.413128 1.22086 
0.0972745 0.258127 1.32334 1.02848 
0.184531 0.896906 1.68447 1.04433 
1.07662 2.02952 1.0983 1.09167 
4.83096 0.683675 0.729053 0.837102 
0.368924 1.91913 0.549312 1.02158 
0.0646976 0.257066 0.677382 1.05889 
0.578874 1.1425 0.660419 1.05276 
0.348611 2.1757 0.853615 1.04393 
0.70366 2.1738 0.725774 0.807951 
1.29824 1.8898 0.698601 1.24468 
2.53441 0.2793 1.01783 1.01135 
1.34161 0.455711 1.18387 0.912308 
0.737426 0.439232 0.990231 1.0787 
0.816557 0.77678 1.31948 1.00104 
2.2305 0.647604 0.7491 0.859415 
2.3902 0.747396 0.846156 1.10831 
1.11153 0.391572 1.04655 0.953518 
0.31201 0.533008 0.936592 1.02702 
0.035824 1.11956 1.44473 1.03011 
2.74301 1.98943 1.01393 0.937916 
2.88694 0.563674 1.32131 1.11893 
1.15549 0.217557 0.905689 0.898872 
1.45876 0.772289 0.636803 1.04852 
1.00801 1.57853 0.671094 1.06173 
1.00059 1.47361 1.06786 0.841394 
2.58593 1.58006 1.01697 1.04477 
0.292267 1.37028 1.19154 0.94258 
1.22791 0.380973 1.31926 0.804918 
0.175132 0.339408 1.72641 0.991953 
2.50732 0.689383 1.54205 1.02386 
0.0258807 1.04039 1.11693 0.867161 
1.08537 0.850061 0.736385 0.94804 
0.979124 0.862163 1.24675 1.03942 
1.39036 0.89751 0.752981 0.884802 
0.343454 0.678114 1.17504 1.01559 
3.87608 1.17239 1.38971 0.990492 
0.243154 0.754896 0.957395 1.22593 
0.262 0.324205 0.637628 1.28386 
0.0443497 0.548039 0.55407 1.01173 
0.618638 0.370304 0.883063 0.907394 
0.298457 0.302459 0.946532 0.888666 
0.132255 3.03196 1.03862 1.1598 
0.892969 1.48771 1.32508 0.932343 
0.588322 1.90829 1.19424 1.06191 
0.173269 1.44898 1.1543 1.08646 
1.1033 0.609069 2.00385 0.965152 
1.14259 1.33956 0.782293 0.850187 
0.694935 0.16065 0.840657 0.941908 
0.744454 0.640219 0.689072 1.01689 
1.07737 0.384264 1.07319 1.07273 
0.0418497 1.39463 0.728573 1.01795 
0.705418 1.06937 0.970644 1.06075 
0.943003 1.68155 0.707583 1.06037 
0.877689 0.867197 0.504007 0.922095 
0.463069 4.88504 1.01254 0.934144 
1.64951 0.837827 0.985905 0.986422 
2.66027 0.565444 0.709385 1.23977 
0.0321569 0.670614 0.837178 1.01712 
0.917072 1.00073 1.14005 1.1687 
3.13165 0.471556 0.996358 0.880505 
0.401898 0.244824 1.20858 0.851179 
1.56937 1.14634 1.03664 0.949351 
0.00551434 2.5668 1.06589 0.981238 
1.50165 0.520705 0.748562 0.961201 
0.306401 0.847733 1.51214 1.03512 
0.803563 0.505826 0.787564 0.987417 
0.542164 0.291698 0.737938 0.888462 
0.0187863 1.0386 0.82711 1.12938 
2.95614 1.53297 1.22406 0.921459 
0.795025 1.27683 0.753757 0.980672 
1.40031 0.463074 0.821065 0.909515 
0.515002 0.745804 0.646882 1.02678 
0.187122 0.0676598 1.88995 0.95507 
1.08822 1.18041 1.38321 1.14893 
0.108436 2.50006 0.676953 1.09401 
0.787415 1.10183 1.21304 0.945805 
0.92736 1.23918 0.650434 1.13478 
1.25215 1.50441 0.614977 0.934703 
0.228298 0.968879 0.66685 1.06217 
0.201701 1.87694 0.329905 0.989124 
1.3672 0.981907 0.73436 0.827672 
0.882699 1.04082 0.860478 1.03684 
1.50855 0.705647 1.07302 0.96843 
1.09411 0.885948 1.16591 0.950073 
0.418493 0.610461 0.860914 1.06664 
1.16064 0.906331 1.79894 1.044 
0.64877 0.467177 0.819159 1.03263 
0.444448 0.329434 0.626789 1.02653 
2.43486 0.242707 0.83526 0.807723 
0.346453 1.37987 1.35968 1.09835 
0.77335 0.298829 0.770567 0.743892 
3.80406 0.809364 0.836622 0.991022 
0.736436 1.5342 0.711727 0.966751 
1.53701 0.433935 1.03705 1.1196 
0.0846724 2.051 1.11805 0.890518 
1.84377 1.62233 0.898742 1.05435 
0.351119 1.25967 0.921857 0.949936 
1.12438 1.05633 0.860342 1.08418 
1.35617 0.418932 1.36311 0.947319 
0.678077 0.361007 1.14652 0.996816 
0.695505 0.231309 0.811049 0.85582 
0.996668 1.08433 1.55954 0.981021 
0.51348 0.377572 0.772674 0.912765 
0.24055 0.392751 0.607655 0.953433 
1.1314 1.34146 0.861115 0.945822 
0.422522 0.235385 0.595684 1.19772 
0.610885 0.975054 0.615976 1.18147 
3.20763 0.667035 1.05819 0.949304 
0.180128 0.3231 1.13965 0.983388 
1.49788 0.837043 1.04886 0.876869 
1.34463 1.0865 1.13008 1.0318 
0.737504 0.421806 0.748102 1.01987 
3.60552 0.974786 1.19204 1.05895 
1.74145 0.185516 0.879329 0.980967 
0.0674062 0.103604 0.692227 0.977837 
3.29093 0.499858 1.34902 1.00306 
1.11969 1.35393 1.27881 0.898883 
0.393147 1.2523 0.988464 1.17849 
1.52297 0.892719 0.501279 0.797106 
0.254515 1.79563 1.13102 0.9883 
2.65365 0.324073 1.23129 0.864069 
0.0774956 0.750471 0.868863 0.95147 
1.45718 0.979861 0.794537 0.833763 
0.228391 1.28987 0.961217 0.950842 
0.0752422 0.286888 0.611107 1.04171 
0.962563 0.95441 0.833091 0.949797 
0.362644 1.18009 0.820948 0.994155 
0.967407 0.133197 0.928014 1.00852 
0.582349 0.360498 2.26544 1.08423 
0.287163 0.615459 1.0808 1.06381 
0.399243 0.316973 0.963986 1.12253 
1.49622 0.771782 1.02981 0.920662 
0.0401415 2.05456 0.447079 0.951528 
0.203796 0.248858 1.6044 1.13441 
1.34295 1.26655 0.807458 1.14588 
0.41421 0.847476 1.14393 1.0947 
0.753619 0.116617 1.10124 1.22355 
0.503508 1.62381 0.759806 0.953914 
4.63583 0.18083 0.745353 0.942143 
2.21722 0.820874 1.46277 1.11521 
0.204276 3.23924 0.721558 1.06762 
0.103542 0.641745 1.29901 0.95108 
0.0421586 0.359248 0.806222 1.10716 
0.100007 0.150415 0.88056 1.12273 
0.951541 0.488287 0.799836 1.04973 
0.461784 2.05376 1.18997 0.877697 
2.90987 2.18377 0.875924 0.952302 
0.763317 0.554085 1.08779 0.879616 
1.94023 0.745005 0.779662 1.16745 
1.03453 1.20465 1.71527 1.0477 
4.67335 1.4159 1.0518 0.809031 
1.39593 1.09295 0.87745 0.998302 
1.27549 1.33533 0.388414 0.846764 
1.19419 0.346228 1.16529 1.15966 
0.304139 0.36555 0.710507 0.969673 
1.59743 0.347056 1.18041 0.831542 
0.492201 0.282215 0.820689 1.07291 
1.41375 0.373981 1.30781 1.12824 
1.32321 1.60175 0.844016 1.12853 
0.0047414 0.221396 0.981629 0.888281 
1.26864 1.34511 1.50318 1.01043 
0.343822 2.05238 1.29559 1.1571 
0.621408 0.632829 1.08785 1.07729 
0.338236 1.07232 0.734419 0.919594 
0.179124 0.289797 1.06646 0.891058 
0.0828533 2.29302 0.634234 0.882588 
3.39068 0.362171 0.838584 1.01715 
0.627704 1.3795 1.02528 0.993139 
0.869122 0.54541 0.955525 0.906505 
0.0104434 1.20266 0.861912 0.977145 
0.387105 2.26095 1.21363 1.13445 
2.25628 1.04734 0.919462 1.02885 
1.23178 0.330313 1.25958 0.877658 
1.18764 0.878133 0.833789 0.908425 
1.15855 0.21566 1.19853 1.14131 
1.67658 0.661029 0.976126 0.933928 
4.31288 1.0643 0.902008 1.03381 
2.02585 0.793463 0.710389 1.10214 
1.11518 0.280637 0.996802 1.07481 
0.699067 0.265319 0.797793 0.966025 
0.429616 0.381643 0.55653 0.984622 
0.825752 0.500029 1.0697 0.941454 
2.49952 0.600388 0.443762 0.891933 
1.43837 0.1152 0.647902 1.05382 
0.446391 1.33676 0.682166 1.05906 
0.465822 0.239782 1.12033 0.965557 
0.25685 1.44163 1.48983 1.08612 
1.20283 3.27555 1.20466 1.12602 
1.19306 0.785288 1.06377 1.1134 
0.761531 3.14156 0.937537 0.942221 
0.252233 0.684003 0.691499 0.92855 
0.14466 0.838145 1.07474 0.958187 
0.990575 1.17571 1.53324 1.14482 
3.13241 0.61565 1.21265 1.09497 
0.695897 0.0837382 1.4135 1.11791 
0.683146 1.38413 1.21475 0.961958 
0.477254 0.209205 0.960243 1.01434 
0.591757 0.19916 1.19657 1.00884 
0.159242 0.462952 0.734984 1.09498 
0.00819006 0.525152 1.20575 0.90766 
1.03795 1.22431 0.5541 1.00407 
1.33774 0.726483 1.05512 0.803707 
0.0544433 0.755222 1.08401 1.09454 
0.177077 0.136602 0.791345 1.02764 
0.0908006 1.4488 1.71464 1.09583 
0.269119 0.766764 1.0954 1.00111 
0.0502616 0.554762 1.13043 0.860626 
0.0804054 1.67949 1.54777 0.90916 
0.342567 0.430192 0.363887 0.979677 
2.96092 2.07005 0.850358 1.08556 
0.211709 0.540405 0.99556 0.964958 
1.89428 1.64385 0.551597 0.886 
0.00777927 0.823572 1.08733 0.993321 
0.285054 2.925 1.39529 0.902773 
3.37227 0.263378 0.94647 1.14161 
1.20399 0.668439 0.809793 0.890131 
1.48939 0.584117 1.01029 0.947956 
0.344504 0.0212872 0.779898 1.06124 
0.350753 1.39881 1.17431 1.11981 
0.50104 1.69706 0.93584 0.989394 
0.289934 1.16423 1.62679 1.10658 
0.0405181 2.87106 0.721627 0.944649 
0.411858 1.00573 0.696652 0.89893 
1.8723 0.915461 0.785897 1.06075 
1.06784 1.34726 0.691333 1.08452 
0.223431 0.114537 0.802261 0.92614 
1.35625 1.69883 0.86076 0.901469 
2.23467 0.785264 0.843008 0.96156 
1.40138 0.140271 1.54038 0.894138 
1.58341 0.225064 1.04681 0.982337 
0.700258 0.920608 1.63563 1.02782 
0.188124 0.980393 1.13492 0.960618 
0.555895 1.10704 1.74337 0.94212 
0.725565 0.457611 1.45859 0.724117 
0.269381 0.536102 0.865615 0.939554 
0.00948416 1.01507 0.922558 1.16811 
0.760855 0.273098 1.552 0.980849 
0.22434 0.909441 1.14682 0.990913 
2.46423 0.898534 1.09099 1.02614 
1.50381 1.29028 0.687788 0.950662 
0.498118 0.339503 0.53833 0.910228 
0.598472 0.0411375 1.21709 1.02862 
0.144637 0.937569 1.58626 0.960389 
1.3277 1.44402 0.85807 0.946596 
3.40343 0.188189 1.60537 0.834607 
0.141908 0.364438 0.364265 0.941684 
4.27874 0.194521 0.856868 1.14708 
2.02546 0.361915 0.758644 0.953097 
1.77515 1.50917 1.33928 0.964926 
1.95876 2.43531 1.43285 0.941298 
0.00426194 0.363563 0.842009 1.10765 
0.477247 0.313152 0.628217 1.04178 
4.43658 0.778246 1.66675 0.864618 
1.59986 0.409873 0.79876 1.13219 
0.523925 0.959269 0.88746 1.04369 
0.620133 0.770453 1.01108 1.11092 
0.100287 0.386206 0.848604 1.02439 
1.75645 0.838393 0.927186 1.07252 
0.350618 0.414942 0.468781 1.02219 
2.64619 0.920814 0.729649 1.08431 
1.48667 0.721279 0.956313 0.81146 
0.166926 0.83973 0.829485 0.954967 
0.902291 1.27031 0.345761 1.11072 
0.94021 1.82701 1.41549 1.13921 
0.711364 0.487679 0.971234 0.861749 
0.444784 2.06113 1.28846 0.940312 
0.87941 0.904337 1.02549 1.08213 
0.87825 0.886174 0.848331 0.896315 
0.960865 0.831876 1.66038 1.07592 
0.371052 0.622239 0.765462 0.951854 
1.2768 1.79902 0.739958 1.00873 
0.131362 1.1728 0.967498 1.09356 
0.578961 1.07774 0.852913 0.913461 
0.807239 0.755128 0.764191 1.12699 
0.394884 0.370188 1.29759 1.04505 
0.341263 0.526367 0.792698 1.09807 
0.247371 0.456984 0.736944 1.14726 
0.567962 0.648172 0.786158 0.947109 
0.747129 0.487248 0.95128 1.01581 
1.39221 0.888502 1.0242 1.04661 
4.85336 0.721601 1.5283 0.996633 
0.080431 0.68574 0.743262 1.22066 
0.706212 0.789038 1.74419 0.86596 
0.435859 0.150961 0.666767 0.965652 
0.957183 0.291415 0.604358 0.965213 
0.222201 0.32602 1.60244 1.05878 
1.24709 0.464827 1.22598 0.970316 
2.47426 0.35211 1.48306 1.0012 
0.213765 1.18482 0.603844 1.07101 
2.90302 2.35936 0.881403 1.10693 
3.34182 0.721485 0.716885 0.993163 
2.29717 2.8716 1.38338 1.11296 
0.506954 0.268889 1.03282 0.903552 
0.275133 0.599303 1.17427 1.0085 
0.473685 0.566962 1.30411 0.973388 
1.08393 1.2572 1.4654 1.07514 
0.566811 0.192676 1.02825 0.872223 
1.1641 0.237139 1.30172 0.981188 
0.607268 1.24389 1.31045 0.915989 
1.5144 0.573404 0.989904 1.06682 
1.25621 0.0637402 0.937939 1.01067 
0.256028 1.89083 1.01916 0.913917 
0.567758 0.482568 0.724747 1.01855 
0.368773 0.612077 0.925031 0.965399 
0.335254 1.56167 1.43174 1.00883 
1.62859 1.24577 1.16461 0.861229 
1.54683 0.517814 0.837 1.06583 
1.96406 0.280586 0.450831 1.20698 
2.20559 0.142427 1.1359 1.08483 
0.236442 2.70053 0.508143 0.95208 
0.608819 0.279661 1.6436 1.2009 
0.55033 0.187064 1.17279 0.918294 
0.795894 0.820401 0.931943 0.986638 
0.081445 1.2261 0.669017 0.950129 
0.817389 1.44348 1.0188 0.921898 
0.11259 0.773483 1.09573 1.01494 
0.176735 0.340637 0.877498 0.843366 
1.26849 2.37646 0.32085 1.21109 
1.59648 0.240787 0.6703 0.719856 
0.237608 0.357059 0.420089 1.00691 
0.942813 2.23411 1.05298 0.933312 
1.68198 2.08735 0.407504 1.04365 
0.143836 0.863639 1.25517 1.17173 
1.62019 0.978765 0.790596 1.07043 
0.356642 1.66407 1.00684 1.18098 
1.04434 0.0849962 1.24639 0.919688 
0.165865 0.293833 0.959899 1.08438 
0.19836 0.686014 0.854104 0.985452 
1.75558 0.205402 1.46299 1.14708 
0.373882 0.135471 1.39072 0.898202 
0.86257 0.792452 0.777411 1.06077 
0.444619 0.143413 1.41175 1.03807 
0.498612 0.090478 0.854531 0.96223 
0.756601 1.30184 0.731338 0.885798 
0.055776 0.771041 0.236523 1.07745 
0.0183792 0.567174 1.02114 1.01629 
1.33968 0.676459 0.791742 1.08619 
0.0355551 1.03314 1.34751 0.998869 
0.294733 0.51171 1.83238 1.01481 
1.27583 1.19595 1.13715 0.958713 
0.228991 1.36407 0.92713 0.93675 
2.82297 0.412431 0.910589 1.0663 
3.8537 0.340706 0.827144 1.14049 
0.0390169 1.24268 1.05696 0.968379 
0.533478 0.403635 0.893284 0.909928 
1.62787 0.745381 0.877018 0.850197 
1.40747 1.90974 0.739235 0.867371 
0.138739 1.12536 0.795738 1.07336 
3.13228 0.527531 1.08196 1.06318 
2.34987 0.434839 0.661141 1.17931 
2.57184 1.09005 0.977665 1.00594 
0.24936 2.21433 1.20122 1.06995 
0.240739 0.909007 0.713245 1.05071 
0.100981 1.56447 1.02924 0.784888 
1.09953 1.04188 0.563128 0.923975 
0.164623 0.197905 0.839295 0.927175 
0.377676 1.00728 0.497551 0.977932 
0.0599573 1.16788 0.763145 0.92871 
0.496633 2.35942 1.24941 0.895739 
2.79612 3.92837 1.34999 0.929279 
0.971795 0.860834 1.5947 1.09209 
0.0614733 1.53816 0.532811 1.09852 
0.803171 1.04788 1.23496 0.949094 
0.342898 2.04411 0.8411 0.992766 
1.35621 2.99292 0.98702 0.922548 
3.72202 0.124115 1.3278 1.09226 
1.45178 1.07798 0.76737 0.933076 
1.45122 0.988432 0.564739 0.920163 
1.00867 1.32985 0.566193 0.934738 
0.217392 2.13884 0.661215 1.20959 
0.236731 1.13232 0.780386 0.886261 
0.278904 1.65266 0.81027 0.826287 
0.168657 1.51011 0.679225 0.984961 
0.957998 1.33902 1.19418 0.96406 
0.0254787 0.131903 1.2271 1.06737 
0.532284 1.76211 0.710134 1.04742 
0.675944 1.52715 0.844366 1.06095 
1.79832 1.84617 0.809595 0.855416 
0.0279189 0.937743 0.754054 1.11539 
2.64593 0.690169 1.43512 1.06509 
0.0673567 1.09546 1.35769 1.14 
0.149642 1.90172 1.25925 0.889264 
1.05613 0.0646142 1.23278 0.948389 
1.68254 0.325613 0.693641 0.89399 
0.190853 0.786976 0.702612 0.924202 
0.698216 1.06587 0.840496 0.913735 
1.65709 0.0677951 1.38977 1.22626 
1.40809 2.31112 0.896339 1.19572 
0.0738694 0.490266 0.533009 1.0505 
0.649481 0.18071 1.81672 1.27213 
0.585782 0.392558 1.27614 1.06822 
1.00643 0.245908 0.895653 1.15094 
0.38977 0.651656 1.12473 0.994414 
0.0571746 0.771004 0.989635 0.802443 
0.0987999 0.716173 1.28823 0.947155 
0.35226 1.46622 1.46032 1.0703 
1.08921 0.39316 0.911558 0.996597 
0.00471729 2.531 0.949583 0.847006 
1.21306 0.169769 0.424891 0.894709 
0.0703884 0.570174 1.67904 1.24228 
1.30572 0.907866 0.995845 0.920926 
0.0702476 0.978671 1.15 0.953422 
0.52537 0.167306 0.977578 1.07419 
0.747579 0.82588 1.04261 1.08964 
1.95409 0.34316 1.41595 1.08339 
0.462402 0.494178 0.897031 0.882855 
0.0293645 1.03921 1.29889 1.02425 
1.16951 1.58966 1.41844 0.970313 
0.964721 1.39847 0.617277 0.813899 
0.458355 1.34517 1.40656 1.05184 
0.502685 1.60684 0.615984 0.942625 
0.0569813 0.475151 0.693399 1.24149 
0.183034 0.225296 1.3099 1.07795 
0.189935 0.606435 0.866116 1.03948 
0.818991 0.0960967 1.23071 1.01926 
0.400046 0.414051 1.09872 1.03546 
0.497966 1.41071 0.663108 0.824321 
1.82901 0.787462 0.632248 1.08121 
0.106667 0.618911 1.30526 1.25575 
0.595836 1.86997 1.21101 0.922731 
1.762 1.07359 0.960427 0.94333 
0.688965 0.519532 0.757222 1.0881 
0.140867 0.751922 0.773243 0.999615 
0.627705 0.46588 1.30959 1.03389 
0.453581 0.797671 0.70144 1.06867 
1.0432 1.52684 0.51129 1.13966 
0.0466709 3.36012 1.08151 1.05075 
0.949955 1.73165 1.11646 1.06122 
0.0902923 0.555848 0.473951 1.15103 
0.79869 0.171493 1.17608 0.914566 
0.445977 1.31631 1.03966 0.8558 
0.61039 0.649161 0.78764 0.923289 
0.508395 0.784754 0.570492 1.24316 
2.20292 0.994235 0.562479 0.991946 
2.52392 0.692867 0.697309 1.07031 
0.671872 0.552028 1.08948 1.15836 
0.945089 0.873817 0.705811 1.03634 
0.968233 0.10256 1.38528 1.13109 
0.0904346 1.37192 0.812952 1.18854 
0.0934717 0.521881 1.16023 0.999021 
0.0758073 1.86479 1.15929 1.03477 
0.419564 0.75641 1.3504 0.972815 
3.84435 0.481546 0.934348 1.05306 
1.84042 0.793859 0.885695 0.908715 
2.09938 0.390923 0.950847 1.03332 
0.571323 2.05966 0.925092 0.852311 
0.0876881 0.59003 1.43682 0.987747 
0.473067 1.08417 1.01002 0.870196 
0.286229 1.58298 0.684167 0.961781 
0.600906 1.24079 1.27169 0.897414 
0.352627 2.53222 0.822138 1.02478 
1.5837 1.76011 0.910234 0.981506 
0.694066 0.510426 1.30978 1.18848 
0.862295 0.698917 0.481463 1.07089 
0.256882 0.440602 1.06716 1.07129 
0.366795 2.30668 1.27944 0.85572 
0.749552 2.25537 1.28441 1.06958 
4.01643 0.658055 0.622236 1.08562 
0.149977 1.36409 1.27706 1.11197 
3.09076 1.22742 0.84566 0.983115 
0.153891 1.85562 1.2057 1.01208 
0.109592 0.902697 0.91899 0.800097 
1.00044 1.87406 0.467256 1.07457 
0.394705 1.28391 1.14909 1.03829 
0.199212 1.92074 0.795454 1.20159 
2.04477 0.140817 0.496913 0.904586 
1.13975 0.750408 0.670134 0.944562 
0.551612 1.11044 0.609115 1.24147 
1.02901 0.59004 1.06399 1.08186 
1.3462 0.247935 1.25887 1.00737 
0.690084 0.408367 0.781771 0.844872 
1.37785 2.33562 1.03452 1.10115 
1.05072 0.753734 0.871612 0.870728 
1.25519 0.44001 1.00107 0.923712 
0.31343 1.96451 1.21023 0.672071 
1.90547 0.187218 0.988382 1.04496 
0.721985 0.578754 0.543066 1.14037 
0.12056 0.606808 0.86451 0.984341 
0.715952 0.212342 1.16574 0.936713 
3.74593 1.90764 0.660309 1.09627 
1.09727 1.24977 0.86984 0.767774 
0.0680188 0.679597 1.06234 0.943808 
0.348013 1.23163 1.28317 1.16643 
1.34926 1.50997 0.71562 0.883596 
2.13453 0.635024 0.664065 0.905219 
0.431378 0.952891 0.848359 0.975872 
1.64044 0.447688 0.856316 1.09081 
0.613435 0.901398 0.671907 1.03123 
0.55751 1.08384 0.540683 1.11728 
0.256396 0.662822 1.18417 1.02815 
0.738082 1.42247 0.985809 0.929767 
1.1932 1.14451 0.879908 0.994506 
0.33053 1.51368 1.48622 1.01642 
0.0623802 1.84345 0.582628 0.970419 
0.670067 0.332029 0.902272 0.893279 
0.95253 0.602748 0.839211 1.07129 
0.128468 0.422364 0.456825 0.980102 
0.944022 0.510511 1.09562 0.898277 
0.790671 1.31128 0.674107 0.900731 
0.0101878 1.03044 1.271 1.06112 
0.814446 2.1217 0.875654 1.00049 
0.288691 0.650453 1.10007 1.1036 
1.18681 1.52341 1.64771 0.762787 
1.02049 0.444327 1.4631 0.970935 
0.38169 0.532955 1.34625 0.823357 
2.11368 1.02109 0.792618 0.984911 
1.06461 0.364242 0.669303 1.04453 
0.0432586 3.06127 1.29072 0.923634 
0.375416 1.51655 0.982744 1.0279 
0.0105731 1.52123 0.886093 1.12526 
0.0886929 2.4547 1.0726 0.965613 
0.0366793 0.916238 1.14876 1.21391 
0.684652 0.602001 0.970078 1.06092 
0.0311351 0.0874963 1.02864 1.24377 
0.0678664 2.10513 1.29386 0.926781 
0.272131 0.684434 1.12076 0.854762 
0.0659318 0.778718 1.94207 1.10435 
3.04853 0.880873 1.16186 1.10854 
0.683191 1.38101 0.812393 1.2085 
4.78186 0.683073 0.52944 0.871832 
0.0798927 0.9653 0.934755 0.929058 
0.582301 0.786077 1.34553 0.871409 
0.0366795 0.0935331 0.96316 0.8069 
0.311364 0.519288 1.12673 0.886182 
0.400546 1.17208 1.54123 0.95168 
0.407188 0.437477 0.8946 0.978722 
0.321198 0.350661 0.855876 1.11031 
0.390544 3.10919 1.07348 0.917983 
2.87272 2.38266 0.787122 0.875103 
0.536899 0.32147 2.01116 0.938241 
1.97837 0.666814 1.04543 1.12539 
1.557 0.257708 0.979005 1.08008 
0.649031 0.188772 0.981249 1.22973 
0.777226 2.43885 0.765671 0.917811 
0.781002 0.456023 1.51077 0.970847 
0.881635 0.314617 1.85801 1.05887 
0.56262 0.694753 1.06776 0.947838 
0.274509 0.125566 1.26859 0.816263 
0.23344 0.659617 1.11764 0.939609 
1.00845 3.64939 0.731497 1.09127 
0.0888329 0.383487 1.21618 1.17629 
0.188519 0.575052 1.01521 1.12463 
0.29405 0.0721692 0.944322 0.970683 
0.177577 0.797787 0.860301 1.01961 
0.25443 3.08331 0.922992 1.02184 
3.15611 2.21388 0.734145 0.841494 
0.934735 0.796434 0.429091 1.03244 
1.74115 0.288981 0.683132 0.868356 
0.0513352 0.340375 0.984452 1.03383 
0.475721 0.634363 1.20117 1.01377 
0.89077 2.16143 0.975113 0.938514 
1.12108 1.34534 1.18238 0.978599 
0.722193 0.0840148 1.24768 1.03703 
0.108311 1.56844 1.33744 0.95394 
0.298651 0.926852 1.29671 1.07531 
1.37887 0.576097 1.30052 1.02672 
0.693412 0.23026 1.35811 0.999992 
0.288215 0.977824 0.838458 1.09204 
1.065 0.414486 1.65367 1.02236 
2.07044 0.496747 0.748983 0.912626 
0.0469799 0.607343 1.415 1.11712 
0.708529 0.402358 1.19444 1.06762 
0.74768 0.156115 0.78836 0.867704 
0.106126 0.368607 0.666568 0.823687 
2.12344 1.41219 0.915307 0.861832 
0.106265 0.869932 0.613412 1.18354 
0.034428 0.745125 0.918426 1.0127 
0.43201 0.713334 0.874384 1.09738 
0.746556 0.999811 0.845287 0.877399 
2.68645 0.399899 1.37644 1.06005 
1.29185 0.803961 1.29894 1.00431 
1.19291 0.185691 0.847372 1.05775 
0.387181 0.539183 0.99794 1.03205 
0.340665 1.15089 1.22181 1.08961 
0.0586651 1.95848 1.12035 0.895589 
1.66152 0.758735 1.09409 0.777354 
0.00253073 0.184941 1.13214 1.08036 
1.41456 0.161913 1.26642 1.04575 
2.17143 0.159951 0.820242 0.738486 
0.177848 0.1446 1.35942 1.13801 
0.830501 1.52432 0.856429 0.955231 
1.94215 0.382908 0.918391 1.00352 
0.0670408 0.427413 0.931467 1.07047 
0.660166 0.594234 0.87919 0.921092 
0.704325 0.436662 0.722057 1.05867 
0.311348 1.97306 0.878974 1.11314 
0.351703 0.170659 0.482232 1.02039 
1.15855 0.0759653 1.81691 1.21981 
0.41481 0.466302 1.17906 1.0513 
1.22722 3.47842 0.538481 0.843875 
0.200948 0.559235 1.4048 0.98121 
0.35039 0.60135 1.18416 1.01003 
0.367981 1.62138 0.734959 1.0699 
0.152956 0.340596 1.12662 1.03602 
0.866526 1.39115 0.81811 0.977567 
0.651299 0.524675 0.68705 1.01836 
0.137436 0.81413 1.02427 0.968025 
0.347146 0.329002 1.57771 1.00675 
0.452647 1.08493 0.858972 0.802467 
1.724 0.42425 1.29675 0.94548 
1.14665 0.380348 0.688482 0.984453 
1.16049 0.715936 1.06103 0.924337 
0.0300742 0.959011 0.67012 0.897364 
0.567075 0.298357 1.05657 1.08108 
1.35005 2.66834 1.01877 0.982888 
2.06733 0.245029 1.73494 1.35372 
0.984139 1.43833 0.960169 1.13057 
1.43779 0.124833 0.889431 0.951783 
4.46448 1.42012 1.08422 0.98158 
0.0796274 2.21503 1.23455 0.983409 
1.60699 0.874485 0.499918 1.00532 
0.78634 2.06302 0.730674 1.10854 
0.056353 0.639137 1.00373 1.18438 
0.286599 0.254844 0.854054 1.00701 
0.622107 0.388234 0.910201 0.82319 
1.22101 0.499623 0.752626 1.01187 
0.376903 1.22104 1.34824 0.963677 
0.49994 0.397759 0.688648 0.976793 
0.423022 1.30746 0.482826 1.07359 
0.126657 0.733786 1.52219 1.03435 
0.991738 0.458631 1.5314 0.96863 
0.951975 2.16416 0.696138 0.889154 
0.691929 0.6452 0.682906 1.04879 
0.292973 1.63479 1.07876 0.881288 
1.29121 1.43414 0.769997 1.08766 
0.951171 0.262512 1.06195 1.12557 
0.335858 0.576609 1.25042 1.02786 
0.712554 0.621454 0.506225 0.995158 
1.19329 0.559452 1.27178 0.954491 
1.00643 1.55651 0.843181 0.964249 
0.482604 1.42767 0.638198 1.04558 
0.323114 2.24913 0.659996 1.22524 
0.596498 0.846192 1.24961 0.866368 
1.90026 0.520334 1.20936 1.09199 
0.754177 2.33405 1.12669 1.1568 
0.214907 0.777234 0.762767 0.944784 
0.338767 1.3492 0.882114 0.954522 
0.233861 0.460124 1.14682 0.852374 
1.84123 0.143091 1.18984 0.934481 
3.08403 1.32614 1.21441 1.01196 
0.0187291 0.721551 0.879994 1.05162 
0.144305 1.38272 0.621252 1.21892 
0.154745 0.498951 0.521449 1.10751 
0.434645 0.653253 1.17084 0.970494 
2.25377 0.18612 0.689434 1.01434 
0.647588 0.396696 1.02892 1.20159 
1.10152 0.398605 1.14929 0.997082 
0.964987 0.263256 1.56282 0.952621 
0.781628 1.97624 0.53026 0.910591 
1.62521 0.988859 1.2052 0.979721 
5.45363 0.373285 1.55984 1.0405 
1.65694 0.922771 1.25619 1.14479 
0.2546 0.291806 0.844191 0.984096 
0.926351 0.197837 0.563431 0.962445 
0.199441 1.32733 0.861922 0.949396 
2.44087 1.27373 1.42976 0.996743 
1.97621 0.197322 0.990771 0.963565 
0.18546 0.324797 1.65812 0.964931 
1.30715 0.811497 0.857184 0.973457 
0.164007 2.12589 1.13184 0.966276 
0.100671 0.637788 0.873544 1.10981 
0.934108 0.576836 1.22295 0.982306 
0.571502 0.0240492 1.20147 0.924742 
1.32791 0.378984 1.16603 1.05683 
0.431728 1.99907 0.945154 0.891959 
0.794601 0.25096 1.49472 1.14239 
0.035253 0.301114 1.18621 0.993459 
0.206755 0.815026 0.903952 1.02983 
0.837542 0.559361 0.92463 0.902492 
0.0713035 1.66816 1.15129 1.04658 
0.109374 0.362298 0.912404 1.12236 
0.981442 1.314 1.06926 1.14308 
0.899958 0.393986 0.912645 0.941626 
3.05718 0.176708 0.558973 1.15267 
0.879953 0.532439 0.537601 0.804987 
0.665319 0.522467 1.29504 0.97851 
1.50192 1.43573 1.00765 1.18204 
3.33775 2.12487 1.17311 1.0133 
0.813333 1.41796 1.02944 1.1048 
1.46442 1.7297 0.853865 0.920559 
0.0448704 0.546679 0.967784 0.893913 
1.60413 0.729145 0.612667 1.11575 
0.370642 0.347691 0.622055 0.951117 
1.17058 0.486034 0.570006 0.978905 
1.86721 0.411586 1.2643 0.969069 
0.0155202 0.908565 0.985191 1.09154 
0.221421 0.880776 1.13636 1.04368 
1.00341 1.43435 0.718011 0.896411 
0.130088 1.07948 0.741458 0.866575 
1.673 0.81545 1.18093 1.05628 
2.55982 2.92866 0.957114 0.849263 
0.717296 1.26669 0.760249 0.955435 
0.670084 0.500668 1.06039 1.04914 
5.0467 0.289738 1.30843 0.859852 
0.875616 0.0791432 0.922904 0.987506 
0.512412 0.587335 1.22831 0.939409 
3.11071 0.165487 1.14979 1.0439 
5.85327 0.487278 1.71185 1.02366 
1.76959 0.902777 0.695515 1.0799 
2.36695 2.18109 1.04635 1.07626 
1.32944 0.788767 1.19287 0.960591 
0.245643 1.21026 1.03875 0.928003 
0.28446 0.634231 1.22189 0.899195 
1.67577 0.1878 0.958483 0.98058 
0.206361 1.00388 0.880379 0.843062 
4.68425 1.91648 0.725781 0.881683 
1.04178 0.387965 0.832031 1.03859 
1.36417 0.188163 1.27383 1.04646 
0.362305 0.304832 0.791415 1.06421 
0.120375 1.28583 0.802974 0.965426 
0.781175 0.0701925 0.84053 0.952364 
1.71015 0.216008 0.538227 0.944585 
2.34933 0.442084 0.72526 1.092 
0.553674 3.39441 0.69862 1.15572 
1.03394 0.856657 1.63694 0.976589 
0.734672 0.229598 0.625909 0.950283 
1.63729 1.19877 1.44452 1.08352 
0.163401 1.87378 0.721156 0.947386 
0.0267748 2.22599 1.30958 0.940539 
0.708676 1.28505 0.639076 1.01199 
1.8722 0.462986 0.423155 0.970276 
0.0103136 1.60799 1.06628 0.892154 
0.530867 1.95307 0.877852 1.12649 
0.0956012 1.03825 1.09711 0.994145 
0.00301333 0.48323 1.25199 1.02764 
1.32259 0.698559 1.40703 1.06396 
0.2357 2.19414 1.34929 1.03824 
0.202614 0.864773 1.46654 0.977895 
0.734328 0.764937 0.672617 0.751602 
3.44935 0.149192 1.73909 1.03721 
0.00671894 2.36928 0.797641 0.903495 
0.310326 2.4121 1.01031 1.02405 
1.74753 1.74159 0.90256 0.926403 
1.12928 0.357807 0.887487 0.849183 
0.880186 0.729307 0.602154 0.898566 
0.197237 0.590862 1.65185 0.983547 
2.05694 1.18632 0.847996 0.905532 
0.188893 0.647805 1.47206 1.03665 
1.19124 1.06313 1.47018 0.946871 
0.191979 1.15868 1.224 1.05653 
1.48024 3.26866 0.902479 1.13763 
1.57885 0.366119 0.861161 1.01539 
4.6573 0.603076 0.489431 0.839378 
6.58523 2.4116 0.760699 1.03324 
0.683394 0.156267 1.45198 0.895621 
2.11282 2.28504 1.05103 1.22625 
0.274175 0.375708 0.399412 1.17621 
1.4067 0.679856 1.06362 0.95178 
1.18121 1.65596 0.983365 0.992445 
1.64834 1.50914 1.34529 1.01824 
0.469031 1.25709 0.480562 0.913673 
1.31 1.73987 0.517765 0.910132 
0.250245 1.4325 1.12965 1.15305 
0.354532 2.17646 0.5859 1.07736 
0.509352 0.220011 0.719915 0.935748 
0.65638 0.267311 0.893092 0.917186 
1.3554 1.1287 0.660894 1.05617 
0.36284 1.64546 1.07746 0.985489 
0.00639075 0.260284 0.900744 1.01342 
0.369601 1.23503 0.949586 1.00495 
0.22442 0.477939 1.22307 1.14565 
0.505412 0.520325 1.41703 1.05861 
0.0568848 0.84779 0.786589 0.941473 
0.603846 1.18715 0.787923 1.12718 
0.749369 0.391815 0.85482 1.04714 
1.45893 3.11151 0.757714 1.11503 
0.0864005 0.796202 1.36048 0.989927 
0.190884 2.42451 0.465149 1.08858 
0.321157 0.933565 1.53866 1.07095 
0.379806 0.654373 0.84047 1.25211 
2.84204 0.627126 0.931177 1.03391 
0.473387 1.14499 1.63482 0.96852 
0.170166 0.767206 0.939928 0.944996 
1.9861 0.50151 0.678398 0.829524 
0.746787 0.719436 1.5694 0.773901 
0.136968 0.991851 0.814486 0.86623 
0.900013 0.578679 1.03614 1.02234 
0.84485 2.26983 1.01815 0.996943 
0.825873 0.473291 1.13359 1.0468 
0.970282 0.375986 0.555832 0.945375 
5.06093 0.517831 0.912601 0.938893 
0.0868343 1.90638 0.937433 0.943553 
0.815098 1.206 0.588735 0.819295 
1.62615 0.21901 0.729879 1.06905 
0.0166129 1.8486 1.24325 0.908654 
1.52842 1.00475 0.839441 0.86072 
0.459573 1.65188 1.2697 1.10954 
0.754242 1.35735 0.759213 0.976835 
0.664598 0.48206 1.64362 0.952415 
0.980633 1.57942 1.43674 1.0667 
0.41892 0.115677 0.896404 0.904659 
0.018412 0.643394 0.731599 0.98057 
1.81117 2.71214 1.16854 1.18968 
0.151473 0.314644 0.622839 0.842173 
1.23614 0.745523 0.787978 0.932739 
0.652521 0.262625 0.939551 1.06335 
0.518874 0.444555 0.838398 0.929023 
2.64323 0.730245 1.35845 0.90606 
1.10739 0.692226 0.35398 0.872867 
0.764813 0.359641 0.550225 0.991342 
1.81383 1.12736 1.25935 0.945105 
3.29213 1.78101 0.55897 1.11909 
0.583061 0.640276 1.58597 0.822536 
1.48639 1.70064 0.294594 0.897626 
0.331589 1.80419 0.840946 0.891676 
1.22144 0.35429 0.822973 1.0335 
0.245636 0.203901 1.21686 1.10114 
0.267963 1.94507 0.908247 1.00638 
0.861809 2.07255 0.779135 0.898422 
1.7649 0.934233 0.953047 0.871671 
0.519832 1.91301 0.544731 1.15029 
0.52353 0.341969 0.612792 1.17936 
1.07485 0.780938 1.46424 0.994734 
0.601454 1.28473 1.48694 0.904186 
0.685023 1.48404 1.16463 0.93131 
0.867894 0.790738 1.21067 0.856884 
0.146489 1.5443 0.839964 0.936054 
0.781125 2.31827 0.56034 1.12159 
0.249546 0.995595 1.37289 1.06049 
3.27359 0.967171 1.45669 1.13337 
0.0933104 1.08856 1.12127 0.963195 
0.661514 0.492535 1.23232 0.922898 
0.0187263 0.183628 1.49494 1.10707 
0.427915 1.39099 1.01645 1.10569 
0.357565 0.236148 0.613039 0.934397 
2.18331 0.4487 0.823749 0.909792 
0.0550188 0.806282 0.790515 0.86236 
0.610209 0.542286 0.980458 0.958822 
0.833449 0.677197 1.52141 1.04826 
0.36531 0.809055 1.06737 0.938607 
1.143 1.14915 0.613427 1.03863 
0.129584 1.41381 0.632564 1.12725 
0.527487 0.751616 1.00691 0.865151 
0.91604 0.164223 1.08674 1.08444 
0.124015 0.880621 0.763101 1.17615 
1.81638 1.21373 0.702948 1.08978 
0.222741 0.658035 1.41237 0.859602 
1.59875 0.952702 0.985515 1.18428 
1.04455 0.846464 1.19687 1.31216 
1.40639 0.757185 1.22143 1.04372 
1.1674 0.359251 1.18428 1.06198 
0.301916 0.524384 1.96364 1.02885 
1.38816 1.19273 0.781919 0.910308 
3.39788 2.09072 0.872693 1.08147 
0.966636 0.267024 1.22739 0.927562 
0.125063 0.33111 0.945963 0.873318 
0.430376 0.845552 1.41586 1.03676 
0.153819 0.622341 1.4045 0.992825 
5.47802 1.33132 1.0785 0.9503 
2.5896 0.517851 1.03482 1.03664 
2.48393 1.23436 1.23764 0.866162 
0.630001 0.747453 0.697354 0.92344 
0.865776 0.655986 1.54409 0.995849 
0.673721 0.566488 1.2903 1.02821 
0.516166 0.495514 0.872178 0.953058 
0.000516787 0.737976 0.718177 0.947509 
0.554789 1.69728 0.823574 0.827281 
0.235656 0.949615 0.801041 0.951536 
2.16293 1.93402 0.999517 1.16206 
0.860675 0.864658 0.404391 1.00637 
1.47259 0.764446 1.09698 1.10644 
0.120797 2.36108 0.906436 0.928239 
0.568927 0.373225 1.16087 0.85255 
0.0928151 0.948082 1.116 1.17354 
0.176796 1.20902 0.756897 0.93888 
0.335862 1.43851 0.776103 0.969065 
1.46875 0.982158 1.10889 0.954811 
0.329476 1.94734 1.1452 1.16716 
1.38486 1.18728 0.906209 1.03978 
0.352663 0.806385 0.87537 1.12104 
2.00716 0.335173 1.56371 1.00192 
0.380901 0.399233 0.769193 1.11063 
0.454057 0.779018 0.643935 0.935162 
1.39906 1.05518 1.26837 0.822991 
0.482124 0.486968 1.18978 1.08804 
0.55097 1.175 1.12135 0.834775 
0.284689 2.08391 0.53724 1.13363 
1.01351 0.385279 0.873901 0.900568 
1.53483 1.65144 0.712625 1.07297 
0.724288 0.207653 1.48011 0.996552 
1.25615 0.887422 0.978717 0.979459 
1.38909 0.41436 0.471458 0.893352 
0.982417 1.12491 0.821235 0.941699 
0.277215 1.65754 1.43681 1.02722 
2.85423 0.501299 0.701696 0.703789 
0.792722 0.193685 1.05857 1.06168 
2.98609 0.97207 1.11287 1.06565 
0.351758 0.114343 0.930254 1.00674 
0.686821 0.282982 0.593289 0.982789 
1.47159 0.598749 1.31847 0.833895 
0.409378 0.355616 0.985853 1.13908 
1.62307 0.276154 1.91924 0.987967 
4.97649 0.375224 1.14095 1.1237 
1.48336 0.708411 0.852401 1.08645 
2.70503 1.16792 1.02642 0.893527 
0.495735 0.594376 0.616172 0.959175 
1.65781 0.937955 0.867103 0.874342 
1.10873 0.704434 1.42122 0.966566 
0.12518 0.505456 0.735183 0.990267 
0.23266 0.130775 0.825654 0.922241 
0.39422 0.210716 1.45801 0.852115 
1.05111 0.499748 1.1576 0.923142 
0.247719 1.58738 0.964131 1.02447 
0.12291 0.616398 0.780807 0.820107 
1.03343 1.64637 1.09574 1.14246 
0.137152 1.56157 1.77623 0.796408 
0.308955 0.920467 0.841751 1.12747 
0.105743 0.62052 1.36916 1.11943 
1.42037 0.237923 1.00518 0.991327 
1.71252 0.154904 0.876377 1.0422 
2.04883 1.09571 0.35224 1.00227 
0.24372 2.04894 1.26541 1.00652 
0.144754 0.684425 0.824942 0.922933 
0.518312 1.09791 1.03142 1.13814 
0.48711 0.46991 0.701622 1.05727 
5.81749 3.39506 1.16898 0.822134 
0.940329 0.820269 0.644146 1.12954 
1.90963 1.57525 0.6772 0.976589 
0.102699 0.808169 1.03701 1.06137 
0.244661 0.474538 0.51712 0.931168 
0.377667 1.20182 0.870114 0.826679 
1.11582 1.83386 0.782364 0.979729 
1.39251 0.750265 1.10741 0.852672 
0.314067 1.54356 0.582873 1.00328 
0.543034 1.15923 1.06667 0.985421 
1.72091 0.172832 1.07755 0.852557 
1.25175 4.35124 0.588764 0.854417 
0.987119 0.622624 0.924451 0.921183 
0.18144 2.26954 1.42426 1.04183 
0.542861 0.520287 0.671744 0.94932 
1.75123 1.35304 0.69422 0.975329 
0.254165 1.48838 1.37806 1.03115 
1.78485 0.229571 0.682682 0.876631 
0.261731 1.44275 0.953207 0.93862 
0.0803076 0.69439 1.07116 0.907942 
2.05161 1.17652 0.973882 0.922049 
1.01966 2.15132 1.69994 0.894144 
0.58533 0.596432 0.821992 1.01746 
1.12793 0.332334 0.913579 0.969533 
1.04256 0.519791 0.978842 1.14208 
0.8237 0.944869 1.00921 1.13647 
2.28174 1.73703 1.5839 0.996905 
0.961881 0.148341 0.611473 0.993682 
1.02841 1.3544 0.810044 0.997244 
1.05005 2.82165 0.785358 0.988927 
1.78616 0.916771 1.06525 0.98748 
0.312089 0.38289 0.465019 1.06055 
0.552019 0.607605 0.470247 0.843635 
1.01182 0.752057 0.636766 1.00013 
0.534316 0.399427 1.05932 0.84144 
0.817375 0.317192 1.05595 0.836975 
0.752223 2.82436 1.75835 1.00387 
1.77279 0.502498 0.812911 0.900361 
3.25781 0.808236 1.40488 1.00585 
1.75441 0.543427 0.696608 0.975538 
0.512239 1.03148 0.680138 0.94426 
2.26327 2.65237 1.29093 0.870918 
0.902074 0.694207 0.903219 0.915328 
1.68629 2.32156 0.845168 0.931819 
0.248803 0.976461 1.18188 0.862572 
0.0137541 0.775719 0.914263 1.04992 
0.0300795 0.34698 1.77888 1.0416 
0.814101 1.19474 0.90001 0.941629 
0.719198 2.34648 0.972264 0.832742 
1.80766 0.43636 0.907776 1.08951 
4.92294 0.407076 1.23476 1.16395 
0.554249 2.63842 1.46349 0.943878 
0.466464 1.64003 0.941622 0.930453 
0.0851437 0.935424 1.18595 1.01026 
2.83501 0.474291 2.12868 1.111 
0.0970951 0.215011 0.989128 0.945621 
0.492266 0.511635 0.893198 0.958486 
0.810929 1.30696 0.69607 1.00182 
3.62947 0.583736 0.847572 1.10871 
0.145341 1.73078 1.51316 0.936486 
0.34501 1.49154 0.761697 1.06001 
2.02578 2.22917 0.696675 0.997922 
0.570848 0.797884 0.675117 0.870497 
0.0534463 1.33345 0.870024 0.983354 
0.133567 0.234192 0.949062 0.93968 
0.865949 0.760645 1.49624 0.902591 
0.108252 0.224037 0.826578 0.844927 
3.94746 0.664516 0.805977 0.929728 
5.61903 1.30265 0.894958 0.884083 
0.43029 2.44952 0.986342 1.04319 
0.32205 1.32447 1.07877 0.977258 
0.0017798 0.94819 1.27572 0.843509 
1.3156 0.458153 0.523108 1.01998 
1.74822 0.840384 0.780726 0.981814 
1.15707 2.54565 1.41819 0.959348 
2.15009 1.1747 0.608193 1.04613 
2.65773 1.06204 1.10059 1.17925 
0.348058 4.62402 0.883781 1.01926 
0.0516118 0.709282 0.503043 1.01378 
0.0175619 0.616223 0.791969 0.922979 
1.98842 1.91556 1.09163 0.959372 
2.47138 1.48511 0.791048 0.931326 
0.172781 0.438917 0.942948 1.06305 
0.435952 2.16743 1.29276 1.03264 
0.934345 1.23737 0.887376 0.844137 
2.75204 0.0595602 0.783736 0.984103 
1.05111 0.445971 0.758281 1.0253 
1.85623 1.15835 1.49754 0.981753 
2.08937 0.649956 0.551055 0.990176 
0.463794 0.946025 0.965882 0.881103 
1.32857 0.349303 0.972575 1.12732 
0.569579 0.803883 0.991252 0.759371 
1.72291 2.73237 0.98773 0.99651 
0.0866334 0.78231 1.09892 0.931325 
1.95766 1.15834 1.1036 0.870967 
0.520168 0.761923 1.60022 0.810829 
7.02117 0.137523 0.940993 0.932951 
0.067565 0.383686 0.947242 1.06414 
0.240503 1.44645 0.931034 0.938511 
0.000755768 0.168121 1.444 0.972163 
1.1434 0.284433 1.16266 0.961927 
0.369494 1.279 0.921676 0.921317 
1.02264 0.440017 1.03814 1.04478 
0.118868 1.03565 0.755831 1.05174 
0.587538 0.436277 1.27636 1.04214 
0.699818 1.38231 0.821367 1.06654 
0.191953 0.870257 1.06796 0.905067 
0.539636 0.287397 0.872187 0.920327 
1.22232 0.419567 1.38891 0.952039 
0.963466 2.8865 1.06306 0.998901 
1.1893 0.183749 1.07851 1.02469 
0.0240608 0.785133 0.435569 1.09943 
1.10412 0.505825 0.958789 1.1078 
0.227999 0.479574 1.49044 0.9169 
2.511 1.39258 1.12062 1.10216 
0.541534 0.651903 0.80707 0.880937 
0.64867 0.786804 1.18146 1.00459 
0.0904597 3.33134 0.823812 1.2034 
0.992779 0.478506 1.06399 1.13011 
0.725983 0.44795 0.94814 1.18732 
1.06682 0.990145 1.17425 0.903635 
0.806967 0.143247 0.725989 0.847716 
0.599794 0.47679 0.74048 1.17567 
1.93976 0.544394 1.49879 0.991209 
2.83673 0.335657 0.669629 1.20519 
0.849524 1.07021 1.16018 1.0622 
1.16176 0.913351 0.446162 1.17378 
0.856335 0.768427 1.14742 1.09966 
0.0990092 0.618627 0.645453 1.0848 
0.0603491 2.33437 0.502385 0.958117 
0.825143 0.786565 0.687856 0.932153 
1.12387 1.09839 0.935676 0.845747 
0.392935 1.9352 2.09821 1.07045 
0.963554 1.15025 0.695003 0.855085 
0.542085 0.104838 0.314881 1.05223 
0.357813 0.210364 1.66964 0.877345 
0.953442 1.74332 1.30202 1.15682 
2.29276 3.14243 0.661 1.09241 
0.998075 0.449794 0.737493 1.19026 
0.142773 0.879178 1.04777 0.930244 
2.05539 1.47037 0.923716 0.952594 
0.106029 1.45068 1.13516 1.01083 
1.97338 0.656187 1.24194 1.06722 
0.839725 1.34963 1.1255 0.900519 
2.12824 0.552946 0.971432 0.944994 
0.136163 1.22452 2.01453 0.847216 
0.176599 2.57004 0.712498 0.921821 
2.25113 1.34078 1.10182 1.09472 
0.108621 0.264483 0.8943 1.03574 
0.0940276 0.558933 1.02258 0.86862 
1.99284 0.655695 1.69467 0.919027 
0.124394 2.13666 1.10423 0.846399 
0.280654 2.14336 1.13029 0.873462 
1.19442 2.15894 1.11857 1.09588 
0.266829 0.586697 1.23518 1.17641 
0.147415 3.21542 0.726914 0.87823 
0.155718 1.73779 0.669821 0.886578 
1.25226 0.237579 0.686672 0.894418 
0.0283137 0.446832 0.914062 0.948838 
0.875736 1.60933 0.884433 0.898475 
2.4934 0.180484 1.27169 1.08036 
1.72384 1.24465 0.721174 1.02979 
0.0995071 1.62146 0.630081 0.964287 
0.349893 0.671114 1.1208 0.737603 
1.71115 0.662892 1.21608 1.10602 
0.865758 0.780812 0.667045 0.986305 
0.513145 0.533614 0.867 0.964009 
0.205194 0.404558 1.15499 0.87906 
0.185587 2.21217 0.697948 1.04309 
2.19809 1.54178 0.468594 0.933157 
2.23835 0.531856 0.956886 1.13695 
0.644269 0.425014 1.14693 1.03277 
1.05832 1.46147 0.645443 0.893914 
0.708339 0.403748 1.28396 0.951581 
0.768121 0.715025 0.984264 0.975374 
2.25324 0.655581 0.897683 1.01705 
2.61921 2.37051 0.885424 1.25946 
0.414683 0.28498 0.739696 0.961804 
0.256838 0.481413 0.984861 1.16889 
2.3765 1.44021 1.28235 0.968504 
1.23502 1.32561 0.63792 1.09336 
0.00265307 0.954388 0.661347 1.0893 
1.65466 0.345171 0.924649 0.857156 
5.56821 1.05232 1.19808 1.18506 
0.383244 0.909571 1.00183 1.08085 
0.731436 1.63547 1.23098 0.826379 
0.870104 0.333602 0.844191 1.02306 
0.108432 0.383011 0.710214 0.900298 
0.316001 0.38503 0.701389 1.06865 
2.56718 0.35477 1.64584 1.02456 
0.00180134 0.399326 1.9653 0.90739 
2.70399 0.66597 1.38036 1.19045 
0.230828 0.905114 0.719814 0.970225 
0.849023 2.25052 0.672759 1.00206 
0.0329435 1.21271 1.00312 0.973793 
0.884372 0.297635 0.846642 0.964394 
1.43926 0.61691 1.26127 1.01573 
0.459445 1.80126 0.713619 0.994326 
0.0551853 3.20013 0.56642 1.05268 
0.334303 1.70038 0.97676 0.881559 
0.809188 1.05844 2.11538 0.94351 
2.64104 1.39303 1.30253 1.08416 
0.957485 0.802664 0.904129 1.06539 
0.28698 1.95311 0.82838 1.08212 
0.0297109 2.32428 1.43388 0.99056 
1.31696 0.670171 1.31929 0.961925 
0.955915 1.64653 0.926755 0.917327 
0.878461 1.96784 1.0596 1.22051 
0.881464 1.75066 1.60233 0.878856 
1.9014 2.57965 0.677702 0.977992 
1.12815 0.227599 0.518498 0.864739 
0.58555 2.34258 1.06916 0.916265 
0.105474 0.224893 1.44485 1.17642 
0.324702 1.1553 1.1458 1.052 
0.874847 0.907195 0.975274 1.07118 
0.746972 1.33271 0.896711 0.905982 
0.11653 1.29947 0.862657 1.06825 
2.14172 1.1186 0.812547 0.92314 
0.203731 0.465928 1.10754 1.11217 
6.8203 0.166085 0.78626 0.983971 
2.43872 0.518915 1.151 0.970784 
0.526054 0.720513 1.13132 1.13112 
0.13575 0.302784 0.557771 1.1115 
1.71859 1.34041 0.660729 0.90455 
0.176474 0.188929 1.30352 1.04922 
1.80154 0.512784 0.933866 0.988403 
0.752542 0.805367 0.91122 1.08925 
0.343198 0.938522 1.32297 0.95914 
0.107891 2.399 0.935496 0.971106 
0.0998164 0.696225 0.723763 1.01428 
2.3452 0.704118 0.964045 0.967062 
1.19935 0.713791 1.80661 0.908899 
0.122528 2.45224 0.833409 0.932344 
0.189585 0.961792 1.38432 0.919862 
0.910164 0.0940569 1.378 0.940389 
0.505994 0.0114512 0.921385 1.07518 
2.71208 0.5667 0.956154 0.832097 
0.879697 0.990198 0.744173 1.11335 
0.115342 0.591807 1.21376 1.04937 
1.03694 0.386589 0.981495 0.905824 
1.74897 0.916681 1.31289 1.07967 
0.434641 1.14363 1.23773 1.08589 
0.104099 1.45568 0.90314 0.993724 
0.290327 1.12574 0.989546 0.866015 
1.26873 0.643914 0.720615 1.16816 
1.29908 1.15625 1.17721 1.04906 
1.64855 0.324286 1.22832 1.01349 
0.774976 0.481106 1.25775 1.07715 
0.0201659 0.859175 0.767484 1.1129 
1.45027 0.336827 1.05987 1.10086 
0.0183228 0.818743 1.29387 1.18272 
0.602142 2.29868 1.16375 0.94035 
1.04517 1.52896 1.06379 0.92864 
1.39812 0.28954 0.983276 0.851436 
0.924694 0.895739 0.881768 0.991556 
1.94511 1.37885 0.771682 1.01507 
0.154108 1.32897 1.09695 0.975915 
0.67161 0.4429 1.77952 1.02563 
1.94668 0.327021 0.654089 0.955506 
0.132687 1.6394 0.934792 0.820565 
1.96833 0.687786 1.34085 0.862313 
0.556861 0.877629 0.993288 1.10232 
0.089649 1.27113 1.28666 1.18916 
0.0575804 2.04325 1.05326 1.0139 
0.203509 1.61802 0.518717 1.07771 
0.0401499 0.183052 1.38341 1.03801 
2.07942 0.369818 1.07421 1.11191 
2.25692 0.509462 0.75225 0.99543 
1.51924 1.28522 1.14978 1.02021 
2.39119 0.833687 0.943304 0.851808 
1.38296 1.82176 1.22944 1.0339 
0.950392 0.164002 0.525493 1.09964 
0.932056 3.52167 1.47997 0.961868 
1.3392 0.321571 1.01124 0.960045 
2.61993 1.18299 0.947275 1.01255 
0.977918 0.583468 0.658363 0.972083 
0.347001 1.08861 0.78837 1.05082 
0.830925 0.384964 0.688404 0.956536 
0.101058 2.49816 0.91181 0.989728 
0.739827 1.07198 0.791595 0.816081 
0.57333 0.747479 0.663836 0.899492 
0.186987 0.665774 0.931818 1.1104 
1.19667 1.04141 0.426761 1.04221 
0.0682099 0.269999 1.24151 1.04913 
0.125463 1.7322 1.07868 0.998142 
0.365362 0.929613 1.09242 0.886889 
0.683704 0.493279 0.731497 0.909027 
0.350234 0.561573 0.904754 1.09368 
1.71234 2.83926 0.537155 1.01703 
0.714925 0.252111 1.02232 1.25384 
0.12676 1.26327 0.59892 1.06752 
0.141522 0.37528 0.736719 1.07347 
2.99103 0.596121 0.903962 0.982801 
1.54887 0.904974 0.462604 1.07137 
0.0240127 1.66448 0.830728 0.918159 
1.23004 1.42593 1.13018 0.977186 
2.15468 1.64638 0.838065 1.06224 
0.250006 1.02287 1.16845 1.12873 
0.907578 1.84794 1.15617 0.976872 
1.58369 0.450373 0.953982 1.06098 
0.409474 1.13376 1.22406 1.16913 
0.00798837 0.689985 0.615024 0.971756 
6.83703 1.47027 1.44965 0.882243 
1.07597 1.46776 1.16351 1.15947 
1.00617 1.14686 1.71346 1.10084 
1.6951 0.0563947 1.12397 1.00845 
0.33668 0.567391 0.937324 1.03048 
0.0553502 0.838516 1.40648 0.876108 
0.0700867 0.449313 0.955696 0.943188 
0.704257 1.43126 1.32638 1.14376 
0.212712 3.17831 1.14034 0.857302 
0.849317 0.763108 0.9939 0.95209 
1.455 0.655218 0.920786 0.867437 
4.15552 0.404072 0.782473 0.998752 
0.118778 0.700357 0.778711 1.04279 
1.03812 1.09936 0.746147 1.00414 
2.69017 0.0817154 0.728876 0.992313 
0.523686 0.872595 1.60899 0.887564 
1.67127 0.761159 0.554886 0.958072 
1.4623 0.770488 1.24691 0.934632 
1.55903 1.03008 1.13437 1.01205 
0.529289 0.335777 0.504669 1.08159 
0.64624 2.05584 0.647619 0.767265 
0.530642 0.631254 1.08594 0.955269 
0.0758501 3.16557 1.12393 0.868572 
0.130151 0.112024 0.750698 0.991519 
0.318206 0.544786 1.18302 1.11866 
0.206782 0.996764 0.49956 1.07044 
1.02059 0.933093 0.95881 0.958126 
0.151263 0.703839 0.666359 1.16207 
1.09343 0.885263 1.08091 1.15599 
0.491109 0.145279 1.4703 0.977481 
2.45163 1.90402 0.764123 1.04452 
0.521779 0.824061 1.06864 1.04122 
0.608566 1.04957 0.996262 0.944253 
1.21375 0.610097 0.775778 0.97418 
0.0930331 1.91945 1.01035 0.920203 
0.254259 0.939108 0.409219 0.861951 
1.96369 1.20877 1.37438 1.00937 
1.54617 0.814909 1.48311 0.955208 
0.970106 0.779685 0.961815 1.08227 
2.99203 0.200449 0.822324 1.08326 
1.39835 0.660893 0.913588 0.930176 
0.107963 2.66749 1.00286 0.952981 
1.13928 0.563803 0.994487 0.923669 
1.51548 0.756427 0.575201 1.00365 
0.399125 0.307721 1.24089 0.977337 
0.0641921 1.17119 0.694093 0.97619 
0.54119 0.212304 0.83867 0.930564 
0.550943 1.1571 0.708445 1.1712 
0.668027 1.27129 0.854989 1.17109 
0.756633 0.645003 1.00751 1.13943 
1.06319 3.08757 0.444972 0.921745 
0.460362 0.529022 0.857187 1.03541 
2.36281 1.30579 0.940737 0.878517 
0.259533 0.955891 0.849016 1.06436 
1.23054 1.01885 0.716506 0.928597 
0.26886 1.18214 0.705295 1.04834 
0.695038 0.514908 0.804143 0.892672 
2.55455 0.216174 2.2094 1.18181 
0.510863 2.35483 0.948087 1.12307 
1.89337 1.28594 0.728915 0.943406 
0.169458 1.23218 0.670505 0.924823 
0.716225 1.01739 0.598817 1.11123 
2.52704 0.853549 0.681353 1.225 
2.50318 1.0388 1.01139 1.12897 
1.06744 1.87932 1.06786 1.07574 
0.773489 0.947601 1.05848 1.05333 
0.357345 0.864112 1.19125 1.2782 
0.758914 2.27659 0.800367 0.881724 
1.54196 1.29867 1.88951 0.992332 
0.283998 0.423081 0.765724 0.75992 
0.314074 0.77852 1.01833 0.946542 
0.256225 0.654023 1.01993 0.90142 
1.55672 0.321325 0.734151 1.04761 
0.378717 1.79588 1.41863 1.03174 
0.823058 1.37402 1.07525 1.14376 
0.837651 0.876083 1.03801 0.908172 
1.49865 0.617375 0.593778 1.18344 
1.35338 1.15631 1.06443 1.01319 
0.222865 0.79409 0.887648 1.04723 
0.929003 0.990978 1.2181 0.832896 
0.297058 0.5917 0.904152 0.871499 
0.239515 0.881092 1.39212 1.02731 
0.814854 0.177125 1.28616 0.855478 
0.0625223 1.07441 1.00593 1.10876 
0.656955 0.150384 1.42372 1.067 
0.711533 0.788855 1.16962 0.858664 
0.197034 0.768644 1.07169 1.06537 
1.20786 0.958906 1.36578 1.06889 
0.982319 1.35025 1.35225 1.04413 
0.238197 0.615646 1.19384 0.975491 
0.851071 0.506042 1.28858 0.978856 
0.474009 0.163065 1.59764 0.914848 
0.710921 0.14001 0.77613 0.865418 
3.8778 1.67638 0.526632 1.01427 
1.28873 2.14181 0.990072 1.03202 
0.0426559 0.897574 0.561805 1.01149 
0.32325 0.794921 0.976579 1.00833 
3.30693 0.959491 1.20171 1.07732 
0.503258 0.291111 1.0329 1.01107 
0.781345 0.150604 0.849064 1.03818 
0.846188 1.18259 0.72617 1.00644 
0.429502 0.66917 1.54933 0.943311 
0.0590842 1.6044 1.14891 1.08116 
2.41371 1.31776 0.699978 0.963798 
1.35445 1.62897 1.27972 0.840105 
0.557943 1.7523 1.2356 0.841968 
0.190697 0.405272 0.725 0.924403 
0.660049 1.49319 0.912969 1.16939 
1.184 1.22711 1.34227 0.966172 
1.579 1.41605 1.0866 1.02388 
0.959346 1.5378 0.847421 1.08237 
1.46012 1.81014 1.03662 0.946704 
0.571557 1.09233 1.36798 0.977252 
0.0830816 1.05453 1.96334 0.8947 
0.198435 0.434972 0.881857 1.08096 
0.201475 1.22069 0.751981 1.05781 
0.19095 1.76144 1.17229 1.09865 
1.27189 0.694717 1.09907 0.991445 
1.68741 1.33741 0.935245 1.01933 
0.409627 1.18355 1.11337 1.10455 
0.0975847 1.48583 0.873113 1.09964 
0.603004 0.595257 0.81514 0.994068 
1.10825 0.861436 0.868254 0.938884 
0.737486 0.531805 0.985422 0.932773 
0.676834 1.44422 1.07909 1.2058 
0.164535 0.391502 1.10091 1.00408 
2.04563 0.647163 0.866213 0.91878 
1.12513 0.682597 0.56758 1.04571 
1.32257 1.50267 0.616711 0.996797 
2.48762 0.848465 0.619566 1.15137 
2.2932 0.793786 1.00384 1.20117 
1.5619 0.0359147 1.07282 1.08763 
0.0285303 2.40496 0.888633 0.886399 
1.1771 1.5573 1.09338 1.06905 
0.402485 1.40475 0.683744 0.959497 
0.242408 0.276656 0.895616 0.865126 
0.244757 0.728748 1.48318 0.942982 
1.06279 1.91255 0.720697 0.940089 
0.770278 1.25019 1.13867 0.950684 
0.569396 0.458303 1.33212 1.11563 
1.96046 0.576871 1.0892 1.07812 
1.46864 0.43438 1.37106 0.913799 
3.74854 1.72342 0.946795 1.0451 
1.56804 0.531125 1.30213 1.11284 
0.8904 0.143285 1.10843 1.06332 
1.5984 0.207663 1.08622 0.957188 
0.228159 1.42225 0.488978 1.05728 
1.11115 1.94671 1.51944 0.986956 
0.194745 2.00233 1.82162 0.883248 
0.135895 1.45084 1.00628 0.866571 
0.214805 0.965074 1.05083 1.12963 
0.290306 0.987538 0.880259 0.915726 
0.371363 0.728661 1.30702 1.11981 
0.992359 1.1324 1.40222 0.955066 
1.08129 0.733357 1.52342 1.12032 
0.087604 0.24752 1.20196 1.09746 
2.80512 0.375536 0.840256 1.00022 
1.00579 0.598586 1.32006 1.0133 
0.977477 0.770096 0.674987 1.05524 
0.163691 0.574148 0.672002 0.849046 
0.204823 1.1166 1.32663 0.91306 
0.987807 1.50636 1.2771 0.883956 
0.357405 0.463243 0.678738 1.2453 
0.26549 0.705151 0.717212 0.984286 
0.276765 0.360551 0.941564 1.15404 
1.01074 1.50272 0.744555 1.00465 
2.32979 1.60032 0.644962 0.97868 
0.591236 1.5311 0.954242 1.01853 
0.453329 1.06068 0.491624 1.13883 
3.03094 0.182587 0.737288 0.857108 
0.0116992 0.694939 0.921416 0.839451 
1.13605 0.253278 1.87263 0.930322 
0.888103 0.508908 1.04548 0.877556 
0.0549988 1.94655 0.832943 0.976406 
1.0301 1.51781 0.925278 0.953126 
2.81002 1.70608 1.24686 0.951721 
0.119501 2.10487 0.626673 0.976374 
1.24276 1.39657 0.720603 1.11997 
0.261044 1.30522 0.754005 1.10669 
0.957519 0.0173227 0.750923 1.08928 
1.4206 2.56976 1.1213 0.890179 
0.582974 1.22332 1.14672 1.0071 
0.63108 0.820518 1.3711 0.82816 
0.639287 0.913738 2.01311 0.887752 
0.253107 1.15076 0.88086 0.903664 
0.0609663 0.683869 0.708327 1.06097 
0.043155 0.762949 0.849447 0.94859 
0.804695 0.573644 1.34156 0.779892 
0.307748 1.14641 0.326379 0.997411 
0.117772 0.74769 0.710784 1.0937 
1.90337 1.25641 0.835293 1.10929 
0.889784 0.0635752 0.863932 1.08067 
2.59311 0.94708 0.970459 1.10455 
1.45667 0.515691 0.423886 0.922657 
0.86415 1.29319 0.694854 1.00368 
0.148333 0.752103 0.858843 1.05839 
0.80453 0.0961578 0.766766 0.932064 
0.30694 0.988368 0.918318 0.987942 
1.58165 0.587848 1.14925 1.0571 
0.760827 1.02849 0.747496 1.02224 
2.362 0.297749 0.763106 0.833942 
0.725003 0.633667 1.12425 1.13095 
0.905684 2.43229 1.61649 0.987709 
0.444152 1.55977 0.883791 0.940213 
0.00980473 2.79969 0.859925 0.950677 
2.17593 0.438904 0.818767 1.18647 
3.30749 0.34713 1.18906 0.866187 
8.78205 0.0609748 1.08771 1.07951 
1.18884 0.481087 1.34651 0.916281 
0.982015 1.0324 0.705831 0.976078 
0.1719 0.666316 1.22759 0.86103 
2.06398 0.658963 1.23504 0.926416 
0.998877 2.29551 0.746606 0.961818 
1.86105 0.201991 1.17228 1.04633 
1.54152 0.456408 0.804256 1.07516 
0.129947 1.18232 1.27447 1.03395 
0.0473656 0.538898 0.839247 1.03742 
0.506566 0.840712 0.955452 1.04979 
0.951504 0.144345 1.46964 1.03398 
0.263045 0.720487 0.868741 1.07707 
1.36285 0.7666 0.912776 1.04316 
0.37228 1.95351 0.983341 1.06941 
0.275192 1.89381 1.25183 0.931454 
0.855251 1.46682 0.970092 0.839005 
0.198771 1.43838 1.42487 1.09797 
0.945658 0.910907 0.925186 1.02112 
1.16574 1.54118 1.5266 1.0364 
0.178451 1.03818 0.984702 1.05675 
0.839247 1.87502 0.954836 0.991829 
0.252854 1.69795 1.62324 0.972253 
0.854267 0.188916 1.28867 0.979719 
0.981287 0.576302 0.989034 0.964895 
1.66699 1.304 0.99452 0.987431 
0.0419891 0.754823 0.505129 0.961088 
0.569984 3.34838 0.838565 1.11641 
3.56811 0.906167 0.887095 1.10598 
0.938329 1.59484 1.26442 0.817037 
0.0249742 0.416919 1.1143 1.06356 
0.0280964 0.776482 1.30683 0.898975 
0.278674 1.91015 0.960506 0.857072 
1.19073 1.52236 1.06759 0.913571 
0.101178 0.408985 1.19874 0.957257 
0.0321568 0.469666 1.4817 1.15896 
0.454508 0.470688 1.082 0.880605 
1.91412 0.118982 2.00869 0.857531 
0.502873 0.130705 0.934539 0.930277 
1.55125 0.69588 0.926807 0.938558 
0.205176 0.613611 1.10315 1.11289 
0.143528 1.13618 0.755009 0.936864 
2.28444 0.436308 0.936819 0.985338 
3.42877 0.0636592 1.37337 1.0976 
1.65672 0.0453629 1.0662 0.902688 
0.854946 0.643464 1.21946 0.979356 
0.110856 0.537857 0.86415 1.10286 
1.93667 1.49652 1.01409 0.887059 
0.16473 4.20129 1.23535 0.85074 
0.362237 0.499417 1.38394 1.18738 
0.239334 0.885882 0.865098 1.01734 
0.00850395 1.0228 1.20778 1.33471 
1.01885 1.51987 1.16937 0.953333 
0.215444 1.32438 0.720679 0.916527 
0.598016 0.978709 0.883563 0.979169 
0.321758 1.64632 0.984259 0.983984 
1.45159 2.07419 0.429857 0.900257 
0.979608 1.74713 0.653966 1.19622 
1.33469 2.06553 1.08881 0.94492 
0.773021 2.10816 1.48855 1.14229 
1.58294 0.654081 0.996908 0.913676 
0.0509954 0.958447 0.680161 1.08912 
0.0288985 2.0144 0.927816 0.942826 
0.309906 0.107431 1.24951 1.08034 
0.231081 0.130653 1.11891 1.00043 
0.524765 0.583214 1.08584 0.979437 
0.261895 0.740465 1.27533 0.905129 
0.414612 1.63701 1.27653 1.0025 
0.0899722 0.54446 0.9503 1.03664 
0.272681 0.982583 1.35898 0.744864 
1.74342 1.12666 0.631221 1.03941 
0.218381 0.98757 1.75702 0.975216 
1.82028 1.62579 1.00736 0.929173 
0.00825974 0.795274 1.30928 1.22707 
2.71383 0.947477 0.78071 1.11562 
1.16158 0.602482 0.783493 0.969457 
0.480164 0.286017 0.911547 0.835034 
1.23062 1.16367 0.800126 0.963913 
1.34386 1.61729 0.714437 1.01154 
0.0249528 0.697931 1.08821 0.918563 
0.150792 0.873217 1.1907 0.879174 
0.46047 1.01399 0.74497 1.0063 
0.8554 1.76582 0.412666 0.945329 
1.38703 0.559316 1.29771 1.15136 
0.0373316 2.069 1.12471 1.01501 
1.17831 1.05024 0.878021 0.868044 
1.51081 1.25235 0.845818 1.06157 
2.28609 0.398872 1.60941 1.07596 
0.987936 0.310021 0.731397 1.159 
0.57385 1.15394 1.69484 1.06733 
0.103812 1.21376 0.516565 1.03285 
1.25024 0.272035 1.24867 1.09185 
0.283408 1.95786 1.02535 0.946874 
0.313226 0.204024 0.77806 0.929481 
0.205459 1.67763 0.941178 1.01204 
2.15004 1.61697 2.29939 1.05854 
0.344654 1.60432 0.577722 1.02212 
0.259951 1.35213 1.35699 0.854532 
4.76781 2.80525 0.925255 1.03864 
1.51025 0.818065 1.22225 0.891328 
1.58046 1.09832 0.781229 0.955991 
0.375541 1.04543 0.604788 0.891879 
1.24202 2.14164 0.560021 0.996627 
0.666949 1.44377 1.13271 1.13454 
0.421397 1.29923 0.620179 1.00452 
0.758235 0.953109 1.56062 1.01526 
1.47904 0.150111 0.672462 1.10406 
0.298178 0.915479 1.35375 0.789513 
2.4132 1.00031 1.01294 1.01755 
0.604204 0.966958 1.42833 0.816756 
0.220414 0.251848 1.77217 0.985843 
0.834132 0.281404 0.803008 0.963739 
1.47063 0.0323295 0.640207 1.01665 
0.173207 0.475488 0.898624 1.00326 
1.83175 0.22596 0.817558 1.02163 
0.394991 0.293287 0.954043 1.08131 
1.02157 0.434536 1.2853 1.01968 
1.42981 1.26308 0.816533 0.896228 
0.571314 1.62842 0.629866 0.955973 
0.706142 1.21368 1.13236 0.890372 
0.392645 2.24785 1.20687 1.02216 
0.70766 0.384832 0.861437 1.14054 
0.581897 0.314794 0.581282 1.08497 
1.21243 0.0865918 0.909234 0.964784 
0.225992 0.274952 1.16694 0.994097 
1.84124 0.586814 1.11155 1.00808 
0.069422 2.6409 0.851702 0.868309 
0.133235 0.433855 0.981275 1.11477 
0.208805 0.649756 1.19759 1.05327 
1.28105 2.40472 1.16051 1.10675 
0.0143933 2.42585 1.56505 0.833733 
0.659956 0.26594 2.33503 0.914209 
0.518364 0.270876 1.15478 1.01592 
1.47215 0.760424 1.02267 0.824598 
0.0347637 1.01203 0.929337 0.805363 
1.04797 1.31614 0.823647 1.03191 
0.749307 0.422317 0.850341 0.954867 
0.255833 1.61575 1.03913 0.844733 
0.947458 2.65639 0.726265 0.97234 
1.16872 0.252101 1.19582 0.964835 
0.146743 0.617111 0.985519 0.836468 
1.95745 2.40192 0.674211 1.11721 
1.20625 0.242473 1.01066 0.966207 
0.431344 0.537623 1.33442 1.05051 
1.02652 0.777821 0.402478 0.959908 
0.814738 0.430068 0.715215 1.03882 
0.656538 0.978706 0.921282 0.992437 
1.14524 0.952054 1.11834 0.937355 
0.523738 1.36311 0.785965 0.8807 
1.00945 0.122451 1.25585 0.931574 
0.520143 0.30129 0.706772 0.807985 
2.2984 1.14834 1.29101 0.985031 
0.345722 0.458356 1.15005 0.940601 
0.766001 1.98658 0.897231 1.05778 
0.206333 1.09201 0.788439 1.00758 
0.768089 1.03238 0.926532 1.06432 
0.282052 0.102588 1.03966 1.08053 
0.971597 2.45958 1.02039 0.973819 
1.25352 0.758338 1.06985 1.11928 
0.48289 0.770615 0.744645 0.953824 
0.122795 1.4219 1.27415 0.959104 
0.877869 1.28028 0.942854 0.830244 
2.61768 0.781723 1.03788 0.947492 
1.21665 0.0919459 1.38897 0.968383 
0.0779542 0.11871 1.317 0.990904 
0.630691 0.78347 1.04156 0.8971 
0.126064 0.247098 1.45902 0.876772 
0.0327021 0.662938 1.053 0.940313 
1.67595 0.540002 1.45156 0.846995 
1.35913 0.918857 1.32845 0.947851 
2.0925 3.27004 1.56542 1.07247 
1.87256 2.73018 1.45884 0.827768 
2.65835 1.27099 1.14959 1.10332 
1.97074 0.767941 0.817693 1.03857 
0.404815 1.695 0.628952 0.776762 
0.223186 1.87168 1.53431 0.983742 
6.52297 1.05261 0.836503 0.732728 
0.407578 0.0810488 0.981817 0.9593 
0.704049 1.06443 1.00054 0.89606 
0.880059 0.273701 0.588209 1.18097 
0.033266 0.503201 0.709963 1.07944 
0.24734 1.49244 0.818578 1.02806 
1.19744 2.81923 1.10931 1.06219 
2.10773 0.733569 1.04825 0.998901 
0.271125 0.97356 1.35409 0.955921 
0.861162 1.05638 0.619035 0.86042 
2.41629 3.07092 1.48465 0.907891 
0.101192 0.894803 0.547881 1.11273 
2.07296 0.91695 0.841698 0.966159 
1.06995 1.24213 0.776123 1.06209 
0.62098 1.41934 1.02093 0.958133 
0.149465 0.999542 0.605577 0.983399 
2.13871 0.587941 0.508187 1.0568 
0.70282 0.203669 1.62513 0.964943 
0.200225 0.131331 1.2855 1.09341 
3.2316 1.61936 1.19451 0.915309 
4.40592 1.98015 1.03271 0.991199 
2.76004 0.97711 2.0127 1.04981 
3.11296 0.643169 0.737454 1.05521 
0.318455 1.86166 1.31259 0.982749 
1.80893 1.08248 0.949288 0.975128 
0.661486 0.157232 1.20469 1.05987 
1.43587 0.74508 0.949567 0.992531 
0.679436 0.193713 0.873886 1.02689 
0.0959147 0.61445 0.557355 1.13288 
0.237207 0.726521 1.23163 1.11401 
1.648 1.20943 0.672651 1.0591 
0.128184 1.78229 0.603543 0.976231 
0.395201 0.996803 0.595567 1.03763 
0.410644 0.692152 1.19618 1.04333 
1.0775 3.06922 1.56209 0.975098 
2.12563 2.14346 0.479215 0.928595 
0.218702 0.477064 1.0048 1.11632 
0.260432 1.26146 1.00349 1.21483 
0.654004 0.831294 0.562621 1.23525 
0.0982308 0.962984 1.43395 0.91027 
0.174667 0.501171 1.19763 0.875763 
0.956796 1.04786 1.26947 0.936012 
0.161753 0.394501 1.35172 0.955167 
2.20503 1.53213 0.527529 1.10373 
1.03182 0.614002 1.38314 1.16055 
0.471464 0.578778 0.850911 0.956023 
0.498308 0.714437 0.994218 0.856308 
1.33596 0.717968 0.815112 1.06886 
1.47315 1.52809 0.746037 0.902203 
2.62561 0.253848 0.895436 1.23719 
0.495317 1.24826 1.60358 0.935875 
1.0424 1.22969 1.41896 0.987869 
1.75182 0.508609 0.989763 0.861664 
0.547596 0.24209 1.04662 0.963802 
2.40775 1.23267 0.706283 1.01833 
0.378126 0.566592 0.769922 0.985202 
0.980748 0.588197 1.06146 1.16047 
0.450713 0.586425 1.44336 1.08006 
0.0497422 0.777912 1.14726 0.894897 
0.048368 0.933784 1.0063 1.09851 
0.907087 0.954528 1.15204 1.09581 
0.194414 1.37081 0.848763 0.874531 
0.448151 0.313516 0.522337 0.871907 
2.04325 1.9355 0.558868 1.02363 
0.315767 5.93027 1.84719 1.01229 
0.0699276 0.858408 0.61871 0.830407 
1.04814 1.42469 0.969532 0.935913 
1.20771 0.297563 1.29506 1.03463 
0.0185864 2.73064 0.793022 0.833365 
0.467752 0.279261 0.564528 0.925198 
0.10657 1.61011 0.621451 0.912722 
0.653313 1.62534 0.794108 0.881353 
0.588207 1.12239 2.02093 0.900677 
1.48578 1.48861 0.794636 0.962771 
3.19115 0.878885 0.928428 1.05882 
0.0335452 0.685997 0.930235 0.965655 
0.303296 0.104048 0.778461 1.13516 
0.0489844 0.262545 0.833181 0.988181 
0.542426 0.836263 0.870312 0.995349 
7.82646 0.19277 1.07087 1.02978 
0.273759 2.12454 1.19151 0.986529 
1.23734 1.10283 0.705548 1.01857 
0.191825 1.02646 1.10615 1.1451 
0.107463 1.70233 0.740114 0.903941 
2.96776 0.283043 1.20071 0.936182 
0.579039 1.03577 0.824597 1.02768 
1.65124 0.258954 0.905463 1.16068 
0.716519 1.38221 1.40309 0.986476 
0.43169 1.75964 0.649789 1.08654 
1.28677 1.21954 0.907264 0.82163 
0.18037 0.29514 1.07024 0.912792 
0.0456359 0.627799 0.722688 0.833592 
0.334373 0.594296 1.29711 0.90876 
0.0102684 1.13425 0.749542 0.939612 
1.52312 0.890994 0.765264 0.799321 
2.03044 0.232977 1.1119 0.809478 
2.06995 1.17411 1.61945 0.872829 
1.11888 1.33316 1.67009 1.00407 
0.451541 0.597368 0.875531 1.08988 
1.02939 0.584444 1.21506 1.00051 
1.20837 0.847339 0.805032 0.900033 
0.790117 1.7697 0.960274 0.928987 
6.20776 0.537325 1.15468 1.12674 
0.324388 1.37233 1.02275 0.987283 
0.0205969 1.17906 1.37708 0.829648 
0.196634 3.48638 1.02637 0.983399 
0.271274 0.95026 0.739921 0.789926 
0.593225 0.300816 1.06879 1.05139 
0.979631 0.837611 0.888069 1.06192 
0.728993 0.112781 1.01031 0.895973 
0.00897612 1.55492 0.724315 0.899083 
1.11983 0.34954 0.742127 1.01272 
0.588671 0.22429 1.32725 0.879154 
1.13738 1.44427 0.898583 1.01425 
0.720846 0.284723 0.66308 0.960219 
0.144337 0.710649 1.12077 0.906594 
0.291149 0.516506 1.28534 1.03011 
1.99361 1.42035 0.867559 1.045 
0.527639 0.147289 0.812903 0.882002 
1.68063 1.59322 1.99163 1.06093 
1.04876 0.88658 1.04253 0.941474 
0.516748 0.466888 0.831596 1.08106 
0.721927 1.04792 0.974739 1.16775 
0.379545 2.98001 1.25062 1.04883 
5.22757 1.11687 1.51163 0.996473 
0.219934 0.541618 0.897821 0.805112 
0.845906 1.28873 1.0307 1.14965 
0.570008 0.901841 0.607348 1.06508 
0.142747 0.516017 0.82157 1.03728 
0.392075 0.4582 1.42556 1.01336 
0.110724 1.57389 0.591237 1.0086 
2.30093 0.566245 0.883705 0.941844 
0.463926 0.345973 0.888018 1.07604 
0.049637 0.916405 0.93996 1.02376 
0.659468 4.12286 1.103 0.961171 
1.01568 0.342223 0.807945 1.02384 
0.902761 1.05453 1.24228 0.704183 
0.645448 0.503488 1.33413 0.922153 
1.62687 0.285267 1.6348 0.913377 
0.309765 0.940173 1.36808 1.1651 
1.61263 2.37281 1.3585 1.03843 
0.240021 0.430159 0.850381 1.1221 
0.769024 1.8248 0.697285 1.00174 
1.26082 0.602358 1.12827 0.982318 
0.880923 1.74279 1.11315 1.0651 
0.0947906 1.3893 1.3431 1.0495 
0.941766 0.621708 0.989563 1.02937 
0.0190194 0.39229 1.42321 0.849467 
1.35295 2.2022 1.09176 1.00647 
0.758072 0.972199 1.57217 0.924042 
0.305417 0.395204 1.27964 1.12609 
0.0460642 1.69029 0.51921 1.15805 
0.725636 0.58679 1.08524 0.999234 
2.86204 0.756602 1.23426 1.09703 
0.0554291 1.34801 1.13885 0.909167 
2.06364 0.873306 0.90278 1.16134 
0.159229 0.93124 1.93236 0.933411 
0.646163 0.586918 0.91364 1.01486 
0.268329 1.63534 1.32994 0.941794 
0.454203 1.6937 0.561612 0.85856 
2.11502 0.891276 0.459102 0.852218 
5.20884 1.10202 0.942972 1.08676 
1.7866 1.22096 1.20292 0.749024 
0.447269 0.403577 0.704503 1.11713 
0.119973 0.709926 0.966065 1.08318 
1.78753 0.781782 0.794681 0.987877 
0.534527 1.90464 0.80547 1.16056 
1.70979 1.03402 0.94319 1.05589 
3.0796 0.621276 0.790845 0.812514 
4.45792 1.63886 0.846064 0.914182 
0.261361 2.48425 0.733357 1.16593 
0.601819 0.549077 0.601163 1.05438 
3.17079 0.450659 0.712843 0.930459 
0.557581 2.23846 1.39715 1.03168 
0.30872 1.25756 0.670157 0.934179 
0.537919 1.07285 0.538874 0.944248 
0.0674317 0.411776 0.688337 1.02377 
3.83139 1.27517 1.33166 0.895267 
0.296552 1.39917 1.17014 0.92139 
2.88381 1.15474 1.42814 0.947105 
1.51781 0.268394 1.1027 0.95312 
0.468232 0.688738 0.557604 0.968709 
2.82381 0.107931 0.871659 0.825158 
0.304189 0.672194 1.00051 0.998883 
1.44056 1.39638 0.707917 1.15334 
2.94047 1.22203 1.00567 1.07893 
0.147794 3.03499 0.876053 0.947502 
0.70898 1.88177 1.21629 0.961917 
1.45913 0.743892 1.37814 0.862475 
0.98928 0.514663 1.11067 0.936173 
1.26019 0.934985 0.509227 0.977721 
1.89311 1.05131 0.793226 1.0335 
3.727 0.482706 1.18904 0.948617 
1.02259 1.30647 0.985987 0.903139 
0.524633 0.167943 1.40067 1.09834 
1.09232 0.866163 0.980037 1.01522 
0.225384 1.13191 1.1941 0.874638 
1.46833 1.18872 1.34588 0.916344 
1.38488 1.31339 0.48276 0.949992 
3.24758 2.06292 1.33209 1.07846 
0.412235 0.915155 0.747469 1.08771 
0.751454 2.26117 1.51009 1.03352 
0.579817 1.29614 0.560117 1.03456 
0.980662 1.3778 1.60363 1.19097 
0.272187 0.407783 1.22364 0.872891 
2.04489 0.545829 1.1491 0.96083 
3.48369 0.60392 1.0458 0.951658 
0.425414 0.791474 1.44554 0.814056 
0.647406 0.334074 0.561815 1.10608 
0.53065 0.737073 0.564772 0.850566 
1.25128 1.50634 0.925348 0.883285 
2.609 1.73904 1.92641 0.977836 
0.0533396 1.11353 1.72167 1.06946 
0.0737377 0.764979 1.38817 0.89851 
1.07999 0.419326 0.905159 0.980814 
0.226054 0.657407 0.964487 1.0289 
0.0588347 0.52385 0.548459 0.957313 
0.903816 0.395081 1.25452 1.0945 
0.942956 0.99366 0.894528 0.947704 
0.105926 1.312 1.14039 1.02026 
3.18245 2.54026 0.599014 1.01292 
0.048577 1.00121 1.00232 0.871393 
2.95124 1.79526 0.980799 0.964165 
1.26381 0.408983 1.33129 1.11835 
1.81376 1.37718 0.723718 0.974901 
1.50317 1.70776 0.634805 1.11597 
1.91745 0.499187 0.893211 0.829329 
0.248446 0.187043 1.33147 0.945864 
0.751502 1.01338 0.818675 1.10177 
2.81022 1.13382 0.939169 0.948074 
4.13814 0.699804 1.23854 1.12082 
0.601893 1.61534 0.913211 0.840337 
2.1203 0.762268 1.22711 1.09191 
1.91152 1.44051 0.924295 1.17066 
0.0586993 0.880708 1.41977 0.747137 
0.107254 2.07415 0.854862 0.825661 
0.85609 2.24909 1.61279 0.873358 
0.694251 0.960182 1.08153 0.887176 
0.199234 1.73097 1.17385 0.95025 
0.176126 0.429148 0.82552 1.0963 
0.520626 1.66873 1.58641 0.931005 
1.03386 0.863077 0.936523 0.797003 
0.0994384 0.415359 0.755694 0.841658 
0.201863 0.9061 1.18976 0.92846 
0.22481 1.04 1.23733 1.01392 
0.259989 0.706417 0.881331 1.08481 
0.340628 1.3733 0.852332 1.05855 
1.68417 1.5786 0.783771 1.03598 
0.731664 2.50731 1.3396 0.990362 
0.34949 1.43625 0.995269 1.09575 
0.183251 1.20985 0.769667 0.915228 
1.02002 1.06438 1.00384 0.85174 
1.69526 0.720048 0.78999 1.09988 
0.0809155 2.6075 1.56476 0.977466 
0.794536 1.70751 0.7522 1.02597 
0.0255373 0.995182 0.680828 1.17535 
0.310757 0.617626 0.561255 0.975826 
0.610352 0.370376 1.21596 0.926489 
0.942676 0.538796 1.22818 0.994149 
0.20215 3.6068 0.842664 1.07637 
0.250067 1.13223 0.916075 1.24316 
2.93315 0.13934 0.81724 0.860225 
0.629628 0.791345 1.44134 0.90777 
2.11265 2.68189 0.795809 0.968287 
0.130887 1.09214 1.93732 0.966143 
1.46347 1.88583 0.872017 0.956184 
0.722885 1.31735 0.983235 1.14608 
0.158831 1.08547 1.08031 1.02344 
0.613914 0.434383 0.959577 1.01759 
0.975053 0.65854 0.897858 1.1068 
0.0793388 0.462172 1.03312 1.11915 
0.250793 0.560396 0.999448 0.829826 
0.0584186 0.927626 0.735894 0.988531 
0.179196 2.21456 1.17625 0.820681 
0.296721 0.934124 0.981706 0.919612 
3.36181 0.915418 0.81298 0.944167 
0.203933 0.69262 0.856733 0.895019 
0.0838212 0.351218 0.646161 1.17191 
1.29224 0.503656 0.610674 0.911559 
2.10915 0.849466 0.910147 0.998359 
2.28401 0.302349 1.0978 0.943766 
0.67599 1.52874 0.933936 0.975968 
3.31508 0.82579 0.994065 0.839736 
3.03796 0.671326 0.862306 0.956293 
1.57545 0.147263 0.914019 0.989256 
0.135626 0.70729 1.51666 1.09901 
1.04137 0.278762 1.21945 0.8741 
3.73938 1.3713 0.86623 1.05928 
0.970444 0.844934 0.475742 0.933208 
1.01431 0.349252 1.17502 0.921889 
1.70404 0.399175 0.971718 0.972588 
0.50639 0.159199 0.982402 1.00791 
0.622655 0.364674 0.741051 0.964327 
0.295263 1.42216 0.946069 0.787096 
0.933247 0.473857 1.00787 1.02068 
0.828448 0.837016 0.736779 0.95467 
0.91519 1.74073 1.36245 0.911993 
2.23309 0.405379 1.07277 0.940355 
2.57364 2.30902 1.02564 1.03496 
0.567988 0.37564 1.36603 0.997297 
1.0352 0.762606 0.597015 0.989273 
0.309026 0.456818 1.07348 1.12112 
4.96448 0.879555 0.852885 0.97418 
0.0616325 1.78957 1.05398 0.977716 
1.18913 1.60042 1.07072 0.948452 
1.02517 1.49789 1.30303 0.970341 
0.227022 0.487057 1.05236 0.898003 
1.94002 0.429151 0.346537 1.07765 
0.364537 0.389513 1.35527 1.18361 
1.23741 2.21433 0.752914 0.927344 
1.11639 0.324443 1.15368 1.11135 
1.23981 1.72465 1.38468 0.931588 
0.380714 2.47387 0.762297 1.0179 
0.962267 1.61783 1.06663 0.982594 
0.667834 0.982718 1.16709 0.997239 
0.1587 1.69201 0.845273 1.08087 
0.698296 1.96471 0.989541 0.970574 
0.804605 0.139696 1.26147 1.01324 
1.84269 2.2731 1.18599 0.977435 
0.196598 1.94472 1.23112 1.09633 
0.333449 0.608118 1.11357 0.957108 
3.19955 2.46526 0.711619 1.05175 
0.883967 0.705539 1.28133 0.851219 
0.349241 2.13188 0.901581 0.943377 
0.702327 1.22352 0.784858 1.09544 
0.80748 0.312657 1.24544 1.08081 
3.05177 1.36992 0.646071 1.19799 
1.1508 0.978441 0.767621 0.836095 
0.672609 0.42812 1.42827 1.07621 
0.0509996 0.245421 0.833537 0.887561 
1.19484 0.967205 1.07677 0.92067 
1.25454 0.751193 0.670376 0.922563 
1.6587 1.20807 1.61061 0.934375 
1.7665 0.155085 0.827904 0.78617 
0.860885 1.41969 0.689176 0.96142 
1.13698 0.692049 0.560847 1.05256 
2.47609 0.430467 1.37641 1.04723 
1.49325 1.32217 1.19186 0.767446 
4.60476 0.660524 0.727958 0.901552 
0.743253 0.766724 0.95667 1.02072 
3.03243 1.3259 1.53172 0.928908 
1.61455 0.95755 0.870923 1.05172 
1.54153 1.03311 0.762929 0.890336 
3.02066 5.07479 0.881409 0.898769 
0.872819 1.17228 1.78451 1.11681 
0.223817 0.652071 0.782709 0.839453 
1.16233 0.745734 1.102 1.23845 
1.44882 0.807115 0.59049 1.01885 
3.64293 1.01649 1.34731 1.0493 
0.391117 0.455821 0.804809 0.842934 
0.340185 0.458012 1.50281 0.969109 
0.271243 1.50257 0.333552 0.853834 
0.633667 1.59006 0.524967 1.00857 
2.45564 1.08472 0.571794 0.993553 
0.339837 0.205419 0.68501 0.989905 
1.41507 0.328204 0.746764 0.898369 
2.02553 0.316242 1.20077 1.00858 
0.146639 0.320367 1.36286 1.01772 
0.181035 0.537691 1.07324 0.961507 
4.16593 0.68522 0.734126 1.01145 
0.417379 0.797388 1.35307 0.915027 
0.393688 0.748719 1.2202 1.01791 
2.70336 1.51534 0.911794 0.935823 
1.23353 2.0695 1.04298 1.03554 
0.162252 0.314214 0.757743 0.943095 
0.00478879 0.400524 1.16834 1.15107 
0.836724 0.954887 1.48168 1.12027 
1.17647 1.07516 0.836914 0.930594 
1.28982 0.620244 0.985955 0.891221 
0.0404129 2.39347 1.30864 1.08467 
0.154368 2.80589 0.908494 0.902616 
2.84713 1.18846 0.662574 0.887183 
0.0247182 0.748821 0.998287 0.882916 
2.38776 1.04564 1.23474 1.02908 
0.234341 0.878844 0.592214 1.10597 
0.586504 1.44146 0.886824 1.02981 
0.0758179 0.651868 0.743395 1.00661 
0.113662 0.650629 0.927267 0.79621 
0.447949 1.06398 1.23543 1.04743 
1.03844 1.24844 0.846569 1.03454 
0.428126 1.03193 0.753869 0.928794 
0.600815 1.94422 0.849146 1.16755 
2.60741 0.936631 0.478098 1.01968 
1.15752 0.412756 1.158 1.15573 
0.421728 1.02203 1.16999 1.0464 
0.535757 0.891139 1.29507 0.931802 
1.88584 1.44692 0.786233 0.846977 
2.78764 1.70895 0.644286 0.963679 
1.40393 1.39154 1.12282 1.03428 
0.374536 0.833673 1.06964 1.06689 
2.01361 1.52546 1.55161 0.877023 
0.0726353 0.756107 1.00784 0.921494 
2.01329 2.15576 0.96057 0.912932 
1.45806 0.201143 0.647688 1.01288 
0.808258 1.47877 0.796776 1.15888 
0.211449 2.20236 1.04717 1.02467 
2.62883 0.183624 1.12135 0.948183 
3.61641 1.93407 1.74613 1.0377 
0.231527 1.36205 0.663393 1.00906 
0.339863 0.536925 0.955987 1.07937 
0.592553 0.287601 1.10291 1.07471 
0.392354 0.495686 1.01811 0.91447 
0.869652 1.43929 1.36392 1.05159 
0.0648369 1.30398 1.07251 0.875251 
0.0653117 0.6066 0.763644 1.06124 
0.288949 1.47428 0.960905 0.909686 
0.672095 0.810336 1.48831 1.02416 
0.217265 2.61581 0.880221 1.07892 
0.213019 0.20948 1.05499 1.00401 
2.97588 1.87455 1.33732 0.913516 
1.6008 1.64536 0.473011 1.0068 
0.692173 0.662114 1.09712 1.00598 
0.023076 0.247751 1.86336 0.823906 
0.22185 1.23636 0.712365 0.929805 
1.79152 1.47183 0.653813 1.08023 
0.283424 0.683967 1.34296 0.938596 
0.625332 0.209582 1.27509 1.25253 
1.43478 0.831227 1.19984 1.06567 
0.0531672 0.459239 1.66206 1.03485 
0.0501384 0.295446 0.599884 0.911431 
1.01804 0.289575 1.48206 1.04587 
1.8209 0.213775 0.908197 1.06009 
0.463154 1.34824 0.551424 1.07505 
0.334801 1.81279 1.22793 0.962793 
1.63881 1.68524 0.503686 1.01788 
1.31832 0.39246 0.792577 1.14784 
0.233734 0.611024 0.838388 1.06507 
0.354758 0.538954 0.86504 0.937902 
3.29157 0.558679 1.36734 0.852753 
2.04583 1.85342 0.870557 1.17233 
0.350637 0.411978 1.49822 0.954819 
0.0484926 0.67164 1.26134 0.782023 
0.603481 3.69057 0.863959 1.01191 
0.653418 0.248618 1.2717 0.967207 
0.048019 0.763431 1.35206 1.08108 
3.24845 2.1327 0.836714 1.03142 
0.0702066 0.482047 1.77441 1.02741 
0.0330831 0.811061 0.589457 1.13877 
2.11685 1.18769 0.771398 1.23059 
0.554127 1.18937 0.786211 0.909984 
0.49636 0.720605 0.794837 0.944223 
0.981154 0.336127 0.746602 1.15729 
1.14941 2.00173 0.801519 0.980794 
0.214367 0.982653 1.19682 0.969828 
0.272019 0.700419 1.23226 0.859767 
0.0607014 1.77229 0.974427 0.89678 
1.25705 0.511324 1.07986 0.949307 
0.574553 0.807105 1.39752 0.934082 
0.780401 1.13864 0.782497 0.826495 
0.0106829 0.440506 1.30954 0.805069 
1.90571 0.765239 0.921565 1.03152 
0.104221 0.665154 1.14403 1.08526 
0.0667643 0.421841 0.833438 1.01002 
0.463765 0.481163 0.82302 1.18264 
0.36207 0.50276 0.937702 1.21121 
0.19621 1.31493 0.30607 1.07047 
1.98889 0.485138 0.932192 0.813296 
2.15767 0.447208 0.935634 0.939046 
2.55571 1.12474 1.32654 0.835757 
0.0513791 1.1388 0.579165 0.999174 
0.0684227 0.988499 2.38209 1.0064 
0.76077 2.5659 0.641286 1.11332 
2.02725 1.58726 1.36435 0.920075 
0.865764 0.132629 0.614023 1.02381 
1.21612 0.602999 0.864181 1.04896 
1.40291 0.941976 1.37643 1.14553 
0.0495444 1.37861 0.68598 0.965728 
0.56557 0.329272 1.37611 0.935641 
0.0135181 1.00309 1.68524 0.8921 
0.330235 0.768134 1.2435 1.12564 
0.0189395 0.173347 1.41466 0.980512 
1.20433 0.450857 1.08403 0.940751 
1.46312 0.347238 1.0545 1.05966 
0.0216515 1.55913 1.29451 1.04689 
0.294264 0.79191 0.730153 0.961195 
1.3741 0.691185 0.767582 0.878446 
0.119309 2.22493 1.37624 1.10617 
0.711623 0.913441 0.98537 0.979455 
0.753274 0.772589 0.890061 0.913551 
0.697264 0.933679 0.383223 1.0056 
0.731574 0.84982 1.09404 1.14037 
1.32902 2.03408 1.04046 0.967598 
1.15902 2.46041 0.742386 0.935896 
0.928598 0.910059 1.16808 1.0337 
1.00117 0.39481 0.587078 0.863805 
2.96683 0.558997 0.794423 0.922353 
0.105862 1.0262 0.897603 1.0242 
0.819764 0.892468 0.719113 0.959545 
1.24194 0.392684 0.603406 1.02338 
1.82541 0.946258 1.28992 1.01548 
0.728476 1.86018 0.851015 0.93613 
0.0700981 0.332506 1.47561 1.01005 
0.549965 1.28083 1.08923 1.06579 
0.709347 0.549868 1.07946 1.14355 
0.707163 0.340747 1.69501 0.987074 
0.00516268 0.742404 0.548216 1.00907 
0.124634 0.252897 0.773993 1.08972 
0.144559 0.155146 0.698199 0.945457 
0.362195 0.840436 0.722856 0.896772 
0.0526624 0.328279 1.43309 1.08138 
0.0645207 0.0688063 1.28909 1.17747 
0.242775 1.36472 1.14789 1.15013 
6.38601 1.16613 0.969632 0.933321 
0.164542 0.441811 1.05299 0.903713 
0.262753 1.61774 1.34341 1.12745 
1.92234 0.111747 1.27263 0.891333 
1.29213 1.58881 1.38517 0.954311 
0.0437748 1.24436 0.977125 0.97922 
0.128131 1.01806 1.6502 0.939393 
0.774648 0.577209 0.840802 0.965902 
0.268579 0.763026 1.10029 0.807368 
1.16952 0.929769 0.636657 0.785601 
3.74412 0.827208 1.1917 1.0877 
0.212712 1.57763 1.36602 1.01955 
1.65401 0.453187 0.619609 0.972896 
0.294354 1.06711 1.27157 0.93893 
0.20349 4.27186 1.0214 0.974933 
0.671772 1.95292 1.00657 1.25439 
0.488627 0.18156 0.337093 0.925287 
0.14283 0.927864 0.46615 1.1063 
0.0691815 1.1767 1.45511 0.977971 
0.610622 0.35128 0.728597 0.963277 
1.51606 0.0576692 1.19569 0.866671 
0.72948 0.908305 0.698531 0.964667 
2.51379 1.14216 0.800112 1.03527 
0.428566 0.962344 1.05591 1.12268 
0.341201 2.60976 1.09156 1.06023 
0.318983 0.312095 0.707142 0.870824 
1.41401 1.97729 0.648392 1.05221 
0.875148 0.0941095 1.02097 1.12446 
1.19827 0.542206 0.889711 1.09984 
1.19864 0.84534 1.08928 1.07585 
0.636962 1.97954 0.769931 0.95915 
0.142288 2.98461 0.794684 0.899133 
1.66142 0.545749 0.932848 1.09531 
1.53739 0.445057 1.17306 0.904154 
0.264682 0.364836 1.08615 1.01192 
1.08216 0.609184 1.07107 1.20205 
3.09242 0.920654 1.03511 1.03667 
0.275765 0.457812 1.01363 1.00171 
0.0168554 0.552372 0.651217 1.04008 
3.00598 0.979702 1.30668 0.842212 
1.16615 1.09472 0.857275 1.02941 
1.95016 0.365969 0.835764 0.988209 
1.91472 0.345498 0.942861 0.964783 
2.10894 0.577324 0.813379 1.04344 
0.961514 0.139386 1.30568 1.02984 
0.769883 1.93718 1.39982 0.906345 
0.199871 1.44196 0.709132 0.985475 
0.383502 0.973026 1.15679 1.10707 
0.278881 0.450304 0.80588 1.00538 
1.28681 0.249788 1.39813 0.912439 
1.81653 1.03536 0.857911 0.977749 
1.5509 1.13255 0.659914 1.02803 
0.500958 0.603624 2.08962 0.79483 
0.299875 0.736073 0.535692 1.06296 
0.530973 1.5421 0.922194 0.840809 
0.187751 0.576759 0.665325 1.05314 
0.455341 0.589823 1.61073 0.984794 
0.370911 0.369855 0.967868 0.995889 
1.81684 0.937115 1.03895 0.848593 
0.18952 0.607396 0.588071 1.07328 
1.36874 0.215109 1.11178 1.05743 
0.772849 1.18249 0.952316 0.909652 
0.212171 0.366724 1.0028 0.92467 
1.71615 1.02052 1.3188 0.885778 
0.195442 0.401198 0.981003 1.06974 
2.03447 1.83369 1.05244 1.03874 
0.0818565 0.544216 0.822712 0.971297 
2.94379 0.395298 1.89755 1.02165 
0.486135 1.37899 0.912049 1.12995 
2.40853 1.10272 1.10527 0.962371 
0.232179 1.09362 0.802867 0.873574 
0.564329 0.111563 1.38274 0.83295 
1.06363 1.42216 1.00797 0.931667 
0.545901 1.11626 1.50144 1.01414 
0.666678 0.681541 1.2769 1.09182 
0.68949 2.98645 1.46695 0.921248 
0.000411681 2.48363 1.07131 0.948701 
0.39444 0.389235 0.933178 1.05858 
0.329248 1.16368 0.747981 0.913733 
1.26349 3.53051 1.15448 1.0343 
0.438998 0.630884 0.726522 0.983541 
0.0904805 0.390918 0.972477 1.28887 
0.410486 0.580297 1.20156 0.85929 
1.07689 1.28028 1.64799 0.922964 
0.977142 0.487963 1.26177 0.957334 
0.225577 0.485945 1.18496 1.15356 
2.97787 1.02183 0.979374 0.947211 
0.680593 2.1356 1.13616 0.942002 
0.190791 0.480546 0.672771 1.15989 
0.00847498 1.37274 0.617454 0.950376 
0.805936 0.892413 0.876293 0.795177 
0.128196 2.09896 1.23698 1.08066 
0.819606 0.376591 1.46436 0.978583 
0.626536 2.24078 1.07832 0.820744 
0.183486 0.317949 1.74358 1.02095 
0.677533 1.17401 1.03282 0.887397 
1.46565 0.239802 1.59295 0.853536 
0.537124 1.60244 0.769211 1.03612 
1.62653 2.19157 0.715408 0.874403 
0.635868 1.00694 1.28675 1.12523 
0.26396 0.486234 0.962961 1.01599 
2.01672 0.933239 1.10416 0.920757 
0.82591 0.353837 0.87088 1.03862 
0.516074 1.44317 0.712336 1.0708 
3.43768 0.571512 0.591721 1.03413 
0.989124 1.62734 1.2441 0.860441 
3.93595 0.227768 1.74353 0.996227 
0.375629 1.24914 0.844212 1.12576 
1.14627 0.300075 1.1534 1.01359 
0.568995 0.3138 1.96539 1.05294 
0.10986 0.171814 1.1134 0.948921 
0.680921 0.392529 1.16876 0.875551 
0.0407485 1.45211 1.13882 1.06524 
0.35906 0.948905 0.90328 0.946494 
0.847481 0.195942 0.96905 0.909054 
2.48193 1.61341 0.703737 1.01155 
1.43824 0.659534 0.857067 0.952308 
2.11569 1.44764 0.410255 1.01185 
2.65548 0.143958 1.04399 1.00769 
0.421457 2.3528 1.33452 0.952525 
0.328231 0.32582 1.6383 0.778815 
0.0528137 0.448078 0.915602 1.01044 
1.29458 0.672446 0.583976 0.909452 
1.27557 0.748798 1.1242 0.838016 
0.40288 0.364094 1.43906 1.02364 
0.00883337 0.824768 2.02999 1.00454 
0.402124 0.234688 0.628332 1.00174 
0.283418 1.3433 1.13928 1.14372 
1.58565 0.663128 0.758922 0.936836 
1.35191 1.06265 0.940698 1.06435 
0.95802 1.74217 0.988903 0.843959 
1.14476 0.993054 1.76459 1.04255 
2.71133 0.849195 0.551097 0.92749 
1.30188 0.788613 1.28236 1.03043 
1.13119 1.20268 1.16933 0.984111 
1.02892 0.188527 1.36577 0.984824 
1.67803 0.129693 1.02858 1.09893 
0.201287 2.61185 1.08299 0.890181 
2.14406 1.17585 0.573383 0.891192 
2.34581 0.92166 0.845072 1.06641 
0.876153 1.47579 1.63468 1.00649 
0.127214 0.30009 1.45265 0.879511 
0.227781 0.578433 1.28684 0.888158 
0.865779 1.81455 1.2645 0.977818 
0.175528 0.268014 1.48659 0.841928 
1.4167 0.172378 1.00194 0.817929 
0.913187 1.54873 1.38579 1.02183 
0.370305 0.474867 0.715765 0.974842 
0.409354 2.60172 1.28516 0.998962 
0.259734 0.516874 0.919016 1.02969 
0.239583 0.689907 0.688998 0.876084 
1.0283 1.60005 0.85112 1.07886 
1.95737 0.841041 1.83229 0.903573 
0.845933 0.525434 1.04157 0.876054 
0.31808 0.21627 0.713633 0.916532 
0.194022 0.444154 0.895932 0.947485 
0.383499 0.592573 1.09135 1.04267 
1.19162 0.515062 0.955363 0.926482 
0.336558 0.0866178 1.40922 1.05894 
0.0510214 0.4817 0.998646 1.13888 
4.3892 1.38578 0.904976 0.781879 
0.126904 0.387164 0.940896 0.915537 
2.51527 0.360716 1.30032 1.08255 
0.373047 2.51548 1.70533 1.08484 
1.94532 0.472429 1.06706 0.890006 
0.187705 1.57499 1.03902 0.886339 
0.865778 0.160996 1.09287 0.951926 
1.1244 0.472758 1.25527 0.951708 
0.160058 0.593931 0.574565 0.930013 
0.211506 0.141698 0.759338 0.96385 
0.213051 0.467467 1.87818 0.989014 
0.392943 0.416989 0.62015 1.0952 
0.205638 0.53991 0.51687 0.930603 
0.818651 0.626064 1.21881 1.08652 
0.251469 0.298742 0.694303 1.08662 
1.04051 1.57726 0.32735 1.01309 
2.58142 0.659037 0.457148 1.06459 
1.26364 0.67575 0.678862 0.881068 
3.04512 0.919841 0.687539 1.11371 
0.0303437 0.700021 2.21822 0.996482 
0.0621527 1.28728 0.805922 1.06381 
0.875997 1.63935 0.74004 0.969501 
0.187801 0.949408 0.864253 0.852334 
1.95466 0.16072 1.4383 0.899993 
1.62605 0.476746 1.77115 0.982032 
1.03069 0.771104 0.900349 0.899932 
0.680728 1.28092 0.819344 1.09304 
0.395998 0.527273 0.730236 0.945253 
0.407969 1.33029 1.58096 1.11752 
2.14009 1.08309 0.50722 1.07149 
1.17993 1.88222 0.839006 0.983296 
0.273333 0.843884 1.4766 1.11733 
3.25823 0.470301 0.767858 1.19927 
0.720652 0.830029 0.882425 1.11419 
2.23597 1.42171 1.13811 0.947742 
0.110626 0.124594 0.837265 0.77494 
0.306681 0.763707 1.71661 1.2936 
2.39364 1.97746 1.27689 0.955925 
2.08791 0.668041 0.938685 1.06554 
2.86633 0.571209 0.983108 0.944344 
0.289938 1.61884 1.31831 0.87018 
0.604528 0.254357 0.92224 0.889325 
1.13718 0.612038 0.702469 1.06322 
1.06455 0.470011 1.13926 1.10961 
2.33915 0.782511 0.867896 1.08642 
0.326489 0.764042 0.820109 1.0727 
0.286996 0.185081 0.907072 0.806272 
1.40087 1.07665 1.52919 0.988755 
0.813129 0.843567 1.4306 0.96334 
0.641733 2.10629 1.12043 0.958054 
0.1521 0.615522 0.963511 1.04013 
2.24864 0.941154 1.40272 0.96295 
0.828512 1.98465 0.912683 1.1436 
2.10067 0.39744 1.25042 1.03585 
1.16463 0.246465 0.80152 1.12707 
2.80439 1.54989 0.839248 0.828893 
0.629626 0.690275 0.893372 1.0909 
0.970868 0.46126 1.06679 0.841671 
0.202985 0.286155 1.21957 0.997845 
0.324957 0.840666 0.78746 0.969517 
1.41182 0.684079 0.915424 0.937406 
0.0355716 0.416745 1.5913 1.03707 
0.428172 1.09471 0.632684 1.1184 
0.809766 1.41417 0.880287 1.01579 
3.24162 0.972888 0.726066 0.901887 
0.513374 0.432891 1.24605 0.964062 
1.06932 0.24162 1.24004 1.14487 
1.22169 1.78722 1.17557 0.904554 
0.7617 0.961854 0.983269 1.08226 
0.464125 0.595068 0.851612 1.03219 
0.436238 0.697396 1.4367 1.13062 
1.37356 0.609015 0.89431 0.891791 
0.531005 0.506958 0.503877 0.993801 
0.0940102 2.6446 0.793763 0.930987 
0.763483 1.61058 1.29657 0.945306 
3.05702 1.51468 1.18259 1.15519 
0.626836 0.401406 0.968621 1.05401 
0.791515 3.24681 0.647701 0.86874 
0.466104 2.86714 0.851375 0.960833 
0.00754467 2.91249 0.878465 0.848716 
2.01228 0.406538 1.29978 0.910329 
0.0909503 2.20919 1.32785 1.14254 
0.243229 0.776634 1.01314 0.991472 
0.19632 0.797373 1.30784 0.898387 
1.96579 0.506886 0.63665 1.07746 
0.0609131 2.32645 1.11481 0.971068 
0.10787 1.61944 0.964132 1.22221 
0.722218 1.50961 0.682946 0.94756 
0.0422658 1.99306 1.00214 1.031 
0.357827 1.22508 1.23369 0.971368 
0.816712 0.179453 0.750324 0.928492 
2.57373 1.48363 1.37158 0.895091 
0.028223 0.340437 0.895267 1.19291 
0.661279 0.22344 0.837515 0.876016 
3.1764 1.33749 1.29116 0.840215 
1.1767 0.557611 1.20734 1.01745 
4.26669 0.488751 1.06878 1.06223 
1.14143 0.449672 0.882267 0.905786 
5.09541 1.20979 1.21007 0.932023 
1.16099 1.11978 1.14962 0.963192 
1.02087 0.473741 1.45904 1.20347 
0.108473 1.93359 0.705507 1.07352 
0.0168845 1.51479 1.45702 1.13851 
3.20241 0.524081 0.679174 1.0506 
1.35083 0.801286 0.857531 1.06435 
0.683325 2.15772 0.646497 0.986798 
0.395322 1.63204 1.02066 1.06676 
0.929937 2.99451 0.917365 1.07227 
0.362583 1.35688 1.4836 0.940825 
1.30536 1.09834 1.47445 0.903696 
0.550635 1.38951 1.42592 0.947767 
0.294902 2.12523 0.880386 0.913154 
1.16757 0.611345 1.43268 0.927506 
1.24475 1.49719 0.703369 1.02543 
0.525098 0.635778 1.75 0.962438 
0.100765 1.1846 1.52629 1.20801 
0.883656 0.254489 0.585105 0.971065 
1.25802 0.318708 1.12635 0.9003 
0.102556 1.72835 1.47231 0.95816 
0.460946 1.11043 0.933475 1.06617 
0.826609 1.77845 1.51404 1.05326 
2.58244 0.233549 1.23823 1.06841 
0.00418027 0.773954 0.813536 1.15221 
0.474496 1.5323 1.08767 0.929838 
1.1477 0.354713 0.79548 1.11066 
0.993922 1.04222 0.82402 0.968155 
0.933184 2.26472 1.19492 1.15535 
0.468138 1.21249 1.16785 1.12623 
0.36272 0.273907 0.606558 1.05606 
1.08583 1.39554 1.49536 1.0202 
1.05482 0.629705 1.45396 1.14137 
1.3244 1.0976 0.896072 0.778318 
2.25325 1.01621 0.964007 0.900282 
2.00927 0.663173 1.2316 1.24697 
0.8595 0.128477 1.35119 0.897848 
0.722782 0.325252 0.875289 1.11866 
0.134424 0.747909 1.03301 1.01804 
1.02188 0.761865 1.22578 1.03178 
0.347943 1.25448 0.935686 0.987472 
0.080076 0.750688 1.22978 0.963117 
2.99562 1.37928 1.01032 1.20534 
0.91886 0.782074 1.25099 1.08353 
2.52794 1.27108 1.50963 0.874304 
1.59135 0.521086 0.984245 1.01555 
0.23945 0.497339 1.33281 1.00807 
0.710912 1.42476 1.69495 0.988502 
1.82982 0.506699 1.17568 1.11374 
2.67482 0.849596 0.817155 1.13893 
5.0935 0.734475 1.33462 1.00277 
2.42425 1.28108 1.22899 1.16145 
0.767407 0.702749 1.25686 0.799003 
0.220809 0.653627 1.0274 1.03259 
0.808381 1.77999 1.22304 1.05924 
0.0204863 1.12644 0.967676 0.951268 
1.0505 0.44087 1.00381 0.965045 
0.343035 0.77204 1.03717 0.998182 
2.0155 3.66691 0.896829 0.863003 
0.955749 2.10743 0.889777 0.94675 
2.53378 1.39421 1.27021 1.24387 
3.12018 1.21874 1.02314 0.941877 
0.421192 0.514944 0.868792 1.08514 
0.164354 1.93307 1.18092 0.904487 
0.235406 0.673113 0.731415 1.09673 
3.55064 1.02294 0.806451 0.939389 
2.83568 1.25177 1.40668 1.06235 
0.614501 1.44027 1.03021 0.997388 
0.481486 0.658767 0.784073 1.10002 
1.10508 0.0775079 1.25963 0.937304 
0.373107 0.73325 0.593843 0.962619 
1.20888 1.782 0.797879 0.878999 
2.88156 1.06088 0.900956 0.907496 
0.05859 1.1142 1.52664 1.07396 
0.576433 0.892397 0.993324 0.985 
0.984118 0.476142 0.745559 1.17698 
0.228609 0.0885872 0.902445 0.982425 
0.125265 2.39953 0.75899 0.972961 
0.211548 1.28787 0.468252 1.10474 
0.15103 3.06626 0.73277 1.06973 
0.353122 2.57228 0.484112 1.21031 
1.68794 1.05615 1.8519 1.01984 
1.18826 0.749645 0.869582 0.867539 
0.265244 0.776271 1.03688 0.841187 
0.271664 0.810154 1.24742 1.27669 
0.981195 1.10741 0.999418 0.738756 
0.360777 1.33021 0.618426 1.0157 
0.0806266 1.05034 1.01343 0.954227 
1.41026 0.338243 1.02047 1.08403 
0.0754731 0.950007 1.16064 0.93825 
0.465703 0.206669 0.732875 1.1565 
0.607861 0.50148 0.727307 0.903787 
2.65699 0.901355 0.527248 0.931466 
0.787052 0.610144 1.02632 1.09367 
3.49209 0.988278 0.910729 1.0206 
0.945845 0.281646 0.747479 1.15316 
0.730365 0.15826 1.66975 1.03312 
0.579946 0.146747 1.30293 0.947722 
0.00671247 2.65448 0.590048 0.890567 
0.279784 0.506651 0.784473 0.976042 
1.59749 0.319421 2.16785 0.899833 
0.0361692 0.845536 0.99164 0.955131 
0.123883 0.535182 0.731532 0.934153 
0.0307467 1.29574 0.419697 0.906768 
3.97567 0.71407 1.48681 0.985778 
0.00519354 1.67009 0.715254 0.936651 
1.26879 0.936152 1.44401 1.00304 
0.2121 0.595283 0.512838 0.877395 
1.48438 1.0262 1.06236 0.807699 
1.06352 1.18022 1.08963 0.912083 
0.0308563 0.449388 0.632166 1.20873 
1.93075 3.72255 1.28592 0.923519 
0.0916853 0.646367 1.00958 0.970083 
0.166078 0.164002 0.735542 0.985819 
0.193828 0.277634 0.807303 0.900901 
0.0496828 0.128914 0.673337 1.00356 
1.23114 1.114 1.49408 1.20426 
0.697234 1.21217 0.980214 0.993536 
1.43657 0.589968 1.22528 1.08092 
0.0585831 1.31693 1.04298 1.02116 
2.55708 1.01198 1.18646 0.936886 
0.0163839 0.828455 0.589941 0.899334 
0.196664 0.789763 1.17608 0.901289 
0.992752 1.56292 1.28486 1.06142 
0.972567 0.588135 1.17337 1.12793 
1.04047 1.63619 0.899098 1.11457 
0.154085 1.58607 1.25351 1.03838 
0.537972 2.0454 0.421948 1.08604 
1.23064 0.526368 1.00872 1.11617 
1.29001 0.857055 0.365989 1.0861 
0.537603 1.97866 0.826629 1.05172 
0.485203 0.385768 0.82316 0.948479 
0.0257355 0.804703 0.908095 0.980398 
0.50087 0.610539 0.522878 1.046 
1.52318 0.877833 1.09454 0.874343 
0.608721 1.56311 0.891227 0.883196 
0.803115 2.08632 1.08983 0.971386 
0.101357 3.21397 0.593839 0.944113 
0.0812583 0.777357 0.918977 1.04605 
1.62617 0.546968 0.958331 0.948939 
1.65124 1.3904 1.17612 1.01421 
0.852144 0.794548 1.0372 1.04371 
1.47876 0.63482 0.945981 0.938951 
0.171167 0.614545 1.2646 0.866434 
3.02212 1.09048 1.20212 0.997937 
1.20029 3.91254 0.732721 1.03821 
0.0608203 0.839748 0.81018 0.966991 
3.74278 0.26737 0.302562 0.888413 
1.63171 0.148137 2.31535 1.00159 
0.650109 1.55064 0.82402 1.00921 
0.100776 0.385586 1.40643 1.09437 
1.34093 0.714794 1.30382 0.991169 
0.131771 0.257182 1.41116 0.942115 
0.372923 0.326692 1.07014 1.08841 
0.694118 0.649379 1.10264 0.790843 
0.144552 1.33063 0.614546 1.00593 
0.213984 1.49326 0.756869 0.854388 
0.409755 1.16751 1.22899 1.05295 
3.28462 0.677081 1.26504 1.02735 
0.205066 1.44393 0.7878 0.948465 
1.46521 0.629459 1.56636 1.44393 
1.2974 0.489822 0.863436 0.993632 
0.446375 0.513276 1.38994 1.01551 
1.58598 0.104361 1.4872 0.947231 
0.468467 1.39823 1.26372 1.10814 
0.316195 0.137398 1.54189 1.04399 
0.601992 0.483194 0.830323 1.06361 
2.60734 0.896768 1.37319 1.05991 
1.66403 0.138488 1.44959 1.03794 
0.82658 2.17493 0.893343 0.947547 
0.831876 0.533784 0.829017 1.10365 
0.28774 0.738457 1.19446 0.939534 
2.26916 1.6628 1.11664 1.12784 
0.861199 4.18102 1.50023 0.896993 
2.91433 0.779309 0.860405 1.04321 
0.0639253 0.126108 1.48675 0.822988 
0.0575387 1.00606 1.06435 1.09912 
0.327348 1.5958 0.996349 1.04293 
0.135036 0.399121 1.24512 0.975438 
0.832835 1.01599 0.894239 1.10099 
0.438063 0.242318 1.45071 0.83672 
1.85321 0.0520768 0.566319 1.07821 
1.8875 0.567102 0.641275 0.837221 
2.33875 1.36053 1.28152 1.3406 
0.81151 1.41367 1.03281 0.794779 
3.3114 0.727674 0.451281 1.03237 
0.424098 0.760122 0.351983 0.890226 
8.70877 1.04574 0.987276 1.09667 
4.82185 0.796534 0.419416 0.88983 
2.99047 2.02828 1.25326 1.11787 
0.0949997 0.432268 1.03368 1.06151 
0.236448 0.87988 0.690562 1.07388 
1.20875 0.483565 1.26173 1.02674 
0.885311 0.608709 2.0482 1.13111 
2.58053 0.13459 0.855072 1.07391 
1.62681 0.878189 1.13149 1.05395 
3.55289 0.259984 0.713434 1.21818 
0.35167 0.473896 0.808405 1.074 
1.55918 1.11609 1.30789 1.01954 
0.660163 1.16722 1.41389 1.23991 
1.63497 1.01722 0.556146 1.07182 
0.568519 1.80661 1.14579 1.01314 
0.556274 0.922047 1.04347 0.880632 
1.26412 1.46683 1.33729 0.870673 
3.02521 0.938439 0.959972 1.0466 
1.33527 1.31474 0.347334 0.969745 
0.374834 0.686478 0.754191 0.962067 
2.73456 1.86755 0.716791 1.12404 
0.056193 0.726887 1.14311 0.883536 
0.179819 0.103901 0.7317 0.975589 
0.107935 1.06321 1.11252 0.929196 
0.204534 1.07437 1.12817 1.00585 
1.2632 0.103594 1.49969 1.03293 
1.03864 0.109485 0.507805 0.766507 
1.39587 1.36819 0.807085 1.10098 
0.437899 1.36943 0.974561 1.06722 
0.372703 1.90933 0.797468 0.973371 
0.940368 0.995485 1.1414 1.029 
0.863434 1.52519 0.922229 1.08403 
0.302023 0.402957 0.670419 0.944101 
0.180002 0.460453 0.697034 0.906389 
0.359976 1.85914 0.859383 1.21241 
0.819099 0.518154 0.603065 1.03297 
3.26746 0.28641 0.991607 1.21125 
0.267795 0.600791 0.556112 0.985875 
1.42237 0.321056 1.33776 0.961168 
0.465647 1.56371 0.816141 0.904936 
0.732299 0.246933 0.852232 0.913618 
2.56727 0.850306 1.28695 0.980716 
0.402723 1.6469 0.944229 0.865896 
1.27763 0.198107 0.948951 1.12423 
0.855441 0.13045 0.801661 0.971297 
1.15173 0.645799 0.948209 1.05924 
1.13315 2.47898 0.952796 1.06252 
0.805897 0.900184 1.04829 0.918411 
2.05063 1.02966 0.815875 1.03376 
0.392194 0.181137 0.404908 0.839197 
0.42064 0.164707 1.91661 1.0203 
0.671164 2.53733 1.6022 1.07251 
2.54808 0.951529 1.34738 0.922019 
0.244457 0.719634 1.72022 0.958257 
0.094827 0.19698 1.00106 0.996052 
0.21287 1.06766 1.25157 0.873163 
0.137699 1.13145 0.59701 1.04378 
0.33845 1.31372 1.24252 1.18337 
0.0868017 0.807735 1.45575 1.01983 
0.180385 0.845479 0.571626 0.987651 
1.46647 0.435095 0.397337 1.15504 
2.0198 0.836371 0.704989 0.989721 
0.261594 1.91307 0.987645 1.1107 
0.676756 0.669669 0.804943 1.20386 
0.502634 0.379175 0.79224 0.952485 
4.36784 1.12928 0.901105 0.975359 
0.557487 2.00357 0.705584 1.3293 
3.2433 1.7582 1.70009 0.997104 
1.15251 1.00137 0.94382 0.870796 
0.127117 1.86875 0.861282 1.02217 
0.253195 1.06591 1.26404 0.918713 
1.16984 1.11575 0.984502 1.26824 
2.50494 0.168091 1.18142 1.03367 
2.49602 1.33081 0.885724 0.966277 
0.463887 2.44905 0.757066 0.960763 
0.383947 3.40763 0.912164 1.00369 
1.2146 0.681761 1.00712 0.900485 
0.2524 0.248528 0.720982 0.856649 
1.3442 0.624139 1.03185 1.07752 
2.62248 0.977903 1.37169 0.924621 
2.28161 3.13441 0.425456 0.911521 
0.122228 0.764535 1.20156 1.00778 
1.53812 0.59801 0.789067 0.971433 
0.602989 0.687156 0.609461 1.2566 
3.18643 1.70519 1.00244 0.92634 
0.990978 0.399529 0.605768 1.14607 
2.59767 3.97905 0.972992 1.06082 
0.4727 0.208007 0.895739 0.797694 
2.59065 1.00582 0.848937 0.964621 
2.9542 2.24629 0.93207 1.10566 
0.178656 0.816131 0.607759 0.938778 
0.152088 0.89121 0.928571 1.08912 
0.496576 2.44734 1.28514 1.27982 
0.511739 0.682001 0.723555 1.06233 
1.43985 1.67303 0.727425 0.899176 
2.19217 0.641119 0.756099 0.92058 
0.248676 1.01043 1.08734 1.08448 
2.29413 0.965324 1.64445 1.0383 
1.83464 0.318032 1.26758 0.945075 
0.0228983 1.85677 1.26429 1.13075 
0.080725 0.944214 1.20506 1.01764 
4.23986 0.384825 0.475564 1.0934 
1.98704 2.7365 0.759392 0.899537 
0.484764 1.50438 1.425 0.911338 
1.00924 1.20341 0.9842 1.07217 
0.319426 0.711517 0.899354 1.0876 
0.248273 0.558694 0.807551 1.06461 
1.6674 1.79128 0.995893 0.956738 
0.523306 0.566541 0.672182 1.01335 
1.11689 0.675102 0.848935 0.913212 
0.641011 0.928179 0.545578 1.02626 
0.0871593 1.01545 1.15573 1.13503 
0.706094 0.256852 0.739246 0.94438 
1.12405 0.399399 1.24815 1.03549 
0.595038 1.65137 1.29447 1.13901 
2.71965 1.06382 1.05304 0.923014 
0.467015 0.220771 0.930614 0.907401 
0.624224 0.756685 0.75083 1.10336 
4.52021 0.384283 1.41394 1.04461 
0.637198 1.52971 1.09938 1.11444 
1.98496 0.983665 1.78514 0.991217 
0.631858 1.61157 0.767541 0.959561 
1.03915 1.27255 1.25701 0.890007 
0.14608 0.264047 0.547366 0.958279 
0.815816 0.94425 1.61099 1.05243 
2.49511 1.3705 0.952512 0.913356 
0.948667 0.30034 1.00649 0.918054 
1.10039 0.53727 0.847869 0.976558 
0.287838 1.65527 1.285 0.757963 
0.261026 0.812316 0.774242 1.00239 
0.393942 1.15639 0.904316 1.00462 
0.822474 0.592956 1.10706 1.08457 
0.0667878 2.53158 1.45502 1.0517 
1.49852 1.77439 0.987068 1.15775 
3.58804 0.796652 0.949951 0.966011 
0.787315 0.523442 1.24126 0.972582 
0.632146 0.390953 1.07636 0.885712 
0.572105 0.530419 1.49205 0.933867 
2.81882 0.584259 0.967642 1.04262 
1.31041 0.319186 1.62844 1.06507 
0.877786 3.3709 0.945144 0.980988 
2.58748 0.727447 1.34559 0.75644 
0.658876 0.944544 1.35716 1.17851 
0.855462 0.656485 1.14174 0.893271 
2.23017 0.542829 1.59519 1.11592 
0.36805 1.93444 0.849373 1.06807 
1.02248 0.354736 1.12016 1.09003 
1.15928 0.146531 0.664725 1.04933 
0.0703513 0.347781 0.760074 0.87693 
0.395122 1.63041 1.28534 1.08511 
0.0167819 0.113512 1.22035 1.17719 
2.71627 0.695034 0.877498 0.950766 
1.28798 0.780855 0.863224 0.870166 
1.86515 0.581349 0.951318 1.01663 
0.288055 0.552489 0.866344 1.00103 
0.41959 2.99427 1.2326 0.90622 
0.0623614 1.60907 0.815887 0.896091 
0.233205 0.700831 0.725693 1.15913 
0.0619427 0.130211 1.06145 1.02951 
2.52879 0.352953 1.24774 1.02777 
0.722923 0.378491 1.39819 0.962226 
0.970209 0.550155 0.953353 0.939505 
0.283485 0.468291 0.581666 1.08683 
1.71552 0.767848 1.91923 0.99615 
1.03005 0.500012 0.846459 0.854072 
1.38085 0.254526 0.664095 1.00045 
2.62504 1.22709 1.05083 0.937465 
0.172184 0.139136 0.953997 0.946289 
0.900155 0.552397 1.23875 0.979437 
2.46296 0.890682 1.11349 1.02618 
0.0792453 1.67509 1.11264 1.15206 
0.208973 2.05239 1.05867 0.861172 
0.154393 0.843734 1.05016 0.903725 
0.000796948 0.604537 1.38289 1.09471 
1.89636 0.369082 1.37024 1.02149 
0.594735 1.12011 0.959962 1.00176 
1.08426 1.40693 1.03812 0.919339 
0.179128 0.73962 1.19706 1.02282 
0.768265 2.22642 0.909556 1.0319 
1.02738 0.936717 1.082 1.0233 
0.345639 0.686346 1.01894 1.12296 
1.0744 2.12685 0.64244 1.17996 
1.48684 0.270679 0.715337 0.892722 
0.575929 0.415567 0.90341 1.00785 
1.31829 0.133719 1.00663 1.03801 
0.890683 1.98111 0.741148 0.952587 
0.15031 1.69668 1.1606 0.943614 
1.08462 0.534235 0.696786 1.04956 
0.424346 0.785492 0.828549 1.03226 
0.961868 0.482862 1.0804 0.883996 
0.842398 1.28932 0.61987 0.88074 
0.765615 0.332727 1.05807 0.852404 
1.82511 0.743559 1.4738 0.810015 
0.156461 0.444526 1.20676 0.95668 
0.479318 1.27314 0.975995 0.810744 
0.218687 1.30772 0.987791 0.784019 
1.73964 3.93355 0.654407 1.03392 
0.0444685 0.237135 1.05692 1.11748 
5.83081 0.826314 0.885398 1.08836 
1.14452 0.677895 0.508693 0.869785 
0.674743 0.993779 1.48713 0.984505 
1.11565 1.26526 1.20801 0.976339 
1.04359 2.63301 0.958021 1.13724 
0.343685 0.678691 0.957543 0.944189 
5.92632 1.67171 0.425856 0.93877 
1.96429 0.858436 0.950236 0.890592 
0.314077 1.09665 0.740875 0.900684 
1.2939 0.781247 0.902554 0.981056 
1.25766 1.6297 1.61889 1.02535 
0.401466 1.47848 1.1154 1.03323 
0.162923 0.460139 1.51505 1.00268 
3.02015 0.982661 0.737647 1.04344 
6.33797 0.51288 0.987999 0.927628 
0.256829 1.24098 1.64893 1.09819 
0.384922 1.00822 0.296632 1.03023 
0.221852 1.71192 0.676314 0.858784 
1.22587 3.02273 1.19448 1.0433 
3.25432 0.932025 1.42414 1.02216 
1.14002 1.36324 0.799653 0.871789 
0.362723 1.52289 1.07511 0.818857 
0.795105 0.424272 1.16736 0.999629 
1.02701 1.18588 1.18864 1.05835 
5.16343 1.99977 1.38487 0.934021 
0.365684 1.6032 0.675165 0.998551 
0.875285 0.94888 1.03718 0.935942 
0.123414 0.545431 0.657466 1.09621 
0.32093 0.890835 1.54944 1.00001 
0.414927 1.36413 1.19672 0.94329 
1.07627 0.394372 0.665209 1.03657 
1.77173 0.397953 0.928518 0.985338 
0.362525 1.94334 0.855046 0.964532 
2.09129 0.36646 0.990575 1.01961 
0.872132 0.793301 0.411867 0.855652 
3.01341 0.273072 1.36253 0.902734 
2.54703 0.280912 0.736058 1.02426 
1.13234 1.08315 1.01721 0.994008 
0.498241 0.797819 1.60453 1.02781 
0.747738 0.857071 0.887437 1.05108 
0.861899 0.225167 0.943323 1.08727 
2.25793 0.43857 0.562713 0.844783 
0.101532 1.41059 1.0468 1.00524 
0.125457 0.649032 0.657315 1.05169 
0.400091 1.03318 1.22776 1.00187 
2.31772 2.44296 0.939162 1.02172 
1.53201 1.99243 1.14126 1.04552 
1.11144 0.672733 0.698386 0.926096 
2.47342 0.672115 0.899321 0.888983 
0.0638602 0.955489 0.669458 0.997765 
0.561412 1.822 0.904593 0.935872 
0.157884 2.13511 1.74223 0.843192 
0.637897 1.69625 1.12827 0.97311 
0.0253782 3.46797 0.790175 1.08085 
0.44953 0.25471 1.70055 1.03394 
0.412479 0.198364 0.901817 0.920345 
1.14702 0.596023 1.08422 0.888042 
0.810636 0.0347068 1.33462 1.02052 
1.87094 0.93294 1.07929 1.0593 
0.918328 0.337397 0.906045 0.996565 
0.134808 0.923252 0.671614 0.842281 
1.02634 0.423781 0.908817 1.17487 
0.42589 0.737342 0.916432 0.8462 
0.0165833 0.409995 1.28504 0.929394 
2.76043 0.572348 2.08647 1.00165 
2.27451 0.49921 0.893497 1.01015 
0.863299 1.4996 1.20164 1.02311 
0.799648 1.35353 1.07317 1.00042 
3.06148 0.551519 1.00971 1.08175 
0.226235 2.22023 1.02268 1.00209 
0.840921 1.50505 0.792217 1.03668 
0.778181 1.90011 1.73206 0.993135 
1.14138 0.852527 0.889816 0.895891 
0.525854 1.89746 0.76203 0.988758 
1.58638 0.520553 0.739371 0.952796 
0.774952 0.436063 0.907442 1.04985 
1.47608 1.92706 1.18926 0.961288 
1.28128 1.22834 1.32629 0.926103 
0.547454 1.5989 0.689326 0.934568 
0.138511 0.899536 0.937526 1.07065 
0.886689 0.467477 1.23306 0.935165 
0.420612 0.756942 0.608431 0.908335 
0.257812 1.36112 0.605946 0.852908 
0.476111 1.35349 0.666435 0.86377 
1.05281 0.187375 0.95264 1.02813 
5.01847 0.482305 0.648404 1.01057 
1.36855 0.816942 1.24194 0.918655 
0.82151 2.25702 0.719154 0.962665 
0.649558 1.77048 0.967066 0.970623 
0.296781 0.439619 1.1681 0.907719 
0.133228 1.44592 0.748292 1.13756 
0.96683 2.61681 0.894646 0.945498 
0.209188 0.0319737 1.70752 0.899528 
0.11276 1.39216 0.809772 1.07744 
0.567422 0.761283 1.06515 1.01883 
0.762671 2.51823 0.687301 1.09039 
0.231461 0.678913 0.618409 0.922999 
1.01867 0.268004 1.34394 0.877221 
0.774046 0.906929 1.09838 0.994132 
0.797357 3.00258 1.0125 0.830039 
2.33096 1.72521 0.895614 1.06517 
1.34893 0.223363 0.843368 1.00607 
1.43143 0.37268 0.887539 1.23012 
1.29242 0.811891 0.536093 0.780315 
2.13862 0.323718 1.57755 0.947638 
0.207875 1.43191 0.796854 1.10778 
0.732196 0.694056 1.07902 1.05807 
4.42698 0.852113 1.57883 0.75833 
0.0656933 0.815297 0.645376 1.03753 
0.316227 1.4033 1.02976 1.10561 
3.59603 1.07486 0.900677 0.974013 
2.6496 0.566423 0.78498 0.973263 
0.404564 2.46051 0.997552 1.16829 
0.569323 0.175018 1.31433 0.94313 
1.4139 0.970154 1.05688 1.00143 
0.0133255 1.18029 0.702962 1.11728 
0.637815 1.40124 1.25099 0.907246 
0.345726 0.837762 0.791486 0.998721 
0.626062 0.721442 0.663417 1.10615 
0.0136077 1.25451 0.567144 0.858269 
0.972426 0.30508 0.898086 0.96091 
1.11684 0.953832 1.57705 0.89814 
0.579899 0.802885 1.21085 0.957202 
0.0482757 1.34132 1.16429 1.01049 
1.19835 1.5657 0.804272 0.951497 
0.924616 0.0581007 0.284458 1.00377 
0.0962498 1.46861 1.40327 0.984594 
0.20725 0.734494 1.32385 0.83433 
0.0575174 0.988895 0.940916 1.0296 
0.420506 0.562416 0.966989 0.980273 
1.02483 1.41009 0.821373 0.850557 
0.636426 1.16406 1.28183 1.2394 
0.13446 0.318704 0.653406 1.16581 
0.141113 0.815766 1.12697 1.01883 
0.763553 1.05705 0.947223 0.808802 
0.3235 0.973332 0.450461 0.923856 
0.938254 1.19039 0.980847 1.11107 
0.146393 0.833045 0.828505 0.91697 
0.544944 0.539777 0.734339 0.949881 
0.115162 0.674586 0.943587 0.918396 
1.38376 0.175075 1.14257 1.00954 
0.922973 0.390602 1.00381 0.941898 
0.668654 2.50017 0.73262 1.12498 
0.432931 0.623758 1.13158 1.14177 
3.63339 0.922959 0.675344 1.0702 
0.171793 0.644235 1.10861 0.900647 
0.00767021 1.11259 1.30677 1.02658 
0.766577 1.33443 1.20459 1.12593 
0.166415 0.757696 0.946995 0.99869 
0.0542427 0.655499 0.918631 0.843354 
0.641902 0.151124 0.539365 0.947758 
0.13677 0.249395 1.06883 0.926537 
0.806742 3.05234 0.678699 1.14153 
0.684852 0.814699 1.19191 0.950988 
2.52445 0.553041 0.73588 0.992158 
0.22961 0.874277 0.668179 1.23347 
0.391985 1.54982 1.10686 0.965041 
0.695397 1.07814 1.28827 0.908607 
0.681218 0.646546 0.789933 1.04014 
0.085056 2.06674 0.811745 1.08308 
0.948533 1.35411 0.635984 1.19831 
0.618394 1.18827 0.447638 1.21286 
1.08248 1.19818 0.994122 0.942158 
2.24504 0.550725 1.24366 0.977112 
0.0360197 0.332895 0.92416 0.884577 
0.294761 0.901147 1.42232 1.02758 
0.603338 1.18258 1.459 0.846073 
0.18888 0.462305 1.18381 0.953286 
0.761496 0.406573 0.984312 1.13701 
1.08932 0.121317 0.987608 0.777696 
1.53806 1.22759 0.513171 1.14332 
1.99585 1.38563 1.00986 0.941597 
0.536225 1.84462 1.10744 1.16974 
0.546851 0.747878 0.946861 0.917622 
0.347159 1.15699 0.800804 1.11903 
0.621018 1.22266 0.578814 1.14809 
1.09675 2.04533 1.52821 0.844581 
2.195 0.787152 0.631391 0.91682 
0.718412 0.472394 1.79928 0.943303 
0.740724 0.67491 1.54801 0.925839 
0.00847582 0.261018 1.19402 1.09395 
0.24894 0.680743 0.965456 1.06142 
0.131261 1.08289 1.70984 0.862297 
1.39854 0.386024 0.729251 1.00683 
0.935401 0.228876 1.25494 1.04554 
0.692565 0.456945 0.636439 1.051 
1.8628 0.737574 0.627172 0.910063 
0.166229 0.252775 0.922016 1.11936 
0.155821 0.9878 0.880594 0.992576 
1.16632 1.93404 1.11217 1.01592 
0.303809 1.2215 1.38102 1.06201 
0.949306 1.53564 1.18838 1.19483 
2.25475 2.15286 0.785364 0.928395 
1.4876 0.750831 1.10035 1.07265 
0.181356 0.40924 0.814256 1.09218 
0.718232 1.00597 1.72495 0.924853 
1.34349 0.935648 0.713539 1.01938 
0.272467 0.546891 0.872586 1.30193 
0.0960805 0.713824 1.2475 0.873279 
2.33644 1.45028 1.12284 1.1955 
0.101912 0.548021 1.5538 0.86526 
0.239257 0.864583 0.788617 1.0522 
1.16091 1.36711 1.12302 1.02962 
1.59409 1.38598 1.02171 1.01011 
1.61414 1.47362 0.806201 0.898013 
0.536793 0.624363 0.947669 0.951598 
1.99927 1.04278 1.10265 0.988316 
0.0204054 1.86155 0.787813 0.968559 
0.0520709 0.157485 0.541868 1.0764 
0.554573 0.953952 1.3961 0.949223 
1.4676 0.979429 0.724483 0.89781 
0.801361 1.83133 0.536233 0.933364 
1.82835 1.05641 0.474854 1.33087 
3.08587 0.608106 0.764141 1.03385 
0.242812 0.228412 1.12725 1.09703 
1.1208 1.56539 1.15445 0.991365 
0.940604 0.334414 1.7332 0.892881 
1.19296 0.265902 0.832084 0.973811 
0.166999 0.491279 1.20018 1.10855 
1.1163 0.327112 0.710199 1.03503 
0.152985 0.223758 0.932533 1.05305 
3.6566 0.174437 0.488761 0.909429 
0.00975189 1.16164 1.41026 0.873689 
0.0344279 1.96371 1.28437 1.22378 
1.08914 1.0668 0.937159 0.878535 
1.48172 1.5567 0.691155 1.03436 
0.535928 2.29616 0.782713 1.06716 
1.00744 0.584329 1.06851 0.991027 
0.595716 1.21427 0.529578 0.985826 
1.59215 1.29631 0.743813 1.13707 
0.469036 1.64769 0.538674 1.08635 
0.741075 0.658739 1.49087 0.846383 
0.564671 3.44148 0.603687 1.05262 
1.59825 0.559293 0.941078 1.03864 
0.90255 0.28593 1.37991 0.866985 
0.669003 0.483178 0.612814 0.890484 
2.7491 0.692414 1.56453 0.920671 
0.645762 1.95711 0.738856 0.989547 
0.332447 0.317466 1.1667 0.979792 
0.590076 1.92087 1.09702 1.28136 
0.0564425 1.57546 0.640804 0.835766 
0.98381 0.551579 0.795579 0.94899 
2.08433 0.444064 0.922967 0.918969 
0.0415989 0.141327 1.30722 0.985547 
0.942183 0.406444 0.510503 0.881802 
1.07845 2.26174 1.16857 0.94847 
2.20666 0.261047 1.13939 0.985177 
2.91537 1.40144 0.820689 1.20879 
0.466346 1.16222 0.488226 0.981574 
0.00395952 1.14635 0.489653 1.05669 
0.530956 1.04959 0.82281 1.12364 
2.93425 0.602978 0.842685 1.02276 
0.258496 0.955797 0.707623 0.986712 
2.05131 2.17518 1.33152 1.13136 
3.47446 1.09908 0.865972 1.09102 
0.883278 0.677722 1.17198 0.886742 
0.547016 0.791684 1.01466 1.12142 
0.348097 1.60164 1.0898 1.12673 
3.68664 2.67704 0.951651 1.23702 
0.144112 1.31301 1.84472 0.872847 
1.09192 0.830942 1.339 0.914558 
1.22575 1.12507 0.436872 0.998461 
0.295906 1.91167 1.0236 0.942111 
0.0190262 1.6 1.27602 0.978344 
1.12876 0.127544 1.03757 1.13075 
0.794221 0.65862 1.09197 0.931924 
2.94575 0.716989 1.11071 0.976707 
0.232916 1.86563 0.691461 1.1117 
0.350898 0.321733 0.506072 1.17962 
1.5872 0.244279 1.5243 1.04969 
0.329044 0.691258 1.16771 1.0736 
2.03514 0.74761 0.747134 1.04693 
0.419057 0.0918088 1.02141 1.09638 
1.58763 1.58341 0.583686 1.22772 
0.462413 0.863338 0.782659 1.10928 
0.0563701 2.29365 1.13861 1.02981 
0.498348 0.18127 1.1788 1.16779 
1.0593 1.75818 0.540624 0.910626 
0.419616 3.12166 1.02744 1.04308 
0.0510392 0.530271 0.90162 1.0034 
0.0942405 2.42002 0.519947 1.11699 
0.54019 1.73723 0.785007 0.957608 
0.271832 0.754823 0.955992 0.818622 
2.76912 0.295436 0.762286 0.995073 
1.53646 1.95875 0.825021 1.13398 
1.44764 0.654669 0.727534 1.06223 
1.21075 0.90193 0.878138 0.930146 
0.23367 0.40198 1.1027 0.968072 
0.830944 2.65842 0.859471 1.12778 
0.536094 0.444936 0.738337 1.10804 
0.0450305 2.68388 0.901775 1.05794 
1.8319 0.490405 1.60326 1.01472 
0.139552 0.808818 1.00693 0.950998 
0.533987 1.62238 1.09141 1.22972 
1.33452 1.71962 0.985179 1.05523 
0.000206142 0.260958 1.32202 1.12262 
1.19842 1.40213 1.76095 0.814239 
0.303525 0.287468 1.33215 1.07151 
1.16526 1.80875 0.820469 0.847972 
1.45466 2.51019 0.844181 0.929097 
4.16924 1.04994 0.949531 1.05397 
1.92268 1.27205 1.23405 0.961121 
2.04424 0.115647 1.67795 1.18112 
0.2805 0.0992102 0.782976 1.15393 
0.531127 0.699815 0.909669 1.05442 
1.81174 1.07232 2.03576 0.903186 
0.343291 1.2791 1.49505 0.878457 
0.0401176 0.217365 1.35542 1.02356 
0.874607 1.15893 0.865382 0.93449 
0.615371 0.523683 1.00186 1.09648 
0.488694 0.6456 1.37897 0.990236 
2.03319 1.11283 0.672255 0.83321 
0.984325 0.775589 0.36751 1.00791 
1.18068 0.319858 0.759294 0.967057 
0.215137 1.19383 1.26969 0.868681 
0.604024 0.896722 0.8836 1.17375 
1.33183 0.728596 0.867456 0.961091 
0.616675 0.876897 1.74545 0.896898 
2.29391 1.76992 0.921216 1.00286 
1.63981 0.187059 0.637758 1.13318 
1.13429 1.27877 0.933305 0.904976 
0.930757 0.0238673 0.446155 0.86474 
0.667202 2.60038 1.0547 0.911218 
0.472065 2.18516 1.30756 1.1613 
0.833868 1.03391 0.5944 1.11785 
1.47481 0.596263 1.38089 1.02735 
0.238208 0.482829 0.971099 0.933389 
1.24895 0.940936 1.45157 1.00484 
0.229567 0.811871 1.78786 0.916034 
3.37786 1.92703 1.10864 0.858738 
1.41352 1.12439 1.38078 0.961935 
0.810954 0.277796 0.774597 0.957314 
2.791 1.11104 0.814482 0.977946 
0.330952 2.80543 1.49548 1.04605 
0.829334 1.58534 1.02632 1.06208 
0.762159 1.36518 1.34923 0.939082 
0.423107 0.583297 1.05732 0.89423 
0.168217 1.15562 1.32364 1.02348 
0.575106 0.455939 2.02893 0.918722 
0.710823 0.977867 0.797102 0.920716 
0.504657 1.61302 0.677908 1.16714 
1.35859 1.79397 0.755422 0.973186 
1.85882 1.26704 0.661208 0.883412 
0.664449 0.183178 0.895953 1.23806 
1.23462 1.223 0.819589 0.865408 
0.768427 1.15856 0.650838 0.830986 
0.142626 0.598608 0.866726 0.885924 
2.51419 0.854439 0.686832 0.937765 
0.146129 0.301158 0.907041 0.999502 
0.124488 1.14728 1.18365 0.951055 
0.305388 0.892878 1.06323 0.962928 
0.106287 0.104659 0.770313 1.1062 
4.20781 0.305657 1.20717 0.991253 
0.149797 1.44719 1.12923 0.994164 
0.870607 0.903825 0.812845 0.984492 
0.591315 0.389634 1.28717 0.984416 
0.184595 0.324217 0.892848 1.14682 
2.41999 1.79588 1.2099 0.950309 
0.175002 0.617751 0.755518 1.15049 
0.462341 0.809787 0.927327 1.06655 
0.303902 1.1431 1.00738 1.03178 
0.662646 1.57021 1.0945 0.994527 
0.79016 2.06506 0.563977 0.898879 
1.54714 0.258399 0.753514 0.883163 
0.170171 0.196077 1.02182 0.946941 
0.945786 0.736222 0.456494 0.959301 
0.185642 0.758021 1.09996 0.980702 
3.24646 0.569275 0.613285 1.15347 
0.222362 0.384165 1.76985 1.06692 
0.389865 1.52527 0.877462 1.04922 
1.90929 0.844474 1.14673 0.987116 
1.1317 0.484469 1.41163 0.871212 
0.99425 1.23648 1.47866 1.10481 
2.04523 0.818816 0.725279 1.17349 
1.50378 2.19738 0.990552 1.20872 
1.58728 0.910286 0.480926 1.21245 
0.0164261 0.568993 0.853713 1.03028 
0.356312 0.777156 0.964729 0.843261 
0.0140596 1.53315 0.462711 0.968364 
1.7957 1.45255 1.13453 1.10033 
0.337211 1.1137 1.18744 1.06898 
0.829539 0.699606 0.858454 1.02685 
0.652814 0.704376 0.533523 1.0552 
0.045552 1.61617 1.1405 0.997644 
2.76689 0.535359 0.890234 0.952175 
1.42157 1.31845 1.08136 0.873087 
0.645775 0.864845 1.04173 0.855237 
0.82278 0.503215 1.06731 0.936234 
2.2333 2.59258 1.20986 0.917495 
0.287698 0.801512 0.855987 1.00765 
0.182374 1.61184 0.959743 1.00957 
1.61968 0.575882 1.21233 1.09904 
0.228073 0.449547 0.823413 0.944436 
0.0153068 0.884698 0.892175 1.17097 
0.384444 1.95819 1.17837 0.888059 
2.63334 4.52717 0.58982 0.896805 
2.98414 1.73539 0.547664 1.00243 
2.39008 0.626637 1.4151 1.06782 
0.204144 0.0478681 1.28455 1.00585 
0.419473 0.175773 1.2265 0.897834 
0.056058 0.289933 0.610111 1.03016 
0.69764 1.07181 0.840782 1.28355 
0.700024 0.138153 1.19895 1.08874 
0.0371803 0.14212 1.41328 0.938505 
1.21618 2.02406 1.47007 1.02041 
0.115035 1.09905 1.18597 1.16106 
0.809722 0.579359 0.678003 1.09291 
2.95579 0.154269 1.37606 1.08083 
0.17931 0.775165 0.466165 0.90741 
0.207758 0.732759 0.658523 1.02268 
0.186252 0.985403 0.579002 1.06986 
2.66282 1.03425 1.17817 1.06987 
0.467977 1.31389 1.00971 1.2431 
5.55002 0.557257 0.938183 1.04977 
0.316937 1.17925 0.803862 1.05613 
1.63284 1.78462 0.566592 0.870751 
3.23119 0.585585 0.839691 0.956369 
0.927441 1.12893 1.18359 0.932565 
0.442121 1.00136 0.636136 0.932925 
0.238032 1.08893 1.20914 0.869786 
0.690446 1.87036 1.21523 0.780317 
0.984755 1.29922 0.829064 0.870325 
0.327096 0.218771 0.491774 1.07623 
0.562355 0.941631 1.06526 0.946504 
2.92771 2.24519 0.977365 1.0574 
1.24705 1.22096 1.26159 0.972363 
0.878576 0.480676 1.27333 0.811105 
0.399792 0.576732 0.983392 0.898571 
0.244838 0.200397 0.549465 0.920419 
0.334632 0.604858 1.30689 0.970575 
1.45802 1.19332 0.657682 1.07284 
0.649849 0.166524 0.917677 0.927301 
1.21398 0.182383 1.15881 0.877938 
0.975654 0.487693 0.795309 0.807159 
0.209098 0.752425 1.00699 0.817939 
2.07981 1.0619 0.761464 1.05426 
3.54002 0.58633 0.873871 0.738813 
0.599925 1.43211 1.71841 1.19608 
1.38996 0.477592 1.07061 1.0726 
0.917939 0.554062 1.20664 1.06375 
0.897322 1.92199 1.53821 1.02183 
3.4625 1.58918 1.01341 1.11672 
0.0431001 1.01982 0.689941 0.91759 
0.0246789 1.90402 1.12436 1.14662 
1.00111 0.939835 1.13613 0.954931 
0.0598869 0.34759 0.865993 0.864307 
0.784874 0.664387 1.24947 0.839879 
0.38671 2.44924 0.687452 0.938633 
0.425057 0.17479 1.46012 1.00286 
0.504969 0.507716 0.888893 1.04989 
0.402247 1.019 1.05574 0.923403 
0.679712 1.13092 1.117 0.940632 
0.472702 0.610928 1.18341 0.872564 
0.846992 0.566573 0.691786 1.07945 
1.22019 0.568416 1.15411 0.951754 
0.818419 1.80056 0.774545 0.882698 
1.19148 0.997039 1.70575 0.974922 
0.329359 0.261922 0.71662 0.855569 
0.573553 0.468035 1.35482 1.00735 
0.052201 0.872266 0.685086 1.05358 
1.37216 0.798904 0.978232 1.00797 
0.3522 1.46253 0.865789 0.839434 
0.351473 0.589497 0.988414 0.892964 
0.963177 3.53245 0.594104 1.1802 
4.7407 0.777858 1.02732 0.9097 
0.387566 0.956418 0.512619 0.973771 
1.02378 1.18933 0.720619 0.876589 
1.37893 1.33668 0.93657 1.2246 
0.365036 1.06876 0.813346 0.859886 
0.085677 0.790902 1.32432 1.16692 
2.16263 1.70824 0.969313 1.06059 
6.38064 1.02822 0.943118 1.09504 
0.427902 0.346361 0.614543 1.03768 
0.219429 0.933361 0.742018 0.922131 
0.468091 0.270483 0.75098 0.970596 
0.831549 0.470786 1.00763 1.06513 
0.0297832 0.410263 0.940697 1.12785 
0.365036 1.37785 0.914451 1.0098 
0.937131 0.897801 0.853306 0.953712 
0.563555 0.402119 0.973549 0.866652 
0.343148 0.385175 0.918587 1.0372 
2.08894 0.481488 1.6059 0.969151 
0.0106283 0.342213 1.25277 0.883502 
0.180364 0.48754 1.07953 0.936401 
0.157262 0.122423 1.39204 1.00967 
1.24121 0.252573 0.582167 0.897589 
1.84005 1.62254 1.13697 0.912044 
4.45275 0.881738 0.88555 0.837661 
0.0604747 0.281122 0.598192 0.97881 
0.847094 0.866182 0.748387 1.00035 
1.91435 1.63202 0.969862 1.00121 
2.123 1.19817 0.821292 0.829704 
0.761481 0.743028 1.24249 1.02082 
0.258683 1.05601 0.981734 0.900774 
0.728981 0.747428 0.89854 0.97261 
0.00339056 1.21643 1.06165 1.00989 
1.65448 0.839127 0.338184 0.879487 
1.00556 0.730456 1.09147 1.11117 
1.89816 0.440499 1.14053 0.83306 
2.19817 0.535872 0.592486 1.01153 
3.24797 0.431785 0.818351 1.11542 
0.635101 0.515578 0.89008 0.913556 
5.30897 0.504938 1.25817 1.09365 
2.04255 0.958405 1.211 0.98805 
1.46439 0.279944 0.476689 1.10916 
2.82298 1.11831 0.948585 1.0539 
1.9969 0.533255 0.872125 1.19947 
2.06821 0.284546 1.54849 0.941427 
0.639214 0.52342 0.675872 1.1303 
0.055407 0.10464 0.662391 0.848127 
0.691339 1.42712 1.57519 0.931289 
0.839642 0.388646 0.929005 0.798505 
0.0858408 1.50027 0.620558 1.03977 
0.704117 0.560886 0.571384 1.02444 
1.70357 2.30677 0.706041 0.892419 
0.17872 0.234953 1.70505 1.00045 
0.0228282 0.613672 0.765114 0.955922 
0.361877 0.508449 0.88606 0.853923 
1.02459 1.08084 1.25828 0.864021 
2.94593 1.43557 1.01435 0.98584 
0.787409 0.958641 0.614864 1.05115 
0.214395 0.511469 1.37143 1.01709 
3.09463 0.200148 0.893493 0.919715 
0.798575 0.565745 1.50516 1.00701 
0.136166 1.71144 0.635255 1.10937 
0.28476 1.19723 1.12588 0.891397 
0.322184 0.344503 0.772049 1.07972 
0.629962 0.838585 1.08512 1.10969 
1.29301 0.686445 0.99148 1.3179 
0.603535 1.17291 0.891849 0.840119 
0.906846 0.967164 1.04025 1.04052 
0.836528 0.791208 0.680502 1.00957 
1.20983 0.961919 0.576688 1.05834 
0.100674 2.09017 0.890375 1.04596 
0.0478679 0.279121 0.830476 1.22122 
0.161281 0.380282 1.25159 1.07136 
0.0644892 1.62115 1.19883 1.04899 
0.0172948 1.33332 1.32822 1.03753 
0.335274 0.876676 1.56979 0.933358 
0.0900625 2.07228 1.50088 1.02768 
0.78338 3.29246 1.06665 1.10697 
0.929186 1.46293 0.931166 1.10823 
0.465579 0.805579 1.16375 0.967487 
0.0284397 0.617004 1.33505 0.998651 
0.581115 0.852475 0.901625 1.04179 
0.551078 0.820613 0.647678 0.947993 
5.8386 0.816038 0.733933 0.992662 
0.815352 1.01253 1.27617 0.983656 
3.45557 0.604882 1.08123 0.96338 
2.38632 0.434568 0.43338 0.858352 
0.379621 2.10109 1.74672 0.982767 
0.426385 1.03019 0.754054 1.0837 
0.648128 2.25937 0.646893 0.971914 
0.1332 1.01297 1.24993 0.972301 
0.261073 1.25587 0.762948 0.9812 
0.158449 0.353133 1.66697 0.802151 
0.00321572 0.446762 0.890753 0.935585 
0.617176 2.04775 0.704543 1.13806 
1.77491 1.40104 1.23615 1.12132 
0.124115 1.71312 0.933778 1.01487 
0.325587 0.430461 1.30245 1.17177 
1.32724 1.1277 1.04607 1.08049 
0.210242 1.34909 0.85807 0.949691 
0.494218 0.89683 0.849261 1.00454 
0.236166 0.738993 0.96521 1.09093 
1.67127 0.82634 0.671042 1.06 
0.19701 0.581605 0.946556 0.935466 
0.709177 0.610303 1.1683 0.849884 
1.5487 0.980436 0.875797 0.89715 
1.34201 1.19052 1.27794 0.912931 
0.056958 1.65719 1.31267 1.07846 
1.52605 0.414793 0.53853 1.30648 
1.39827 0.734895 0.642735 0.890551 
1.98499 0.273921 1.24363 0.923174 
4.69448 1.71564 1.13786 1.10856 
1.63699 0.190669 0.829661 1.13117 
2.43981e-05 2.02318 0.975495 0.909125 
1.08609 1.27803 1.13342 1.06388 
0.409249 0.469795 1.15729 0.913831 
2.95229 0.9398 0.830679 1.04861 
0.928023 1.1575 1.01592 0.906673 
0.204784 1.50407 0.848815 0.835769 
0.468363 0.331289 0.990824 0.761167 
0.437251 1.83919 0.760324 1.16875 
0.343601 1.26032 1.18125 0.911072 
0.415239 1.68422 0.762536 0.970527 
1.24335 0.378513 0.957825 0.933264 
1.2615 1.26885 0.489919 0.911262 
3.00861 0.860066 0.634361 0.989959 
1.78788 1.15317 0.726555 1.00434 
1.44112 0.648051 0.887325 1.02478 
0.0804974 1.23529 1.45802 1.03881 
2.33343 1.9617 0.980454 1.10291 
0.63412 0.540163 1.17584 1.11325 
0.554892 1.45385 1.17521 0.990428 
0.808731 1.23727 1.31767 0.894243 
1.45689 0.980802 1.47458 1.19756 
1.81478 0.505276 0.887562 1.14122 
1.53526 3.02726 1.17295 1.01488 
1.2775 0.75153 1.15789 1.17098 
0.261505 2.4457 1.11411 1.18075 
0.178027 0.862835 1.35745 1.13648 
0.330287 0.49697 0.525454 1.00203 
0.381931 0.835975 0.660368 0.978419 
0.387604 0.96685 0.873829 1.03558 
0.392873 0.920971 0.814438 1.0681 
0.352551 1.46303 1.03704 0.916059 
0.00241293 1.30786 0.812452 0.938808 
2.8647 1.46215 1.14354 0.953729 
0.9632 0.880892 0.810536 1.14387 
0.916993 0.633755 0.7569 0.836409 
0.377646 1.5205 0.488385 0.990527 
2.35416 0.418512 1.32927 1.10362 
1.78888 0.48823 1.12769 0.931664 
5.26915 2.05996 1.16277 0.989274 
0.335687 0.423219 1.18786 0.899979 
0.272786 0.951968 0.833795 0.927541 
0.573403 1.17377 1.0035 0.927782 
0.132159 0.434221 0.725911 1.09902 
0.0717745 0.646685 0.696638 0.942796 
0.675819 1.54068 0.501266 1.03255 
0.00480844 0.636796 1.02468 0.876134 
0.623492 3.31881 1.0864 1.06799 
0.374817 1.49673 1.64837 1.03161 
0.737815 0.858391 1.66222 1.03861 
0.524773 1.08567 1.25303 1.08481 
1.38471 0.877185 0.888975 1.02989 
0.0389615 0.211168 1.27593 0.871881 
0.225984 2.41198 1.13154 0.896528 
0.479427 1.47588 0.716077 0.936268 
0.560779 0.282752 0.746097 1.04284 
1.84656 1.18604 1.39626 0.952779 
1.14169 0.254752 1.4735 0.860195 
1.92364 0.758332 0.723002 0.979382 
0.2907 0.863088 0.957642 1.04592 
1.85172 0.835025 0.777538 0.865078 
0.651398 0.765009 0.773293 1.14804 
0.623048 2.88368 0.74786 1.15755 
0.0721235 1.24673 1.06175 1.09716 
1.64092 2.38816 0.84353 0.931138 
1.52889 1.64819 0.80356 1.04684 
1.5279 2.26773 1.19165 0.973483 
1.13736 0.582612 1.18315 0.938824 
0.368431 1.11904 1.06486 1.06737 
1.07916 1.06811 1.48573 0.973891 
1.0583 0.62465 1.40684 0.941125 
1.3451 1.07532 1.08899 1.21634 
1.71829 1.72735 0.883585 0.912422 
0.672938 1.28685 1.42106 1.01565 
0.322978 2.01588 1.06536 0.924674 
4.12013 0.298822 1.54252 1.02296 
1.47232 0.0682314 1.31364 0.980179 
0.382427 1.05343 1.15172 0.886801 
4.24443 2.02643 1.17889 1.00414 
0.23222 0.310006 0.753143 1.08403 
0.715966 0.711873 1.16715 0.859992 
1.47006 0.676175 0.826079 0.969259 
0.790409 0.835808 0.830343 1.01815 
0.99405 0.647136 1.55855 0.939951 
1.34311 0.673702 1.11082 0.818887 
0.131471 1.43006 0.685218 1.02319 
2.33259 0.176855 0.875288 1.13556 
0.92368 0.283613 0.646496 0.980073 
0.226865 0.472592 0.628805 0.958398 
0.937584 0.620056 1.09136 1.02932 
0.160161 0.903355 1.21731 1.04313 
0.513131 0.586274 1.21991 0.909876 
0.0292089 0.78847 0.924264 0.850628 
0.346098 0.763547 0.840836 1.13552 
0.663094 0.794132 0.916607 1.05791 
1.09905 0.604023 0.991943 0.998124 
0.0381842 0.84773 1.18883 0.949359 
0.350236 0.395194 1.0518 0.996547 
1.31578 1.31895 0.825071 1.0671 
0.581035 1.05142 0.952317 0.932728 
4.28795 0.42304 0.748988 0.844365 
1.25698 1.83541 0.494248 0.892562 
1.39276 1.00914 1.78334 1.01909 
0.907599 2.27285 0.420805 1.1036 
0.776285 0.206136 1.09583 1.08483 
0.989781 1.12124 1.225 1.01287 
0.994535 0.588284 0.986726 0.910125 
1.10028 0.396528 1.11776 0.888225 
0.411521 1.22799 1.17754 0.935354 
1.41359 0.0649091 1.28033 0.931874 
1.30706 0.616075 1.29576 0.972238 
1.68505 2.53358 0.915205 0.735438 
0.0472946 1.49709 1.16161 0.86648 
2.1051 0.120811 1.0606 0.880128 
0.455505 0.701061 0.836085 1.02495 
0.158555 0.207648 0.522451 1.01124 
0.820814 0.755275 0.442574 1.04153 
0.533616 1.00257 1.45014 0.884749 
0.0047866 0.562938 0.905683 1.03755 
0.371334 0.380153 1.33679 1.1142 
0.266922 0.288455 0.742722 0.937739 
1.32474 0.527932 1.22653 0.887617 
2.66762 0.894867 0.446802 0.940087 
1.29239 3.12587 0.916636 0.942206 
0.645813 0.929011 1.37753 1.41774 
0.0169726 1.69101 1.10242 1.05937 
0.637116 0.905932 0.98147 0.867366 
1.94249 0.705395 1.63277 1.23767 
0.313187 1.71202 1.33511 1.10836 
0.903056 0.450872 1.30687 1.09184 
0.460849 0.830996 0.946493 0.909271 
0.352988 0.557657 1.14302 1.02825 
5.39886 0.0236904 1.23517 0.929993 
4.08486 0.554875 0.668269 0.869532 
2.05682 0.291712 1.17648 0.893092 
0.453121 0.298482 1.50101 1.13423 
1.49522 0.457453 1.0841 0.912428 
0.801935 0.468799 0.994429 1.04092 
1.79723 1.33524 0.947618 1.10709 
0.569303 0.766876 0.872879 0.957808 
0.975876 0.222952 0.729262 0.995266 
0.293639 1.2004 0.767148 1.00821 
0.904724 1.07751 1.39925 0.854334 
2.31309 0.251336 0.768105 0.906963 
0.00277649 0.945789 1.4761 0.992907 
0.222164 0.838412 0.790125 0.968197 
1.80665 0.280258 0.966137 1.00376 
1.54824 1.23378 1.33134 0.959969 
0.57779 2.19675 1.03629 1.15244 
0.00675379 1.0437 0.66225 0.814315 
3.07152 2.95431 1.14219 0.963767 
0.682747 1.1238 1.2055 1.10231 
0.111516 1.73464 0.481007 1.02917 
0.00201916 0.859595 1.33816 1.04033 
2.50909 1.23496 1.69954 0.921138 
1.09614 1.5494 1.28468 0.920848 
1.75103 0.903596 1.03794 1.1008 
3.3427 1.14362 0.972907 0.935839 
2.40673 0.496178 1.17547 1.16058 
1.31549 1.42178 1.32462 1.03675 
0.72169 1.48714 1.04489 0.85919 
0.45129 0.663854 0.832415 0.888465 
0.568569 2.1737 0.926745 0.99847 
0.664948 0.358997 1.07776 1.08657 
0.221967 1.29084 0.767377 0.984728 
0.257046 0.780226 0.701721 0.98999 
1.97186 0.971877 0.777087 1.21049 
0.461019 0.870385 0.737525 0.953062 
1.5609 1.08005 0.385595 1.18581 
1.44811 1.77794 0.960418 0.809503 
0.598118 0.746842 1.11876 1.1566 
0.536089 0.41655 1.09402 1.0582 
0.512668 0.87445 1.2102 0.881512 
2.17896 0.521161 0.574859 0.929343 
1.17391 0.893558 1.50423 0.890506 
1.23392 0.685148 1.42546 0.869569 
0.326015 1.14242 0.938204 0.955839 
0.487278 2.07136 1.03267 1.06345 
0.185691 2.1178 0.838789 1.18397 
0.608551 1.1792 0.814234 0.980467 
0.390506 1.82064 0.693255 1.00256 
2.70011 0.130175 0.657375 1.115 
1.83281 0.911146 0.977409 1.01022 
0.357983 1.66186 0.738473 0.933194 
0.204824 2.3122 0.919616 1.03427 
0.596956 0.386907 1.316 0.909514 
0.601122 0.510524 0.983155 0.914579 
0.600068 0.621293 1.0238 0.884403 
0.843172 1.3534 1.07503 1.02606 
2.35146 1.31857 0.746904 0.978406 
0.917799 0.453286 0.996555 0.942211 
1.23902 0.732593 0.704367 1.15257 
0.667001 0.707159 1.09611 1.0615 
0.257109 1.00835 1.00161 1.0689 
0.298531 1.2809 1.79934 0.924483 
0.054837 0.514647 0.554151 0.864126 
1.38426 1.51733 0.760292 1.02742 
0.965817 1.05377 1.10971 0.899877 
0.30839 1.13695 0.872045 0.99359 
0.733408 0.955451 0.648695 0.933788 
0.312929 1.42029 1.45912 1.08901 
0.0800029 0.393883 0.855767 0.982563 
2.74258 1.73429 0.901967 0.915386 
0.818381 0.0433551 0.771239 1.08037 
0.152833 1.28662 1.0785 0.952653 
2.22818 0.985868 1.15228 0.955393 
0.101654 0.581718 1.27418 1.09004 
0.747608 1.69054 0.611561 1.02378 
1.38947 1.12644 0.708032 1.0363 
0.241351 1.76714 1.02035 1.08711 
0.415924 1.95209 0.84804 0.978987 
1.17378 1.28279 0.849639 1.00565 
0.0951716 0.730641 0.593412 0.951745 
1.01698 1.71419 1.42598 0.889773 
0.458076 0.0914506 1.58319 0.98738 
0.18658 0.602685 1.14861 1.12392 
0.387947 2.19609 1.59232 0.882657 
3.7147 0.637873 1.07764 0.920398 
1.56538 0.549885 0.688827 0.910841 
2.30252 1.20772 1.24039 0.928019 
0.779587 0.373019 0.932541 0.962187 
3.97355 0.558291 0.801128 0.88045 
2.95367 1.76082 1.03658 0.805162 
0.979151 0.681014 1.15758 1.09386 
0.562734 0.322441 1.01356 0.942761 
0.326303 1.94118 1.02597 1.05435 
1.56134 0.283552 0.668031 1.03194 
0.819623 0.597214 1.1632 1.16915 
0.932703 0.947961 1.3552 1.03636 
0.0792932 0.331424 1.41833 0.994422 
0.068839 1.83342 1.11491 1.09404 
1.18924 1.1996 0.906797 0.913534 
0.148515 1.14002 0.899648 0.961526 
1.17326 0.454531 0.939232 0.877932 
0.388645 0.346819 1.50164 1.06989 
0.779885 0.24763 0.62827 1.0242 
4.25907 0.48902 0.911584 0.93283 
0.258907 0.18779 0.819273 1.07483 
3.7042 0.545656 1.23898 1.01253 
1.18427 0.243076 0.940393 1.07341 
0.733218 0.354717 0.805592 0.991405 
0.0618735 0.0877195 0.400004 1.03026 
0.438474 0.956234 0.957152 0.9813 
0.100899 1.45709 0.941714 1.05872 
0.535609 1.26373 0.560786 0.908028 
0.86759 0.516799 0.882629 1.12038 
0.322276 0.460908 0.975444 0.940928 
1.48966 1.2093 0.525746 1.03901 
2.87434 0.397892 1.41999 0.999855 
0.00783582 0.792917 0.853645 1.04427 
2.59242 0.23225 1.38465 0.985385 
1.15371 0.383819 0.827268 1.14235 
0.128069 0.071816 0.994194 1.01154 
0.170131 1.36771 1.10957 0.896823 
1.00978 1.71201 0.650756 1.08952 
2.22381 0.498109 0.527854 0.925819 
0.729343 1.08173 0.631898 0.963613 
1.39288 0.274413 0.844582 1.02973 
2.03408 1.93168 0.651984 1.04593 
0.662569 0.0858611 1.30068 1.00232 
0.693981 0.2017 1.25123 0.975639 
0.445435 0.0997298 0.951535 1.0976 
0.78095 0.289792 0.659612 0.824986 
0.643641 0.49345 0.965942 1.05568 
1.2062 2.18457 0.752708 1.18469 
1.19035 0.643475 1.49781 1.07603 
2.30343 1.4303 1.25063 1.12395 
1.00816 2.53977 0.847121 1.00896 
2.44374 1.07301 0.962348 1.15961 
0.163155 1.25773 1.15502 0.967625 
0.826819 1.49318 2.23411 0.988582 
0.21581 2.6017 1.11237 0.96772 
0.241612 0.91835 0.76953 1.0405 
0.0168025 1.15729 1.99425 0.988244 
0.335433 2.31785 0.857016 1.10966 
3.97023 0.618977 1.17424 1.0456 
0.855774 0.274274 1.05426 1.09354 
0.0964159 0.244096 1.08856 0.994794 
0.502528 1.52193 0.852925 1.02215 
1.53717 0.391909 1.02561 0.985586 
4.03323 0.238249 0.963056 1.23402 
0.0694493 0.587555 0.583535 1.06115 
2.16813 0.180763 0.493164 1.18405 
0.0577285 1.76296 0.680226 1.02564 
0.125963 3.63389 0.972719 0.937348 
0.19618 1.68444 1.03249 0.903474 
1.15615 1.60602 1.33509 0.909801 
1.49656 1.4777 1.15065 1.19605 
1.72377 1.81498 0.951713 0.896369 
1.83904 0.672475 0.674811 1.03748 
1.43338 0.221788 0.955166 1.01619 
0.434281 0.20546 1.96485 1.05161 
0.416578 0.970879 0.489547 0.883528 
3.14191 0.321903 0.62422 0.951785 
0.30621 1.54963 0.548108 1.05867 
0.216111 0.513035 1.05689 0.938724 
0.0967405 1.33989 1.47556 1.18121 
3.1684 0.500081 0.984557 1.06572 
2.44072 0.469782 1.03578 0.997662 
0.772854 0.27478 1.52585 1.06071 
0.111792 0.427135 0.771278 1.16593 
1.70364 1.72305 1.0044 1.12572 
0.0415258 0.562992 1.03918 0.929253 
1.76688 0.746318 0.796687 1.16673 
0.472885 0.68728 1.7938 0.862116 
1.1047 1.0433 1.24051 1.01328 
0.0567942 0.983282 1.70404 0.886136 
0.240622 2.12382 1.02536 0.983027 
0.241957 1.62816 1.43197 0.845278 
0.745528 0.901221 0.861657 0.950758 
0.41079 1.32353 0.859548 1.06014 
0.647447 0.32351 0.873475 1.14415 
0.948258 1.81306 1.24182 0.981679 
0.263848 2.37988 0.586519 0.940957 
0.839786 1.04989 0.500632 0.977896 
0.0311015 0.32978 0.948267 0.925611 
0.459213 0.426467 1.45467 0.959741 
0.0715223 0.681114 1.11061 1.08556 
2.25643 0.748564 0.869614 1.10037 
1.31374 0.150771 1.33937 0.932368 
1.92798 0.234637 1.29345 1.02054 
1.11488 1.34716 1.0764 1.01854 
3.05886 1.29398 0.713511 0.872029 
0.825215 0.081016 0.939342 1.0411 
0.0725683 0.779437 1.12625 1.0834 
1.32409 1.58688 1.04861 1.07421 
0.258182 1.3303 1.32384 0.954318 
0.429961 1.20744 0.627266 1.02982 
0.0595878 3.2644 1.24699 1.03849 
0.52034 0.745805 0.995419 0.899786 
0.29733 1.19154 0.583078 0.964664 
0.183758 0.59886 1.05101 0.836184 
0.707939 1.59708 1.41251 0.98565 
2.49851 1.54436 0.868888 0.934692 
0.350826 0.0610749 1.20097 0.998433 
4.14735 0.619385 0.911844 0.788427 
2.39525 1.19043 0.673262 0.751613 
0.711539 0.835866 0.787556 0.995487 
4.71834 1.67142 0.930601 1.07832 
0.331855 2.67355 1.00781 1.10287 
0.0428389 2.76648 0.7306 0.915165 
1.09041 1.36892 1.16093 0.886671 
1.6774 2.25743 1.09458 0.953846 
0.185251 2.51589 0.732865 0.840946 
1.68717 3.25578 0.640611 1.02765 
0.693395 1.59971 0.7301 1.00428 
0.0654627 0.346078 0.944869 1.1517 
0.0362191 0.498309 1.39254 0.977187 
0.00396449 1.03244 0.683595 1.08558 
0.151412 0.691521 0.942981 0.958575 
1.09322 1.08941 0.808693 1.00532 
1.78639 1.20421 2.31123 1.04597 
1.1402 0.174038 0.756885 1.05608 
0.542923 1.16759 0.883521 1.04308 
0.223629 1.60627 1.35992 0.868946 
2.67316 0.68584 1.16721 1.01739 
3.30591 0.460437 0.957338 1.11174 
0.446428 0.27892 0.908943 0.946224 
0.122991 0.990063 1.15525 1.09993 
0.394123 1.47318 0.80622 0.95686 
0.0508459 0.801518 1.37915 0.951997 
1.2658 1.44315 0.841172 1.06515 
0.213471 1.57512 1.13015 1.14654 
0.528907 0.898422 1.28495 1.07664 
0.861304 0.30978 1.60574 1.14752 
0.38054 1.90142 0.910978 0.944778 
0.815706 0.983424 1.01827 0.954122 
3.73082 1.60753 1.02244 0.962822 
0.906814 1.01085 0.948489 0.907051 
0.00693661 1.03779 1.15449 1.36322 
0.131193 0.912974 1.11866 0.930333 
0.842594 0.884925 0.933457 0.905814 
0.644901 0.686737 0.801173 1.05718 
0.525991 0.421151 1.29863 1.01467 
0.894046 2.21289 1.01751 0.890957 
0.7003 1.35307 0.963711 0.961742 
1.41822 0.657009 0.88037 1.08166 
0.0508944 2.55137 0.896846 1.00875 
0.681156 0.229033 0.612773 0.840209 
0.0177677 0.97233 0.975348 1.16198 
0.577097 2.22767 1.18993 1.08974 
0.754047 0.717926 0.524257 0.980003 
0.223094 0.32281 1.01258 1.16213 
0.3475 0.278465 0.476762 1.10347 
0.902088 1.55169 1.0374 1.17089 
0.84687 1.11027 0.855686 1.04756 
1.82648 0.968768 0.874948 0.950893 
2.99935 1.07454 0.758956 1.06733 
0.466329 3.68453 1.25352 1.00595 
0.707035 1.59965 0.751453 0.921037 
1.17991 0.514406 1.00125 0.936461 
0.634121 1.57587 0.706972 0.999559 
1.03164 0.986208 0.46747 1.10091 
0.524913 1.12292 1.03893 1.14756 
0.058125 1.82183 0.636738 0.908778 
1.81637 0.128898 0.846413 0.99716 
0.27565 1.01827 1.02213 0.906415 
1.32229 0.7494 0.824294 1.01441 
2.54027 0.918957 0.705418 0.955346 
4.41418 0.667157 0.984656 0.915535 
1.19777 0.26829 0.469282 0.962867 
0.389611 1.2937 1.27881 1.16687 
0.285994 0.807592 0.973087 0.999354 
1.81134 1.00421 0.976775 0.936317 
0.271637 1.47003 1.47349 1.1202 
1.35602 2.09838 1.12869 0.935672 
0.083057 0.788866 0.807882 0.993007 
0.809855 1.10132 0.828135 0.979623 
0.000255414 1.2408 0.472031 0.921443 
0.506334 1.08932 0.952663 0.938596 
0.447706 0.55411 1.33358 1.01136 
0.0113673 0.450602 0.945841 1.00439 
0.0363962 0.471873 0.987344 1.07482 
0.299773 1.41386 0.985551 1.07718 
0.107458 0.271766 0.951234 1.02303 
0.0719462 0.515467 1.24285 1.07294 
0.471095 0.584115 0.717784 1.00221 
0.428473 1.50263 1.03568 1.03761 
0.430575 1.70768 0.970691 0.988879 
1.37874 0.378279 0.891149 1.03105 
2.48801 2.20106 0.941415 0.962812 
1.72067 0.549949 0.991246 0.849903 
0.405098 0.402641 1.31382 1.00844 
0.680806 0.457994 0.976182 1.08884 
0.325684 1.29391 0.981511 0.83072 
0.368723 0.639822 1.48021 0.859539 
4.85778 1.1964 1.20373 1.07194 
0.471203 1.34806 0.877896 0.984731 
0.033971 0.402018 0.894339 0.969701 
0.576158 1.53397 0.908905 1.07937 
1.39585 0.193715 0.800109 1.01943 
0.892562 0.558711 1.13271 1.05102 
0.940208 0.311778 1.26231 0.958004 
1.11679 0.90821 0.916338 0.912432 
1.40248 1.27439 0.529529 1.03585 
2.52915 0.583497 0.972882 1.11799 
2.24306 0.723342 0.739039 0.975814 
3.19466 0.598267 0.864941 1.028 
0.798906 0.755327 0.859277 0.884798 
1.51984 1.93894 1.37874 0.937184 
0.722663 0.245368 1.05846 1.14731 
0.609734 0.631293 1.14244 1.00949 
0.505166 0.83459 0.754135 1.04433 
0.184763 0.852647 0.942809 1.02455 
0.650868 0.241199 0.982536 1.01913 
1.72338 1.13763 1.08073 1.03844 
0.41404 0.333423 0.873008 0.976081 
0.787259 0.109322 1.2193 0.892963 
0.114951 0.197684 0.801101 1.07341 
0.306057 0.395052 0.579346 0.960514 
0.202547 1.22811 1.00819 0.857501 
1.4586 1.18378 1.27966 1.08987 
0.124291 0.961564 0.883915 0.944715 
1.10912 2.29082 0.472679 1.28434 
1.14852 0.38157 0.859141 1.16818 
0.246925 0.592606 1.42436 0.966877 
0.372267 0.549385 0.546308 0.904798 
0.596043 0.413152 0.632856 0.938126 
1.13314 1.04857 1.08359 0.982225 
2.92753 0.701129 1.03007 0.897381 
0.581631 0.563301 1.412 1.04527 
3.49267 3.8649 1.29867 1.12333 
3.74248 0.699455 1.74654 1.02986 
1.88523 0.327547 1.48757 0.982341 
0.897177 0.487274 0.826743 1.04929 
0.417541 1.46403 0.929298 1.00714 
0.210941 1.14501 1.08783 0.962461 
1.01659 0.802595 0.597724 0.89236 
0.402842 1.9604 0.996042 0.89091 
0.193321 0.733644 0.902879 0.924161 
4.38672 0.621513 1.58024 1.04339 
1.64356 2.55692 1.15768 1.01325 
0.754415 1.95171 1.04123 1.02723 
0.679052 1.32798 1.26853 0.959776 
2.60659 1.11022 0.820118 0.960083 
0.287521 0.515351 0.472611 1.1176 
1.7762 0.333839 0.736035 1.08396 
0.337843 0.70362 0.90024 1.06479 
0.919425 1.17779 0.967971 0.85965 
0.370435 1.30528 0.779597 0.882712 
0.853996 1.06653 0.816159 1.00769 
1.80045 1.36732 0.726472 1.17565 
1.84147 0.622813 1.01305 0.934881 
0.164884 0.431574 1.31912 0.906053 
0.646195 2.76805 0.908071 1.0775 
1.08477 0.481457 0.857831 0.919639 
0.603897 0.194455 1.09506 0.955125 
1.05083 2.46035 0.753504 1.09053 
0.50846 0.222644 1.08416 0.917524 
0.417042 1.22788 1.40532 0.95157 
0.0709739 0.232366 0.786683 0.922047 
0.06063 0.464588 1.22919 0.986097 
0.573163 0.0365409 0.928888 0.818735 
2.14064 0.494432 1.3095 0.974125 
0.28456 1.82836 0.721047 0.846846 
0.0128631 0.401458 0.999535 0.991807 
0.863389 0.0840571 1.16601 1.00222 
0.41893 1.45868 0.909941 0.912002 
0.942323 1.38191 1.02429 0.782211 
2.37132 1.41407 0.783986 1.07756 
0.212705 4.32628 0.585774 0.866985 
0.118456 0.729216 1.06744 1.07682 
0.859046 0.349849 0.699758 1.24119 
0.0444771 1.31861 1.61182 0.939128 
0.216782 0.51157 0.713254 1.13083 
3.85316 1.00997 1.30576 1.00151 
1.33486 1.43709 0.651551 1.22121 
0.85433 1.1835 1.42078 1.01003 
0.352079 1.60762 0.846967 0.768113 
2.68389 0.378942 1.28167 1.02473 
0.0378808 0.17111 0.563374 0.873335 
0.0184479 1.07602 0.76423 1.03167 
0.24023 0.821212 1.05119 1.03788 
0.589117 2.17052 0.802993 0.797236 
0.244969 2.06014 0.742649 1.01707 
1.86256 0.422199 0.864198 1.1373 
0.0059692 0.570886 0.991086 1.1462 
2.7732 0.19871 1.27214 0.964655 
0.426947 0.171901 1.10635 0.919126 
0.498894 1.03797 1.38836 0.842958 
0.216451 2.76072 0.728821 1.05091 
1.05927 1.23659 1.02662 0.95191 
0.154265 0.760884 0.591591 0.99754 
0.458388 1.42357 1.20741 0.931711 
0.234259 2.63595 0.737874 0.939039 
0.718002 2.32004 0.645409 0.976516 
0.00456931 0.309885 0.879577 0.990526 
1.6143 1.2245 1.89633 0.837296 
0.0419698 0.127897 1.26072 1.05435 
1.30018 2.64954 0.681441 0.855223 
1.08684 1.7368 0.995656 0.875612 
0.0717376 0.571948 0.727504 0.898879 
0.274812 2.67244 0.732901 0.988496 
0.154167 1.83136 0.765021 0.934886 
1.70911 0.562438 1.37319 1.04573 
0.159561 0.618175 0.614465 0.895562 
0.0652377 1.8266 0.902196 1.17366 
0.424384 0.800476 1.20055 1.00904 
0.605409 0.944431 1.80182 1.05988 
0.568924 0.697978 1.42357 1.0561 
1.12105 1.26405 0.717944 0.981186 
0.503432 0.743705 1.27192 0.931368 
0.468695 0.236428 0.931842 0.949814 
0.412303 1.19941 0.656541 1.17417 
1.07675 1.14362 0.681467 1.0625 
0.434 0.450432 0.902442 1.0038 
0.214444 0.972977 1.27138 1.18297 
0.504983 0.432392 0.95761 1.00793 
0.220764 0.255464 1.05889 0.938099 
0.270282 0.892153 0.663695 1.13863 
0.127824 0.559622 1.05945 0.972124 
0.508221 1.43577 1.373 0.913034 
0.459449 0.36173 0.904595 1.07106 
0.342415 0.640443 1.06878 0.764963 
1.08043 0.796239 0.946787 0.941143 
0.212494 0.596043 0.976107 0.957041 
0.096379 0.504616 0.919805 1.08384 
1.45911 0.146083 1.50248 0.923317 
0.519227 0.513667 0.569289 1.03617 
0.30055 0.211237 1.02121 0.892654 
2.80173 0.414722 1.02485 0.897126 
0.788743 0.541305 0.910431 0.992077 
0.584746 0.514818 1.30307 1.06874 
0.5727 3.27645 0.795874 1.02357 
1.16641 1.17998 0.833512 0.895183 
0.994935 0.446108 1.04684 1.02018 
0.336639 2.04554 1.27523 0.969711 
0.371919 1.60916 0.415097 1.00252 
0.503614 1.24734 0.80803 1.01251 
1.01129 1.56242 0.960018 0.79488 
0.557711 1.4534 0.628614 0.959683 
3.3514 0.933882 0.852561 0.802104 
0.697826 0.748552 0.672652 1.05115 
0.440856 1.09378 0.995965 0.970133 
0.547029 2.46051 1.01409 1.06773 
3.89493 0.957028 1.21303 1.02372 
1.8298 0.114118 1.34653 0.902996 
1.85547 0.19888 1.39025 1.06302 
0.683212 1.09627 0.951557 0.740973 
0.665532 0.403168 0.99774 0.997469 
0.579064 0.628864 0.686548 0.955417 
1.3431 1.23732 0.847483 0.971847 
1.46579 0.803456 1.13264 1.02869 
0.054226 1.2378 1.16473 1.23666 
2.89078 0.561038 1.33784 1.12029 
2.00714 1.97555 1.51708 1.00641 
2.58067 0.753225 0.826778 1.14192 
4.67742 1.30344 1.04104 1.08676 
1.15019 0.41559 0.567539 1.04366 
2.87443 0.373558 1.07976 0.901636 
0.158043 0.644929 1.11599 0.99497 
0.243231 1.36135 1.02724 1.12364 
1.30686 0.842374 0.774192 0.848038 
0.593325 0.576197 0.448278 0.984167 
0.107371 0.252307 0.802804 0.959464 
0.0344731 1.87357 1.03276 1.06875 
0.608522 0.964934 1.28703 0.948808 
0.736317 2.90603 0.863747 1.03555 
9.12215 0.86359 0.698288 0.992317 
0.492815 1.11556 0.572414 1.1403 
0.337015 0.779798 1.38612 1.075 
0.0538906 1.40871 0.952839 0.913549 
0.130114 1.07144 0.704618 1.09288 
0.661791 1.31155 1.29061 0.9737 
2.38352 1.30477 0.570274 0.942604 
1.32122 0.303002 0.876013 1.09475 
3.10154 1.32791 1.11473 0.879607 
1.70294 1.28376 0.878993 1.08907 
1.05192 1.07569 1.03737 1.09937 
0.785955 1.71499 1.13 0.857967 
1.64582 2.08816 0.922251 0.919693 
0.163205 0.797082 0.532238 1.02919 
2.08165 0.504714 0.869368 1.0318 
1.12393 0.394466 1.33323 0.879114 
1.98079 1.0788 1.21016 0.93553 
0.905791 1.63225 1.02135 0.938298 
3.28273 0.374216 0.732257 1.00566 
0.866045 0.621458 1.27657 1.06408 
0.803555 0.403916 0.595332 1.12694 
1.6513 1.00404 1.51881 0.83895 
0.178283 0.921308 0.916931 1.08086 
0.821267 1.50494 1.78213 0.968938 
0.182055 0.292358 1.06019 1.18668 
0.377034 0.642197 1.52762 0.901337 
0.596164 1.21785 0.77547 0.999991 
2.84161 0.622283 0.87063 1.00136 
0.241567 0.507798 1.02292 1.0124 
0.839067 0.354163 1.02447 0.981906 
0.477816 1.87395 0.721652 1.03296 
0.253436 0.659295 1.60317 1.04142 
0.6029 1.61679 0.990212 1.08652 
2.0232 0.583714 1.16106 1.11215 
0.93011 1.32533 0.666092 1.10399 
0.519391 0.23226 0.987765 1.05133 
0.0194029 0.0774123 1.10041 1.07156 
0.331744 0.492935 1.04228 0.974465 
0.153736 0.807509 1.24993 1.02528 
0.525737 0.595349 1.2339 0.939708 
4.37934 0.945973 1.10713 1.03499 
0.0987689 0.403248 0.794679 1.15699 
0.224679 1.04034 1.06339 1.04621 
2.0328 0.170762 0.774818 1.22703 
0.152966 0.602532 0.753318 1.09118 
1.30139 0.701152 0.655426 1.12332 
1.25463 1.49027 0.925445 1.06493 
1.25375 1.83209 1.34282 0.981141 
4.93754 2.05318 0.658264 0.961427 
2.11134 0.428162 0.831805 0.819395 
0.610165 0.100111 0.867292 1.04483 
0.667417 0.847425 1.00548 0.965823 
0.297116 0.977809 1.12994 0.958685 
1.10689 0.792137 0.841488 1.02292 
1.63593 0.821298 0.864278 1.00019 
0.252149 1.15371 1.28192 1.14562 
0.261767 1.16495 1.07218 0.993026 
1.01509 1.30367 1.02876 1.12385 
2.05228 0.976714 0.825748 1.09399 
0.352205 1.2435 1.38481 0.997139 
2.34438 0.496853 1.42383 0.941104 
0.8996 0.172809 0.609441 0.946873 
0.46355 0.184084 1.27831 0.936273 
1.41152 1.02743 1.18314 0.928173 
0.293349 0.44726 0.605479 0.954832 
1.07877 0.883014 1.07338 1.06392 
1.45759 0.996325 0.965654 1.03782 
0.615434 1.08589 0.658354 1.00476 
0.0253707 0.424957 0.694311 0.84713 
2.13555 3.22574 0.647703 1.08545 
1.71125 0.0237143 1.1131 1.09732 
0.65293 0.304162 1.23969 1.12864 
0.541348 1.13571 0.920929 0.966969 
1.22934 0.665911 0.642752 0.867018 
0.981674 1.46 1.20901 1.03826 
0.981645 0.217881 0.790309 0.965409 
0.632798 0.343739 0.908814 0.870883 
0.710018 1.5677 1.13149 0.91319 
4.19758 0.859025 1.60319 0.786179 
0.134467 0.290741 1.23142 1.09655 
0.466956 0.255074 0.973548 0.997688 
0.613158 0.441514 1.23937 0.987983 
1.41323 0.741995 1.18012 0.877394 
0.188144 0.28605 1.06663 0.901664 
1.00122 3.59993 0.549218 1.05909 
2.88606 0.392671 0.878528 0.848985 
1.15307 0.57231 0.750349 0.947388 
0.708636 1.90309 1.05894 1.03193 
0.504426 0.246148 0.728354 0.887919 
2.49517 2.03246 0.817733 0.938898 
1.30558 0.617844 1.17312 0.932737 
0.0986432 1.79592 1.33393 0.824886 
1.28813 1.34014 0.742431 0.864123 
2.28942 1.18817 1.02497 1.10558 
0.718077 0.793274 0.677959 0.858965 
0.182712 0.429225 1.46899 1.04929 
0.534938 0.387457 0.503074 0.977597 
1.36173 1.06634 1.28424 0.97242 
0.374528 0.78518 1.37549 1.12229 
0.199607 0.991762 0.764398 1.10076 
0.487504 0.699482 1.11722 0.861748 
1.39714 0.318112 1.31253 1.16489 
1.84541 0.577709 1.0658 1.12273 
0.025089 0.493407 1.25983 1.01534 
0.0697276 0.159813 0.688815 1.00686 
0.895243 1.00806 0.89464 0.908437 
0.629942 0.811922 0.923625 1.11255 
1.44455 0.0610628 0.954515 1.075 
0.921686 1.01423 0.510429 1.00899 
0.104523 0.687855 1.52906 0.996501 
1.29945 1.79061 1.09767 0.962273 
1.2339 0.307071 0.593269 1.03326 
0.811078 2.13737 0.959499 1.01708 
0.0241822 0.495264 0.721858 1.01941 
0.113337 0.327913 0.615562 1.08539 
1.67498 1.5019 1.07361 0.976221 
2.97816 0.779013 1.73093 1.03617 
1.1068 0.977254 1.07916 1.07484 
0.867173 0.8298 1.00293 0.958879 
2.031 0.644229 0.625802 0.932058 
0.456802 1.31219 1.19994 1.16218 
0.395483 1.50125 0.694947 1.0515 
0.0071776 0.430634 1.22109 1.05989 
0.554682 0.694292 1.24807 0.862188 
0.357324 0.944384 1.34719 0.916662 
0.105574 0.893519 0.876903 0.936668 
0.111266 1.25121 1.16409 1.11742 
0.262846 1.19109 0.766472 0.859214 
0.298704 0.91559 1.17559 1.0556 
1.00468 0.118157 1.24055 1.129 
0.379292 0.982512 0.693982 1.00027 
2.09781 0.577627 1.02694 1.0175 
0.118875 1.11739 1.16096 0.947703 
0.6757 1.52538 0.727821 1.0855 
0.0309766 1.38115 0.832422 0.991615 
0.516133 0.417978 0.641315 1.01987 
0.0989622 1.49951 1.31637 1.12745 
0.192874 0.677278 1.07597 1.02984 
1.01174 3.07279 1.04088 0.975842 
0.327487 0.0495954 0.993232 1.0712 
0.421534 0.942108 1.66957 1.00325 
0.690486 0.818972 1.03607 1.03166 
1.02524 1.48565 0.689221 0.955883 
0.698218 1.53478 0.85445 0.983616 
0.343549 1.15156 0.700997 0.881655 
0.179034 0.485966 0.688939 1.04564 
0.940715 0.777319 0.427658 0.931343 
1.06232 0.18199 0.73464 1.07323 
3.12154 0.86979 1.06952 1.13178 
1.78525 1.70509 0.637222 0.833646 
0.0761212 0.191603 1.25416 0.962577 
0.844467 0.425212 0.957053 0.985569 
1.28155 0.618496 0.68935 0.955384 
1.96551 0.296574 1.16731 1.10913 
0.371226 0.987709 0.92468 1.1662 
1.36903 1.09226 0.592223 1.15593 
1.30278 0.415917 0.958747 1.05954 
0.591184 0.3495 0.532625 0.897719 
1.07914 0.847858 0.839687 1.17928 
0.541965 0.366301 0.657458 1.02101 
3.66281 1.32456 0.830218 1.16444 
1.16921 0.920282 0.88438 0.968436 
0.944432 0.945328 1.2326 1.02918 
0.276444 0.671816 0.377241 0.96329 
2.40792 0.256217 1.19394 0.927477 
0.613685 1.1886 0.876829 1.17743 
0.582892 0.622167 1.60819 1.02233 
0.072454 1.31711 1.2931 1.03315 
1.58666 1.02429 0.919684 1.03409 
2.70398 0.338336 0.923395 1.1789 
2.67223 0.436498 1.47821 1.00355 
0.294037 0.935526 0.756855 0.834044 
2.18451 1.32937 0.869115 0.962321 
2.13144 1.0176 1.13769 0.898447 
0.189306 1.4374 0.932533 0.928148 
0.307634 0.639516 1.07785 0.884719 
0.724768 1.00086 1.04584 0.862121 
0.628044 0.0135669 1.02461 0.922552 
0.659995 0.429456 0.852392 0.987108 
2.04394 0.516167 0.815725 1.02767 
1.17655 1.05597 1.35856 1.12101 
0.954471 0.914195 0.81789 1.04597 
1.8435 0.378118 0.853395 1.18256 
1.02341 0.879027 0.6527 1.35824 
0.0382752 1.3934 1.18168 0.92785 
0.357226 0.209734 0.852812 1.11794 
0.349806 0.583033 0.741617 1.06851 
0.453123 0.662746 0.652693 1.03903 
1.30584 1.3347 0.634191 0.982891 
1.7955 2.09414 1.41121 1.12798 
1.78226 0.41968 1.2264 0.95594 
0.145304 0.249037 1.09706 1.11468 
1.58289 0.333952 0.797027 0.96523 
0.298539 0.128584 1.104 1.14463 
1.824 0.460132 1.44163 1.01905 
0.344943 0.0827054 0.683662 1.02884 
0.970102 0.94247 1.16839 1.0585 
2.13153 0.0946348 0.976493 0.961239 
0.487316 1.22817 0.878171 1.04303 
2.50782 2.04213 1.19024 1.01296 
1.55159 0.562748 0.706739 0.992436 
0.0167953 2.92154 1.08933 1.10564 
0.143799 0.955736 1.19279 0.964878 
0.0631092 1.38927 1.24818 0.908125 
0.647608 0.966135 0.720877 0.844949 
0.0996778 0.108633 0.492274 1.04394 
0.0473047 0.322593 1.22158 0.913633 
1.29628 1.30183 0.850948 0.96654 
0.646059 0.313866 1.23479 1.1067 
3.11141 0.25672 0.850657 1.10509 
1.03767 1.82758 1.49946 1.00823 
1.77038 0.268629 1.26156 1.12884 
0.360704 0.560124 1.23418 1.08509 
0.916541 1.64375 0.438267 1.12313 
0.158553 1.00144 1.04478 1.20699 
1.90892 0.714778 1.18377 1.07068 
2.11438 0.0769622 1.77086 1.07013 
1.47545 0.565562 0.910352 0.97492 
0.196282 0.233797 1.10591 1.01478 
0.904601 0.734154 0.72214 1.14507 
0.831453 0.519592 0.775609 1.05338 
0.0358028 1.07279 0.824047 1.00998 
0.358496 2.41772 2.16906 1.02924 
0.274897 0.730055 0.775342 0.929323 
1.65074 1.31088 1.08167 1.06764 
1.0667 1.1584 1.66394 0.960923 
0.37188 1.89151 0.54472 1.01971 
0.235403 3.09104 1.69318 1.07604 
0.184713 0.503917 2.03399 0.887209 
0.530068 1.99022 1.22174 0.778535 
0.147332 0.198113 1.34013 0.935254 
0.158132 1.71428 1.79027 1.18 
0.856613 0.257656 0.753304 1.02126 
3.76747 1.0866 0.966172 0.932726 
1.13541 1.44075 1.57043 0.983703 
1.20422 1.32374 1.27817 1.06485 
0.392307 1.23676 1.40218 1.03471 
2.0187 0.305387 0.853755 1.10373 
0.283138 1.41208 0.892073 0.911185 
0.962695 2.0975 1.40756 0.994067 
3.97139 1.17005 0.713219 1.08548 
1.99916 0.219418 1.19553 1.01013 
0.957984 0.127567 0.971946 1.02332 
1.41992 2.43918 0.768899 1.05553 
2.03794 1.19808 1.09396 0.97066 
2.75998 1.35898 1.02451 0.893661 
0.729268 0.761517 1.22918 1.04923 
1.27325 2.58534 0.700256 0.956943 
1.16904 0.802467 0.754655 0.989346 
2.07321 1.19077 1.08482 1.03691 
0.370067 0.599137 1.06601 1.01043 
0.794802 0.277961 1.12246 0.974281 
1.23233 0.602857 1.1385 1.05754 
0.145139 0.524453 0.909774 1.02132 
0.92251 1.52489 0.818013 1.09952 
1.79259 0.451036 1.09318 0.995839 
0.522704 2.0991 0.661976 0.90645 
4.04575 0.414375 1.00879 0.848464 
1.19952 0.23993 0.641082 0.824409 
0.0815113 1.77984 0.761095 1.02569 
0.0142564 0.506499 1.47531 0.950812 
0.160983 0.741012 0.818121 0.873958 
0.41716 1.23609 0.853497 0.981277 
1.02742 0.511481 1.24768 1.21396 
0.682124 3.59226 1.11027 0.964763 
0.841421 1.02433 0.721975 0.768093 
2.15656 0.598896 1.15762 1.04889 
0.352512 0.302556 1.18092 0.853874 
1.55216 2.05343 0.905461 0.99515 
1.28975 1.52881 0.863055 0.889048 
0.581022 0.517418 1.0795 0.991618 
0.637008 0.722307 0.958475 0.921348 
1.57005 0.530546 1.40943 0.839532 
1.36559 0.799102 1.31415 0.869511 
1.33538 0.955685 0.836208 1.00945 
1.61514 0.877253 1.05256 1.00914 
0.275015 0.748846 0.550079 0.952842 
0.630726 0.341592 1.07919 0.918738 
1.0012 0.244925 1.69099 0.924277 
0.759448 0.538955 1.36405 0.967567 
0.795374 0.966343 0.638079 0.996727 
0.532234 2.11648 1.47454 0.970535 
1.7073 1.4395 0.90857 1.07038 
0.848596 1.16369 1.06 0.920582 
0.322401 2.82829 1.18633 0.969907 
0.199235 0.430091 1.22979 0.879054 
2.24179 0.631478 1.38122 0.903593 
0.382361 1.21012 0.898171 0.953017 
0.456104 0.332365 0.738109 1.09694 
1.48505 0.81195 0.563886 0.929608 
0.779383 0.185562 0.952267 1.06198 
0.72675 0.78019 0.668882 1.02683 
0.126345 0.780741 0.954346 1.1274 
0.131533 0.429266 1.93873 1.05244 
0.124055 2.04148 0.589637 0.827642 
2.29184 2.07606 1.22096 1.07979 
0.048576 1.30334 0.735869 1.03274 
1.03333 0.749977 1.21219 0.917727 
1.43402 0.829412 0.787313 0.901215 
1.35939 0.712915 0.735476 1.13204 
1.62568 0.816727 1.30786 1.01412 
0.971575 1.51174 0.822844 0.742251 
1.88442 1.53481 1.23223 1.04503 
0.212284 0.621473 0.72609 1.16027 
0.151533 0.892103 1.45834 1.00647 
2.40458 0.901584 0.925673 0.954289 
1.25493 1.55424 0.984063 1.18843 
0.657881 1.47025 1.1266 0.915657 
2.06098 0.654699 1.68594 1.05531 
1.70609 2.16894 1.08484 1.03682 
0.495771 0.444259 0.957546 0.903119 
0.498993 1.63452 1.04391 0.87351 
1.74032 1.1316 0.497811 0.852764 
1.21222 1.11376 0.844201 0.885267 
0.404646 2.72174 1.09254 0.911174 
0.421723 1.1846 0.731086 1.07142 
0.236132 0.59137 0.558241 1.04097 
0.0409908 0.153223 1.20713 1.11552 
1.12463 1.14644 0.838211 1.03669 
1.32982 0.470466 0.389323 1.08782 
0.808419 1.18465 0.4848 0.996742 
0.668609 0.218939 0.829363 1.02115 
0.846629 1.28114 1.09964 0.893347 
0.240967 0.751905 0.872727 0.932983 
0.534987 1.38461 1.63272 0.902389 
0.273457 0.944537 0.736978 0.898899 
1.91603 0.360711 1.19523 0.845627 
0.596008 1.0719 0.605149 1.04343 
0.95521 1.78229 0.507051 0.979326 
0.137428 0.418065 0.926521 0.945819 
0.494651 0.600356 1.04683 1.19451 
0.662933 1.18254 1.06075 0.96404 
0.854085 0.837845 0.80027 0.894799 
0.328224 0.7482 1.06714 0.75553 
0.811594 0.448081 0.991907 1.06461 
0.521645 0.812131 1.34105 0.795863 
0.484969 0.429598 1.16575 0.944781 
0.243261 3.48581 1.12882 0.995325 
0.664969 0.19159 1.07826 1.05193 
0.824599 2.10355 1.18641 0.954386 
1.14922 0.17747 1.2337 1.01529 
0.588547 0.453258 0.773622 0.878122 
0.204382 0.232654 0.652873 0.856717 
0.354194 0.681519 1.05081 0.94685 
1.20886 0.629774 0.658894 1.01408 
0.629222 0.567123 0.998915 0.96734 
1.43227 0.214561 1.7219 0.906353 
0.943707 0.276177 0.540815 1.02158 
0.262601 0.189694 0.787276 1.04068 
0.642615 0.290386 0.98887 0.845922 
0.600603 0.385711 0.626646 0.906156 
0.473643 0.141291 1.39937 0.824755 
0.327581 0.937459 0.919629 1.13932 
1.77319 0.357667 0.824591 1.05015 
1.98707 0.861061 0.873891 0.923601 
0.45201 0.345754 0.713878 0.953172 
1.5251 0.420209 0.868613 0.861232 
1.13783 0.33227 1.58249 1.06956 
1.20927 0.432598 1.2218 0.979761 
1.72893 0.626871 0.999904 0.975074 
0.808496 2.02735 1.2137 1.02032 
0.0890779 0.538675 0.979218 1.09218 
1.99826 0.976822 0.477583 0.835488 
0.618728 2.23073 0.655354 0.826399 
0.744164 0.463035 1.01364 1.15926 
0.275184 0.558761 0.798487 0.944279 
0.326616 1.8662 0.888821 1.0091 
0.885717 0.21738 1.16269 1.03988 
1.56624 0.216011 1.11194 1.01938 
0.197978 1.39367 1.51645 0.734985 
0.504256 0.511017 0.932513 1.09426 
0.347929 0.61412 1.18496 1.0957 
2.35323 1.19631 0.378051 0.991284 
1.03468 0.691448 1.47595 0.817946 
0.45267 0.496146 0.73937 1.09181 
0.261826 1.32617 1.03543 0.931326 
0.900115 0.405981 0.95103 0.855194 
0.384787 0.898572 0.624181 1.03054 
0.166394 1.97128 1.23804 0.923048 
0.853915 0.657288 0.835775 1.07119 
0.761763 0.772056 1.1311 0.816756 
0.538654 1.0796 0.865557 1.16955 
0.414574 0.396503 0.989052 1.16312 
1.09283 1.78037 0.808687 0.92456 
0.307839 0.638658 0.928927 0.986284 
2.44376 1.28584 0.979682 0.802611 
1.61781 0.780066 0.739139 0.989232 
4.75477 0.705227 0.844497 0.963972 
0.776124 0.933742 0.558468 0.986021 
1.4735 0.916387 1.11097 0.899997 
1.45246 0.230567 0.948405 1.03495 
0.0304987 0.659718 0.497786 0.873173 
1.12814 0.39623 0.490399 0.814126 
2.0099 0.765541 1.19129 1.22369 
1.66527 1.26701 0.69729 0.99327 
0.215001 1.46672 0.867288 0.873242 
0.700597 0.683512 1.41762 1.0059 
0.983182 0.794391 1.83928 1.09388 
0.830654 0.73694 1.01343 0.907257 
2.86192 2.33293 1.06571 0.975231 
0.614945 1.14191 0.575185 0.978738 
0.56012 0.977129 1.21708 0.859415 
1.22801 0.618118 0.798776 1.06621 
0.0850723 0.649848 0.708448 0.990693 
3.05554 1.52242 0.76657 1.05127 
0.749998 0.515711 1.08369 1.05108 
2.26697 0.467808 0.765563 1.09989 
0.323524 0.918566 1.48023 1.14543 
0.580423 0.385171 0.471475 1.02504 
1.77242 0.212838 0.836015 1.01423 
0.981483 0.164216 0.705375 0.969578 
2.63523 1.66955 0.844719 0.840971 
0.288762 1.6175 0.774679 1.12864 
0.630144 1.7959 1.14317 0.891834 
0.970062 2.24064 0.825878 1.02516 
0.365987 2.04465 1.17968 1.08062 
0.303774 1.14952 1.46652 0.870402 
0.287554 0.853206 1.84107 0.965232 
2.0506 1.55257 0.589429 1.18685 
0.206688 2.7046 1.11263 0.905672 
0.567538 0.446926 1.2012 0.851993 
0.372526 0.596904 0.859738 1.16785 
4.09071 1.71583 1.41351 1.11436 
0.839365 1.32073 0.921366 0.755941 
0.115886 0.740213 0.870577 0.950568 
0.423763 0.215842 1.00289 0.908804 
0.645362 1.34437 0.769088 1.09929 
0.0166887 1.80155 0.576917 1.08067 
0.287714 0.665508 0.886505 0.840855 
0.946144 0.478432 1.06171 0.995301 
0.587657 1.86932 1.36598 0.989412 
0.089425 0.956289 1.27006 1.20083 
0.459475 0.362003 0.634234 1.03471 
0.677628 1.21326 0.648478 0.971269 
0.541937 1.02954 0.879543 0.836573 
0.754082 0.39479 0.620131 1.07933 
0.351512 1.75044 1.32304 1.06377 
2.95344 0.433589 0.967981 0.934247 
0.253091 0.573471 0.889711 1.0278 
1.47521 0.558658 0.925194 1.00947 
2.17259 1.43552 0.595206 0.902658 
0.198829 0.216024 1.20586 0.807889 
0.442991 0.142622 0.786429 0.975679 
0.783209 1.73746 1.01664 1.2172 
1.12286 0.624373 0.64956 0.983971 
0.908488 0.861606 0.568902 1.03344 
0.277323 1.38465 0.791746 0.952078 
1.30088 0.701334 1.12303 0.939647 
0.343501 2.0204 0.657636 1.05077 
0.884147 3.36898 1.20667 0.969889 
0.305844 1.49169 0.871898 1.02914 
0.261191 1.21986 1.09141 1.03793 
0.151101 0.820304 0.8836 1.12948 
0.439295 2.0012 0.860418 0.986282 
1.21506 1.01909 0.93563 1.12885 
2.95686 2.21686 0.824566 0.918244 
0.785927 0.869204 1.18684 1.25014 
0.278578 1.04339 0.8768 0.866316 
0.480544 1.0914 1.00135 1.11155 
0.626122 0.62634 1.13829 1.02662 
0.123158 1.09887 0.864723 0.974879 
0.947041 0.374085 1.43149 1.02171 
0.756845 0.595975 1.23809 0.837985 
0.644978 2.0273 0.714558 0.899618 
0.830213 1.73475 0.506617 1.11072 
2.56119 0.559509 0.678933 1.02669 
0.530055 1.52625 0.699869 0.938461 
2.27136 0.0799642 1.53077 1.08751 
0.415697 0.0941736 0.760195 1.12682 
0.504929 0.216591 1.1151 0.874074 
0.37521 0.32689 0.824147 1.1534 
0.622176 0.358901 0.992692 1.09445 
0.416511 2.15065 1.11836 1.07222 
0.513923 1.75456 1.04546 1.05207 
1.09152 1.17906 1.09999 0.971692 
1.59806 0.757869 0.955147 0.944093 
0.259819 1.4406 1.38251 1.0876 
0.0600217 0.718999 0.650049 0.932476 
0.296713 2.6958 0.839334 1.16682 
1.48297 0.522953 1.50712 1.21899 
0.728162 0.385863 1.26822 1.07331 
0.846568 1.24105 0.55883 0.903338 
0.366007 0.729878 1.12646 0.93403 
0.962372 0.766625 1.57023 0.90302 
0.329268 2.06117 0.52062 0.894047 
0.628143 1.22047 1.04827 0.919454 
3.28709 2.5525 1.43295 0.973046 
1.38325 0.415873 0.954291 1.19064 
1.97849 0.360717 0.98442 0.843963 
0.757753 0.859744 1.79456 0.940211 
0.814482 1.53142 0.861913 0.917277 
1.63804 0.764134 1.11917 1.0768 
0.0477702 1.65714 0.834007 0.997271 
0.190583 0.808275 0.440295 0.938314 
0.81421 0.527562 1.28237 0.803732 
1.0019 0.746214 1.03554 1.0429 
0.64514 0.671219 0.883396 1.11176 
1.42242 1.36052 1.12509 1.04377 
2.45776 1.58225 0.763323 0.963944 
2.93449 2.36616 0.948077 0.99121 
0.375274 0.701753 0.98937 0.977614 
1.93497 0.745362 0.825915 0.948442 
2.33304 0.824264 0.934488 0.87623 
1.21485 1.92244 1.4905 0.935006 
2.57494 0.338988 1.44767 1.12274 
0.226205 0.935778 1.03075 1.01457 
0.136927 0.575333 1.34696 0.932546 
0.82487 0.463013 1.53728 0.95209 
0.229529 0.48676 0.940841 1.12247 
0.722619 0.189729 0.949806 1.02036 
0.242001 0.657221 0.918725 0.870407 
1.14881 0.856882 1.07458 0.906501 
1.43465 1.42277 1.31387 1.07755 
0.291549 0.29331 0.609059 0.744613 
1.25517 2.11415 1.75598 0.968908 
4.60555 2.7654 0.484282 1.00487 
2.68846 0.716129 0.947757 0.83196 
0.547261 0.731001 0.834453 1.0318 
0.604325 0.969699 0.895253 1.09154 
0.216265 0.873472 0.711222 0.956704 
0.154473 0.300592 1.04999 1.05376 
2.62987 2.02397 0.650802 0.885229 
0.406169 1.40868 0.992958 0.981045 
1.25481 1.02584 1.47782 0.957805 
1.7106 1.15078 1.28853 0.920416 
0.870045 0.534645 1.27066 1.03637 
0.45324 1.27542 0.914632 0.888751 
0.136664 0.802776 0.797166 0.91101 
0.454331 0.425398 0.996954 0.820385 
0.385368 2.35263 0.788932 1.04443 
0.337455 0.682176 1.22922 0.854707 
0.218689 3.31749 1.50928 1.12259 
0.179018 0.865656 1.08311 1.14265 
0.949315 0.72615 0.669057 1.09424 
2.92823 0.320181 1.23045 1.00107 
1.07208 1.07699 0.708968 0.919843 
0.34629 0.494146 0.706631 1.10637 
0.473557 2.11561 1.2768 1.18504 
1.66738 0.978189 0.819938 1.12477 
1.74024 1.00925 0.655079 1.15263 
0.29455 1.1811 1.02202 0.988025 
0.468397 1.01843 1.15732 0.896573 
0.689727 0.633583 0.871998 1.12587 
0.421203 1.86573 1.73662 1.19799 
1.02382 0.56329 1.24851 1.10024 
0.554208 1.11329 1.09454 1.02534 
1.07746 0.841105 0.818379 0.91653 
2.98286 0.297012 1.25722 0.933497 
1.06917 0.305519 0.973884 1.04789 
0.48502 0.513619 1.14519 1.1201 
0.209026 0.281431 0.574179 0.920215 
0.28714 1.98785 0.735259 1.02915 
0.0663772 0.831878 0.770028 0.845293 
0.647133 2.09203 0.753403 0.837762 
1.25544 0.106681 1.1712 1.06269 
0.117612 0.421174 1.04095 1.09966 
0.772467 0.771372 1.11213 0.91563 
0.192385 0.0755587 1.24565 0.989296 
0.408066 1.6324 1.79178 0.934706 
0.416161 0.682155 1.0344 1.12262 
2.43401 1.53768 1.58887 1.02694 
0.412886 0.681323 0.945414 0.928941 
0.130979 0.208722 1.17079 1.00273 
0.82792 0.0924838 1.61216 0.980906 
0.629253 0.972985 0.785285 1.11882 
0.0386405 1.06169 1.22454 0.890016 
0.283166 1.02071 1.70172 0.999011 
0.786402 0.416251 0.892982 1.07419 
0.432725 0.345708 0.637773 0.881489 
1.64036 3.46924 0.89089 0.929299 
0.763854 0.788517 1.22459 0.910997 
3.64063 0.293174 0.518031 0.892956 
1.02255 0.483344 1.04939 1.02765 
0.411973 1.45201 1.45076 0.970575 
0.914107 0.770901 0.826256 1.14245 
1.66296 1.28627 0.69101 0.997285 
0.416547 0.636983 0.416044 1.06324 
1.60904 1.62362 0.96496 1.09758 
1.06982 0.971989 0.549238 1.2129 
1.54065 1.87342 1.38895 1.04989 
0.034497 1.25802 0.733175 0.945035 
0.767233 0.234496 1.12441 0.915492 
1.96948 0.578391 1.18336 0.851002 
0.282813 1.26541 0.956918 1.15646 
1.11234 0.680632 1.0858 0.922555 
0.237031 0.843926 1.25935 1.29652 
0.378628 1.56802 1.49316 1.08368 
0.138936 0.465253 0.676986 1.1343 
0.492949 0.855707 1.02697 1.1366 
0.475544 0.388657 1.12038 1.0272 
0.312743 0.392762 1.14101 1.03508 
5.75253 0.201449 1.14984 0.868376 
2.63579 0.9813 0.508489 1.04301 
0.559222 1.16154 0.554315 0.957495 
1.13903 0.733854 1.12875 1.04098 
0.528456 0.487163 0.937162 0.977978 
0.404628 0.404145 0.665801 0.941141 
0.381999 1.00717 0.812908 0.984808 
0.342098 0.335898 0.710115 1.05953 
2.23248 0.54096 0.682712 0.937776 
1.8537 0.817463 0.546646 1.07353 
0.0377854 1.27723 0.610204 0.900992 
0.252584 0.243122 0.717149 1.0753 
1.27927 0.308619 0.770725 1.19309 
0.27385 0.592029 0.544245 0.945672 
0.171088 1.11502 0.791742 1.1244 
0.424223 2.06536 0.667535 0.999988 
0.109553 0.394159 1.05306 1.12503 
0.0257867 1.02545 1.36565 1.00657 
0.0163532 1.55378 0.795486 0.971611 
0.328969 2.94611 1.6608 0.967181 
0.099861 0.429462 1.05914 1.06054 
1.20756 1.55789 0.996032 0.808615 
0.181003 0.900895 0.884654 0.88542 
2.27204 0.712456 1.44705 1.13779 
0.0291019 0.832625 1.80585 1.04955 
0.77648 0.799173 0.754316 1.08862 
2.38318 0.653046 1.35838 1.01578 
2.0298 1.00842 1.47297 0.881898 
0.288503 0.651484 1.69278 1.13767 
1.05362 2.4074 1.53659 0.934977 
0.572557 0.320994 0.559178 1.00391 
1.22078 0.995812 0.863745 1.07232 
0.64795 1.48381 0.956607 1.01328 
0.229878 2.49262 0.924565 0.95324 
2.20323 1.54332 1.21494 1.08743 
0.970164 2.96056 1.24315 1.15274 
4.96952 0.966634 0.542432 1.14359 
0.398018 0.347265 0.665736 0.843162 
0.167937 0.402386 1.39853 0.884164 
0.319201 0.132624 0.94389 1.08101 
1.74615 0.449916 0.66609 0.951694 
1.76031 0.634268 0.753465 1.00311 
0.607982 1.10904 0.901058 1.00016 
0.40219 2.18519 0.78285 0.994699 
1.14121 1.09574 0.582491 1.13983 
0.378043 1.25575 1.2108 0.985626 
0.927203 0.325486 0.869043 0.917265 
0.0753577 0.290642 1.36695 0.953646 
0.328873 0.525433 0.936156 1.14106 
2.0913 0.470078 0.997656 1.08189 
0.673849 0.51998 1.80618 0.985158 
1.17161 0.455621 0.663619 0.959653 
0.353095 0.272968 1.06976 1.10072 
2.3288 0.569016 0.793271 0.991492 
0.256271 1.37753 1.4423 1.09261 
0.237396 0.896824 1.01955 0.990241 
0.97428 0.628938 1.29184 0.956892 
0.382707 0.325669 0.722058 1.0053 
2.54957 2.23729 0.557503 0.871135 
0.37011 1.67893 0.83289 1.05599 
0.846365 0.640051 0.492742 1.02266 
3.38289 0.219315 1.14853 1.06273 
1.9869 1.50483 1.13997 0.829967 
1.18049 0.413521 1.2746 0.904441 
2.26726 0.567099 0.828172 1.05363 
0.688722 1.54442 0.746438 0.963737 
1.87572 1.27097 1.03526 1.00019 
0.0855311 0.936633 0.724241 1.02096 
0.354008 1.15037 1.14739 1.01213 
0.519412 0.630025 0.942085 0.908056 
0.555243 1.47773 1.03963 1.32787 
0.398578 0.956972 0.903181 0.955601 
0.456926 1.57523 0.578935 0.788183 
0.0386662 0.565272 1.74645 1.07538 
0.0401976 0.782942 1.16376 0.817786 
0.395007 0.498488 0.841702 0.976684 
0.880477 1.324 0.942517 0.951987 
0.0350836 0.161047 1.51488 1.03521 
1.05067 0.784355 1.15478 1.0752 
1.33239 0.721687 1.55008 0.910584 
1.49494 1.11562 0.824709 1.13917 
1.44939 0.88349 0.942758 1.10783 
0.10174 1.80004 0.899669 1.13006 
4.19209 1.25197 1.01696 0.987398 
0.0562686 0.293445 0.889978 0.77528 
0.790425 1.52924 1.09003 1.10055 
0.423997 0.378551 1.24789 0.98834 
1.04555 0.912353 1.42162 0.941069 
0.560255 1.34903 1.04522 1.0861 
1.04707 0.162651 1.06565 0.962306 
0.117783 0.174328 0.849113 1.18914 
0.545963 0.881699 0.844603 0.939198 
0.259932 0.44243 0.912036 1.1242 
1.99976 2.47396 1.17458 0.939658 
0.931963 3.22919 1.30846 0.782112 
0.00241028 1.27041 0.980855 0.937267 
3.27908 0.239985 0.947822 1.13645 
1.01154 1.27677 1.18073 0.856675 
1.29492 0.541814 0.599624 1.02351 
0.0592846 0.84436 1.3631 0.835364 
0.338577 1.87658 1.14309 1.15006 
1.79722 1.20243 0.768803 0.798246 
1.62136 0.615929 0.754244 0.956623 
2.81382 2.47475 0.633483 0.870033 
1.47268 0.564585 1.6045 1.03606 
0.128442 0.343396 0.455563 0.911574 
1.20459 1.15039 0.505139 0.853868 
0.291476 0.189848 1.34222 0.859275 
0.182245 1.76928 0.831516 0.999714 
1.40502 0.750014 0.617204 1.04596 
1.94655 0.55517 1.44016 0.946162 
3.71863 2.39721 1.17708 0.959155 
0.0225687 0.208292 0.709862 1.06394 
0.819276 0.769354 0.604072 1.00034 
1.16489 0.419854 0.966547 0.988715 
0.4663 0.361904 1.08626 1.00459 
0.879124 1.27929 1.19849 1.0244 
1.46171 0.743835 0.69043 1.12662 
0.361795 0.807232 0.794432 0.842048 
0.134217 1.46606 0.886196 0.962926 
2.82446 1.15588 0.739932 1.1421 
0.655477 0.410793 0.977315 0.991808 
1.86126 0.531992 0.961892 0.913226 
0.0573683 1.35406 0.759033 0.900355 
3.64318 1.3052 1.05436 1.00363 
0.805808 0.337849 1.04455 0.909157 
2.47251 0.46504 0.707294 0.969433 
1.53343 1.31857 0.472849 0.847204 
0.920031 1.15881 1.32909 0.970726 
1.49263 2.33902 0.868662 1.00614 
0.0690784 2.12911 0.968127 0.927672 
0.113993 1.58748 0.97592 1.01566 
0.766554 1.62286 1.72128 0.989214 
0.162336 0.644593 0.426168 1.11637 
0.397312 1.90959 0.696042 1.04976 
0.814791 0.436641 1.15852 0.986305 
2.083 0.52016 0.909414 0.96939 
1.43541 0.0638534 1.39735 1.0361 
0.235954 1.08379 0.888265 0.821189 
0.447568 0.162433 0.580974 1.08112 
1.10812 0.829096 0.86202 0.945191 
0.059734 0.372033 0.727773 0.960027 
3.90593 1.22701 1.45954 1.26286 
0.127627 1.7988 1.43325 0.829729 
0.413859 1.1152 0.824449 0.806527 
0.0617966 0.298983 1.35276 0.880399 
0.596102 0.363089 0.842549 0.898506 
0.177638 1.11818 0.909196 0.918604 
2.08968 0.794704 1.17413 1.10934 
0.00395007 0.156482 1.02852 0.942235 
3.39718 2.30081 1.02473 0.930604 
0.632129 0.718863 0.68852 1.13493 
4.03224 0.883895 0.989261 1.07694 
1.40746 1.24222 1.25337 0.753945 
0.102813 1.48183 0.626406 1.06218 
2.6241 0.807656 1.25352 0.902628 
2.17738 0.651215 1.1221 0.934979 
3.1234 0.549763 0.882023 0.855482 
2.60284 0.0629728 1.13387 1.03098 
1.11834 0.439968 0.998262 1.07944 
0.450534 0.727014 1.02755 1.12601 
1.47756 1.01914 1.38945 1.04259 
1.10512 1.14667 1.14528 0.957301 
0.485464 0.513541 0.897141 0.92152 
0.31363 0.381099 0.754086 0.869902 
0.105626 0.313172 0.611541 1.02373 
3.27559 0.835409 0.916315 0.893098 
0.520453 2.98889 0.991481 1.02995 
0.653486 0.122617 1.07548 0.926842 
1.18388 1.26899 1.02757 0.880858 
1.25667 0.561586 1.09989 1.02503 
1.64527 1.04667 0.8183 1.02602 
0.0252204 1.33187 1.22318 0.738344 
0.79998 0.131708 1.05062 0.750529 
1.50673 2.74871 0.641473 0.920964 
0.148123 1.27242 0.697334 1.13682 
0.0998819 0.677149 0.719017 1.06357 
0.854071 0.976065 1.50433 1.00823 
0.0919193 0.459831 0.924807 0.886035 
0.86145 0.283482 1.00171 0.815307 
1.6079 1.90463 0.756685 0.86773 
0.843351 0.816527 0.823729 1.05148 
1.15414 1.03724 0.67369 1.10132 
2.87691 0.244095 0.855232 0.887517 
0.641686 0.508279 0.788365 1.00801 
0.657203 0.883235 0.971234 1.22853 
1.00427 1.07637 0.856001 0.977994 
3.50032 0.837909 1.50231 0.974734 
0.284241 1.97433 0.563712 1.03524 
0.0154684 0.577748 0.96371 0.95625 
3.00381 1.18564 0.796562 1.12943 
0.41218 0.258082 0.927175 0.903352 
0.897605 1.93424 1.18892 0.96696 
1.20182 0.870527 1.54176 0.78335 
0.0800753 0.958523 1.1792 0.90683 
3.88277 0.297526 0.858184 0.879341 
1.6249 0.370713 0.615644 1.02457 
0.933417 1.41328 0.990273 0.814101 
0.0860943 1.22218 0.698104 1.16064 
0.673894 1.02483 0.73007 0.808288 
1.35953 1.48987 1.31629 0.843339 
0.874798 0.73162 0.594816 1.04391 
1.79881 1.03977 1.04573 0.938106 
0.554888 2.16547 0.987879 1.10783 
1.08782 1.44207 0.748584 1.0145 
0.539393 0.238433 1.22348 0.951912 
0.0429034 1.10443 0.80604 1.10573 
0.76842 1.50213 1.02255 0.881906 
0.160493 1.6488 0.815252 1.00494 
0.12661 0.40101 1.35775 0.833392 
1.98295 0.736667 0.793475 0.78221 
0.485289 2.03025 0.433567 0.919891 
0.126393 0.296602 1.15438 0.875733 
1.38444 1.90428 0.983779 0.944188 
0.16217 1.93713 1.04438 0.952364 
0.663297 0.815716 0.867234 0.93319 
1.26123 0.237693 0.688914 1.14711 
0.21444 1.53551 1.41055 0.914925 
0.314531 2.37613 0.699458 1.19433 
0.312653 0.808953 1.22192 0.968988 
0.802362 0.370035 0.920415 0.993891 
0.288984 0.303946 1.11132 1.01683 
0.663408 0.195367 1.02593 0.886121 
0.643726 0.999966 1.84247 0.978445 
0.484259 1.39534 0.850578 0.886291 
0.678103 0.52933 0.574305 0.857432 
0.510746 0.310155 0.907284 1.11108 
0.891829 1.07534 1.11995 1.07538 
0.46832 1.20591 1.37793 1.08261 
1.31183 0.265237 0.620931 1.00267 
2.92942 0.821149 1.35552 1.04129 
1.58399 0.485219 0.943875 0.921758 
0.941082 1.22612 0.826927 0.977405 
1.62769 0.243189 0.766364 1.0433 
0.421126 0.801386 0.605037 0.845715 
0.845106 1.081 1.17084 1.02983 
4.04199 1.78506 1.46815 0.852627 
1.31468 0.603798 1.06229 1.0458 
1.7367 0.390865 0.607593 0.856961 
0.226172 0.307141 0.770113 0.913338 
0.809218 0.428485 1.2329 1.07424 
0.296452 0.888367 1.08037 1.10684 
0.585293 3.50188 1.0149 1.08483 
0.430014 0.657294 0.847972 1.04442 
0.509029 1.472 0.945632 0.978481 
0.49585 0.457397 1.83345 0.987709 
1.25001 0.650694 0.771954 0.954413 
0.955937 0.487623 0.737791 1.05675 
0.230886 0.772047 1.35164 0.932513 
1.53338 1.04493 0.950477 0.985871 
0.262449 0.864548 1.22431 0.963013 
0.827053 1.17879 0.778338 1.08354 
1.12617 0.804806 0.741575 1.10091 
0.857836 1.34137 0.87221 0.979461 
2.56543 0.641654 1.67575 0.942101 
0.28558 0.537534 1.13126 1.03116 
0.355448 1.19476 0.912079 1.0025 
1.29146 0.275348 1.21784 0.902547 
0.628169 0.507762 0.99735 0.956442 
0.711124 2.83459 0.789014 1.08172 
0.469446 0.290628 0.699284 0.920146 
1.04242 0.508178 0.838319 1.17863 
0.124565 1.53409 0.886977 0.805149 
1.13182 0.573275 0.671292 0.920362 
0.294423 0.48948 1.37491 1.12181 
0.0970691 0.794691 0.631039 1.12636 
0.593339 2.36096 1.43837 0.936147 
0.0248085 0.447592 0.978856 0.90179 
0.620474 1.00336 1.3225 1.20193 
0.754608 0.186849 1.05236 0.838982 
2.17742 0.153619 0.576816 0.934641 
0.211309 0.373925 1.11342 0.916575 
0.806866 1.5427 0.742296 1.05695 
0.834754 0.783686 1.41544 0.926802 
0.945423 1.18709 1.10821 1.02115 
0.711308 0.474672 0.763809 1.02698 
1.68809 1.20427 1.36805 1.11938 
0.00865745 0.482331 0.746547 1.17992 
0.183535 0.453494 1.27057 0.968682 
0.0689921 2.04584 0.85631 0.920398 
3.29696 0.236982 0.524627 0.895367 
1.32487 0.321006 1.09829 0.886537 
0.884699 1.6496 1.06148 1.13931 
0.380488 0.597893 1.07659 1.13467 
0.209829 0.352567 0.463057 0.934947 
0.463324 1.35816 0.851113 1.04776 
4.04845 0.966714 0.649536 0.881951 
0.194658 0.806367 1.19454 0.974347 
2.00721 1.91668 0.848596 0.871223 
0.738654 0.729899 0.717765 1.06156 
0.380226 0.348527 0.667567 0.97175 
2.66635 1.01237 0.51926 1.1407 
4.23041 0.317378 0.958666 1.06454 
0.992088 0.728767 0.832575 1.09047 
1.87546 1.98335 1.01051 0.993638 
0.617878 0.570204 0.617777 0.979419 
0.813176 0.322342 0.559688 0.875027 
0.0913966 0.516187 0.739338 1.10699 
1.00961 1.92969 0.729984 1.00811 
4.12066 0.339533 0.618043 0.849321 
0.554239 0.857492 1.05526 1.04863 
1.01155 1.9217 1.16538 1.00074 
0.44456 0.79683 1.3724 0.994932 
0.607023 2.0357 1.41557 1.06001 
1.74186 0.138188 1.03407 1.05375 
1.36504 1.51073 1.85867 0.859812 
1.58306 0.289107 0.811546 1.13638 
0.305842 0.910427 1.37772 0.872655 
1.94791 1.02109 0.789389 1.26325 
0.503401 0.525933 0.944982 0.960569 
4.14525 1.13086 0.976273 1.02365 
0.0936063 1.99722 0.938507 0.987071 
0.497225 1.50251 1.05817 0.939815 
1.23819 0.429149 0.823254 0.886037 
1.51471 0.795521 0.769201 0.949713 
0.448085 2.79824 1.95817 1.03955 
1.70243 2.55911 1.18069 1.02425 
1.69182 0.668228 0.594924 1.01375 
1.84285 0.807386 0.893707 0.870996 
0.61915 0.241266 1.04506 1.04506 
1.86449 1.29145 1.64241 1.20145 
0.923917 0.458008 1.43216 0.938912 
0.028588 0.411339 1.12801 1.03148 
0.868105 1.20655 0.847354 0.963464 
0.22839 1.65369 0.570973 0.939334 
0.0358193 0.576119 1.14765 0.950459 
0.551406 0.599743 0.915344 0.992073 
0.245148 0.355818 1.1387 0.793485 
0.88662 1.31021 1.85118 1.10081 
1.37559 1.44843 1.58451 0.961998 
0.134094 0.407893 0.702595 0.894057 
0.114945 0.171925 1.1429 1.06988 
0.596609 1.12502 1.07012 0.89999 
0.287841 2.11497 1.41261 1.10063 
0.923022 1.0028 0.696729 0.929156 
0.753194 0.727594 1.07404 1.11442 
0.0194388 0.550129 0.747921 0.961667 
0.420749 0.91488 1.46091 1.11889 
0.571903 0.263926 0.76637 0.861225 
0.343991 0.659655 0.830502 1.0567 
2.73982 0.955986 1.87232 0.881414 
1.35497 1.68804 0.582771 1.15674 
0.0167782 0.150405 1.15481 1.19014 
0.622312 2.01178 0.94338 0.93419 
1.08287 1.34669 0.459118 1.12714 
0.809003 1.72006 0.774029 1.21242 
0.264444 1.3878 1.16145 0.891352 
0.113542 0.16287 0.832267 0.875585 
0.0536273 0.314115 0.983972 1.08809 
0.654767 0.389944 0.997751 0.980621 
4.39272 0.743807 1.1694 1.03031 
1.44239 0.0780362 1.00902 0.998249 
0.323203 0.523985 1.2546 1.01237 
0.612519 0.52662 0.858954 0.874497 
2.14463 0.560966 0.833577 1.0686 
1.08768 0.882563 0.880546 0.95542 
0.321266 0.134689 0.757397 0.904798 
0.37011 0.212872 0.899315 1.0738 
0.653766 1.44881 1.20706 1.1643 
1.38796 2.53041 1.04247 1.06706 
0.146494 0.825917 1.53845 1.20028 
1.06941 0.354236 1.19118 1.08699 
2.21578 2.00394 1.03842 0.985521 
1.03907 0.529343 1.59077 0.961065 
0.553507 0.757467 0.848271 0.968055 
0.340507 0.10878 1.10663 0.998502 
0.34541 1.20641 1.3961 1.16153 
0.159935 0.985646 0.741094 1.07102 
0.831195 0.91638 1.50267 1.11961 
0.145489 0.801282 1.17318 0.77754 
0.222477 0.265327 0.656466 1.08368 
0.330091 0.9176 1.31793 0.934263 
2.12827 0.892146 1.23303 0.898174 
0.304948 0.0887106 0.923426 0.850845 
1.08764 1.23264 0.609832 0.978197 
0.223421 0.210387 0.836837 1.07491 
0.939193 0.275005 0.810377 0.848727 
1.06793 1.18771 0.927922 0.864646 
0.045492 0.373951 0.779914 0.974277 
0.397089 0.514124 0.682744 1.08669 
2.38543 0.284991 1.13356 0.952362 
0.18765 0.237652 0.983148 0.935394 
1.49417 1.40113 1.10447 0.938655 
0.552928 1.21699 1.30105 0.894455 
0.344394 0.629987 1.11468 1.17548 
1.07412 3.03419 0.98403 1.04202 
1.98531 0.350532 0.832568 1.12547 
0.141525 2.90288 1.63103 0.976679 
0.721909 0.117363 1.07003 0.922381 
4.29176 0.69291 0.98813 0.883345 
0.297047 2.72362 0.832002 1.02228 
1.47132 0.726692 1.48931 0.919478 
0.278089 1.33158 0.680718 0.997802 
0.238052 0.600439 1.27034 1.01019 
0.324058 1.00422 0.405978 0.819114 
0.977301 0.0622431 0.988072 0.956288 
0.308872 1.05289 0.952741 1.11714 
0.671623 0.949953 0.694714 1.00693 
1.21197 0.513278 1.25839 1.06997 
1.69675 0.597337 0.840461 0.821263 
1.35443 0.27254 1.21907 1.00027 
0.123545 0.503619 0.679083 1.08673 
0.016443 0.43534 0.844257 0.919129 
0.670758 1.73941 1.2232 0.820564 
0.429794 1.89683 1.00958 0.884516 
0.402823 0.738389 1.27333 1.06407 
0.670664 0.517421 1.173 0.906992 
2.86122 1.58122 0.965217 0.77961 
0.183965 0.616052 0.933753 0.944574 
1.20929 0.579735 0.88273 0.988721 
1.50291 0.646014 0.578055 1.15132 
0.713477 0.518234 1.03093 1.02173 
1.78136 0.453455 0.913384 1.03877 
0.0372309 2.3285 1.21537 0.992777 
1.19743 0.945583 0.826143 1.08905 
0.143561 0.992837 1.88814 1.02664 
1.22379 1.90014 0.826501 1.06779 
0.354487 1.05594 1.11737 1.23465 
0.666485 0.702116 1.31064 0.956908 
0.325813 1.61118 1.28738 0.822455 
0.771833 0.851935 0.727011 0.871206 
1.22094 0.402957 0.555112 0.822985 
1.81252 0.905033 0.837648 0.832106 
0.30973 1.89082 0.67798 1.0768 
1.45776 1.41503 1.32661 0.741066 
1.16942 3.78519 0.740474 0.900632 
0.22237 0.646862 0.790444 0.941157 
0.1175 0.429237 1.32785 1.08086 
0.304199 1.08296 1.47038 1.00266 
0.312368 0.762911 0.939959 0.874172 
0.236456 0.386092 0.751815 1.09873 
0.395168 0.282804 0.833485 0.874501 
0.0391796 2.23655 0.845368 0.996588 
0.148654 0.0797453 0.531462 1.2039 
3.18982 0.497321 0.769096 0.942332 
0.114949 2.31895 0.656334 1.06311 
0.126696 0.35255 0.843218 1.02603 
0.131724 0.492646 0.724426 0.77651 
0.372237 0.536187 1.09371 0.994439 
0.0606176 0.778722 0.752434 1.10152 
0.383412 2.23556 0.952608 0.995399 
1.66877 0.567348 0.473682 0.942834 
0.387914 1.25951 0.725633 1.06644 
1.51589 1.11076 1.01741 1.02399 
1.41287 0.761298 1.13371 1.02377 
2.67505 0.322807 0.967524 0.869535 
0.455707 0.296225 0.763502 1.07519 
0.0390738 0.88435 0.965483 1.03824 
0.480084 3.08635 0.71816 0.964816 
0.845536 0.841052 0.35186 1.19117 
3.97902 0.691936 0.448689 0.975608 
1.02028 0.714928 0.571186 1.10877 
2.14961 1.29808 1.47178 0.87403 
0.261569 3.22389 1.19063 1.03224 
0.400802 1.98679 0.952254 1.02332 
0.0756398 2.59479 0.61914 0.915229 
3.71684 0.56138 0.87582 0.981741 
0.222729 1.02642 0.923307 0.877196 
2.70193 0.835163 0.875703 0.871074 
0.807398 1.71952 1.1474 0.977983 
0.0926082 0.632964 0.496153 0.993918 
0.414015 1.28971 1.03237 0.809906 
0.0064532 1.67203 0.867587 0.969206 
0.237863 1.39855 1.04705 0.912356 
1.47464 1.43757 0.870103 0.894213 
0.194115 1.20064 1.00556 1.10788 
3.14107 0.115545 0.903976 1.24137 
0.635832 0.264477 0.840854 1.0334 
0.341637 0.746354 1.93339 1.03868 
1.44988 1.39862 0.961114 0.819437 
1.3619 0.81528 1.17543 0.925952 
0.563257 1.72189 1.3335 0.952764 
0.825245 0.663215 0.784316 1.15423 
0.0614401 1.53002 1.27907 0.988777 
1.89645 1.2921 0.614411 0.965926 
0.505247 2.19932 1.05082 1.07326 
0.366696 0.841277 0.954958 0.809677 
0.0362863 0.52893 1.17311 1.0805 
0.223774 0.311029 1.31461 0.829929 
0.359715 2.13126 0.456027 0.927572 
0.448919 0.50079 0.84434 1.16528 
0.641706 1.25604 0.802284 0.9852 
1.55628 1.19961 1.39319 0.92906 
0.263635 1.64554 1.1405 0.935395 
0.0339503 0.553787 0.859042 0.975371 
0.656278 0.633355 0.554911 1.05288 
0.0287998 0.407058 0.95032 1.17362 
0.999526 0.291816 0.936948 1.09222 
0.164266 1.10057 1.30839 0.988416 
0.734887 1.59037 1.30011 0.836442 
0.657659 2.89841 0.813087 1.03611 
0.197626 2.354 1.52693 0.906244 
0.604674 0.106989 0.772204 1.12998 
0.0893594 0.686524 0.810924 1.07601 
0.0148764 1.13781 1.31745 0.915285 
0.169841 0.764259 1.14698 0.968988 
4.24569 1.1245 1.02858 1.09392 
0.259845 1.06938 0.931253 1.11612 
0.426215 0.529613 0.85025 1.05864 
0.05537 0.276992 0.286467 0.86305 
0.474305 1.45234 1.16428 1.04626 
5.20856 0.995173 0.791864 0.992879 
0.229669 1.01253 0.795042 0.969506 
2.8147 2.49407 0.764433 1.01512 
2.51324 1.86244 0.744741 0.90372 
0.467216 0.252594 1.24031 0.992499 
1.96413 1.92538 0.623703 1.00386 
1.67443 0.592015 0.583172 1.07096 
0.16259 0.435743 0.897981 0.973656 
1.33364 0.894516 1.13771 0.986011 
1.80362 1.42462 0.961885 0.891549 
0.113254 1.55603 1.16882 0.952099 
1.53238 2.47326 1.20867 0.965645 
1.05769 0.922302 1.15699 0.963179 
0.527638 1.23715 1.03735 1.15845 
0.102789 0.279109 1.15498 1.41102 
1.80274 1.19767 1.38975 1.04354 
0.843496 2.07496 1.65066 0.823786 
0.72144 0.951203 1.03256 1.15772 
3.01136 1.04604 0.709455 0.921994 
0.261292 1.26827 1.04627 1.12817 
1.68943 2.19582 0.493621 1.06174 
0.77553 1.22213 0.954204 1.03371 
0.629766 0.558755 0.861991 1.09696 
0.519403 0.321148 0.943347 1.06016 
1.19054 1.54647 1.41796 1.05428 
0.0289609 0.561954 1.69917 1.03141 
0.419565 0.277 0.450478 1.05773 
0.988434 2.17208 1.41192 1.02561 
1.88113 0.89527 0.974161 0.935066 
0.300645 0.381296 1.25926 0.890488 
0.390515 0.203961 0.799769 0.974934 
0.376242 0.602134 0.940483 1.06411 
0.391194 1.75787 1.45825 1.00706 
0.482539 0.579496 0.683806 0.883897 
1.04526 1.58335 0.744615 0.933148 
0.599855 0.477353 0.343186 1.12992 
1.70388 0.605581 0.921416 1.12084 
0.353936 1.07232 0.738562 0.893771 
0.373939 2.32262 0.522505 0.818374 
0.686897 1.05333 1.19457 0.902134 
1.4357 1.40033 0.888033 1.10935 
0.261947 1.01541 1.21736 0.98029 
0.106588 0.427004 0.836082 0.891145 
0.823455 0.33306 1.12336 0.973022 
0.468443 0.740187 1.02264 1.0881 
0.87082 0.745168 0.737397 1.07877 
0.196273 2.16421 0.900839 1.00497 
0.386869 0.545982 1.48984 1.05589 
1.85973 1.24636 1.18614 0.992804 
1.32348 2.28636 1.25153 1.02612 
1.40358 0.481662 1.14793 1.04748 
0.609467 0.152842 0.719478 1.09081 
0.266895 1.85237 0.245143 1.02777 
0.0322197 0.0769106 1.06762 1.02156 
1.19324 0.655012 0.924437 0.946791 
0.324274 0.580773 1.21424 0.880436 
0.0546794 1.10192 0.648164 0.918777 
0.0543891 1.16279 0.92622 0.786963 
1.37883 0.160647 1.01579 0.937023 
4.48954 1.02297 0.975275 1.1643 
0.363152 0.715171 1.18001 0.907561 
1.83187 0.389901 0.655082 0.876905 
0.484993 1.39609 1.10776 0.968853 
0.404471 1.77418 1.83836 0.947103 
1.25779 0.566491 0.456677 0.925536 
0.177668 1.29277 0.721648 1.0655 
1.11432 2.3033 1.16638 0.964408 
0.363492 0.484304 1.30456 0.994813 
0.307058 1.05239 0.74475 0.959044 
1.48837 0.599259 1.06896 0.802237 
0.239724 1.16147 1.06112 1.08491 
1.39252 1.92214 0.772243 0.837373 
0.86109 1.28824 1.02461 1.20701 
0.686855 0.826948 0.833107 0.953753 
0.344105 0.586137 0.69174 0.920506 
1.82552 1.60002 1.50888 0.89149 
0.994872 0.0987047 0.948219 0.970237 
1.57361 1.99709 0.50719 1.01619 
0.699347 1.5451 0.649693 0.947281 
2.58284 0.228984 0.583445 1.01102 
2.85799 1.13637 0.609255 1.0102 
0.0330993 0.318586 0.815774 0.942594 
1.79166 1.29585 0.931276 0.979913 
0.0698263 1.69867 0.861572 0.957088 
0.50473 1.44873 1.01855 0.948336 
0.28429 1.55045 1.01141 1.05482 
0.820613 1.34992 0.972154 0.929702 
0.341729 0.431461 0.887738 1.10385 
0.483033 0.268371 1.6629 1.11817 
1.96826 2.18631 1.22496 0.847639 
0.485512 1.23047 1.20726 0.927546 
0.55078 0.316184 0.972342 1.05282 
0.492343 0.717353 1.08719 0.934998 
0.36528 1.10294 2.0148 0.944138 
0.614887 0.781903 0.883118 1.00677 
1.46264 0.707378 1.20334 0.964532 
1.44551 0.947843 1.32299 1.00346 
0.0189075 0.85802 0.946737 0.898837 
1.39587 0.974126 1.55385 0.867521 
0.328396 0.334099 0.849946 0.87298 
0.575515 0.257202 1.03398 0.956468 
1.95132 1.55019 0.822855 0.90761 
1.03232 0.868272 1.09209 1.01484 
0.369673 0.771743 0.749156 0.946602 
0.0366987 2.45657 0.964888 0.996378 
0.565057 0.619281 0.598564 0.894782 
0.480392 0.341181 0.949754 1.01343 
0.256683 0.400369 0.586299 1.16852 
0.478334 0.651519 0.560267 1.04453 
0.14666 0.795088 1.23291 0.979158 
1.21099 1.42115 1.32246 0.866723 
0.103295 1.34304 1.06636 1.11231 
1.91541 0.161536 0.566055 0.990575 
0.159057 0.703879 0.944523 0.896476 
0.886769 0.359374 0.943749 0.977245 
5.58153 0.325745 1.35419 1.12333 
1.41291 0.295248 0.674277 0.78462 
0.809595 1.77549 0.841773 0.969388 
1.87584 0.569868 0.947932 1.12268 
1.58797 1.38591 0.802314 0.971846 
1.0804 0.112735 0.980354 0.96224 
1.41108 0.46034 1.44309 1.05062 
0.663884 1.5199 0.874189 0.970266 
0.419976 1.85197 0.533186 0.941007 
1.81744 2.10617 1.66721 0.982655 
1.85298 1.33949 0.463319 0.867457 
0.203259 1.64059 0.663243 1.11362 
1.35496 0.94161 0.730288 1.09305 
0.48506 1.69327 0.94108 0.972411 
1.97642 0.553705 1.27301 0.987608 
0.741547 0.352143 0.811344 1.13284 
2.54657 0.849009 1.34879 0.978604 
0.430954 0.626352 0.908178 1.04432 
0.622034 1.57454 0.831665 1.17244 
2.17361 1.04578 0.748672 1.02531 
0.695389 0.89331 1.20405 0.984623 
0.343893 0.978096 1.26507 0.911047 
1.44736 1.78173 0.867748 0.915099 
0.814768 3.82143 1.13525 1.02152 
1.6077 1.03098 1.22043 1.12293 
2.53536 0.226569 0.788461 1.16063 
0.682875 1.14601 1.19694 1.06356 
1.81106 0.609115 1.58943 1.06411 
0.395361 0.836035 0.847964 0.981722 
3.95439 0.498263 0.755657 0.999187 
0.176321 0.286421 1.50445 1.1538 
1.45468 0.533583 1.33857 0.952115 
0.91733 1.75117 0.835861 0.953453 
1.92758 1.57335 0.694713 0.991337 
1.21622 1.0144 1.6105 1.24535 
0.224791 0.0801619 1.46196 0.965662 
0.19436 1.25033 1.17174 1.07561 
1.48581 0.922124 0.904476 1.08147 
0.811649 0.70612 0.734495 1.01246 
1.00787 0.426374 1.79193 0.980469 
0.652665 1.5501 1.05999 0.900229 
0.509565 1.70066 1.16557 0.940069 
0.405797 1.18111 1.41774 0.961913 
1.28631 2.68286 0.91441 1.11404 
1.39314 0.72526 1.11525 0.926076 
0.00815333 1.56957 0.454366 0.950596 
0.430476 0.253415 0.903171 0.975831 
0.639315 1.32274 1.47513 1.03105 
0.145133 0.596811 0.861261 0.93949 
0.124583 1.28927 0.917961 0.923132 
0.383551 0.249847 1.27038 0.985732 
0.346256 0.770367 0.768614 1.12443 
1.17439 0.550409 1.17963 1.0515 
3.2641 1.15421 1.22854 1.18505 
0.12348 1.0036 0.566581 1.07895 
1.25055 2.35375 1.48444 0.882223 
2.11002 1.63487 1.27234 0.931822 
0.49713 1.31654 1.18947 0.946833 
0.0649767 1.0705 0.742513 1.0052 
0.800617 1.07181 1.99256 0.919029 
0.776068 1.26101 0.720552 0.91014 
0.258256 0.234194 1.08736 0.944613 
0.552709 0.0640142 0.941992 1.0107 
0.50919 0.695073 0.465306 1.02957 
0.534611 1.23588 0.48021 0.847631 
0.590738 0.452336 0.577487 0.897499 
1.24536 0.697534 0.597882 0.931638 
2.92488 1.40023 0.843407 1.01864 
0.486664 0.5074 0.632503 0.916215 
0.589894 0.880256 0.881368 1.00837 
1.48209 0.798872 0.723277 1.12702 
1.88591 0.471489 1.19897 1.00267 
0.553715 1.36584 0.681146 0.801329 
0.75486 0.921433 0.874114 0.994524 
2.54355 1.61154 1.1059 0.972138 
1.24117 0.5369 1.41139 0.96594 
0.173392 0.4431 1.1883 1.21517 
0.344071 0.185228 0.780729 1.21043 
1.08656 0.898436 0.999813 0.949373 
0.904087 2.06448 1.76649 0.872362 
0.39156 0.9949 0.897688 0.993218 
0.168011 1.59381 1.52384 1.18977 
0.74068 0.781427 1.06499 1.0304 
1.47484 0.997086 0.826737 1.01204 
0.726182 1.368 1.06922 0.993471 
0.822116 0.269062 0.680089 0.991331 
1.09044 0.299498 1.3098 0.916559 
0.139151 0.222677 1.44985 1.07886 
0.863985 1.27436 1.01926 0.8555 
0.533272 0.694347 0.9449 1.06729 
0.23178 0.531042 0.774197 0.916725 
0.788297 0.343271 1.11799 0.873223 
2.58574 1.36626 0.435544 0.886256 
0.0747542 0.467111 1.14568 1.0647 
0.553961 0.876299 0.503541 1.08895 
2.61756 1.01137 0.71725 1.10902 
2.56446 0.251977 1.21623 0.927958 
0.730299 0.615274 1.66281 1.10441 
0.419035 0.885139 0.857046 1.03475 
3.89803 0.996281 1.12205 0.975629 
0.149321 0.400257 0.701903 0.966393 
2.45389 0.514882 0.939869 0.998232 
0.0169685 0.626998 0.841892 1.05816 
0.891531 1.67361 1.04899 0.963588 
0.589653 0.812904 1.44713 0.8552 
1.28117 0.315056 0.890184 1.24329 
0.536817 0.257389 2.34631 1.02612 
0.00207264 0.459253 1.29486 0.971074 
0.857276 1.12702 1.07202 1.00654 
0.392273 0.478131 0.883509 1.14708 
1.31426 1.33248 0.558624 0.986361 
1.38692 1.4306 1.1315 0.955512 
0.0540773 0.338175 1.02182 0.955109 
1.4292 1.07227 1.25868 0.950966 
0.208886 0.971296 0.965499 0.901903 
1.84342 0.971768 1.16584 1.01032 
0.32891 0.984737 0.917592 0.88574 
0.192895 1.64678 1.23846 0.948731 
0.741995 0.679192 0.585685 1.04619 
0.889141 0.49306 1.11203 1.0203 
0.142079 0.529124 0.818349 1.09377 
1.9432 0.665861 0.628462 1.12503 
1.07572 1.46659 1.32717 0.903212 
0.458309 0.187241 1.46035 0.926142 
0.144527 0.871328 0.589353 1.05871 
1.08819 1.97782 1.00691 0.930373 
1.00116 1.64553 1.13992 0.917671 
0.75091 0.34106 0.683294 0.928607 
0.451369 0.208236 1.00548 0.953163 
0.206123 0.153978 0.937553 0.874786 
0.173134 0.298888 0.964202 0.989981 
1.34972 1.41595 0.811621 0.990734 
1.42066 0.285765 1.06745 1.01168 
0.459988 2.65902 0.945191 1.095 
0.926013 0.627101 0.819359 0.905065 
1.35827 1.32431 1.20162 1.04416 
0.828982 0.254498 0.81661 0.962553 
0.630194 0.572342 1.10353 0.9072 
0.746204 1.12364 1.99621 0.977982 
0.294525 0.431937 0.771048 0.849119 
0.157486 0.759551 0.443655 1.22722 
0.439598 1.94194 0.929432 0.959159 
2.71236 2.15507 0.301434 1.07522 
1.22051 1.17805 0.766092 0.902794 
0.262901 0.882264 0.789572 0.967329 
0.0813515 0.43975 1.11223 1.00216 
0.181638 0.145251 0.693536 0.998321 
0.30451 0.956548 1.12338 1.05306 
0.677663 0.308997 0.694881 0.834831 
0.531451 1.5766 0.910554 0.769238 
1.82797 0.142098 1.59836 1.01165 
2.85596 1.46597 0.712741 1.08592 
4.63277 2.32247 0.922677 1.09285 
1.37619 2.40291 0.369791 0.8412 
0.0490393 0.659585 0.655171 1.21793 
0.746829 0.719662 1.16138 0.949619 
2.27955 0.713492 0.771523 1.17458 
2.52235 0.146452 0.747237 1.18911 
0.347378 0.201846 0.800604 1.02024 
1.00963 0.953211 0.987841 0.992583 
0.783281 1.61693 1.02881 0.881235 
0.642598 1.03332 1.17386 1.04838 
0.193403 1.22366 1.05623 0.83884 
0.282755 0.792348 0.622409 0.91951 
1.07871 0.351446 0.804607 1.04884 
0.158589 1.24512 0.63614 1.0926 
0.47296 0.489307 0.433423 0.850103 
0.735034 0.556765 1.18408 0.97988 
2.52622 1.1907 0.883663 0.841732 
1.89653 0.520239 0.588796 0.954285 
2.78684 0.490687 0.412229 0.929139 
0.397036 0.878254 1.80757 1.22004 
1.30781 0.136161 0.867224 0.95451 
0.0172796 0.294307 1.03066 0.862974 
0.285148 0.535568 0.922723 1.15384 
2.10739 1.45086 0.728975 1.10244 
1.73995 2.25953 1.79562 0.880515 
0.585665 0.141904 0.741136 1.07293 
1.97749 1.88809 1.08246 0.947353 
0.257203 0.28729 0.987328 1.00135 
0.809669 0.263694 1.03784 0.92201 
0.899517 0.253868 1.00386 1.36611 
0.873064 0.386543 1.62207 1.10177 
0.128744 1.59573 0.951796 1.2104 
1.16745 1.08359 1.07542 0.951245 
0.358312 0.25094 1.09999 0.841275 
1.44985 1.77329 1.45391 0.899425 
2.56175 0.405337 0.723431 0.8622 
0.0238115 0.765748 1.24209 0.856801 
1.01437 0.678435 1.3277 0.91532 
0.215457 1.97895 0.628122 1.01868 
1.06275 0.659669 1.03474 1.033 
1.16748 1.33197 0.870392 0.962435 
3.78002 1.09897 0.860761 0.905744 
0.0913173 0.3896 0.851469 1.09567 
0.221053 0.368452 0.934698 0.799869 
0.673281 0.430326 1.22885 1.16381 
1.15604 0.681339 1.15081 0.870887 
1.33566 0.386021 1.01746 1.10387 
0.392506 0.828473 0.908171 0.967839 
0.520802 0.579653 0.934487 0.906038 
1.48914 1.19863 0.742025 0.870519 
0.252914 1.61217 0.701533 0.953502 
0.683482 1.60503 0.947228 1.14405 
4.15319 1.38635 0.703738 0.868586 
0.0642078 0.134745 1.21029 0.952885 
2.03856 0.772001 0.911565 1.12753 
1.5114 0.471052 1.24919 0.877342 
0.0880512 1.69653 1.30346 0.950039 
0.120251 2.04609 1.05488 1.13641 
0.144222 1.66939 1.14834 0.998285 
0.139038 0.583061 0.645491 0.975902 
0.922325 0.328791 1.19526 1.02983 
0.241104 1.61843 0.977755 0.795683 
0.0682206 0.801055 0.70113 1.05236 
0.888114 1.05117 2.16024 1.00082 
0.686083 0.374469 0.886736 1.02399 
0.0972689 1.3633 0.812273 0.975181 
0.184956 0.673104 0.69165 1.0308 
0.933167 1.57424 0.54991 0.96945 
1.65142 2.04184 1.31123 1.07734 
0.926142 0.869366 0.60554 0.860866 
0.476323 0.575687 0.493031 1.08588 
2.04916 1.39707 0.439993 1.25198 
0.376296 0.587131 0.825227 1.11698 
0.525169 0.191481 0.740507 1.12967 
0.0897739 3.13919 1.12418 0.998795 
0.17492 1.02158 0.868732 1.2776 
2.43457 1.12489 1.48042 0.971377 
0.265519 0.620694 0.72585 0.801067 
2.17625 1.60931 0.572803 0.861336 
0.795475 1.21038 0.882877 0.989378 
0.84005 0.695635 1.13163 0.99314 
1.75412 1.42692 1.78689 1.08068 
0.871596 2.28656 0.589305 0.970752 
0.671541 1.62842 1.31775 0.982994 
0.41967 1.61961 0.98857 1.10191 
0.940289 1.30962 0.625145 0.923198 
0.33773 0.818121 1.11224 1.12887 
0.150012 0.309824 0.823585 0.863398 
0.363856 0.382874 0.860746 1.01795 
0.477347 1.82225 1.12848 0.968661 
0.332615 0.458964 0.897795 1.06531 
2.36655 1.59731 1.49439 1.03194 
0.661679 0.843683 0.893189 1.15671 
1.07726 2.10865 0.873558 0.928895 
0.182411 0.694443 1.05025 1.10555 
0.281824 0.63269 0.772659 1.0348 
1.77592 0.759308 1.20374 1.04425 
0.442909 1.30651 0.560591 0.922051 
0.127201 0.94672 1.32245 1.10579 
1.87934 0.337309 0.960045 0.970104 
1.81926 0.609228 1.019 0.995283 
1.28145 0.384333 1.04077 1.08328 
1.80537 2.51428 1.02349 1.05486 
0.820741 0.448943 0.620618 0.99489 
0.116164 1.0883 0.532878 0.967848 
0.027631 0.546645 0.925781 1.13798 
0.309472 1.51083 0.799518 0.913569 
1.63913 0.609275 0.38902 1.24052 
0.0436202 0.516146 0.616404 1.06074 
0.384148 0.767784 0.748199 0.911662 
0.331097 2.26452 0.408789 1.09043 
0.394341 0.739092 1.22379 0.981059 
1.55987 0.743418 0.796049 0.938065 
1.45806 1.21343 0.660034 0.97202 
0.553982 1.28761 1.32681 1.09679 
0.440341 0.480483 0.599605 0.888998 
2.22179 3.15897 0.591769 1.06491 
2.25081 1.0584 2.29987 0.854717 
1.69734 0.0412343 1.03964 1.16348 
1.35124 1.37875 1.05628 0.873118 
0.108408 0.767923 0.982721 1.03126 
0.0644215 0.530414 1.43796 1.01132 
0.124647 1.38058 0.675104 0.952314 
2.77452 1.01383 0.760509 0.950086 
2.29136 0.443825 0.974074 0.943369 
0.191258 1.26958 0.721267 1.02071 
0.299734 1.05319 1.58219 1.04421 
1.48241 0.420444 0.844854 1.09634 
0.596951 0.888629 1.09221 0.950236 
0.558101 0.0707165 0.950865 1.01788 
1.94186 0.547337 1.03607 0.870068 
0.752626 0.68058 0.893095 1.06635 
0.211375 3.98267 0.989116 1.04103 
0.152701 0.645378 1.12845 0.798691 
0.144962 1.38695 1.31244 1.04746 
0.333919 0.306502 0.855822 1.03501 
1.99841 0.571524 1.09919 1.00908 
2.99464 0.969788 0.837284 0.979288 
0.952466 0.24687 1.03786 1.02739 
0.267592 0.316953 0.675182 0.945666 
0.756897 0.752279 1.26145 0.928868 
3.79777 0.637243 0.499969 0.989928 
0.354049 0.521492 1.33749 0.912674 
0.253016 0.383481 0.806949 1.04691 
1.35437 1.95123 0.60384 0.963122 
1.06528 1.24086 0.912413 0.804199 
1.58677 1.09129 1.08976 1.05336 
0.147763 2.84148 1.19463 0.979394 
0.15943 0.544886 1.11923 1.05811 
0.755522 0.491563 0.671295 1.29938 
0.934868 0.139793 1.29553 1.02519 
2.86351 1.41494 0.670927 1.1343 
0.245701 0.579149 0.786344 0.785713 
0.492531 0.689994 1.09405 0.974594 
0.122357 0.779154 1.03552 1.11395 
0.756576 1.72384 0.574477 0.962168 
1.13175 0.0663583 1.05352 1.09007 
0.0993479 0.553485 0.857059 1.10488 
1.96191 0.538797 0.891023 0.995843 
0.552069 3.30897 0.90977 1.22087 
0.538081 1.62201 1.1186 0.842179 
0.351145 1.21484 0.98298 1.11416 
0.233355 2.77555 1.30725 1.10456 
1.99871 0.146813 0.956225 1.05327 
0.0374446 1.12836 1.34799 0.967928 
0.502754 1.22684 0.6858 1.20975 
0.0370615 0.605663 0.907517 0.987406 
0.497189 0.652321 1.95818 0.942255 
0.510254 2.87741 0.992265 1.18441 
0.423286 1.94753 1.3476 0.984903 
0.874703 0.292558 1.06695 1.00091 
0.450877 0.29952 1.05076 1.0766 
0.346174 1.38268 0.651056 0.95031 
1.32704 1.591 1.24746 1.02395 
0.110438 0.89541 1.00745 0.901296 
2.13474 1.06896 0.909505 1.14623 
0.117458 0.501013 0.87928 0.879997 
0.940546 1.42484 0.718441 0.882395 
0.954784 2.10471 0.919269 1.01364 
0.457603 0.37105 0.635702 0.905547 
1.3136 0.672227 0.902847 0.816687 
0.318633 1.18323 0.839635 0.937756 
0.0977135 0.546984 0.622841 0.967587 
2.2778 0.288381 1.07419 0.939153 
1.83854 1.2782 0.701326 0.965268 
0.292854 1.13036 0.729146 1.13494 
1.0996 0.572478 0.882293 1.06899 
3.36516 0.48211 1.22219 1.08574 
0.23895 0.209806 0.961151 0.904143 
0.411024 0.470829 1.30609 1.10824 
4.07432 0.771665 0.746422 1.02781 
0.304847 1.55069 0.729186 1.03462 
1.8135 1.16388 1.57733 1.18243 
0.385258 0.520763 0.778338 1.13766 
0.147039 2.19418 0.907666 0.988072 
0.563495 2.10846 1.36122 1.00284 
1.01686 2.09639 1.14577 0.826848 
0.792705 1.92519 0.721493 0.869399 
0.0536437 2.04814 0.653316 0.900025 
1.23587 1.54984 1.3508 0.863445 
0.76369 0.288352 0.958401 0.87377 
0.713673 0.369957 0.78029 0.890954 
0.293045 0.991054 0.89546 0.917342 
0.477632 1.4262 0.602016 1.00907 
2.19752 1.26013 1.06449 0.770796 
0.429286 0.944034 1.28334 0.994989 
1.38802 0.369219 0.380356 1.2637 
0.910841 0.902858 1.59741 0.932771 
0.910827 0.744837 1.46315 0.935204 
0.221452 0.998131 0.592371 1.13799 
1.50894 1.01129 1.23243 1.05742 
0.500398 0.340874 1.52331 1.05221 
2.83965 0.835634 0.67357 0.957967 
0.355105 2.072 0.811493 1.0897 
2.48999 0.320662 1.13818 0.924103 
0.627983 2.38668 1.15059 0.914852 
0.620586 0.926229 0.734596 1.07931 
1.98749 0.396747 0.756469 0.792232 
0.517773 0.0381156 1.49272 1.01213 
0.120527 1.50983 1.32333 0.919331 
0.0380855 1.34552 0.939068 0.861792 
0.154479 0.962255 1.36164 1.09854 
0.235313 0.73555 1.10293 1.11943 
1.8525 0.383979 0.429742 1.12967 
0.466834 0.707065 0.999046 1.06947 
0.0522964 1.99261 0.930751 0.937281 
0.972431 1.16226 1.17703 1.11198 
0.739833 1.71509 0.816019 1.03364 
1.36785 1.30321 1.22342 0.875653 
0.427711 0.658364 1.13623 0.900766 
3.62941 1.04442 0.836028 1.0351 
0.557182 0.218945 0.927485 1.1215 
0.0721364 2.80338 1.39714 0.912522 
1.77986 0.711524 0.850467 0.843933 
0.088219 0.758382 0.98709 0.919563 
0.324634 1.24622 0.992487 1.18017 
0.808322 0.534669 0.869458 0.926866 
0.373716 1.18964 1.00488 0.895552 
0.620936 2.02465 0.526087 1.19948 
1.93969 0.168195 0.940932 1.16908 
0.21331 1.53424 1.97078 1.00954 
0.626964 1.01653 1.43433 0.910221 
0.0806651 0.783637 1.01802 0.990546 
0.730678 0.396204 0.91286 1.10247 
0.256554 2.06548 0.964989 1.11175 
4.37947 0.509886 0.750672 0.985032 
0.373649 1.46921 0.82183 0.930435 
1.77061 0.355654 1.51039 1.15205 
0.280985 0.206975 0.649662 1.00955 
1.42404 1.33503 1.11954 1.04495 
0.954097 1.51482 0.883493 1.04311 
0.987756 0.748784 0.569185 1.11433 
0.80682 1.53578 1.07627 0.841429 
0.0877881 2.10005 2.05418 1.17357 
0.619871 0.384431 0.531093 1.03695 
0.413994 1.98781 1.3197 0.997219 
0.745108 0.619758 1.81214 1.0227 
0.227864 1.8762 0.992478 0.950966 
2.10188 0.732221 1.04238 1.06717 
1.76771 0.20131 1.31398 1.05466 
0.498379 0.823836 0.452059 0.987833 
0.50073 0.208245 1.29711 0.905241 
0.440625 1.23824 1.17135 1.02591 
0.201198 1.70695 1.1073 0.964145 
1.61442 0.878822 1.12147 0.94482 
0.984666 1.60679 1.18405 1.09838 
0.275288 0.362809 0.932678 1.07846 
0.595774 0.828422 0.73075 0.988013 
2.06922 0.676493 0.748365 0.86446 
0.111023 1.20299 0.769453 0.806082 
0.166355 0.847083 0.948725 0.994893 
1.62734 1.47745 0.852056 1.06082 
1.26475 1.27557 0.451618 0.971424 
0.88183 0.462025 1.24154 1.03111 
3.20116 0.250695 1.09563 0.92359 
3.14067 0.26043 0.795239 0.799837 
0.803093 2.14448 1.86436 0.899296 
0.237469 0.887548 2.15651 0.99694 
2.83105 1.21489 0.442624 1.0065 
1.57006 1.57933 0.923092 0.998082 
2.53109 0.705647 1.11422 1.02089 
0.264339 2.23112 0.761815 1.00446 
1.36744 0.968728 0.782674 0.97113 
1.20431 2.01441 0.906382 1.07597 
2.37938 0.118076 1.11317 1.03445 
0.388608 1.02622 1.11837 0.985194 
0.680529 2.54875 0.708509 0.77752 
0.122668 1.21698 1.14346 1.06033 
1.18045 3.48614 1.2342 0.963519 
1.39531 1.28086 1.45947 0.832071 
2.38414 0.9995 1.98112 0.991206 
0.558837 1.67503 0.92681 0.97885 
0.0971408 1.38005 1.25128 1.04833 
0.355465 0.549499 0.677163 0.924603 
3.50824 0.165367 1.16444 1.0749 
0.410204 0.793722 1.04634 1.05441 
0.795751 1.28944 0.540201 1.06875 
2.04257 0.885617 0.92252 0.860299 
0.728449 0.959167 0.986428 1.05216 
0.445086 1.55358 0.519115 0.976324 
0.112821 0.600866 1.02987 0.826739 
0.244428 0.952942 1.29921 1.19502 
0.150141 3.56812 1.20626 1.08105 
1.10456 0.0929527 0.61037 0.94448 
1.05986 1.07384 0.957127 0.976299 
0.169444 0.117237 1.28417 0.975606 
0.135695 0.108072 0.459887 1.01148 
0.964226 1.21684 0.779048 1.04818 
1.11766 0.462704 0.939218 0.998377 
0.146102 0.561866 0.752864 0.912153 
0.227235 0.304967 1.52006 0.97166 
1.52037 0.468445 0.762279 0.989686 
0.234542 0.656831 1.28184 0.772446 
0.116464 1.50726 0.79458 1.06634 
4.32488 0.387366 1.39946 1.02566 
0.499435 0.195204 1.20658 0.932414 
0.0125183 1.50455 1.03496 1.07715 
0.139076 0.761269 0.857581 1.04234 
0.0933333 0.438154 0.874477 1.14065 
1.37537 0.584127 0.940797 1.02724 
0.00468554 0.80899 0.728716 0.93781 
0.176681 1.14987 0.794316 1.05949 
0.50117 0.552337 1.11618 1.01201 
0.107976 1.80144 0.875754 1.1608 
0.561193 0.138134 0.901952 1.14201 
2.06006 1.3653 0.976258 0.952288 
0.229431 1.01466 0.967772 0.876136 
0.596888 0.357121 0.905363 0.881032 
0.242885 0.527762 1.98539 1.22684 
1.62559 0.196132 0.83521 0.894194 
1.85017 0.185231 0.679842 1.10718 
0.333329 0.594136 0.899035 0.940937 
0.176369 1.9353 0.631598 1.01338 
2.46135 0.906078 1.00164 1.0355 
0.0752707 0.785844 1.1905 0.933156 
0.137609 0.68862 1.01787 1.20043 
0.257312 0.374156 0.944577 1.0058 
0.123992 0.139471 0.82404 1.01354 
3.51751 0.488905 0.725851 1.02486 
1.23781 0.515996 0.769081 0.950292 
0.352764 4.004 0.865407 1.00047 
0.745463 1.41119 0.891461 1.16906 
5.35626 0.628856 0.776083 1.02737 
0.790617 1.65864 1.16615 0.930114 
1.43944 0.840034 1.02139 1.13787 
2.70667 0.960513 0.741705 0.827243 
2.97947 2.42345 1.29867 0.94298 
0.772324 1.28139 1.47144 1.06963 
1.28698 1.38936 0.943019 0.858264 
1.10339 0.245599 1.10179 0.980301 
3.6488 1.27403 0.705382 1.11927 
0.657957 0.803701 1.24856 1.06869 
2.59137 1.03305 1.24343 1.06445 
1.40304 0.858 0.990033 1.08833 
2.57383 1.75662 0.798212 0.898814 
3.73745 1.79014 0.945033 1.09533 
0.0503008 0.736959 1.58238 0.943861 
0.361296 0.737243 0.650805 1.0993 
0.584404 0.965354 0.710774 1.05748 
2.93652 1.72727 0.839284 1.2383 
2.01388 0.293822 1.11942 0.93498 
0.548085 1.52377 1.8841 0.942838 
0.46191 1.45861 1.52481 1.08834 
0.124844 0.260426 0.716805 1.03904 
0.245327 1.08891 0.744758 1.06339 
1.49977 1.29113 1.16623 0.955534 
0.0828579 0.22599 0.42848 1.12072 
0.965967 0.489542 0.931988 1.05339 
1.5171 0.810623 0.785243 1.06398 
0.370283 0.0909879 1.21174 1.04885 
1.80666 0.688452 1.51362 0.969281 
0.166173 0.263553 1.13285 0.819914 
0.165661 0.35901 1.21694 0.997668 
0.816116 1.28387 1.12674 1.13447 
2.76982 0.727393 0.678735 1.12114 
0.791206 0.562476 0.975443 1.17509 
1.00097 0.319127 0.992852 0.981057 
0.721361 1.86978 1.01413 0.93983 
0.544259 1.7107 1.13704 1.0911 
0.230429 0.80345 0.958596 0.935949 
0.172983 0.779325 0.609241 0.993072 
0.021132 0.630378 1.03155 0.988843 
0.573484 0.729058 0.943362 1.03675 
0.161528 0.287251 0.911276 1.03495 
1.00077 1.85521 0.709611 0.982879 
0.226652 0.106724 1.08956 0.937667 
0.79876 0.785113 1.11185 0.886341 
0.637865 0.468687 0.83451 0.876945 
0.0498916 0.63542 0.576737 1.08403 
0.436742 0.646427 1.04536 0.946741 
0.486449 1.17123 1.10376 1.08367 
4.16456 0.492327 1.49503 0.867787 
1.78262 2.30479 0.685051 0.921828 
1.92315 1.2189 0.827232 1.09253 
0.166542 0.952236 0.669584 1.15413 
0.297973 0.95767 0.752136 0.851108 
5.09627 1.9224 1.677 0.90174 
3.97319 0.707254 1.45063 0.868899 
0.121941 0.680242 1.15957 0.887173 
0.89783 1.16396 1.2288 0.811829 
0.533701 1.1033 0.735477 1.00806 
1.09113 0.0675645 0.994996 1.07979 
0.139845 0.493754 1.32325 1.03696 
1.76744 0.907376 1.55903 0.940387 
2.99596 3.0978 0.612602 1.07532 
0.158418 0.635417 0.679414 1.05947 
0.0606775 0.710612 1.04233 1.05446 
0.0399276 0.302771 0.396086 1.04063 
0.296459 0.373323 1.55166 1.01982 
2.0771 0.827339 1.13952 1.08045 
0.233376 0.709685 0.684309 1.17877 
1.37531 0.221178 0.944327 1.21761 
0.181516 0.883327 1.2875 0.898652 
0.668111 0.763872 0.962755 1.23038 
1.07763 0.0323117 0.644657 1.13566 
0.719771 1.01044 0.959495 1.01106 
0.187695 1.26975 1.85618 1.0785 
0.179585 0.086951 1.3094 0.972836 
1.17494 0.599074 1.28086 1.08694 
0.879484 0.74718 1.02326 1.01283 
1.44825 1.35628 0.94267 1.03692 
0.825165 0.4164 1.02115 1.00396 
0.427597 0.660504 1.13237 0.916311 
0.706115 1.19628 1.05069 0.851858 
1.79617 0.831504 0.81079 1.17847 
0.950764 1.82355 1.937 0.959477 
0.532184 0.753093 0.733311 1.03209 
0.804583 0.522872 1.44895 0.880132 
1.10815 0.816743 0.897968 1.08715 
0.434191 0.771864 1.08126 0.792663 
0.740001 1.43219 1.31064 1.02767 
1.26028 0.573951 0.873076 0.98668 
2.24564 0.974727 0.966937 0.969187 
0.0204204 0.991972 0.499246 0.956143 
0.30569 1.77819 1.12211 1.05943 
1.0218 2.20365 0.656566 0.931506 
0.281511 0.407189 0.785051 0.875242 
1.47224 0.743478 1.32152 0.956979 
2.90811 1.62491 0.812621 0.968964 
1.96494 1.282 1.1352 1.09771 
3.72756 0.312086 0.975597 0.955776 
0.850109 1.51526 0.896025 1.06057 
0.0808079 2.1544 1.36522 1.1369 
0.51748 1.38209 1.29229 0.851703 
2.87566 1.12309 1.23695 0.831545 
0.143416 0.677539 0.843671 0.997944 
1.44705 0.22729 1.01452 1.15297 
0.0762895 0.90132 1.12674 0.876827 
0.474044 0.94171 0.960214 1.22654 
0.0413768 0.321859 0.998503 1.10099 
0.450823 0.409861 1.10544 1.07277 
0.66269 0.76869 0.703355 1.15098 
3.23255 0.13262 0.805386 0.814351 
0.59447 1.58512 0.849559 0.984128 
0.714466 0.944402 0.58159 0.932034 
0.694154 0.683249 1.16384 0.926405 
0.148946 1.0798 0.746777 0.92485 
1.3569 0.274358 0.9227 1.2038 
0.479344 1.12404 0.643036 1.02146 
0.390578 0.573224 0.955542 1.11978 
0.600206 0.642392 0.938932 1.06721 
0.180856 0.285672 1.05915 0.951175 
1.67258 0.520923 0.943357 0.839704 
0.0235278 0.700075 1.1432 0.896468 
1.88381 0.699586 0.756656 1.01694 
0.869592 1.02542 1.45068 1.09566 
0.547775 0.217088 0.753786 0.962215 
0.494358 2.5109 1.09062 1.00859 
0.223852 2.19824 1.14049 1.04906 
1.67529 0.445507 1.02615 1.18568 
0.424992 0.316281 1.91037 0.89707 
2.31236 1.23431 1.13983 0.823952 
0.0728834 0.271002 1.06247 0.862429 
0.519038 2.24284 0.781406 1.16173 
1.43447 0.950802 1.61745 1.00209 
0.672364 0.393052 1.08041 0.958398 
1.63999 1.05189 0.708981 1.03436 
0.918763 0.688133 1.81792 1.03695 
0.833622 1.71457 1.30179 0.999859 
0.369374 0.163528 1.02793 0.893359 
0.864224 5.18298 1.03049 1.12688 
2.06742 1.44376 0.778898 0.945775 
1.38237 0.185494 0.772485 1.1492 
0.557406 1.98463 0.970468 1.0598 
0.524517 1.21653 0.625097 0.886636 
1.32473 0.769284 1.23346 0.959391 
0.140201 0.556571 0.928724 0.961562 
0.592587 0.578873 0.798474 0.862703 
1.29432 0.386254 0.862352 0.836396 
1.78141 1.97994 0.848084 0.958358 
1.34496 0.689912 1.22907 1.02556 
0.605301 1.02059 0.576103 1.07015 
1.54442 1.58492 0.272157 1.03756 
1.23789 0.455894 0.620043 0.914604 
1.02141 0.938077 1.28889 0.870395 
0.00135049 1.56719 1.18004 1.00375 
0.246667 0.178072 0.872463 1.18362 
5.61629e-05 0.656053 1.17578 0.917706 
0.203331 1.53911 1.25585 0.89028 
0.671425 0.98481 2.03608 0.984287 
0.277465 0.798879 1.85891 0.99546 
0.518811 0.102431 1.30636 0.977208 
0.278337 1.67178 1.05792 1.16847 
0.332882 0.710466 0.577998 0.851462 
0.383337 1.32442 1.23851 1.09269 
0.688743 0.571173 0.811662 1.00115 
0.0696952 2.48215 0.766744 0.937835 
0.15142 0.767364 0.684216 0.82226 
0.103516 0.272414 1.21617 1.00964 
0.188936 0.620604 0.702567 0.949899 
0.0337605 1.44926 1.14029 1.12564 
0.457591 0.696052 0.75135 0.903238 
0.0669589 0.56497 0.730447 1.00496 
0.468969 1.07032 0.651367 1.05344 
0.112632 2.01716 1.26585 0.924548 
5.88141 0.828109 0.861849 0.90662 
2.07541 0.74136 1.12294 1.05435 
0.834738 2.35352 1.01218 1.22406 
1.26798 1.32435 1.00247 0.946358 
3.33831 0.929817 1.44651 1.05528 
0.675307 1.86197 0.658776 0.989639 
2.60354 0.572616 0.872398 0.969191 
1.02057 0.137943 0.881263 0.987653 
0.809436 0.925908 1.28429 0.738684 
0.261823 0.443679 0.75489 0.717943 
0.938596 1.56406 0.731443 1.12728 
0.00722321 3.51349 0.898743 1.04377 
1.00144 2.83671 0.625388 1.09581 
0.00149753 0.101433 0.938435 1.13574 
0.107524 0.850987 0.871723 1.05173 
3.44105 0.786719 0.910876 1.13337 
0.644531 0.73771 1.28808 0.85347 
0.966107 0.296933 1.16319 0.989453 
1.51897 1.01637 1.46483 0.892278 
0.476933 1.01629 0.790738 0.941642 
0.252272 0.408873 0.660771 0.928521 
0.0857459 0.819473 1.42065 1.00708 
1.50598 0.781084 0.704 1.01177 
0.0651898 0.565242 0.906918 1.11244 
1.01804 1.42045 0.521703 1.00071 
0.300961 1.52908 1.18875 1.34507 
0.100309 0.67043 0.751805 1.16343 
0.639795 0.66931 0.97095 0.954544 
0.224179 2.36137 0.886633 1.04059 
0.40867 0.502304 0.769765 0.914783 
0.0879142 0.769351 1.33513 0.899789 
0.00724303 0.458065 0.995089 0.987503 
1.08754 0.989602 1.2502 1.01859 
0.696234 0.226818 1.42756 1.12156 
1.37556 0.360864 0.836275 0.956284 
0.187455 0.36779 0.7383 0.904397 
1.04704 0.762387 1.2965 0.87302 
0.619292 0.0854212 1.2848 0.762301 
0.376148 0.592825 1.02594 0.966839 
0.368762 0.743886 1.56227 0.853277 
0.214215 0.563604 1.16383 1.00681 
3.1318 0.896974 1.0252 1.12677 
2.2703 1.54668 1.03176 1.05003 
1.09704 1.44006 1.2027 1.10679 
0.470895 1.15606 0.975416 0.952143 
0.290205 0.247952 0.609831 0.934313 
0.265939 0.872543 0.980379 0.972066 
0.379278 0.52067 0.591313 0.924231 
0.442853 1.6243 0.894144 0.940025 
1.95882 3.80969 0.835161 0.985034 
0.150684 1.23173 0.585058 1.07271 
0.289758 0.560233 0.567575 0.940468 
0.906334 1.98541 0.4933 1.03795 
2.44936 0.538435 1.41337 1.14569 
1.76096 0.333394 0.716682 0.99464 
0.437933 0.688618 1.50149 1.06742 
0.360575 0.0403999 0.939883 0.956694 
0.0365365 0.767446 1.35387 1.14509 
0.18241 0.66284 1.14113 0.937847 
0.52635 0.194492 0.993541 0.976276 
0.158896 0.404809 0.763331 0.990125 
0.126434 1.23674 0.754281 1.08221 
1.10191 2.57736 1.11894 1.28802 
2.46715 1.15568 0.917534 0.810689 
1.06835 1.60949 1.56065 1.16633 
0.883665 1.32011 0.917585 0.911264 
3.85939 0.815359 0.702427 1.00186 
2.02523 0.786612 1.13341 0.973206 
0.117264 0.525467 0.896521 0.907657 
0.044613 0.713868 0.98852 1.03877 
0.217246 0.90713 1.08841 0.862524 
0.276787 1.63023 1.15434 0.926007 
0.216111 0.114513 1.01543 1.12271 
2.50351 0.657517 0.787776 0.985031 
1.93977 1.84258 0.987402 1.05825 
1.3359 1.25278 0.71319 1.01881 
0.0977263 0.613399 0.403812 1.00927 
0.455284 1.59219 1.68419 0.925348 
0.287412 0.935597 1.03585 0.92942 
0.0135239 0.687459 0.84239 1.08247 
1.52168 0.386367 1.31373 0.924984 
0.12818 0.853 0.906563 1.05642 
0.0125118 0.90025 1.0953 1.00556 
0.820913 0.205278 0.990967 0.971033 
0.216895 0.281599 0.975253 0.965488 
1.15795 0.434949 1.16666 1.10334 
0.129965 1.16022 1.24771 1.17388 
0.588367 0.606896 0.446636 0.902395 
3.00766 0.868308 1.1618 0.994337 
1.81734 0.252237 0.518669 1.11183 
0.842438 0.227492 1.3435 1.02102 
0.207335 1.25074 1.03045 0.929811 
3.06472 0.328751 1.31336 0.927759 
0.179165 0.325374 0.431893 1.10454 
0.416318 1.86825 1.2129 0.998723 
0.105488 1.78178 0.841502 0.882588 
0.187959 0.292021 0.89315 1.175 
1.43336 0.114847 0.812067 0.931606 
0.113399 0.680979 1.30211 1.1122 
1.31029 2.74444 1.22923 1.0443 
0.228038 1.1629 0.802325 0.869319 
0.339143 0.770935 1.28002 0.886121 
0.273695 0.657714 0.855608 1.06527 
4.07978 0.645054 0.540347 1.09244 
0.0179702 1.1599 1.26973 1.02438 
1.07527 0.651881 1.09487 0.873966 
0.945401 1.5864 0.758899 0.879107 
0.770092 0.378141 0.966866 0.81921 
2.60944 1.53548 0.867601 1.04238 
1.00574 0.92328 0.820303 1.10262 
0.141562 0.264577 0.976342 1.05933 
0.0497933 0.367487 1.03432 0.870954 
0.0100194 0.540835 0.890745 0.999441 
0.594174 1.03234 0.959319 1.00575 
0.150557 0.660864 0.648642 1.02406 
0.129322 0.484449 1.11001 1.01737 
1.15017 0.869523 0.95275 1.01295 
0.283542 0.698065 1.11258 1.00776 
1.03893 0.383165 0.582145 0.985497 
0.1989 0.374689 1.06202 0.941071 
2.69256 1.56147 1.61486 0.89932 
0.28875 1.65383 1.06015 1.02498 
3.55775 0.521233 0.637196 0.916893 
0.326104 0.593665 1.13094 1.09708 
0.287411 2.10986 0.603764 0.926346 
1.65111 0.968977 1.52491 0.968664 
0.558355 2.40299 0.653606 0.925621 
2.17812 0.84668 0.594105 1.07238 
2.13944 0.465621 0.364935 0.98165 
0.839738 1.06054 1.10671 0.895671 
0.477582 1.41794 1.25905 1.04606 
0.26913 0.697058 1.24018 0.978126 
0.605285 0.753924 0.949788 0.941428 
0.198775 2.25625 1.09449 0.796581 
0.0177673 0.464526 0.842855 1.02227 
0.668799 0.930363 0.852781 0.977978 
0.218409 0.360895 1.16084 0.912159 
1.46179 1.11635 0.524707 1.06824 
0.652629 0.759513 1.09121 1.14812 
0.965178 0.715707 1.10398 0.964429 
0.120527 1.1831 0.597053 0.971845 
0.0744768 2.80062 1.08162 0.898824 
0.272336 1.12392 0.614134 1.13105 
0.513214 0.530266 0.992417 1.14923 
1.30557 0.135996 1.55234 1.03527 
2.56263 0.274596 0.799536 1.0614 
1.94831 0.15498 0.711789 1.05261 
0.277234 1.01636 1.49112 1.07607 
0.280224 0.759689 0.896813 0.817085 
0.909682 0.427798 0.770799 0.949394 
2.33252 1.68621 0.740517 1.02328 
0.335175 0.935474 1.20793 0.935915 
1.31963 0.766785 0.821222 0.989705 
1.18179 2.02504 1.53021 0.830195 
2.13574 0.172573 1.85709 1.14101 
0.358515 0.657759 1.28152 0.932883 
0.62417 0.711816 0.486449 0.960005 
0.378729 0.304898 1.36978 0.974082 
0.0591793 0.368046 0.921434 0.753871 
0.274467 0.67428 0.841212 0.980806 
1.53192 0.387398 0.938327 1.12793 
0.571801 0.553646 1.33323 0.897037 
1.23388 1.30221 1.02575 0.938589 
0.511367 1.00942 1.61996 1.01543 
1.13551 0.931589 0.795355 1.03256 
3.17853 0.353762 0.61776 1.23312 
0.391769 1.04246 1.45278 0.853369 
0.0762243 1.07149 1.25815 0.850985 
1.89947 0.265888 0.470949 0.739377 
4.58472 1.22596 0.556087 1.03317 
0.0823365 0.689583 0.72428 0.929899 
0.0229683 0.60544 1.27828 1.25176 
1.40033 0.633954 0.697559 1.25237 
0.728418 0.130491 1.27415 0.901288 
0.208385 0.247654 1.04639 1.01566 
1.12002 0.306665 0.80973 1.0326 
1.1157 1.27744 1.13676 0.869784 
1.24448 1.27802 0.5632 0.908984 
4.44226 1.78555 1.2255 1.21435 
0.805328 0.488624 1.16854 0.93947 
2.58711 0.809187 1.14026 1.1165 
0.895197 0.0484398 0.368133 1.0909 
0.349719 1.03533 1.56278 0.829617 
3.74421 1.00361 1.04074 0.970804 
0.15687 0.966207 0.668136 0.98549 
0.248144 0.950773 0.975413 0.987696 
0.304638 0.374777 1.24374 0.844513 
1.40007 2.12831 0.779714 0.913882 
0.204376 1.09372 0.881548 0.888355 
4.58081 0.803897 0.658614 1.02003 
4.17228 0.633048 1.31156 0.965607 
1.15949 3.86558 0.673097 1.04514 
0.431622 1.36328 0.583533 0.878406 
0.0537529 0.354836 1.49415 0.960504 
2.86825 0.579478 0.97874 0.931202 
1.25578 0.762084 1.52997 1.03612 
1.63251 1.03884 1.10713 0.927384 
0.591544 1.63527 1.06222 0.874287 
0.475137 2.42967 1.63343 0.89729 
3.14677 0.801598 1.77427 1.17096 
0.317879 1.90553 1.13902 1.05318 
3.69539 1.11814 1.18916 0.873927 
0.222186 2.52528 0.679689 0.986995 
1.32792 0.246528 0.70012 0.988915 
0.724959 0.956619 0.531397 1.17987 
0.00929657 0.645082 0.625836 1.15605 
0.474105 0.46372 1.07168 0.873066 
0.804562 1.0563 1.6417 1.06604 
0.0680009 2.48179 0.624484 1.26492 
0.0160217 1.23232 1.08919 1.01745 
0.277139 0.494277 0.87748 1.07986 
0.362526 0.834175 0.660925 0.95563 
1.12298 1.10825 0.308238 1.07948 
0.17613 0.839045 0.689155 0.944918 
2.25353 0.793496 1.04504 0.989828 
1.11701 0.700158 0.880327 0.848048 
0.0146546 0.231602 1.5632 0.960916 
0.64656 0.456862 0.984043 0.954871 
0.511928 0.401638 1.02506 0.988333 
0.600802 0.612348 0.958645 0.897091 
3.39818 0.30369 0.433149 1.10782 
0.0649204 0.258991 1.12709 0.984931 
0.798188 0.454882 0.895693 1.08063 
0.845687 0.228028 0.915697 1.01581 
0.0164489 1.26486 0.717999 1.10126 
0.150891 0.912794 0.668767 1.15757 
0.158904 0.681851 0.727394 1.09805 
0.0507531 0.117992 1.14031 0.798788 
2.11594 0.902634 0.945063 0.91378 
0.542042 0.6396 0.899115 0.978034 
2.39356 1.32591 1.27707 0.902534 
0.472586 0.80982 1.68168 1.06075 
0.865396 0.639317 1.10963 0.874182 
1.16167 1.48894 1.28964 0.94149 
0.549662 1.1843 0.739351 1.02801 
0.450598 1.4256 1.36332 1.03928 
0.348987 0.164127 1.24804 1.03457 
0.568355 2.48711 0.425093 0.974311 
0.139162 1.81276 1.03938 1.09777 
0.117984 1.60033 0.953088 1.05391 
2.22791 1.03231 0.999508 1.02211 
2.47983 0.0943867 1.32873 1.26839 
0.132986 0.626779 0.793226 1.18583 
0.128574 1.19929 0.959701 1.16607 
0.0859848 1.04348 0.822265 1.24993 
0.0677425 0.0999581 1.12996 0.913621 
0.905283 0.421358 0.968359 0.941594 
1.52048 0.883197 0.848602 1.09954 
0.802021 1.82643 0.891394 1.034 
1.61871 1.08722 1.46249 0.968733 
0.0370116 1.02535 0.897566 1.02612 
1.15629 0.212926 0.674301 0.830963 
0.877202 1.20932 1.16203 0.913527 
0.434841 0.754795 0.882535 1.14889 
1.47016 0.857278 0.739138 1.09086 
1.04939 0.458062 1.11246 0.796067 
3.69301 1.06456 1.02429 0.96675 
0.976055 0.746868 1.04465 1.02824 
2.17727 1.39679 1.49663 0.917081 
0.716084 2.00442 0.874635 1.17061 
0.328711 1.21955 0.779449 0.941322 
3.98095 0.963174 0.915614 0.850357 
0.130074 1.84295 0.763832 1.23716 
0.356533 0.87769 1.34468 1.10762 
0.57422 0.208588 0.746464 0.997971 
0.59961 0.77539 0.854937 1.11672 
0.713201 1.92585 0.917343 0.998127 
0.0159577 1.38088 0.729738 0.917344 
1.6608 1.11993 0.557753 1.1939 
0.58974 0.506753 1.11972 0.973196 
0.648546 0.74996 0.726572 1.1938 
2.88294 0.540316 0.981112 1.09573 
3.79137 0.94625 0.622748 0.940087 
0.127608 1.18983 1.20411 0.897415 
0.434961 0.361506 1.20479 0.915711 
0.249494 0.140215 0.680611 1.12441 
1.63101 1.23594 1.09891 0.987527 
0.17288 0.971448 1.44676 1.08036 
1.03511 1.17315 0.940866 0.982214 
0.857373 2.0286 1.74181 0.895703 
0.244549 1.34303 0.90511 1.07277 
0.654777 0.415444 1.16557 0.874689 
1.38672 1.06891 1.45488 0.936207 
0.0834872 0.231608 0.748081 1.00913 
1.30594 2.81441 0.713263 0.871461 
1.19517 1.03325 1.23896 0.942111 
0.825395 2.84063 1.31059 1.04109 
0.0212738 0.390448 1.39511 1.05864 
0.358459 0.646771 1.22399 0.865932 
0.22145 0.968997 1.1941 1.01136 
0.747456 3.61683 1.05661 1.10121 
0.314955 0.434084 0.755964 1.00346 
0.121839 0.285529 0.987435 0.93382 
4.13844 0.565434 1.40212 0.9895 
0.803705 0.472341 0.668454 1.08427 
1.26744 0.972658 0.495052 0.980256 
1.93128 1.31783 0.787466 0.89062 
1.0652 1.5257 0.802258 0.992133 
0.772439 1.88247 1.17389 0.945418 
0.512422 1.10343 0.856645 0.978944 
0.165011 1.11865 1.13808 0.97903 
1.09364 0.839844 0.771001 0.946516 
0.856316 2.41772 0.775411 1.06493 
0.149884 1.43842 0.941889 1.05507 
2.25587 0.89283 0.677542 0.989455 
0.921906 1.47088 0.652959 1.01522 
1.50929 1.28376 1.34546 1.01593 
0.0978457 0.578376 1.07409 1.09636 
1.17228 1.15752 0.592917 0.940409 
0.208811 0.983008 1.15835 1.09662 
0.826383 0.329129 1.04947 0.982473 
0.171236 1.06925 0.752637 0.928548 
0.193319 1.86241 1.37003 0.877952 
0.149719 0.347612 1.22092 1.14914 
0.934076 1.60989 0.680438 1.05796 
0.188721 0.679768 0.645203 1.01764 
0.166752 0.193874 0.900359 1.10142 
0.177139 0.900093 1.98965 0.910843 
0.103212 0.290267 0.790282 0.962347 
0.489946 0.801305 0.723817 0.924739 
0.494891 0.51549 0.76115 1.05485 
0.361211 0.244952 1.32126 0.970214 
0.755824 1.9547 0.498042 0.932946 
0.416253 0.385048 1.12506 0.984853 
1.71966 1.01208 1.36433 1.13162 
0.595144 0.436351 1.16977 1.04305 
1.58668 0.563108 1.77575 1.05246 
0.750525 0.484164 1.22479 1.09653 
0.0526287 0.460823 0.981787 0.926001 
0.105104 0.664023 1.32536 0.899469 
1.61497 1.50785 1.02945 1.07605 
0.135637 1.06238 1.07142 1.05183 
0.317852 0.707338 0.888715 0.972025 
0.156414 0.590922 1.38453 1.2581 
1.39299 0.242879 0.649022 0.976102 
0.0906083 1.13344 0.74246 1.25249 
1.18361 1.65954 0.841165 1.14762 
0.16235 0.263891 1.28677 1.1149 
1.7279 0.341804 1.15663 1.04421 
1.011 2.66427 0.709345 0.991982 
0.928835 0.955469 0.754363 0.969352 
0.118589 1.47899 1.5352 1.01896 
0.578847 0.621898 1.41857 1.06366 
0.701931 0.0540842 0.589451 1.06753 
0.389411 0.517402 0.984871 0.811324 
0.350874 1.12184 0.81353 1.0138 
0.0609565 0.94401 0.559047 0.921915 
1.18147 0.424584 1.46807 1.08912 
0.29844 0.245862 0.940511 1.1377 
0.0205015 0.798866 1.85676 0.911322 
0.351774 2.53562 0.677796 0.867058 
1.0737 0.963027 0.683461 0.95622 
1.27479 2.01498 1.07438 1.11795 
0.653007 0.52705 0.53489 1.02872 
1.48349 0.814426 1.35968 1.00896 
0.394798 0.662746 0.952551 1.0104 
3.20195 1.02181 1.14121 0.927798 
0.0249123 2.1316 0.798521 0.950984 
0.132647 0.935025 0.585739 0.888421 
5.11852 1.44404 1.04836 0.944006 
0.488178 0.391989 1.78707 0.929705 
4.8338 0.644733 1.0787 0.992359 
0.625093 1.39163 1.00592 1.01839 
0.248567 0.570171 1.26091 0.975397 
0.543116 0.258527 0.56223 1.05219 
0.119642 1.34215 0.853727 1.36903 
0.205949 1.76833 1.18216 0.914574 
0.129691 0.288959 1.42169 1.03221 
0.583673 1.48099 0.962381 0.961725 
1.6086 0.893999 1.08276 0.962023 
0.524787 1.798 1.22865 0.99365 
1.41634 0.834966 0.779067 1.02107 
2.86453 0.951081 0.931581 0.91483 
2.77811 0.190023 0.924997 1.19394 
0.971159 0.414697 1.34949 0.99248 
0.929393 1.3145 1.23762 1.00902 
2.08871 0.541902 1.47759 1.01795 
0.0582543 1.42209 0.793011 1.02349 
0.111275 0.494744 0.875769 0.983557 
0.840008 0.686361 1.0866 1.1401 
0.133476 0.128694 1.25544 0.928713 
0.703159 0.171657 0.783476 1.03638 
0.584909 1.03131 0.679448 0.946237 
2.17775 0.241571 0.602652 0.916209 
2.71328 0.89936 0.689468 1.15285 
0.15183 0.926607 0.509733 0.857285 
1.95391 0.687167 0.578444 1.04661 
0.134701 1.34391 1.24991 1.13546 
0.226146 0.0777222 0.41472 0.924495 
0.632027 1.84374 0.539501 1.10053 
4.44819 0.253479 0.950773 0.991699 
1.63429 0.873302 0.752382 1.04419 
0.460646 0.727141 1.01623 0.935111 
0.899985 0.762298 1.5881 1.0475 
3.9776 0.36474 0.735422 0.897548 
1.91081 0.505046 0.865589 0.932751 
0.732734 0.825312 1.02045 1.12415 
4.36148 1.52704 0.867844 0.964241 
0.253678 1.11717 1.09317 0.978457 
0.00478535 0.298314 0.829002 1.14982 
0.907245 0.790856 1.31395 1.03367 
0.197122 0.106075 1.01625 1.07537 
0.53729 1.01276 0.747086 1.07654 
0.571171 0.674289 0.979074 0.990868 
1.83826 0.271424 1.0653 1.1441 
0.0967415 0.75675 1.02168 1.07669 
1.48197 1.33669 0.791454 0.947029 
1.13593 1.20279 0.665979 1.16933 
0.78847 1.58363 0.905511 1.05362 
3.1786 1.70597 0.998458 0.925982 
1.23581 0.436358 0.404109 0.96479 
0.972227 1.40719 0.601293 0.955513 
6.21743 0.696573 0.825983 1.03382 
0.413099 0.532731 0.744434 1.07335 
2.89137 0.268315 0.465485 1.06112 
0.780228 0.404387 0.643702 0.907203 
0.271274 1.17003 1.11259 1.06434 
1.32306 0.101184 1.16541 0.889307 
0.587412 0.286995 0.919393 1.00907 
0.916043 0.195055 1.16245 1.06583 
0.730158 1.13185 1.04044 1.13856 
0.155952 0.820551 1.17569 0.89979 
0.503006 1.12813 1.19872 1.07525 
1.23398 0.578398 0.659172 1.09511 
1.32061 1.4756 0.719485 1.07515 
0.718276 0.584056 1.30288 1.16426 
0.302017 0.810422 0.472249 0.816298 
0.323841 1.81691 0.69564 0.881517 
0.703825 0.351491 1.38054 1.24312 
1.09639 0.781548 0.90343 1.00307 
0.389734 2.14924 1.48785 1.00618 
0.271274 2.48975 0.991411 0.957293 
0.206867 0.805003 1.19427 0.992958 
1.34905 1.83498 0.395273 1.12265 
0.998733 0.964305 0.726115 0.943331 
0.274019 0.223266 0.902702 1.10148 
0.0874566 0.466286 1.41284 1.11314 
0.365089 1.78186 0.93552 0.984699 
0.394808 1.35632 0.872793 1.00327 
0.655582 0.702518 1.82435 1.17697 
0.307928 1.58138 1.02743 0.96832 
3.30574 3.00347 0.898343 1.13433 
0.64601 0.26248 1.73783 1.01992 
5.53632 0.741109 0.963973 1.01554 
0.230857 0.956971 0.752905 0.852689 
0.0319028 0.219397 1.32209 0.891737 
0.247079 3.35858 0.780422 0.904377 
0.124544 0.15168 0.714648 1.00782 
0.136725 1.17742 1.37473 1.07254 
0.355393 1.9162 1.09811 0.884483 
0.863669 1.04209 0.724622 0.954511 
0.218313 1.33335 1.35866 1.02487 
0.797854 0.919833 1.25642 1.10641 
0.798178 2.08556 1.71252 1.22111 
0.19315 0.802428 0.633759 0.978262 
1.34088 2.56258 1.4429 1.11815 
0.870092 0.648227 1.05713 0.921035 
1.04109 1.32007 0.857896 1.00146 
0.918243 0.870235 1.38138 0.987803 
3.86763 0.452378 0.860106 1.03473 
0.881203 1.21355 0.875771 1.03919 
0.092316 1.5314 0.645131 0.961991 
0.995506 0.199835 0.92821 1.14199 
0.24117 0.273895 1.03417 1.13868 
1.74633 1.47177 1.37567 0.91125 
2.30576 0.937526 0.793111 1.00674 
0.241823 0.920192 1.25203 0.975778 
0.380161 1.44132 1.29101 0.973009 
1.22738 0.391278 0.892931 0.869493 
0.02729 1.46251 0.735109 1.03599 
0.374685 0.389075 1.7484 0.939804 
1.18746 2.21944 1.47947 0.824348 
0.695621 1.41317 1.49768 1.1253 
0.915813 0.549856 0.846721 0.913082 
0.875374 0.516618 0.796905 0.765704 
0.329828 0.565276 1.04585 0.952914 
0.761909 0.47414 1.34164 0.892854 
3.16242 0.951441 1.76836 1.09886 
1.25089 0.34775 0.84646 1.03208 
0.0793015 0.547252 1.34435 1.06376 
0.56224 0.640056 0.982565 0.886351 
0.566883 0.0174765 0.522003 1.22476 
0.039492 0.369899 1.10771 0.846649 
0.775674 1.3796 0.629301 1.01829 
0.21044 0.521902 1.24699 1.17759 
1.99706 0.0805208 0.696144 1.02864 
0.139238 1.0567 0.927019 1.0138 
0.0202139 0.621907 1.02096 1.15152 
0.922926 0.623741 1.46759 1.08302 
1.49166 0.477943 1.12633 0.991844 
0.469126 0.482966 1.74403 1.10463 
0.0362749 0.158977 1.16141 0.969871 
0.623119 1.65381 1.24724 1.08589 
0.0734391 2.05072 1.26209 1.07162 
0.220848 0.765135 0.73218 1.06171 
0.234895 0.274052 1.44014 1.00372 
0.762498 1.01978 0.794505 1.04804 
0.0728161 2.13479 0.347236 1.10941 
1.09535 0.0540014 0.904889 0.812807 
1.76376 0.32112 0.90359 1.02061 
0.347696 0.852803 0.656965 1.07653 
0.440076 1.25777 1.29528 0.884792 
0.85602 2.41134 0.479524 0.990389 
0.529998 1.75197 1.00126 1.09868 
0.13771 1.55944 1.14017 1.11374 
0.290566 1.11009 1.09786 1.0797 
3.71976 0.675917 0.873488 0.826572 
0.436387 0.842422 0.720192 0.876723 
0.0334181 1.27738 1.29337 0.987533 
0.224755 1.3041 1.36126 0.944551 
0.0620232 0.632575 1.01627 0.911652 
0.142132 1.72695 1.78847 1.05376 
1.0883 0.629501 1.02137 0.978779 
1.02926 0.992197 0.802745 0.933699 
1.15011 1.12671 1.21513 0.937534 
3.96273 1.78294 0.77793 0.951076 
0.43195 3.13924 1.17936 0.927002 
0.736199 0.327163 1.37516 0.792961 
0.0611484 0.531859 1.61899 0.931888 
0.186535 0.606171 1.50676 0.901265 
0.446004 1.39967 1.54269 0.963585 
1.57883 0.354198 1.12829 1.01099 
0.644156 1.20506 1.3871 0.986371 
1.15217 1.32224 1.1305 0.998119 
0.691482 0.130079 0.960034 1.02067 
0.539932 0.214448 0.507465 1.04622 
1.73899 1.78336 0.785465 0.845886 
0.224452 0.733582 0.904838 1.18904 
0.491947 0.410228 1.01952 0.856871 
0.893631 0.408208 1.14806 1.13695 
0.36355 0.50416 0.927846 1.02469 
1.99258 1.09716 0.937867 1.03743 
3.42727 2.63864 1.27433 1.0048 
0.703412 0.768618 0.623654 0.985181 
0.456713 1.70266 1.17028 0.996052 
1.17153 1.59655 1.03362 0.987375 
2.09371 0.627127 0.346677 1.08791 
0.914025 0.769367 0.697965 1.13888 
1.67126 0.655235 1.11435 0.967303 
2.65643 0.46859 1.06558 1.13735 
0.340598 1.22615 1.03077 0.881286 
0.195457 0.772301 0.962368 0.95068 
0.444449 0.752642 1.2735 0.870535 
2.00851 0.763771 0.795318 1.07322 
1.2802 0.787354 0.866076 1.12243 
0.112828 0.201575 0.775592 1.04146 
1.65081 2.15378 0.851886 0.966538 
0.11286 0.479892 0.808424 0.894774 
2.65874 1.54287 1.15429 0.968971 
1.62558 0.136199 0.741387 0.86908 
1.13346 1.19899 0.738521 1.0267 
0.324227 1.04851 1.13315 1.06647 
1.03387 1.03923 1.30295 0.957758 
0.934188 1.4456 0.957944 0.929815 
0.731305 1.2203 1.1373 0.981987 
0.111309 0.291827 1.06888 1.07619 
1.69494 1.09041 1.37575 1.15809 
0.35676 1.44329 1.53365 0.777291 
0.759833 0.788146 1.09847 0.918552 
0.757118 1.27958 1.17989 1.09596 
5.09979 1.8308 0.443479 1.12424 
0.826132 0.818943 1.39544 0.993643 
0.301015 0.487363 0.975799 0.692626 
1.5947 0.925524 1.07322 1.04792 
0.083685 0.172714 1.11702 1.0601 
1.51293 0.723986 0.825603 0.980323 
0.397375 0.362614 0.852312 0.89199 
0.236938 0.462145 1.2113 1.16131 
0.426264 0.939499 0.879691 0.950456 
0.223646 0.376094 0.478616 1.21836 
0.189135 2.48484 1.18121 0.929503 
1.747 1.26723 0.923017 1.04466 
0.127438 0.329676 1.47278 1.03482 
0.0277255 0.96433 0.529858 0.837725 
0.9138 0.360837 0.64421 0.962562 
1.12442 1.09154 0.42079 0.936465 
2.12595 1.20649 0.904566 0.896765 
1.7518 0.365786 1.10576 1.05555 
0.71588 2.18141 0.715448 1.1437 
0.235826 1.02109 1.14503 0.986661 
3.51238 0.921521 0.748757 1.0286 
0.620056 1.26208 0.733163 0.900745 
0.527555 1.39364 1.35206 1.00445 
0.630362 0.437439 1.20157 1.03745 
2.35291 0.753601 2.00396 0.912201 
1.08285 0.369207 1.32172 0.98632 
1.64412 0.538332 0.846893 1.13267 
0.538055 0.449101 0.577817 1.00063 
0.442356 1.65242 1.18135 1.03469 
2.49287 0.412741 0.500805 0.778054 
1.14132 0.469854 0.88258 0.990711 
0.509952 0.745674 1.29603 1.08212 
1.45376 1.21475 1.17126 1.23729 
0.852139 2.14167 0.509522 0.877537 
3.19853 0.174032 1.51734 0.905018 
0.127271 1.51592 0.532837 0.878557 
0.904606 0.530476 0.749171 1.06992 
0.0884848 0.900941 0.656087 1.07088 
1.90165 0.651713 0.604154 0.910273 
0.00918378 0.626743 0.480109 1.0364 
0.916913 0.224117 0.920866 0.977451 
0.264139 1.74947 1.44982 0.994689 
0.0237844 1.28531 1.03228 1.04236 
2.67479 0.540256 0.745758 1.1644 
1.3138 1.56156 1.36567 1.29371 
1.5371 0.933328 0.47989 0.934584 
0.235776 1.32534 1.09841 0.889937 
0.0692658 1.10114 1.05623 1.10568 
0.123797 0.528705 1.31775 1.034 
0.201029 0.578196 0.760686 0.823852 
0.0692197 2.35124 0.470403 0.957103 
1.28406 0.834597 0.716453 1.01852 
0.0156865 1.16804 0.913039 0.988521 
