-0.470522 -163739 0.658353 3.47384 
-4.7156 -1.61554 -2.67769 0.339829 
-5.02487 0.507769 -0.162877 4.50547 
0.965149 -5.07124 -0.617567 -1.29524 
-2.30993 0.140732 -1.91362 -0.0973958 
-7.34881 -0.191289 -619.388 1.7083 
2.35323 -2.62659 -0.638216 7.84825 
2.54218 2.44626 0.0196975 1.61604 
-0.250685 0.243364 1.3306 0.534869 
0.75696 -0.108781 0.110969 -3.32997 
-1.40475 4.24892 -0.0430544 4.27726 
-7.01103 -1.63112 -2.73054 0.808259 
-0.59084 0.751576 -1.88052 2.48885 
-2.24607 0.0232952 0.331819 -0.0269134 
0.851097 0.364404 0.578608 2.245 
-1.74036 -0.666411 3.25298 -3.46757 
6.73523 0.715294 -0.194052 -0.0941513 
1.60215 -2.48651 1.86831 -0.244225 
-0.741905 -2.43903 0.935639 1.06027 
-0.661182 -1.24487 0.268207 0.491166 
-0.432045 0.207583 -1.06806 1.41063 
-0.186665 -2.1896 0.322968 -0.584714 
2.86391 -0.445751 -0.757732 0.207935 
-0.674684 0.0973739 -2.77772 -0.615479 
-0.637232 1.06417 3.84935 -3.14053 
0.975052 -0.53018 -0.959253 -2.64974 
-0.831442 -0.595121 0.410177 0.570858 
1.02272 0.171852 -2.08926 -0.333726 
2.60073 -1.43225 0.682047 1.66654 
-0.700004 -1.0406 -0.52503 -0.299254 
0.357959 -2.10607 0.512398 4.96841 
0.561676 -1.54798 -0.697098 1.43082 
-2.1968 1.45236 -3.40164 -1.13854 
-0.294914 -0.556419 -0.393952 -0.726354 
-0.659128 1.28739 0.776068 1.03247 
-0.0383832 -2.49203 0.892232 -0.389244 
0.977476 -3.34651 -4.42102 -1.92704 
1.47893 4.75211 277.432 0.51573 
-0.814514 0.347316 8.72353 0.917842 
3.22589 -0.760912 -1.79936 0.799187 
-2.43401 0.0799806 0.892308 8.77462 
0.000978942 2.24052 -0.999733 -4.34986 
0.59609 2.06295 -1.12642 3.20272 
-14.987 1.55956 1.31175 -3.35272 
-1.56993 0.374726 0.0528153 -3.07759 
-0.610579 -0.35216 -1.6424 6.17413 
0.534197 -1.66523 1.13299 0.184262 
3.43278 -6.35705 -0.911046 2.68812 
-3.11151 -0.066015 -0.546736 -2.40904 
1.02646 81.0947 0.54741 -0.0265854 
-0.4302 -0.347184 1.12005 0.23045 
0.034733 0.257058 0.762258 0.130219 
1.60191 2.38231 6.73602 -0.3948 
-3.41297 1.0504 -1.02489 1.29103 
0.0347096 0.705217 -6.27558 0.940422 
-4.41585 1.07447 -0.283986 -0.29976 
-6.47722 -1.17999 -0.34432 -0.018153 
0.740284 2.0494 19.7849 -0.0731175 
-1.05049 0.448061 1.32654 0.576628 
-0.231153 0.485361 0.785911 -67.3177 
-0.635931 0.0431185 -3.35924 0.717656 
-103.618 0.73217 1.6731 -0.476319 
0.817841 -0.460524 4.48501 1.05931 
-0.68854 4.73167 0.432324 0.650295 
2.91915 1.21141 -0.499856 -2.73485 
0.294388 -1.97718 -2.13295 -1.47954 
0.905978 43.8753 0.0231101 -1.39197 
1.58172 -1.38159 -2.86833 230.24 
-0.802716 -3.16393 -2.7545 1.91864 
1.44234 -0.933219 8.91796 1.34237 
0.451601 1.33804 -0.41877 -10.8178 
0.309811 -8.25026 0.0978282 -0.228967 
10.1804 0.227279 -1.31623 -2.71112 
-0.267194 -0.751127 -3.7704 -2.47284 
4.50167 -4.33522 -0.808222 -0.377001 
-0.041857 -1.28171 -42.9801 1.25688 
0.127871 -0.0933985 1.24138 -1.22174 
3.38955 -6.18926 0.901748 -1.35606 
-0.638126 -0.786689 -1.2336 0.609767 
2.45928 -0.0545617 -1.68523 -0.188439 
-0.0209667 2.16191 -0.00461517 0.241361 
-0.768456 -5.81408 4.98675 -0.427075 
0.343684 -0.823293 2.60006 -0.431291 
2.0753 0.464412 7.55178 10.0205 
0.0277944 0.370374 0.698254 -0.00799152 
8.97018 2.10273 -0.499841 0.207235 
1.8518 1.17107 6.01644 4.79255 
0.897895 0.0699667 0.415357 0.452638 
-0.228151 2.24077 -0.303034 1.77125 
-0.0983456 2.22075 -0.747431 -9.84493 
2.39525 -11.5086 1.61841 -0.739946 
-0.431506 0.778612 -0.943486 -2.40537 
-0.675383 -0.263241 0.728646 0.203953 
-0.846012 0.982188 -1.15448 7.15124 
-3.11685 -5.08568 1.88152 -0.221748 
-3.52963 -0.52935 3.16314 1.39749 
3.92433 -3.83129 -1.12329 0.194816 
-0.0343119 -5.04311 -10.0445 2.38423 
-144.704 -1.29442 -1.38075 -0.45326 
-0.0104924 -0.592913 0.115747 0.810577 
0.680248 -0.233275 0.538409 -91.905 
1.75226 -1.42933 65.0825 1.98251 
4.66548 27.0797 0.414855 0.10475 
0.34398 0.620043 -1.3098 -0.235903 
-0.802571 -0.0993404 -1.86521 13.5999 
3.63628 1.71483 -2.56937 -0.90439 
-0.811219 2.20127 16.5809 -0.399356 
-0.309617 1.20883 0.413474 -0.0593016 
-1.2384 -0.233347 -1.10403 -4.25505 
0.363397 -1.81104 0.584278 0.994165 
-1.9851 -7.53389 0.991274 -1.58927 
-1.24028 7.8159 0.729115 39.6307 
8.65579 0.659683 0.100108 -0.255807 
-2.84719 0.516912 -18.687 1.92096 
0.103844 0.360442 0.72739 1.45507 
0.0935293 -0.703825 -2.03341 0.257121 
-0.356073 -25.1069 -6.27854 -2.44623 
-0.397835 0.670886 0.277747 0.608731 
-16.5508 0.291289 -0.550837 0.579662 
-0.119912 -2.02329 -0.0390862 1.96405 
-1.26123 -4.32325 -0.0394031 0.615056 
-0.300537 3.00737 -30.9156 -11.2543 
0.794672 -1.13286 -3.78064 -0.366049 
-22.9 3.02998 12.1754 1.84006 
-0.985142 0.293153 -2.08059 -1.19996 
28.4328 1.61487 -0.476365 -0.434371 
-0.845745 1.83496 0.131232 -0.739191 
-18.4062 -1.03251 0.240259 0.285391 
-0.285933 0.285391 24.2713 -0.876612 
3.38256 -2.7049 2.12053 3.87428 
-0.109701 -27.6617 1.51105 -0.458886 
-2.58194 0.298675 0.595446 0.462663 
2.0701 -0.827246 -4.02344 -0.0907286 
0.169083 1.03435 -0.75505 1.51648 
-1.05944 2.83856 0.657444 0.00802803 
1.92971 0.59171 2.93926 -21.1072 
1.44816 -0.546123 -1.93116 0.633391 
1.70072 1.65089 -2.87493 -3.00219 
3.52876 -0.120583 0.762011 -1.663 
-0.734918 1.65946 0.522659 -1.22049 
0.417792 -18.9761 0.100531 1.95901 
0.154344 -0.235361 0.0719581 1.25699 
0.943667 -1.36802 -1.25481 0.50005 
-9.90355 -1.9455 0.416808 0.361344 
-0.654077 -0.506364 -13.9946 -0.672965 
-1.57816 -0.0367322 0.520731 -1.10007 
-39.0859 -2.56351 0.826434 1.42118 
0.538231 -2.23987 -0.499348 2.67824 
6.22601 5.09069 -2.83671 -33.1573 
-1.14089 13.7644 -0.198979 -0.971954 
1.17811 0.35608 0.839685 0.9107 
-1.04339 0.638231 -0.152258 -0.352882 
-0.026821 -0.895616 -1.42133 -0.0440129 
-4.362 -0.563052 -0.00728487 0.90354 
2.72834 -1.45257 4.11564 0.162821 
3.7411 0.492195 -9.55201 -0.579686 
0.557102 -30.5633 0.209687 1.64842 
-1.80839 0.375349 -1.05701 1.90235 
-0.0339584 -0.188492 0.389039 0.399332 
-0.627022 2.28313 -1.60184 1.10413 
-1.06389 0.471865 -0.0563127 -0.783648 
0.628774 20.3387 0.496851 -0.659623 
-1.20453 0.477654 -0.402567 0.0778475 
17.1084 0.241091 0.282837 -0.393613 
-5.82787 -1.11164 -0.584678 -0.408601 
20.763 -1.08958 -4.60258 2.26866 
5.67462 0.167757 0.879221 0.890469 
-1.17112 0.0423571 1.78065 -0.809213 
14.0178 1.1088 -41.1542 -4.03883 
-0.780485 -0.203286 1.14011 -16.0539 
-0.37221 0.907984 0.156596 -0.265258 
-0.115662 2.92901 -1.63471 0.111943 
3.88581 2.35979 -0.561721 2.13842 
1.11825 -1.18309 9.08658 1.36595 
-0.170484 4.63982 7.0622 1.68072 
5.5464 0.120793 -3.9675 -0.489355 
17.6471 -6.0021 1.11936 -0.327875 
-0.161949 0.933862 1.01562 0.289269 
-0.12707 0.42998 9.00295 -1.57846 
-0.601189 -0.17733 -2.47392 -3.48787 
1.45184 0.500359 2.01524 -3.0801 
-0.0108434 10.719 -20.8334 -2.05308 
0.670929 -0.377273 -0.00622548 2.68319 
0.747544 -48.1485 4.19037 0.300731 
-0.0205771 346.44 -2.13899 -0.187237 
0.178624 10.2405 -0.0844344 1.84388 
-0.266927 0.473683 -0.551758 0.234462 
-34.0237 -0.0815918 0.0793978 -0.892567 
-2.45509 -1.02627 -0.524405 -2.44428 
-0.357007 2.92134 -14.2406 -0.0530028 
2.63997 -0.726032 -0.574549 0.833555 
9.06811 -0.693242 3.73447 0.211038 
0.923198 -0.897108 -0.356594 -1.64975 
0.424278 -0.82742 3.62651 2.33649 
1.24622 -2.05649 1.40902 1.2232 
-166.109 0.314195 -0.656041 1.61079 
-144.583 1.07007 -0.204599 -0.470115 
1.21398 0.60248 0.203135 -6.87679 
-1.22043 -1.37624 -1.25447 2.1082 
-0.737292 1.4563 -0.266103 0.225035 
0.0239892 -1.3456 -0.409781 14.781 
-1.07325 -2.07566 -4.79975 1.92449 
-37.6369 -3.15824 0.232788 17.6581 
101.097 3.3251 1.27039 0.0273919 
172.794 0.0186107 -0.89137 0.601355 
-0.767253 0.0932502 0.858279 -0.343527 
-0.249921 -4.16846 -3.14247 -1.56563 
-0.589176 -0.970871 8.12613 3.31672 
-1.47505 -0.710102 0.203148 2.0081 
2.13713 -1.20638 1.27417 -0.144121 
-1.15004 -0.0664462 -0.974879 6.95395 
-1.70446 1.4909 221.087 0.142517 
0.0329531 -0.579614 0.882921 0.124607 
-13.4789 0.0323762 1.12708 0.660797 
-2.49103 -0.408443 57.9521 -0.0865242 
-0.382197 2.46195 1.29381 27.8741 
-1.64211 -0.137402 1.41553 -1.16307 
12.669 0.0812494 -0.19547 18.2695 
1.99503 0.955502 -1.16353 -1.91282 
-1.83289 0.068282 -0.872175 0.174655 
0.429846 0.785083 -3.54433 -2.93107 
-0.812725 3.41826 0.0371437 1.36742 
0.63362 0.117044 0.685545 -0.0433179 
-0.423774 -1.81095 1.26417 0.856628 
-0.00945221 0.397018 0.108304 -4.83539 
-0.187481 -0.615008 0.30965 0.359486 
-0.513701 2.27354 0.705976 1.04008 
0.71964 -1.70103 -0.391226 3.74042 
0.307992 1.52381 -1.13859 0.480677 
-1.02886 0.209065 -1.01621 1.50226 
0.76054 0.292165 24.4084 -2.5394 
3.12298 0.939799 0.46644 -1.91204 
-1.1346 34.2885 -0.268197 -9.13892 
0.425988 8.99349 -1.17027 0.108478 
71.4267 0.585986 1.45784 0.326386 
0.505519 -0.744406 0.412959 3.10283 
-0.228728 3.55392 -1.84305 1.87874 
0.629594 0.686986 -0.300278 1.16096 
-2.02534 0.959496 2.79826 -97.2056 
-0.808336 -0.156605 0.79809 -4.21552 
0.526171 0.445079 -0.0759203 3.60321 
1.29701 -1.83588 1.46483 -0.240896 
23.9222 -0.568505 -0.203051 1.83428 
-0.0074835 23.789 -1.97278 0.621764 
-0.18637 -0.445388 2.3583 -2.54369 
0.119186 0.256881 -0.845277 0.374335 
2.86328 7.87507 0.537861 0.258398 
-0.177022 0.0167151 0.304228 0.609371 
0.215742 -1.27246 1.74327 -35.1369 
-4.05431 -7.38254 -1.66612 -0.0685666 
-0.976322 1.17424 -1.87143 3.22405 
-5.52422 0.317171 -0.862635 0.00275083 
-0.622179 0.00491426 2.21596 0.949165 
2.55232 -2.29015 -1.03748 -0.384065 
-0.832837 -3.49059 -0.936166 -2.80165 
-0.514057 -3.40588 2.59453 -5.08139 
-1.31267 5.88655 27.7466 0.102454 
-0.317253 -1.68969 -15.9458 0.0373201 
0.395738 0.670994 -0.20159 0.675193 
-0.960963 -1.02891 -1.82942 1.07469 
-0.866895 43.2145 -0.223759 -0.359813 
-2.59666 -0.451971 0.957537 -0.318069 
-0.276211 2.41185 0.61967 -0.598178 
0.756122 -0.957434 -0.139076 -1.10417 
-1.2866 19.2413 -1.4 -14.2541 
-1.28947 3.88169 0.186376 2.49531 
0.00116737 0.313037 -5.14006 -2.62533 
-0.0178537 0.246056 0.160947 0.674955 
-0.936701 -1.08999 0.238242 5.99397 
-3.58462 3.02962 0.340047 -0.0582052 
-0.354522 0.960463 0.814169 0.0420433 
-1.0523 162.234 -0.868818 2.92507 
1.34236 11.6708 0.891479 -1.3622 
2.0069 -0.875464 -0.356296 -0.196795 
-0.973464 0.126718 1.03488 5.73786 
-7.87591 0.298745 -0.507295 -0.312535 
3.00266 -0.215328 0.236463 2.0656 
5.04597 -5.78679 -0.0287216 0.1882 
0.477822 0.47182 -1.30921 -1.03064 
1.70236 2.56027 -2.71748 1.6292 
3.71755 0.408275 2.51219 -0.0553357 
50.19 -0.0409888 1.8309 0.657208 
0.00781363 0.476528 2.68483 1.92336 
-0.240637 2.0012 1.22969 0.172983 
0.455575 -30.0481 -0.088145 -4.39507 
-2.65457 -121.054 1.22669 -1.4323 
-0.488322 0.437207 0.646038 11.9848 
-1.44302 -2.64303 -0.0862518 0.461407 
0.00972903 -1.128 0.144154 1.16256 
-18.3345 3.99523 -1.15554 -1.65966 
-1.01695 0.997231 -1.95664 -2.36153 
0.533991 -5.13892 -0.803659 2.10618 
-7.74026 5.16119 -2.3639 -1.30935 
-2.89272 -0.415277 -3.83442 -0.47926 
1.43948 5.21897 -0.075569 0.3935 
0.847559 -1.47105 20.9496 0.403888 
-2.12919 -0.917536 -0.0349274 0.694163 
15.5397 0.507578 -0.878869 -0.326513 
-0.110477 -0.776555 -0.190434 -1.63298 
-0.245355 1.17386 0.826769 -3.92928 
0.938278 0.697902 4.74485 -2.29169 
1.8663 -1.97814 0.251526 -0.6647 
0.56509 3.73641 -0.385909 0.178331 
-0.587697 0.565186 -8.37307 0.710413 
-0.0586006 0.220806 0.453718 -0.914663 
-3.5435 -0.0643675 -6.06752 -4.07663 
24.3692 -0.138268 -1.87956 3.63426 
-1.18704 0.5722 3.76994 0.881316 
-0.686476 7.30974 2.12397 0.157393 
1.76597 -1.95461 0.99518 0.689414 
3.5202 -0.935527 1.00926 -1.03097 
2.43336 0.212427 6.39779 -7.97641 
0.233158 -1.4926 1.1933 0.267813 
-2.57172 0.307747 -1.01429 -0.786987 
5.88012 -0.955982 0.898478 0.984267 
0.128901 -0.845756 -4.30585 6.5425 
1.67036 -16.2236 -0.454521 0.900043 
-1.01683 0.224774 4.92302 2.00322 
2.83446 -0.106321 -0.158023 -0.302005 
-56.9455 -0.814772 2.14416 -0.279665 
1.86865 -1.5759 -0.0535444 0.0994115 
0.0676385 0.00391459 0.807921 1.32926 
1.77129 -0.178262 19.0475 -0.227944 
2.42019 0.635723 37.4864 -1.85526 
-2.11146 8.63036 -0.243669 -0.526679 
-1.44715 0.0611224 -0.235908 -4.01365 
-2.39387 0.594801 -0.417631 0.34473 
1.06159 2.18874 -0.258302 -4.69991 
188.449 -0.366345 0.240067 5.0078 
-1.0229 -3.16204 -2.36036 6.81124 
-0.672092 12.5506 5.27106 10.4697 
-0.142991 0.49793 -0.520657 -0.460419 
3.93268 0.883724 0.199266 -1.07143 
0.09164 1.19944 19.0627 4.05321 
-3.22258 0.202671 -1.61087 -0.470291 
-0.346358 0.640122 0.0608925 1.43384 
-0.806748 -23.7874 1.47088 80.4741 
0.117225 0.148626 -3.37041 -1.00421 
-0.935714 0.995847 3.25316 -69.8481 
-9.78219 1.84434 -0.619625 2.16077 
0.335057 -0.0424155 -0.391933 0.450937 
-0.471617 -11.0419 2.84449 0.197835 
5.71809 -0.973983 0.541993 -0.174738 
-0.52169 2.37623 -0.538923 12.395 
0.616502 2.12276 2.27698 1.52414 
-2.58102 2.48693 1.12373 1.31231 
-0.376648 2.55351 0.417756 0.226241 
-3.554 -0.903601 5.94535 -0.387554 
4.02399 -0.344678 -0.576792 2.65177 
-0.561044 -1.07641 0.0944601 -2.35947 
-1.53488 0.421444 0.462736 0.206992 
-1.42427 -1.29102 -0.190263 1.35052 
-0.284436 103.294 4.68554 0.575988 
-0.890356 5.08139 -0.171601 -0.402486 
0.149376 -0.353023 1.57678 -0.619445 
-1.8381 0.172012 0.443905 -1.32871 
-0.449854 1.72611 1.89406 1.84671 
0.638901 -1.52911 -1.15351 0.688305 
3.5243 5.30474 -1.00241 -3.4196 
1.45399 0.923134 -0.19269 0.842699 
40.7151 -0.385697 -0.197606 0.635812 
-0.557663 -1.52879 3.22577 1.39578 
-0.0959099 22.0641 70.6961 3.24491 
2.25578 0.669775 -0.558024 -1.39706 
-1.62473 -0.287151 0.186893 0.926313 
0.198524 3.05876 -9.32156 -0.512302 
1.44206 0.844853 404.692 0.0445262 
0.821704 -0.435779 0.475225 -3.11319 
-0.861934 0.164736 -6.19774 0.621751 
-1.36936 12.7994 9.51255 0.0607887 
-8.47088 1.0551 -1.19887 0.80398 
-0.166136 -0.576164 0.579854 -0.179888 
0.861261 -8.43393 1.0754 -1.33831 
-1.2955 -0.541118 3.08682 -1.01063 
-1.52404 1.29387 0.331558 -0.143285 
5.47086 4.73134 0.0663158 2.60088 
0.320298 -31.6501 0.389994 -2.47615 
-3.899 -0.347457 -3.71518 0.0194581 
-0.358435 -0.264023 -34.3013 0.611093 
-0.642675 -1.20074 3.08046 -1.74015 
-7.92375 0.0730904 1.59512 0.217936 
0.743081 -0.00952008 -5.37018 -0.619282 
1.38447 -0.592015 -0.241368 4.81554 
-1.6305 3.81639 -19.5582 0.837245 
-8.22626 -0.641997 -4.52277 0.0691754 
-105.274 1.08672 -0.0173786 -2.05587 
-0.831003 0.954098 -1.3685 0.611278 
-0.472263 0.349332 1.71599 0.87497 
-12.3528 -0.0232324 -0.479163 -0.0690347 
-25.6017 4.01334 6.43254 68.6259 
0.929315 -1.21856 -0.262891 -2.15654 
-0.334553 -2.77715 0.563244 0.995158 
1.09632 1.25434 1.92583 0.0979663 
4.99089 0.241187 0.611617 0.9652 
0.924244 0.591338 1.92461 3.29876 
-1.93115 -0.240201 -0.621156 -1.63048 
0.341666 -2.42789 -0.120477 -1.07215 
-0.742053 0.820181 2.15835 -2.29528 
0.834636 0.528252 1.20356 2.26988 
-0.122305 -0.723748 1.60278 -0.0674423 
-0.609104 1.75058 0.170523 6.94585 
-0.420046 -0.0332954 0.256228 -0.691812 
-16.7821 1.49821 0.762345 0.39029 
-0.190229 -0.921441 -0.477889 -1.07037 
-0.700835 5.81773 1.68905 0.438179 
12.4066 6.94135 1.57693 0.450711 
-0.0219143 -0.637912 -9.27999 0.674633 
-1.12622 -2.58009 -3.13881 4.18155 
-1.66392 -0.759833 -2.00231 2.44472 
1.29253 -0.534187 2.81846 -3.08612 
7.8345 -0.538011 -0.878965 0.346027 
0.147 0.293689 -0.237154 0.958928 
-2.23868 -0.307892 -0.0245019 0.76192 
-0.323901 -0.375545 -0.117329 -0.248199 
0.0403394 106.954 1.64144 -1.25563 
-0.925609 1.2525 2.53889 2.25181 
-1.97224 15.3897 0.396579 -1.203 
-19.4207 -0.672263 0.332436 -0.653544 
-0.182108 0.938215 -5.97806 2.21225 
-0.502183 -0.573262 0.93593 -0.865079 
0.204873 0.356714 2.18466 0.603835 
-0.57166 0.091738 -0.269908 -8.79413 
-1.85366 0.740674 1.62888 -2.06313 
2.38421 -0.290469 1.12507 -7.25 
2.52642 2.27312 -2.2919 0.211925 
-6.26101 0.582676 -0.768705 -1.49735 
-0.0560574 -1.38174 -3.64211 -1.45259 
1.26215 -0.502794 -2.19672 2.17233 
-0.534805 2.87679 1.59178 0.460148 
0.410385 1.69412 -1.16104 -2.98341 
1.92055 -1.77753 -2.71352 0.747886 
1.06935 1.14506 -0.812618 -14.2654 
7.19141 -0.872092 0.475777 -2.86189 
-0.442097 -2.83234 1.3251 -0.149542 
0.272539 -1.01967 -1.54951 1.92276 
0.14818 0.424176 0.759964 -8.4087 
-0.121659 0.728725 -0.736467 -0.731914 
0.769083 0.245576 -0.0714237 -5.49435 
-4.21596 0.762174 -1.63282 0.728143 
-8.51294 -0.708127 -23.1904 -3.1369 
0.638317 -3.98669 -0.276867 -1.57168 
-2.05898 -0.164902 1.00031 -2.35612 
0.028214 0.294323 -1.32212 -1.21829 
6.64032 1.85118 -5.72197 1.85404 
-2.52675 28.0164 13.3576 -0.399688 
0.727201 0.683059 -2.71527 -1.1193 
-1.64761 -0.713266 0.665988 0.902953 
1.0922 -0.104831 2.27124 6.34177 
0.912004 6.25804 1.76635 -0.428539 
-1.53341 -0.314933 -0.780125 8.64416 
-0.659612 0.363159 -1.23068 2.73132 
0.0356045 0.964416 1.22189 11.4271 
1.55779 0.14003 2.30246 0.511887 
1.69765 -24.0171 -1.43523 91.2806 
2.08096 2.77137 4.47976 0.0469863 
0.459058 -0.682643 -1.05331 1.49395 
0.262355 0.130512 -0.142244 -1.1374 
0.368183 -2.25061 -0.569399 -3.98242 
0.604304 3.03341 0.733331 3.40112 
1.65681 0.432531 -0.287869 2.71963 
1.12469 -0.427705 0.531734 -2.44076 
-3.65854 -169.158 1.1421 2.80559 
-18.1527 0.884578 -4.45139 49.134 
0.173283 0.139247 0.0319928 -1.13023 
0.617775 2.59655 -5.61841 -5.47199 
0.386226 0.0807857 2.82263 3.80904 
1.54226 -2.06538 1.32722 2.6045 
-28.4167 1.24951 0.737583 0.869959 
1.14847 12.4975 -1.70385 1.07454 
1.07333 0.171731 2.47666 0.586718 
-2.69092 -1.51203 -2.3203 0.0847225 
-0.875781 -0.546299 -4.1619 -9.70138 
0.437675 0.588099 -0.0870857 -0.403943 
0.672236 -0.318311 -2.23166 -0.559831 
-1.37088 -0.528107 9.36973 -0.18213 
0.785467 -2.68718 -1.17169 1.18644 
-0.296645 0.807338 1.39778 -2.73218 
0.267457 -1.17945 -1.10403 1.75933 
0.216106 0.512374 0.047032 0.0525027 
-0.908392 -0.448731 -0.427012 1.88032 
-0.522468 -2.25609 -0.944471 -1.24418 
2.68019 -1.35172 -0.43147 -4.11152 
17.1004 -0.355546 5.02927 -0.777082 
-0.892431 2.19027 1.4304 2.78894 
4.48424 -2.6255 2.32645 -1.06834 
1.40954 11.0221 1.31143 -4.44069 
-10.8737 -0.420651 0.590772 7.14396 
-0.643721 -2.17778 0.16234 3.3627 
1.60526 -0.274249 -0.862432 -0.0757671 
0.823038 -42.5639 1.38673 0.599497 
1.01502 30.8296 -0.25182 0.455762 
-0.626643 0.0188351 -6.33344 -0.771437 
0.329931 -13.5315 -0.0570302 0.0489175 
-0.0337779 14.8863 118.368 1.38433 
-3.37241 0.0925978 -1.70113 0.674607 
-3.59135 0.209036 -0.83913 -0.30464 
2.43385 0.813915 -4.56267 0.376876 
-1.73653 1.08943 -0.955276 -6.90764 
0.364162 -0.213886 5.14116 -0.789703 
-0.0121255 0.612805 1.82279 0.830434 
-0.392744 0.202978 1.12016 0.421802 
2.24615 4.80064 0.445411 0.867372 
-2.43839 -0.858264 -2.38678 -0.850872 
-1.33364 -3.61617 0.612364 0.171912 
-0.745623 -0.1358 8.29292 -0.330955 
-0.719071 -0.242344 6.36989 0.0642909 
0.344602 0.17423 9.3631 -2.35046 
-0.174092 -0.493462 -1.09464 0.0930735 
1.68958 -2.38591 0.150496 2.49312 
-1.09453 -1.08259 -0.408822 -0.748151 
-1.23236 0.395122 -0.397229 1.51021 
-2.79874 0.145879 -1.66939 -1.18396 
-2.76423 -2.57781 -7.71659 0.111791 
1.50091 4.88468 0.640912 0.586248 
2.29241 0.119074 -0.702194 -1.06776 
0.876071 0.729091 -4.10303 -0.528703 
3.31854 -0.791032 0.186004 -0.362393 
0.0688403 -7.00353 -2.40362 -1.13975 
5.76601 -0.786453 0.277483 -3.97428 
3.11865 1.0448 0.197603 -0.354807 
0.225256 2.60759 -0.538209 7.02849 
-0.00597591 0.151229 -1.7991 -0.0300897 
-0.542015 0.467321 1.35462 3.30526 
0.143648 -1.62413 -0.275987 -8.72473 
3.51479 1.16618 0.038503 -0.356633 
-7.56097 -0.448697 -0.0147029 0.536323 
0.388784 0.0316195 0.812349 -0.747675 
-2.80854 1.78093 -2.5709 1.27587 
-1.15867 2.77428 3.08825 -1.4374 
0.117009 -8.68433 1.14446 0.977568 
2.37457 3.57737 33.5616 1.12816 
-0.446113 -0.0898274 0.588885 -0.576465 
-0.955599 0.530627 0.0148896 0.359144 
-0.0234705 0.113292 -1.17243 -0.430975 
-46.9809 0.230105 0.0965144 2.3601 
-1.43567 1.98659 -0.0466735 -0.0862535 
-10.9091 2.96588 -0.26541 -24.693 
-655.967 0.872151 0.0851159 -0.405001 
0.744553 0.700686 -0.0423245 -1.89378 
21.7815 3.432 -0.588033 -0.0778758 
9.12436 0.129415 0.822624 -0.0072654 
0.176051 0.66882 0.883313 -6.34289 
-1.9861 0.546213 -0.924386 -4.5075 
-4.25138 -0.0117104 0.181696 1.90483 
1.14207 -0.125621 1.23196 -2.64975 
0.503159 0.792298 0.863948 0.368448 
2.05339 -2.36819 0.0225943 0.474974 
-0.430401 -2.20824 0.545427 -4.0651 
1.66656 0.214442 5.65147 -2.6503 
1.5702 0.787865 -0.447954 0.712026 
0.994978 3.18018 -0.726319 -0.243918 
1.32918 2.38568 -0.471079 -2.07032 
-0.377478 2.43794 0.0127553 -9.14497 
0.350618 -0.95112 0.629327 5.57791 
1.24763 1.0039 7.87054 0.8189 
-5.95404 -0.961743 3.23013 1.5363 
-17.0772 0.403513 1.21188 5.96353 
14.2916 -0.2373 -1.30542 -1.54518 
7.27524 0.29369 1.20459 -1.61956 
1.2318 -4.00212 -1.0212 1.45917 
0.356231 3.6327 -1.9169 0.285188 
20.223 -1.23223 0.668545 0.040179 
1.38463 1.76707 -0.317474 -9.51707 
0.131825 0.556081 0.471034 1.48356 
0.332292 1.03373 -0.603979 0.117822 
-0.175054 -0.119988 1.01317 -2.21193 
1.5737 -1.09433 -0.617171 0.0115345 
1.85019 -2.85426 -0.80925 0.286966 
-0.486738 0.5978 0.863183 -14.6712 
2.61803 -1.58401 1.11545 -0.686095 
-1.22211 -0.422447 -1.35577 1.61657 
-0.0988386 -0.687638 -1.4261 5.52368 
2.28679 -21.9904 -0.205645 -2.74681 
0.574569 0.50912 -2.30123 -1.048 
0.40839 14.752 -3.36471 -0.436796 
-1.05326 2.29586 4.4266 -1.84661 
1.03062 -2.40243 4.2586 1.00644 
0.477951 1.2916 1.38363 -0.100307 
11.9017 0.201472 0.176584 -0.0860348 
1.39638 4.52394 -7.606 0.268772 
0.735865 1.09004 -0.525095 -1.12633 
-0.139718 0.551134 -14.0609 1.59663 
-0.141509 0.991156 -1.18782 -0.292976 
1.86489 -1.14848 1.7837 -73.912 
-0.88174 1.43992 1.36218 -1.72852 
-0.431287 3.6072 6.52594 0.0483479 
0.0776368 1.28405 -0.929717 -0.388007 
0.172296 -1.53144 0.75439 -0.664819 
-0.77659 3.3788 0.0993499 0.182858 
0.748882 2.39829 -1.54775 -0.342867 
2.19224 -0.0845301 1.79657 -2.63321 
-0.870008 1.73646 0.139317 0.573667 
0.202369 0.749733 -2.28878 0.940796 
-2.30518 -0.12445 6.89238 -0.0257726 
-0.977547 3.73856 -2.27394 -1.13638 
3.88509 -0.837214 1.23812 -0.106876 
-0.310257 -0.894385 -1.18444 0.667593 
0.88863 7.28184 1.96346 1.95891 
-0.946369 -2.32545 -0.903404 -0.573445 
0.383209 1.17253 7.71594 1.88499 
1.7664 -0.962624 -1.515 2.67424 
-1.31319 1.50288 0.162825 -13.7242 
-0.787153 -0.0413467 -0.450008 0.605319 
0.956555 -0.93829 0.010368 2.98865 
-1.44169 -6.01548 -2.44688 1.58751 
-0.199336 -1.18314 -0.71618 -0.242121 
1.65365 -0.521775 5.66848 -0.24147 
-4.45923 0.68381 -0.17497 -1.00027 
-0.954365 -49.8816 -23.2838 53.4424 
-5.30173 -4.38242 2.16945 0.0652034 
0.696325 -0.218483 0.595843 0.139084 
0.321634 2.49785 0.257408 -2.97019 
10.7891 0.590723 -2.26808 -1.34675 
-1.11538 -1.5041 0.1013 18.5688 
-1.81404 1.15971 1.2002 0.855605 
-0.782185 1.11074 -1.07946 -1.71994 
1.35143 1.06419 0.976692 1.26964 
0.133825 1.88495 1.59903 -1.38487 
-0.641933 0.758086 -0.360319 -0.27562 
0.355936 15.2153 0.805976 3.7451 
1.8205 0.929152 -0.564874 -0.506282 
-0.148909 0.328885 14.0638 1.35283 
0.119731 4.79257 0.660866 1.51514 
-9.99623 -4.72994 0.591916 0.0671172 
-0.904407 -0.125729 1.13556 0.396878 
19.5402 4.36855 0.676345 -0.55203 
-1.32525 3.44071 -0.478638 -1.60474 
-0.431818 0.276989 -0.164973 -0.893629 
-2.06135 0.405628 2.7815 -7.40194 
0.643943 0.497153 -0.611276 -0.949338 
1.94774 0.405899 -1.98271 20.1363 
3.09098 0.247215 0.467897 2.24804 
0.729143 -3.51145 -0.0886123 -5.79478 
0.292555 0.161878 -2.43792 0.229125 
-0.0864481 11.5537 -0.323312 -2.02988 
-3.13091 -0.536512 -33.7663 0.355632 
0.78039 1.26956 0.302727 -0.923756 
-20.208 0.992669 -0.670492 -5.64911 
0.0581076 1.08287 -0.478424 -0.0871144 
0.510499 0.296387 0.00396271 10.7934 
-0.488309 0.182322 12.7202 -0.0258693 
0.0566115 -1.29993 -0.197634 -0.141185 
1.3835 -0.993308 1.78168 0.3766 
-1.31843 2.63363 1.75426 -0.418021 
0.55955 0.0806705 0.779748 13.3345 
2.29526 1.69731 1.38383 0.621607 
-0.107341 0.329181 0.793828 -7.95704 
0.607268 -4.57859 -0.864263 0.317715 
0.0179699 -0.234518 17.4495 2.45137 
0.772269 2.36758 11.2549 1.21846 
-0.788957 -2.27728 1.32927 2.02914 
-2.11435 -2.036 7.47371 -0.00850323 
-2.35863 -0.813727 1.04624 0.568661 
-0.208938 -0.879909 2.17692 -0.633555 
-2.417 -0.248241 1.7902 -2.43782 
1.32349 0.109823 -1.39356 0.0545399 
-13.1843 -5.35699 -1.53694 0.069394 
-0.546787 3.7083 0.627321 0.861166 
-0.787867 -0.443313 0.681122 -2.19649 
-0.735074 0.288218 -0.48218 -1.95979 
0.488909 0.0888399 -0.0883014 -2.1942 
-0.594529 10.2699 0.29582 -0.323582 
1.93529 -1.93208 0.858687 -0.14237 
-0.00379684 1.62342 3.71886 -0.778969 
-0.932561 1.4551 -4.50699 10.3559 
-0.471184 0.660529 -0.675456 -0.471501 
-3.13003 -2.27325 2.24543 1.49305 
-0.645717 9.89033 21.1455 -2.28426 
-1.08887 2.46947 -3.99661 -0.762293 
-0.469216 -9.40336 2.58755 0.0142539 
0.486069 -1.08098 -2.33312 -4.66664 
-1.74684 0.407109 -2.41681 -2.61041 
-2.11838 -5.67068 8.04706 -0.661928 
-1.33641 -3.90606 -0.962538 0.694487 
1.95654 -0.132959 -0.938616 -5.95725 
3.60849 0.63566 1.14146 0.0681798 
-1.43232 -7.0957 0.409294 1.15747 
0.450752 -0.479584 0.885391 -0.0874681 
-2.74665 -2.31397 -0.624903 -1.1251 
0.691361 2.11628 -1.65939 16.2533 
0.23283 2.4002 0.489948 -0.123155 
-0.632023 -1.74999 1.1175 0.300896 
1.40743 -0.187734 -51.0154 0.15153 
1.16134 0.942733 -1.81457 1.64047 
-0.161913 -0.359151 -0.716191 -0.687442 
0.0243671 -2.03228 -0.499487 -0.443913 
0.658372 -0.350507 1.07313 2.86707 
-1.01269 -0.288289 -0.108205 -0.152517 
-0.727928 -2.63964 2.74566 -0.135275 
0.220488 5.77845 -5.33549 -0.285278 
-0.285883 0.629958 -2.67293 0.278728 
1.19971 10.5358 0.461167 -0.418169 
-4.11743 5685.88 138.67 1.06095 
-7.39963 0.175381 0.167499 4.83575 
2.12064 0.635035 -2.69631 0.0881906 
0.272756 5.13075 1.11274 -0.377445 
-3.29391 -0.143762 0.526872 -0.746944 
-16.1936 2.78684 -0.399483 0.0930252 
4.84963 -0.160505 -0.466876 -3.49898 
-6.9529 0.82007 -1.40243 2.3541 
5.609 16.3649 -0.288689 2.11242 
1.27584 -1.3295 0.922348 0.552014 
3.36524 0.370908 -0.423831 1.06189 
0.141705 0.836112 -0.0730194 1.86047 
2.46417 -1.88966 -0.140895 -0.271105 
12.772 -4.87885 -0.347031 0.579538 
-1.29133 -3.22305 -0.959002 0.385153 
3.04027 2.39316 -2.20997 -4.27069 
1.57928 1.42748 59.6284 3.56484 
0.935627 -0.66408 -0.199209 0.287781 
1.54063 -1.84255 8.39358 1.48322 
22.8684 -0.283382 1.31424 -0.433726 
1.0613 -3.07273 1.65339 0.178758 
-0.495465 -1.71603 5.11569 1.00457 
-1.28836 2.14702 0.0544004 -6.16922 
26.3791 -36.9622 0.762012 -0.283548 
-0.582522 -0.10305 0.833942 -0.740635 
-0.500126 8.03324 -0.95357 0.568481 
0.406683 -0.380703 2.85191 -317.034 
-0.273844 3.8361 -1.48211 2.69219 
-0.980626 -0.828359 -0.772585 -1.33791 
1.17193 -0.906128 1.74405 -1.5109 
-0.0516331 2.8131 -0.958691 -5.71358 
-0.930382 -0.668654 -0.444289 -4.61839 
-3.09086 -2.09857 -8.98737 1.61814 
-0.239136 -0.288616 0.950419 1.56915 
-1.85323 -56.9019 0.172474 -1.3781 
-3.33374 -0.164191 0.664968 5.66214 
79.7795 1.35926 -0.418621 22.9196 
2.12773 0.266594 5.47638 -0.809022 
-1.27165 -0.973421 -0.94687 0.19387 
-0.0587963 2.53377 -0.784413 -1.17653 
-3.65162 -1.63645 0.712913 0.385756 
0.087129 0.266742 6.2439 0.887579 
-0.691499 -0.557322 -1.32775 -8.83153 
-0.678422 -2.67898 0.240222 -11.5335 
-1.51485 -1.92968 1.91608 -2.73047 
-0.552258 0.298885 -1.6271 34.6292 
0.707301 4.21627 2.08506 -0.00597077 
-0.542025 2.91435 -13.3498 1.17398 
0.89766 -1.72148 -1.87312 1.16115 
-0.056154 1.92047 -0.436459 0.0500943 
-0.548476 -0.942535 1.89988 1.26145 
2.58666 -1.98352 -0.349786 -0.0145549 
0.428236 1.78654 -0.576038 0.290864 
0.365813 0.666663 0.780017 -1.9044 
-0.390534 -2.0625 -6.56018 6.93753 
-3.2562 1.43712 -0.748096 -0.702652 
1.67837 -0.652366 5.00726 -0.133783 
-1.95974 1.45768 1.65363 0.679315 
0.234179 5.31274 -1.82348 2.25938 
0.822715 0.12805 -0.83101 -3.63561 
1.48479 1.68994 -1.29378 0.302399 
-0.495293 0.505804 0.99134 -4.0327 
-1.34832 0.0318264 -1.88838 2.31589 
1.88701 0.75905 -0.855974 1.12617 
-1.68939 0.859108 -1.12794 -14.6843 
-0.112105 -2.50529 -0.236744 -0.0583324 
0.833285 -0.479626 -0.680873 2.5058 
0.180768 5.23961 -1.17244 1.31632 
0.808819 21.0931 3.61826 -0.505687 
0.708506 0.999828 -1.55657 0.185467 
9.9337 1.60065 -0.850069 8.84931 
-0.364111 -0.628184 0.403136 -2.01676 
-2.88929 -0.914536 1.23895 7.5885 
-0.842931 -1.5376 0.371205 -39.863 
0.416596 1.14026 1.22916 -2.6365 
0.397962 -0.628074 -0.0621021 -0.0597483 
-1.03249 2.49806 0.0297474 -0.895164 
-0.608671 0.527404 -0.553778 -2.21839 
1.24157 0.220323 -0.447087 -1.5282 
0.366224 -7.67629 -4.02235 -1.06698 
1.43873 1.95353 0.296255 -1.47242 
-1.85607 0.481077 5.70255 0.818861 
0.951429 -0.716412 0.872538 -0.546298 
-3.72178 -0.326313 1.04442 0.647003 
-8.3154 1.18218 0.507037 -0.599343 
0.528074 -0.848253 2.36897 0.333015 
-2.63637 -1.42155 -0.557334 -4.41995 
-9.30935 0.935124 10.9163 -1.19923 
0.750708 1.10013 -1.14177 2.21994 
1.16938 9.03557 -0.0560853 0.128179 
1.02184 -3.85589 1.45864 -1.62281 
1.02581 0.0282565 -0.684795 -0.304873 
-0.940608 1.4995 1.30288 4.15759 
3.89782 -0.499026 -0.73545 -0.321632 
5.77181 -0.518205 -0.359027 7.87878 
-2.47719 1.34562 -1.87886 0.934516 
15.2498 0.466246 1.20289 2.78557 
5.51999 -3.17147 2.65879 23.3801 
18.1631 -3.21749 2.55484 -0.361893 
-0.343538 -0.436237 0.148909 0.686736 
-0.128693 0.33686 0.168046 0.751108 
0.934732 -0.827143 19.0672 -0.42846 
0.933714 0.750815 1.07292 -2.51213 
-0.229161 -0.785814 -10.7744 4.38608 
-1.80625 0.147403 3.22824 -0.0938476 
1.17003 -37.8256 -0.924569 0.346052 
2.73323 9.15239 0.647593 -6.24832 
0.0307367 232.607 -1.72248 2.28184 
-14.4369 0.733725 -2.43761 0.720587 
-1.12184 -1.21669 -0.309904 -0.111884 
-0.2783 1.49325 -0.175073 -1.52781 
0.0641383 -0.243534 3.70399 -0.566612 
73.6496 -0.842948 -1.23719 -0.0825537 
0.819252 -0.715742 0.0622306 0.805969 
2.15626 -0.708885 -0.331665 -2.01867 
-0.749953 -1.34405 1.26904 1.33025 
3.22527 1.63417 0.588968 1.79583 
-0.461033 -0.183634 -0.92164 -1.17281 
-0.457259 0.899225 -1.09849 2.39896 
31.5904 0.907289 -6.06899 81.6501 
0.088517 3.81822 -7.65935 0.906211 
-0.0350709 3.10375 5.68753 -3.28778 
1.1599 0.617006 0.695208 -2.26842 
0.960132 -2.06639 -16.1109 -4.1511 
-0.481778 -3.72148 -1.33727 -0.496973 
0.418973 -5.62474 0.643805 0.258488 
0.894402 -0.78691 -1.2491 -0.436227 
0.311579 7.43787 0.758742 -2.19974 
-6.23373 -1.21977 -0.23045 0.104047 
-2.88105 -1.90507 -0.293059 -2.06258 
-0.811431 -0.319818 0.366804 -1.34519 
0.453997 -0.538672 -3.24748 0.42468 
-1.80888 -3.10583 -5.73519 -0.496642 
0.33273 -50.458 -0.911556 1.57427 
0.259506 -0.817312 0.545363 0.189388 
1.45157 0.569803 0.0773306 -1.33212 
-12.6439 0.223674 0.996849 1.24327 
-0.414392 -4.03424 1.27049 -0.363594 
1.20565 0.536509 -3.75221 14.365 
-0.62867 -1.37322 -1.75594 -0.20884 
0.075179 -0.00831601 0.0310841 0.280872 
-0.977413 -0.265115 -1.66143 -1.25077 
-0.415292 -0.284307 -0.241095 -20.0415 
0.504691 -1.47141 1.23977 -12.7211 
-0.408807 -3.36997 -22.7923 -0.399945 
-1.37345 0.0529218 0.111111 1.01261 
-49.1799 0.409986 0.545877 16.2569 
1.421 1.82919 -1.13864 3.73706 
-1.0462 1.26703 0.573428 -1.31036 
-2.28747 -2.9442 -0.4322 -3.37566 
-0.741602 6.21632 0.267128 -0.287003 
1.67212 -10.8734 -19.2393 -6.23107 
0.532946 -0.690345 -5.50016 -1.88816 
-1.97931 8.43105 5.63229 -0.197937 
3.35613 -5.5738 -0.853784 1.96161 
0.719473 0.819348 -0.041701 0.82958 
12.2274 -1.15235 2.35576 1.40179 
2.10027 -0.9417 -4.04351 0.391266 
-0.784953 24.4194 -10.9457 -1.26426 
0.572478 -4.15366 -1.13067 -3.75326 
-0.0513814 1.26475 -3.3442 0.356747 
0.286711 9.44233 -1.26984 -0.663196 
-7.54027 -0.733046 -0.54192 1.26156 
-3.21315 1.0618 1.29902 -1.88611 
0.127395 -0.523948 0.924256 -0.0856652 
-0.199996 0.274442 -0.179193 0.942113 
-0.232737 0.566261 -2.93783 1.08741 
-0.95994 2.60812 -0.512236 1.11237 
-0.302415 5.69152 -1.56571 -13.3267 
0.434564 -0.0659381 -0.600469 -0.984487 
-16.6702 1.42015 -0.0393822 -2.51622 
-0.560385 0.385549 -27.372 0.630207 
-4.32659 -0.957948 -0.948628 0.550424 
-102.45 -0.617746 2.36659 1.08374 
-0.810695 0.0835901 -1.14896 0.904793 
0.955436 0.0180902 1.88528 -0.463044 
1.8248 -0.553993 0.0734224 -0.542742 
3.01903 -0.572286 1.29495 -1.04903 
1.95204 0.332667 -0.767312 0.204697 
-109.357 -0.513443 -0.898676 0.492216 
-0.0633299 0.362318 3.13504 0.536814 
0.736101 -1.86158 -1.13961 -2.38713 
-1.30672 0.0655552 13.8178 -0.297904 
-0.491789 -1.84558 -3.5479 -0.350415 
-2.50465 -2.03935 -0.669284 1.39925 
3.81736 0.568116 -0.298239 -1.61755 
1.66504 -6.5472 -4.22373 0.636103 
-0.886508 0.410589 1.5313 0.362843 
-0.969146 0.506952 1.81092 1.14043 
-0.641195 -1.68978 0.341318 -1.13706 
-1.55568 1.00023 0.495672 0.446459 
-1.57035 0.163855 2.38305 0.0235252 
1.87361 1.53935 24.2241 0.611007 
0.314531 2.01858 -2.31721 0.161981 
0.454012 1.82689 -0.954294 4.14096 
162.883 0.620787 3.47201 -0.154944 
4.13099 -1.76165 -1.30283 0.979709 
-1.32653 -0.640805 -6.26801 -0.0627701 
1.25001 64.6414 -0.433526 0.256515 
-0.656287 -1.32612 -0.458378 -0.57623 
0.531099 -0.828346 -3.82233 -25.1477 
2.66954 -0.543805 -18.2284 -6.99222 
0.728347 -0.193589 1.70146 -11.2099 
0.336919 -0.0117725 -3.57048 -0.145083 
0.333939 -0.369584 -0.745823 -0.409895 
3.20031 -0.764966 -0.137902 -1.89593 
-2.13037 6.71618 -0.35867 3.16251 
-1.58367 -2.73229 -0.516389 -4.13631 
-0.209051 0.688736 0.170392 0.0298946 
-0.700209 -0.7921 -0.085149 -0.710459 
0.123654 0.0569808 -0.492956 1.59695 
1.9673 -0.0385263 -28.8999 -1.86608 
-8.27942 0.0934561 0.232371 -5.31153 
0.407669 -0.252968 0.52286 -0.486978 
-1.01454 0.290997 -0.160168 0.640471 
-0.361529 0.261867 0.309957 -8.45657 
-0.273393 0.698949 -0.890428 1.89902 
-0.0366251 -0.225906 2.08519 -0.140496 
1.33977 -0.649782 -4.30288 70.816 
-0.76648 6.44718 -0.0615271 0.46375 
-0.709461 2.99387 4.47276 -0.39621 
-0.0406568 1.63991 -0.302756 0.0977507 
-5.79874 0.430467 8.69897 1.96793 
0.222037 2.89247 0.1062 1.40696 
-1.34384 0.346967 0.11602 -0.816875 
-0.506844 -2.37023 3.14345 -0.131274 
25.6281 -6.71549 1.16228 0.406792 
-9.10078 -3.02672 -5.76231 -0.253747 
1.87194 -0.314744 -0.737406 -0.604209 
-3.7974 -0.450216 -1.06574 1.08477 
1.1016 0.293875 -0.651271 -0.0690978 
6.38247 14.2652 0.973232 -1.68936 
2.3631 -0.651128 -40.6393 0.733646 
2.44343 0.348727 -0.518451 -0.825345 
0.290831 -2.54783 -6.78495 2.11807 
6.09437 0.516015 0.875434 1.65406 
22.2789 -0.857549 0.572354 -0.482635 
-0.0921949 2.58721 -3.31478 -26.7911 
-0.0756806 1.27053 -10.1145 -5.76622 
0.00957445 -1.57549 -3.52099 -1.48685 
-0.510361 -1.41902 0.618849 0.592374 
1.46455 4.37473 0.845725 -0.366699 
-14.9183 3.78608 1.88758 -0.0797965 
-0.772242 0.306198 -0.440176 -0.234967 
-1.40826 -0.0760654 0.687289 -0.120477 
-0.529619 -0.48404 4.48622 18.5921 
948.258 -0.591891 -3.45606 -0.264174 
0.588979 -0.229041 0.00570112 -1.38564 
-1.67135 -2.33441 -0.924585 -0.80365 
1.42695 -0.414415 -0.610465 -0.326563 
-0.635739 0.028477 -0.350542 0.0732896 
-9.8587 0.829296 -15.4878 3.1678 
-0.355029 -1.31736 -0.382835 -0.845616 
-0.0915008 -0.526919 0.342646 -0.440121 
4.66171 2.4838 0.220827 -0.229882 
0.113372 -1.37773 -0.291537 -0.131947 
-0.592981 -0.167101 0.700245 0.0205001 
1.22894 0.451723 -943.981 -6.70027 
2.30155 -0.181179 0.230181 2.09722 
2.54235 0.426233 -1.10471 0.018528 
-0.308049 -0.331436 -0.0395522 0.179384 
30.2236 0.957607 -0.442411 1.67839 
-0.163962 2.01024 -7.02491 -0.233414 
-0.0382867 -6.04127 0.68478 0.432287 
-0.270097 0.553602 -6.41199 0.502445 
-0.57039 14.0385 8.8274 6.59512 
-0.367599 8.28474 0.438689 -0.00480597 
-1.38417 0.869685 6296.38 2.92543 
-0.418538 -2.34306 0.55051 -1.84939 
-0.0775554 -0.200439 0.763429 -0.663344 
-3.60172 -1.22934 -1.6732 1.67354 
-9.52405 -3.17186 0.913988 -0.766293 
0.19088 -5.34186 -1.16954 -2.25528 
-2.07822 -2.85231 -1.22799 1.24602 
0.219956 -2.73806 0.74054 0.376751 
0.354554 0.917943 0.0475947 0.612535 
-1.19592 0.346594 -5.35337 11.7237 
5.89505 1.27269 -9.64037 -0.0550274 
2.75221 0.214832 -9.99563 -1.87582 
0.198809 1.42646 -0.109337 1.55929 
0.977836 2.90742 -0.129175 1.29565 
-0.685571 0.206701 -1.57261 -704.691 
-0.892441 0.528996 0.704159 0.801565 
-2.46601 -0.0856752 -1.15347 0.309087 
0.680716 -0.105893 0.305582 -0.284285 
-1.11858 1.45836 -8.82162 -1.77834 
0.431916 0.503268 -1.25904 1.64535 
-0.613685 0.12258 1.53391 6.90013 
-15.6711 -1.00687 -0.00776758 1.72758 
-0.0156092 -0.685372 -0.191082 1.67567 
3.59224 -6.94862 2.30322 0.0334161 
-2.01522 -0.310136 0.697171 -0.689059 
-0.211746 -1.18303 0.154424 0.600077 
-0.886284 -0.250402 -1.40831 -0.182887 
0.280489 1.68895 -0.305095 0.520508 
2.19492 -4.47702 -0.217401 -0.751565 
1.43295 0.37045 -0.944057 -1.12331 
0.354088 -1.02148 -0.651202 4.76195 
6.00289 2.48546 -0.807617 -0.329982 
0.299807 -0.36061 3.18306 -1.11135 
0.220727 2.69181 0.54267 -5.06342 
29.921 4.79832 0.16912 1.57573 
-0.529287 0.682167 -0.0269899 0.4314 
0.129644 1.16744 -2.23482 -2.27888 
-2.87368 -52.9812 1.33451 -2.03959 
0.313027 3.94151 -0.855818 -3.59614 
0.0805886 -6.62011 0.568406 0.511424 
0.89243 -0.848517 -3.22857 3.61312 
1.1712 -0.990162 0.294703 0.00558741 
-0.010467 0.434924 -0.112352 -0.188049 
-0.22881 -10.7389 2.3344 0.367481 
0.353612 7.33092 1.5638 3.08559 
0.712269 -1.28178 0.696776 -0.304545 
0.606092 0.585692 -0.576334 9.11955 
-0.168003 -0.150025 -0.829705 1.3981 
-1.41464 -1.25622 -2.41702 0.780764 
0.0874502 -1.75271 0.124948 1.21961 
-1.3732 -1.87013 -10.63 73.9524 
-1.13663 -0.642587 -0.541278 -2.51165 
0.192368 22.2495 -42.1972 -6.77046 
0.292619 -0.00635352 0.262528 -1.6865 
12.6095 -2.00329 -2.93747 -0.509846 
-0.570076 0.217003 1.86882 -0.684613 
1.21626 0.735167 0.169537 -0.0208176 
-0.347769 2.83348 1.67149 -2.0923 
-0.0580951 -1.64359 1.49031 -0.0210843 
0.492903 0.901483 -0.708737 -5.21436 
-1.36516 -1.04635 -47.1078 -0.881926 
-11.0387 -2.38456 1.03127 5.82898 
-0.832499 0.7157 1.87404 -0.997759 
-0.130759 -1.48733 12.5827 7.44626 
-0.394008 4.86399 5.57031 -16.7925 
-0.268666 0.642266 78.0497 -0.0447774 
-0.659884 -51.9646 0.404291 0.33292 
-2.74968 -1.52932 -0.316626 -1.09492 
91.4504 6.0384 0.72781 76.8581 
-9.52256 -1.68065 0.0587968 -4.60745 
25.2459 -3.24141 85.9862 6.8637 
-0.946227 1.94698 -0.0628895 0.200395 
-0.0573787 0.254858 -0.469111 -0.172693 
0.297442 1.02133 -0.956232 0.112365 
-6.74578 -149.666 1.30072 -0.211044 
-0.732488 -1.4125 -0.0345108 -6.17653 
2.43618 0.570027 -0.303027 -15.54 
-1.81393 -5.90837 1.98159 0.617625 
-4.97961 -4.39528 0.307436 6.424 
0.461281 0.188732 -0.0523586 -2.71125 
-1.26183 2.56621 -2.76859 3.35421 
-1.73223 0.325645 -0.615733 1.18814 
-0.895551 -0.57467 -2.52813 -1.99105 
0.548111 -1.17665 -0.670426 1.69198 
0.526492 -0.169446 0.0220791 -2.4418 
0.0184389 -4.22428 -0.652758 0.313171 
-4.77393 0.00491999 -0.237596 0.1588 
-0.44572 -4.07186 -0.434701 -3.01527 
3.68867 -0.0554827 0.25217 21.2835 
-4.06206 4.85696 -1.63456 0.731124 
-0.545627 -0.209348 0.143463 0.953374 
-1.6461 0.986234 0.30391 0.286029 
0.734384 0.408903 1.10792 -2.65076 
-1.07833 -0.381042 -0.309198 -2.24067 
1.34766 -18.4741 -8.20665 -0.467532 
0.290576 0.583191 -0.336759 -0.371992 
0.43435 -0.441345 33.5294 -0.637529 
-1.2178 1.91277 -1.53405 6.06319 
1.31469 -6.83802 -0.390098 3.57464 
-1.23843 -5.67391 24.1375 0.63067 
-0.370478 0.323099 2.7839 16.6934 
10.3086 -0.363625 0.800473 0.619869 
-0.379861 0.197537 3.82552 18.0079 
-0.616412 -0.0325013 0.627395 12.6541 
1.0973 0.325717 -0.277168 2.29912 
-0.207486 -3.94268 -1.14506 23.2575 
-0.957027 0.440365 -11.6397 -6.21027 
-0.897646 -1.09949 -0.355052 -6.71788 
-2.05047 2.33064 -5.38623 0.820334 
-2.32596 38.6434 -0.485404 -1.8638 
2.74843 3.07405 0.460753 -0.898898 
-3.29 -0.0139226 -1.34658 -2.3812 
-0.0345461 -2.44052 0.12142 0.447526 
-2.85825 1.06019 0.287602 -8.29311 
-1.73687 -1.64235 -3.91614 -5.10746 
-0.520414 0.0595042 -0.881819 -0.137373 
1.22559 -2.89137 -0.135658 0.295725 
-1.77133 0.831265 0.30533 -1.59554 
0.721978 18.2031 1.96392 1.37244 
-0.316353 3.33558 0.239668 16.4872 
-1.84698 0.153655 -1.92162 -0.346721 
-4.5143 0.0630253 0.802819 0.295585 
1.23508 -17.2452 -0.103911 -4.35413 
0.0499511 2.36147 2.6096 1.19337 
2.13713 0.0391745 1.08563 -11.0522 
2.05552 1.11298 0.141733 -0.3198 
-2.59578 7.30153 -0.256044 0.374893 
0.301005 -0.243442 0.00691779 -1.0161 
-1.18537 -0.0661197 -3.21145 -0.275694 
-1.60875 0.471752 1.40114 0.449254 
0.0112673 0.55581 4.8098 -0.244267 
0.131792 -7.92897 -0.245984 -3.05798 
0.342997 -7.70855 -0.812565 -1.8149 
-0.471079 0.239643 0.333565 6.88796 
0.303261 -0.394251 -1.8204 0.116549 
1.83121 -2.5416 -0.711039 0.0819584 
0.79082 0.0855818 7.42988 0.758791 
-0.638349 6.15459 0.0295441 0.117946 
0.526655 -0.0528725 -2.79935 -2.63488 
5.21426 1.49506 4.1363 2.20382 
3.09246 1.60966 -0.289458 0.360141 
0.420194 0.56289 0.421426 0.895491 
-4.01789 0.65915 1.15417 -4.61274 
0.00868551 0.670313 -0.691532 1.05827 
-0.294728 2.15642 10.6652 0.417381 
3.5654 -0.93363 0.165513 0.0177636 
-1.13187 0.445294 -2.34752 0.503645 
8.89372 0.0697784 0.0552768 -0.298165 
-0.212456 -0.412508 3.0584 0.958196 
1.62159 -4.10884 2.42338 0.0127505 
2.56573 1.50352 5.22784 -0.535624 
2.04405 2.90949 1.00438 0.0916094 
-0.606538 0.593989 -1.30209 -0.166125 
27.3244 0.307568 -2.03149 1.10676 
-1.74383 -0.986684 -8.10421 -0.589663 
2.10266 -8.25232 0.236899 -8.78034 
-132.912 -0.332777 0.0129836 -5.8063 
-4.38082 0.43349 -1.28166 2.01281 
-0.520612 -0.525536 1.06994 -0.156055 
-0.445236 0.238748 0.532802 -0.110877 
-7.24082 -3.67365 -1.17805 0.0853955 
1.99442 -0.337779 0.652657 -7.49529 
1.776 -6.45126 -121.121 4.42664 
0.630364 1.43344 -0.129338 6.90744 
-0.300822 0.183392 3.96345 0.491917 
-0.52164 0.482467 -0.178394 -2.73305 
-0.324172 1.08265 1.60728 -0.634148 
-4.00238 -0.304155 0.0713908 1.47891 
1.12116 2.11712 -0.41033 -0.0811309 
-23.5629 0.882941 -0.18455 1.2647 
0.0779868 -27.5723 8.47426 0.278687 
-0.506381 -3.60287 -0.348423 0.7728 
-1.828 1.1657 1.03123 18.7103 
1.20003 -0.0338884 -1.55873 1.45749 
1.91242 0.0575168 0.331997 -25.9243 
-0.312837 0.51828 1.46515 -2.95047 
1.88437 2.00719 -0.35618 -0.880739 
0.193607 1.74475 -0.28076 1.0196 
0.119927 42.3625 0.525777 2.75172 
-0.963041 6.65375 0.131901 -0.417338 
0.090637 -2.11348 -1.74054 2.75535 
0.676872 -0.318282 14.5863 1.5053 
5.45884 0.911226 -1.52507 -0.996084 
0.83474 0.564713 -0.563502 -1.43399 
0.447342 -1.4246 -0.140082 -0.279012 
-0.0188715 1.14256 0.342732 -0.212653 
0.323827 -1.45576 -2.42226 1.17046 
0.369376 -1.52658 -0.469421 -5.92326 
-2.23376 1.06536 3.825 1.19689 
0.927775 -1.49393 -0.881598 -2.74191 
-0.321331 1.55766 -2.39263 11.9462 
-0.053813 -1.48628 -0.397046 0.610699 
-0.435296 0.957111 0.41945 -0.693199 
0.515262 -0.804301 0.941242 0.0973514 
7.13558 -3.01308 0.0899237 0.330237 
-1.6028 1.9828 0.154079 0.526899 
-0.187543 0.315181 0.118902 -0.571955 
-0.743474 -0.786584 -2.00848 0.159181 
0.216255 1.47907 0.127482 0.991733 
-0.992724 -0.71205 -0.435693 1.57199 
0.782659 -0.502988 0.0884311 0.251571 
1.50086 -1.01723 -0.550652 0.699427 
-0.198708 1.97684 1.28236 2.09158 
-0.365985 1.32315 -1.44581 -0.526992 
-2.92855 0.679949 3.29127 0.327595 
1.26587 0.437717 -0.658092 0.450292 
24.7543 -1.67362 5.08266 1.6638 
-4.51408 -2.47156 -0.0385763 10.2911 
-0.910009 2.37832 0.279343 1.34378 
-0.663952 -0.87215 3.43432 -1.38548 
-0.195638 -3.06795 0.70236 0.708772 
7.18853 0.37336 -5.12163 0.369687 
-2.78103 8.13708 0.497647 -0.645288 
-2.29996 0.676631 0.0181008 0.422477 
-9.03084 -0.927825 -0.228953 -3.76036 
2.12653 43.66 5.16095 -0.941422 
-0.66053 12.6258 -1.39808 -0.439774 
-4.18912 -0.59486 0.280826 -7.44707 
-0.267226 -0.851897 -0.625125 -1.10304 
-2.30939 1.24524 -1.06192 -0.232496 
-2.498 2.86851 -0.0137124 -0.770645 
0.588038 -0.278574 -1.75663 1.07913 
0.5523 0.346667 -6.08644 0.96831 
-1.6477 -0.50089 -0.763286 0.936104 
-0.154505 -0.432138 0.457901 9.05018 
-0.554904 0.681315 0.56319 0.421997 
-2.14967 0.592381 -1.78822 0.00602831 
-0.403955 2.91225 -0.4175 -2.21059 
-0.52102 -0.460038 137.943 -3.33247 
12.9214 -0.802821 -0.591651 1.90447 
0.314462 0.137523 1.5748 5.48918 
0.0993763 0.478025 -0.0435403 -3.60143 
0.463542 0.777061 0.102989 -0.478144 
0.275091 0.972658 -0.694124 4.29036 
-0.31754 0.964649 2.08141 -0.560085 
-5.77556 -15.1311 1.9672 0.825325 
0.155281 -3.21436 -4.27257 8.86274 
1.35456 29.4719 -2.41997 0.82685 
0.530382 1.18271 4.75545 -0.46104 
1.95879 0.291501 0.124969 -0.959913 
0.123166 0.502057 0.917656 0.298295 
-2.63832 -1.66151 1.31612 -0.711676 
-0.122628 8.99874 -0.0170879 0.180641 
1.27472 -0.244648 3.56128 -0.360226 
0.317973 18.9992 -0.481742 56.3325 
-4.95185 -0.533611 -0.363953 0.157315 
3.12486 -1.36569 -5.49063 -0.786209 
16.5822 -2.02787 -0.416497 -1.83811 
0.703643 3.88026 0.650021 2.49289 
0.341873 0.738508 0.364746 0.365918 
1.11788 0.839437 6.34465 -1.46197 
1.06073 -3.63803 1.84977 0.505235 
-1.53417 -42.7049 0.676691 -0.635602 
-0.581332 2.18994 0.469168 0.88718 
0.494932 2.29778 -1.01095 -11.5653 
-0.836909 -0.469914 59.1856 -0.320655 
-0.762684 -3.98082 0.795341 1.75236 
0.212284 -1.46052 -3.89707 -1.39205 
-71.6821 1.48358 -0.616204 -0.0242274 
1.6989 0.5732 -1.47101 -3.16187 
4.22805 0.130124 0.282254 3.22087 
-0.408694 -1.15439 -0.763101 -0.601659 
-1.06143 0.849297 -0.14777 0.396864 
-0.915123 4.18973 -1.21312 -10.5963 
2.49808 -0.914481 -27.1717 -0.398371 
-3.35063 -0.200169 2.31484 0.396227 
0.54254 3.91605 0.721904 -0.0740364 
0.201506 -0.317723 3.70775 -1.21046 
-1.2559 -0.954662 0.0270678 -0.6209 
0.588054 0.375318 -0.817022 1.61556 
0.593515 -0.864252 -13.4761 -9.81078 
11.698 15.312 -0.817942 -2.3269 
-0.198031 -0.0372497 2.6033 -0.300174 
0.0411947 -3.82872 0.571508 3.54064 
0.350236 -0.289308 1.25827 -1.67822 
0.170881 0.590663 1.06946 0.0717577 
0.409842 1.1052 -0.618729 -0.968086 
-0.0850231 -2.1901 -1.01143 0.937393 
2.75907 0.260262 0.434697 1.44971 
-0.535463 -1.50415 -0.0419174 -0.814344 
0.809606 -3.65979 -0.685531 0.565751 
0.62492 2.73451 -1.07446 0.404347 
-0.499283 -1.58947 0.854178 4.32737 
-1.10038 -0.918062 -1.62474 0.323306 
0.78426 3.86952 -0.364151 -0.591814 
5.42165 -0.606467 -0.115773 -1.52668 
0.699282 1.84747 0.341117 -2.85048 
-1.93644 -1.0049 -6.30735 0.200763 
0.402553 -0.611261 -0.449246 3.59405 
-0.213251 -0.0375517 0.411766 0.833616 
0.400073 1.49711 -2.48138 -2.88396 
-0.714024 -0.61659 -0.0565294 -1.33089 
-0.39922 -3.09746 0.288194 1.00758 
-1.45251 -3.94067 -0.274252 -3.72203 
1.18382 -1.03849 0.0371066 0.0484954 
-0.331736 -0.111554 0.417288 -8.91763 
2.19623 0.98109 -0.0487224 -0.314281 
0.261757 -0.151491 -0.709562 4.43108 
-3.12064 0.0994798 1.16529 0.558339 
-0.867169 -0.459775 0.225944 0.98728 
1.71604 -0.462535 -0.755213 5.26036 
0.475221 1.28394 1.17565 -1.6247 
-0.622578 -0.431765 0.14909 -0.213519 
1.47163 -1.12132 -0.29439 0.418656 
1.68652 0.0296459 29.0046 -13.2175 
-3.13174 0.456813 -1.40084 0.685585 
-12.8524 -0.132762 0.0366438 -0.485028 
-0.705804 -4.30254 -0.640868 -0.684758 
-0.232804 0.824683 4.57168 -20.4876 
-3.61211 -1.96767 0.525854 0.103915 
-1.12829 -1.93587 -1.19764 2.90962 
-1.70651 -0.00854399 0.482927 -0.109494 
2.87887 -0.365987 -2.89181 -1.16223 
0.775404 0.360607 0.729451 -34.9569 
-0.794312 1.33001 -0.910841 -20.8629 
-0.316584 0.717992 1.43578 0.130557 
-0.323253 -0.192858 -6.2837 0.575532 
6.31287 -2.04334 12.7378 -0.862854 
0.47853 0.444432 -0.24638 2.40152 
0.109778 -1.43851 1.50221 -17.8333 
-5.18346 0.0804181 -1.78735 -0.231988 
-5.07416 -3.0914 0.659339 -1.40726 
-0.0101654 -0.74025 -20.1273 -0.807158 
-0.444386 0.255035 1.35874 0.903772 
0.388211 -0.595593 -14.1539 0.286399 
4.83398 0.890949 -0.177188 -2.21813 
-7.77346 -1.12682 -0.126226 2.44032 
-2.36014 -2.98755 6.22182 -3.11557 
4.8969 0.28394 2.39595 7.30144 
0.528144 -1.2208 0.596275 -2.80861 
-0.612381 0.264057 -0.242652 0.238508 
-0.145983 -1.73233 0.482637 -0.979134 
-4.67267 0.352097 -0.355189 27.3351 
3.01067 -1.36537 0.955028 -2.0235 
0.662735 -3.05087 -1.084 -3.78398 
0.326508 117.993 -0.936092 0.638089 
0.228121 0.973109 1.40336 -1.1895 
-0.0805414 0.385693 0.464713 0.00789553 
-4.76262 0.877705 -8.40086 -0.0471871 
0.327497 0.605844 0.0116587 0.0343057 
1.65942 0.279352 -0.03356 -0.967906 
-1.45294 2.46296 1.76181 11.0563 
0.246844 -0.810158 -0.424499 -0.133817 
1.0591 0.519902 -0.408745 3.89676 
0.853749 11.2143 -0.167437 4.44081 
1.57759 0.954622 2.4566 -1.98186 
-3.25299 2.60445 0.532381 0.152418 
-0.817268 0.433133 0.97147 -2.74782 
0.768551 -0.837025 -0.945633 0.386123 
4.89897 0.223992 -45.0407 -0.133966 
0.0692578 -3.30571 -0.816162 -3.2446 
-0.382735 -7.73137 -9.63444 0.59301 
-0.0373584 -1.29151 -1.17478 -0.72492 
-1.32869 -0.144105 21.0014 -0.349615 
-0.147132 0.150832 1.7791 0.827119 
0.258169 0.296015 -7.81949 0.219061 
0.489476 -0.544844 0.172211 -2.34205 
0.780193 0.0978013 -3.98711 -26.9586 
-1.26125 4.34724 -0.625385 2.62657 
0.961776 1.33028 3.55812 4.7143 
-2.943 0.361635 -3.41016 1.73994 
-0.298203 -2.68838 1.42341 -7.50665 
-0.566138 0.276979 -12.0966 0.740598 
2.9639 -0.896308 -0.451663 0.998965 
-0.958733 -1.86539 0.804717 -0.162685 
-9.7349 -136.078 -2.88856 -0.0987253 
-0.183501 -2.11449 1.26914 -0.261747 
0.459728 -10.3489 -0.765226 0.465744 
-3.26533 -0.216581 2.52508 -1.48306 
0.976313 0.233917 0.136067 5.68549 
0.868493 2.04182 -1.64396 1.29925 
2.10018 0.0791895 0.164108 0.470737 
1.08774 -4.24053 2.9204 1.2127 
0.369492 -0.0386837 0.0412883 0.982669 
1.2971 2.92996 -0.425559 1.2739 
-0.583472 -1.37353 -59.1174 0.682706 
0.150143 1.44697 1.59151 -2.85713 
-0.0573937 -2.67348 -2.33737 0.232829 
1.89677 -2.92067 2.84887 3.86465 
-0.112359 0.79234 -0.466343 0.677186 
0.446645 -0.592725 -60.3832 1.37095 
2.89701 -1.29721 1.31286 -0.027025 
-0.926702 -8.70684 -1.73794 -0.659294 
0.556168 1.43626 -1.83612 -9.90277 
0.322687 -0.654486 -1.25343 0.195786 
2.33632 -1.79771 1.30691 -0.244431 
-0.379971 29.6864 1.17733 0.741781 
-1.01935 6.09481 -0.216836 -7.74503 
-78.267 -17.3582 1.2974 0.248357 
0.450325 0.328893 2.16603 -1.75419 
-0.439485 -1.12702 -2.31219 1.03696 
0.71488 5.9261 2.69853 -0.770271 
0.989032 0.198737 -4.19899 3.78488 
1.88438 1.02023 -0.861968 1.2101 
1.93923 -0.456817 0.453642 0.415103 
-0.515747 1.23108 -4.76936 -0.131061 
12.0713 -0.0395178 2.23799 1.69323 
-0.292374 -1.2145 -2.85598 -0.155052 
-1.30271 0.0837426 5.56528 0.325109 
3.59712 0.272109 -3.55373 -0.793356 
0.667119 -2.17266 0.263456 2.20051 
0.106766 -1.91016 0.259678 14.4167 
-0.0795654 0.788917 -0.877541 -0.0263326 
1.19969 0.179973 -0.755441 -8.49605 
-0.308196 -11.3876 -0.817573 0.8822 
1.58253 -0.695297 7.29621 3.09658 
184.189 -1.91332 0.472865 0.36201 
0.196588 17.445 -7.124 -4.6876 
1.75188 -0.0222495 -4.74139 -0.29564 
6.07056 -0.735129 -6.17865 -0.229704 
-0.29351 -0.0910843 1.78656 -11.1906 
1.90409 0.0764429 0.482253 2.6796 
1.47198 -0.819914 -2.0042 119.878 
3.94077 -0.0279945 1.79347 1.02182 
-0.342059 1.57632 -0.975102 0.721318 
-3.39575 -0.436286 -1.07243 0.514598 
0.550229 0.928748 -0.137356 -1.44399 
11.8627 1.36244 0.634108 0.354065 
2.86337 0.941983 1.5806 -0.593931 
1.10538 4.0591 0.157766 -4.28367 
-0.718635 3.32159 7.23359 -0.698785 
3.05288 1.62631 -7.59952 2.48388 
1.17721 -2.65553 -0.194181 -0.717275 
2.37457 4.47288 -0.19916 -1.87918 
-0.920727 -1.66795 0.826459 -0.579472 
0.206643 -3.23204 1.02779 2.76313 
-0.989274 0.882248 -0.544405 1.784 
1.3185 0.324129 -2.06073 0.770179 
-0.295462 -1.54767 -4.62566 -0.097717 
-0.242117 -0.0980772 -6.77669 1.49602 
-0.406039 -1.31622 0.531689 -1.79683 
-1.12095 -0.418409 1.83012 -0.10611 
-0.0917633 -0.428116 -0.414374 0.444907 
0.0305763 -0.0452292 1.92386 -1.20756 
-0.172194 2.29986 1.61457 25.9737 
2.21466 -0.146201 -1.19538 1.74835 
1.72904 -12.3749 -0.554602 -1.05673 
-1.33327 -0.328213 -3.37287e-05 0.378207 
2.94938 0.0960978 0.470503 -0.0795971 
1.7614 3.33747 -0.760825 4.34442 
5.50367 1.57027 -8.55527 1.70389 
-0.153781 -0.749192 2.25877 -1.27146 
2.05303 -0.182181 1.53738 0.988766 
0.716525 0.175412 -2.83245 -0.533575 
4.20441 -1.80476 -3.69156 0.50087 
-0.734824 -4.44314 9.13492 0.479788 
1.17199 -0.253147 -0.0588639 0.770628 
2.26284 0.661497 9.53253 1.60789 
-0.138157 0.00440454 0.953576 1.48729 
-75.2717 0.660811 -4.03459 -2.86045 
1.5309 -0.739204 1.4018 -0.946135 
0.214817 -1.06396 14.8191 -1.09111 
1.354 2.13719 0.0584384 -6.94558 
-0.0297678 0.929548 -3.85226 -0.796552 
9.5274 -1.06477 2.23431 3.43518 
-4.28846 0.00717041 0.541356 2.93029 
0.520042 -0.816977 1.3965 -33.9088 
0.847187 -0.124973 7.39652 0.447346 
-1.42879 -8.59251 1.10432 -0.428634 
0.200879 -0.507236 1.03932 0.75561 
0.230098 -0.719358 -1.82953 12.6746 
0.565354 0.394127 -2.37055 -0.688682 
-0.121811 -0.94079 0.311312 12.0616 
1.13779 -1.12718 -3.87915 -1.37318 
-4.30647 10.6996 176.053 8.62754 
-0.130824 1.6513 2.53363 -1.31952 
-7.56972 0.285867 -0.944481 0.459615 
-12.3265 0.263614 0.207144 -0.157693 
-0.762949 47.5076 0.908674 -0.139518 
-0.0438168 1.21964 3.17596 -1.68689 
-0.641468 -5.16924 0.173306 1.32302 
-1.2301 0.206141 1.11103 -0.152215 
-0.735673 8.29277 -3.87748 0.169556 
-1.6213 41.138 0.6436 -0.841816 
18.6085 0.195016 -0.237305 -0.506798 
-4.39779 -1.34004 -2.12805 -0.74098 
-0.125544 -0.350019 0.492846 10.4362 
14.5352 2.67058 -0.236059 1.59729 
-0.714776 2.06885 2.58247 -3.73789 
-0.581009 0.390326 2.57714 -0.235181 
-0.194151 -2.94427 0.657303 0.602483 
0.902439 0.412836 13.7021 2.713 
0.422395 0.116578 -1.61921 4.19376 
0.442769 -7.28734 0.218115 0.144014 
-4.70518 0.602668 0.231428 -2.60209 
0.164011 -0.29937 0.879862 -103.259 
0.161762 -0.150807 0.221346 -0.244876 
0.791461 4.0089 -0.721887 -0.309652 
-4.71789 1.08546 1.26627 0.408383 
-0.897903 -1.99723 -1.35576 -0.37484 
1.41229 0.809136 1.41694 2.91553 
-0.798201 -4.12672 1.61587 0.150146 
-0.644381 -8.10302 -0.61716 -0.532205 
8.35641 -0.267744 -0.103054 1.19961 
5.9893 0.616131 -0.29111 -0.303839 
-2.64923 -0.914796 0.196561 -0.343367 
46.1951 -1.85762 -0.489909 2.86908 
2.15177 0.166673 -0.287609 -2.0414 
3.02664 -0.456314 1.14038 -0.0662922 
-0.916535 -1.01509 0.607595 11.3029 
-25.6297 -4.78188 0.420303 1.08516 
-0.827525 0.688862 -0.925901 0.116411 
-5.07063 33.8904 -1.20318 0.179092 
-2.4425 -3.34161 -0.166909 2.38605 
-9.17085 -0.54105 0.213281 -1.33787 
-108.056 -62.4494 2.17841 2.83085 
13.6819 0.991999 -1.13823 0.3688 
0.123092 2.33063 3.79939 -0.406987 
0.957625 0.0447032 2.57404 -0.242111 
-0.115564 -7.0943 -0.0816421 3.20342 
0.531692 -0.864076 -2.28634 -1.16014 
0.35773 0.106967 -0.432963 -2.42541 
-4.86279 -1.42157 0.743016 -0.321939 
4.347 1.50149 1.18762 -0.875929 
0.869718 0.796142 -0.0108206 8.01144 
0.33001 -0.10565 -0.655383 -1.86669 
0.888035 1.06375 -1.28949 9.36799 
-0.339418 -0.775441 3.8187 0.385543 
1.35037 -0.322611 -5.88286 -1.29722 
0.882587 -0.252643 2.90468 97.2963 
-0.810753 0.0136933 -12.8459 -0.045891 
-0.194737 -1.70646 -2.28789 -0.0477758 
0.123296 1.35038 -6.14675 2.6806 
0.592006 -7.58278 14.9082 14.0884 
-1.51133 -1.05083 -0.223442 1.09588 
-0.479812 -3.7605 -4.5068 0.617288 
0.534856 0.611666 -0.665326 -0.840299 
0.984421 -3.66428 -0.966491 -1.2399 
0.587979 -0.0985677 0.382385 -4.8494 
-101.781 2.2837 -5.81359 -4.37863 
-1.06701 -1.13214 -0.321257 -2.03049 
-0.156056 -0.307114 0.973704 0.272216 
0.320581 7.48968 0.73147 -0.538403 
1.46009 0.24635 0.0454443 0.132205 
9.44386 -2.71372 0.907173 -0.305119 
0.786285 7.65854 20.9017 -2.42038 
-4.27544 316.962 -0.440608 0.202012 
-10.3172 1.49308 -0.654617 -7.41826 
-1.3248 -0.509969 3.83308 -0.258751 
-0.860819 -0.521658 1.58442 -0.367176 
-0.584544 0.275703 3.80396 1.15667 
-3.51782 -0.148804 2.98392 -0.135646 
-10.0848 -2.71723 0.646822 -3.85884 
-1.382 -0.0734684 -4.18915 4.79975 
-0.589033 -0.150769 0.204995 -0.0609992 
-3.26568 -0.922447 1.7488 -0.244105 
0.378914 -2.83291 2.8015 3.03799 
-0.113224 0.959595 2.4514 -10.1408 
-0.925918 -2.05621 -2.88471 1.92252 
-1.73456 0.222685 -0.328611 -0.788348 
9.60404 0.602519 0.519519 -1.61796 
0.71879 0.217184 -0.12592 -1.50132 
-2.1583 -2.25603 -0.217011 3.67571 
0.195802 -0.303179 1.78394 0.675134 
0.614326 0.377424 1.46923 0.0168061 
-2.35979 -0.297354 0.173648 0.311204 
-4.70216 -0.0178628 -5.34595 0.317503 
5.92956 30.5495 -1.73582 0.592262 
0.373514 -5.30133 -0.0224693 0.687375 
473.675 2.43373 -0.0205191 -3.40345 
-1.11807 0.108803 0.521673 -0.737335 
0.332643 0.350184 -2.00878 -1.62557 
0.380107 7.67136 -8.9676 5.15879 
-1.49915 -1.62939 -0.88248 -0.628733 
98.9697 -1.54054 2.49234 -0.243539 
1.07793 2.83109 -0.832877 7.47726 
-0.968313 0.173214 -0.252536 0.0209144 
14.3279 -0.390876 0.972496 1.70902 
0.500818 1.14585 -1.12667 2.4734 
2.25633 0.911311 3.12243 -0.00227769 
-1.99925 0.21718 -0.520664 1.594 
-0.124404 -32.258 -43.7887 0.00157021 
0.77476 42.096 -0.842653 -0.267007 
0.709367 0.13317 -196.329 6.75226 
2.88384 0.853243 1.07833 0.737704 
0.12114 -0.679602 3.17107 0.488349 
0.0198392 -3.0803 46.4609 4.69824 
-1.00601 1.15378 3.99439 2.14735 
5.04176 -1.82528 1.27997 -0.346059 
1.82569 0.092157 -0.339337 13.0321 
2.0079 -0.78169 0.0727461 -0.399661 
-2.00372 -9.55146 0.0385531 -0.831278 
-0.28951 2.27803 -0.862088 -1.1792 
-1.84314 1.19284 0.0955118 -0.644262 
2.99085 -1.40908 0.685729 2.70033 
-3.37293 1.73085 0.647213 0.725287 
-0.246634 -1.06483 0.14814 -30.6573 
-1.15949 1.43913 -0.865324 1.34373 
0.649043 -0.161113 0.499318 0.0343957 
0.45981 1.29432 -1.08891 -0.0358104 
-0.23675 3.72028 14.3866 4.30203 
-0.118822 -3.61229 2.77705 1.8223 
8.30168 -4.32129 14.3386 -10.3488 
9.3068 -1.07253 -0.73524 0.818639 
-14.2827 -1.2394 57.1068 0.50003 
1.00194 472.043 -0.478429 0.254569 
-13.4761 2.45459 0.666357 -0.767017 
-0.708399 0.19156 -0.14651 -1.34261 
-2.26174 0.627556 0.478359 -0.563309 
0.201362 0.129843 -0.418687 -3.72792 
-0.844825 1.28909 0.391192 1.15248 
0.70738 -0.246245 -0.519061 1.27016 
-0.163384 0.630007 15.0112 1.87899 
-6.77938 -0.494746 0.302557 -4.19909 
-0.691581 -0.692916 -0.00576697 2.02441 
0.820476 0.460175 -0.177786 0.189528 
0.872151 -7.62258 -0.820144 0.75071 
0.046164 -3.92979 -6.42809 3.74469 
-5.30726 7.70317 3.535 -0.926477 
0.757013 0.787713 0.346836 -0.911849 
-0.222809 2.3103 3.86386 -2.08187 
1.88146 1.84379 -6.27053 7.4531 
-0.467917 4.15485 0.951045 0.488586 
0.827922 -0.244327 -0.332139 0.837643 
-0.271038 3.4602 -0.0464936 2.18412 
-1.87666 4.69864 0.193925 0.0863256 
0.242912 1.19933 -0.794062 -4.17506 
5.97059 -5.01025 -2.29938 1.17965 
0.625817 0.577243 -5.26287 -0.316203 
22.3544 2.89851 2.81735 1.52346 
2.98287 -0.927053 15.7395 1.55707 
1.36067 0.441447 -0.459351 0.57785 
-1.75398 0.444476 0.489298 4.36219 
2.17638 -1.6101 -0.174364 -0.304954 
-0.209304 -1.41453 2.39953 -0.742536 
0.579839 -0.665247 0.484012 0.175204 
-0.309626 0.887085 -0.199053 -0.918986 
-2.40767 0.782264 18.3141 0.901981 
-0.0914034 -0.215292 0.960681 -5.05986 
-1.12287 -0.944178 3.20997 5.23152 
0.468536 3.03297 2.14386 0.579233 
-0.839751 0.625843 10.8325 0.0178367 
-1.59024 0.617119 0.393028 1.02748 
-2.61633 0.460321 2.00336 -0.464778 
-2.63567 1.94047 -0.0117092 -1.16294 
1.64569 0.318161 0.128683 0.61398 
1.80629 0.400461 -2.35959 1.67402 
0.501165 -4.55112 4.15188 0.384268 
1.44087 -0.720213 -11.7164 -0.171557 
6.07199 0.509477 4.07248 0.136158 
1.18237 1.24479 -2.56753 -1.159 
2.90575 0.0973917 0.0530117 0.439558 
0.906875 0.480534 0.867515 0.0319334 
0.108923 4.35852 -1.19481 -1.27355 
-0.631497 2.36046 -1.93967 0.433688 
10.7984 1.36756 -0.045667 0.303447 
1.57973 -9.8354 -0.820225 -0.0382264 
46.8368 0.786133 0.592642 -1.56525 
-1.35587 -3.95847 -1.87636 -2.15874 
-2.81906 -2.37318 -6.11966 -0.153523 
-0.305695 1.35371 0.455261 0.109125 
-128.836 -4.17623 4.81105 -0.0165789 
1.71045 0.384461 -0.946031 3.02385 
1.48489 -1.96555 1.80569 0.0904847 
1.06959 -3.31501 -0.210006 0.698109 
-0.339166 0.209341 8.99486 0.322196 
-0.442911 15.5214 3.35934 0.22761 
0.975635 -0.20389 -0.751086 -0.292641 
0.131198 14.2698 -13.6376 -0.707818 
-2.42179 2.03931 -1.7551 -1.57149 
1.20066 0.392733 0.305814 0.2401 
-0.825398 -2.02986 -0.0047531 -0.0884162 
1.11005 0.907367 4.16034 -0.643118 
-0.600059 0.385432 -0.76578 0.567277 
-2.21704 0.561782 -44.1456 -8.8276 
1.0362 -0.671424 2.70253 1.49925 
1.84372 -0.693401 -1.19848 -1.1689 
2.16408 -0.0764611 0.775543 -0.12882 
8.80623 16.0995 -4.16167 -1.53968 
3.55127 -6.4492 4.98012 -1.07049 
7.6517 -0.0136782 -1.15748 1.52043 
-10.8328 0.526776 4.55586 -2.16993 
-3.81408 1.03069 -0.342327 3.85191 
-1.4402 -7.87434 0.221623 1.30505 
-3.06485 -0.00658778 -1.23266 -0.800924 
6.31217 0.442356 14.1613 4.23023 
-10.8667 -0.464623 -1.67339 0.580314 
5.57255 -0.000245806 -2.66634 0.287803 
-0.40814 -0.338895 1.0044 -0.282819 
-1.47668 -1.47451 0.889947 -1.37663 
-11.4191 8.87042 1.26761 0.500102 
-0.0186702 1.00436 -0.439968 -3.10137 
0.537577 -2.69889 2.66693 12.2238 
-0.268941 11.3416 -0.130375 0.00999927 
1.54848 -1.12524 1.73066 -0.569758 
0.0551541 4.71139 -2.56252 0.15738 
3.14048 -0.624513 1.17594 -99.4869 
0.0635361 -0.73951 0.206177 -3.60173 
-1.83413 -0.910797 -3.03777 0.115014 
-0.211946 -13.4089 -3.60218 2.28748 
-0.652577 0.459965 -12.0334 1.43837 
0.297866 -0.305791 0.96843 -47.3658 
-0.832318 -1.98489 -0.0502571 0.191313 
0.24687 -1.09059 4.71226 0.991588 
1.63374 -1.98221 1.6288 -0.948409 
-0.936275 2.4247 -2.6994 -0.951772 
1.33971 1.07586 -9.2315 -0.80721 
0.538265 43.2931 0.10386 -1.85537 
-0.110903 2.09202 -0.697087 0.252608 
-1.04381 50.0755 -0.262715 -0.85438 
-0.904269 0.256298 3.69509 0.0264234 
-1.96358 -1.59063 -1.54756 0.954355 
-0.512417 -0.176831 -0.307263 2.19318 
0.833226 0.7484 1.71244 -1.68553 
0.147649 -0.790628 -0.780258 -2.33501 
1.32362 0.200331 0.368118 -1.65991 
11.0534 0.258429 1.22833 -0.360311 
0.901739 14.9418 0.608173 10.2618 
0.713455 49.5824 -1.17472 -9.23892 
0.143723 -5.58539 0.274329 -2.0083 
2.47015 0.397472 0.617501 2.58538 
0.521978 -0.237403 -0.188961 -0.266181 
0.639616 -26.8508 0.405848 -1.36901 
-2.8309 4.01824 7.37196 0.903063 
-1.21745 -5.30978 0.404831 0.486765 
0.775096 -34.2624 -2.14163 -0.718436 
-1.8565 -1.94607 -0.360227 0.844895 
0.204637 0.193137 0.589186 -0.123576 
-0.178799 -1.1754 -1.29502 -0.259594 
-1.25173 0.618224 1.17367 -1.36999 
-2.46372 0.914282 -0.900013 -0.231928 
-0.325297 -2.68297 -3.24376 0.133148 
-0.453586 -1.35517 1.4555 -0.419016 
0.695235 0.910087 19.3468 0.0296827 
-37.561 1.00451 -0.338177 -1.45538 
-1.04595 -6.42038 -1.1103 -0.089799 
-4.10375 -0.995188 1.10221 2.57631 
0.372451 -0.588922 1.2054 -119.863 
-0.209808 1.7032 -1.12653 1.22263 
-0.194959 -0.519114 -0.714088 -1.41495 
0.179609 -1.13829 2.00103 -0.613535 
-1.61714 -0.52244 -2.86794 -1.37083 
0.169499 1.56788 0.22538 0.264967 
2.43016 -0.4873 -0.00736568 0.172144 
-0.892146 1.5501 0.850904 -2.12353 
-2.53445 -7.37938 0.543933 -2.34636 
0.324435 -0.221399 1.02718 -1.83851 
0.275786 131.979 -2.09255 1.69852 
-0.153691 1.5834 -0.654809 7.22794 
-0.551223 -1.39712 -0.402758 3.00574 
0.611954 -0.280609 -6.97669 65.3407 
-3.18804 -1.31635 -8.21292 1.30007 
-8.08287 3.16188 -61.8308 1.70249 
-4.82206 -0.74756 0.897573 -1.42135 
-0.890217 -0.170158 2.38086 -0.825053 
-0.118492 -0.764973 -0.400416 14.4424 
2.92744 -0.395269 -0.417356 -0.492342 
-0.532961 0.235368 -2.8871 -1.39082 
0.780923 1.24301 -11.0553 0.502729 
0.509984 0.267893 1.70488 2.62253 
-0.617483 -3.1838 2.21166 -0.165555 
0.702564 -1.22698 1.89958 0.61226 
-0.263687 2.98959 4.21091 0.248151 
0.0816674 -1.70013 -0.0507188 -0.523786 
-2.7189 -0.0262023 1.58686 -0.15494 
-0.76597 -1.52961 3.33328 -9.0093 
-3.28091 -0.145444 -0.0694949 0.401768 
-2.05727 -0.295294 -0.620773 0.35825 
0.383074 0.78899 16.8441 -0.0472117 
-0.822364 8.2622 -0.295168 0.441599 
-2.09684 -0.59633 -0.482267 1.10754 
-1.15822 0.689693 -0.00463853 -0.031758 
-2.0033 14.7334 -9.59844 1.16279 
-0.268626 0.454958 -82.5243 -5.90371 
-0.0626275 -0.225601 -1.24612 -0.239406 
0.171581 0.421414 -3.20456 0.656044 
4.05415 -1.2097 -0.245427 -4.10639 
1.18546 -0.248569 0.213209 -0.0804837 
-0.22932 0.546803 1.13409 0.286225 
-5.11264 0.706806 1.33864 2.45165 
0.536766 2.09084 0.523173 -7.28464 
1.67256 0.517897 1.18225 1.17148 
0.96949 -0.0213858 -0.711735 -3.11526 
0.0986268 -2.66212 -0.259928 0.0924835 
-2.10153 1.79417 0.172273 -1.57257 
-0.0857637 0.39499 -2.65219 -0.810601 
-0.260539 0.993458 0.231429 -0.491949 
-0.871695 -2.09738 -0.934608 -0.427542 
-0.248428 0.312981 2.77585 -1.62415 
-1.12744 -6.63114 15.8856 -0.587403 
-0.717042 -0.913812 0.00848218 -0.464523 
0.584524 0.0292918 -0.316834 6.04166 
23.9766 0.993872 0.733272 -0.335756 
0.29888 0.993916 0.776992 2.28936 
0.61097 1.67406 -0.394231 0.395047 
-1.39847 -0.969891 0.41688 8.09973 
-1.4744 -1.13279 3.10148 1.26402 
-0.284812 0.619056 -5.28159 -6.27733 
0.762776 1.85819 2.7004 -0.233811 
1.29793 -1.39482 -0.466678 9.17813 
0.0757352 -2.65849 0.826998 -22.365 
0.27979 0.608024 -1.72881 4.10705 
-0.0856684 0.510293 1.11304 -0.316092 
-0.459261 -0.309908 -0.807493 0.635523 
0.264749 0.191396 1.16545 0.82301 
-10.1333 2.66644 4.27872 -2.02477 
-0.044765 1.86014 -0.867185 9.665 
-4.84854 2.77724 -0.0215404 2.46131 
-1.04531 -1.5728 0.312279 -4.26667 
20.8696 0.0406808 -1.14301 0.320763 
-4.12189 -4.83934 -1.30798 0.222285 
-0.991549 -2.5666 -0.128123 2.97537 
6.07969 2.95224 0.0358879 1.33397 
-1.02273 -1.26614 -1.15026 0.314471 
-0.0338884 1.05638 1.90913 -0.699606 
-1.03207 -1.42105 -164.455 18.879 
-0.236464 1.65446 -3.46954 -0.467442 
-3.2478 0.839928 -50.6978 16.907 
-0.854497 -0.320882 0.039663 -0.876232 
-0.250085 2.27147 0.954072 0.478859 
-18.281 -1.50799 0.792484 -1.33857 
-7.75796 -0.00793311 1.23357 -0.237509 
5.47507 1.17798 30.7037 -2.86465 
0.991731 1.10328 1.99123 0.0215806 
-0.660506 -1.23739 2.94913 2.48364 
0.298344 1.58636 8.83656 0.454206 
-0.659408 -0.360929 -0.395735 0.637805 
-2.43217 14.9621 2.45136 0.346556 
-1.1152 -1.99428 -0.437789 1.17136 
1.24714 0.552083 1.08762 -0.224451 
0.28592 -0.141381 -1.23821 -2.59381 
-0.373043 3.98356 -0.371807 0.160367 
-0.940783 -6.8693 -1.99862 -0.953092 
-4.41829 -168.608 0.141731 1.16655 
0.103796 -2.50633 -5.2327 0.489945 
2.64384 -4.95207 -1.62185 -0.219901 
0.0334732 -0.439323 -1.96429 -0.885366 
0.00623177 -6.8595 -5.32541 -1.38747 
-5.46779 1.2498 -0.387339 0.285288 
0.22085 -0.257697 0.275991 0.43193 
0.672926 -1.45143 0.884313 1.07253 
-16.9962 -1.18945 -0.310738 -1.1065 
0.919504 -0.315504 -0.569787 0.185016 
0.618528 -2.56795 167.498 -0.272927 
-6.69638 -0.487969 0.853886 0.234081 
0.29755 2.09409 -0.465407 -0.920013 
0.834477 -380.478 -0.818168 0.985562 
0.299588 -3.69431 -1.94418 -0.898674 
-0.977703 -2.07131 -0.592906 -0.716581 
-0.556547 -4.77376 0.373876 -0.941138 
-0.227853 -1.47213 4.71663 -24.4833 
-1.26992 14.3594 -11.1088 -2.24473 
0.182532 -0.397562 -0.818599 -3.27819 
-0.522935 -0.391312 0.858642 -4.51661 
2.53576 -1.54261 0.952017 -2.97814 
-1.40082 -2.04517 11.9317 -0.119362 
-4.77589 2.08046 -0.456686 1.81231 
0.106456 3.72707 -0.536901 0.0645069 
0.213818 -0.0581288 -0.359243 -0.211209 
0.634337 0.0980756 -1.10265 -0.196198 
-4.87025 -2.0942 -0.838856 0.712523 
-0.0431584 -0.379553 -0.956768 -256.665 
-2.08094 -0.630017 -0.154985 0.575181 
-15.5767 -3.75963 -6.47797 -2.26924 
-0.603113 -2.35889 1.35268 0.517394 
20.6288 2.7633 0.466399 -0.669342 
0.0370779 5.8271 5.8288 5.83855 
1.20347 0.782214 -0.515525 3.82173 
-44.3391 13.8163 -0.659104 -0.589456 
-1.81849 -1.03062 21.4533 0.24113 
-0.672978 7.25083 -0.995484 -0.888376 
1.17168 0.376547 -0.8511 1.05467 
-4.44889 0.544412 -5.03697 2.43891 
-0.534337 0.232694 2.24713 0.590268 
-1.03702 -0.183111 0.962412 -0.220571 
-0.60404 -1.34088 -0.354685 0.143255 
-8.83517 -0.895245 0.210043 0.171823 
-0.439369 0.306195 6.46813 -2.21495 
51.7736 -0.32318 -0.619048 1.47727 
-9.48796 0.338467 0.478998 1.02451 
-19.3498 -0.570269 0.394511 0.931053 
-13.7002 -8.71573 0.080419 -1.23455 
1.40415 -0.595536 0.0734137 0.500758 
2.32646 -0.953307 -1.62855 0.443323 
-0.344118 2.01706 1.01744 -0.185877 
0.337672 -0.812166 -2.345 -0.984588 
-0.107863 -1.45179 -0.215365 -0.596875 
-0.566118 1.60358 0.591327 4.24444 
1.63378 77.455 0.976157 0.747235 
10.9596 3.97473 -0.190752 0.0513501 
-1.56419 2.10359 -2.86935 0.799074 
1.12864 0.714679 0.828981 -0.0224477 
-0.930593 1.68794 -37.3039 -1.46554 
0.522221 -2.57383 0.189731 2.76533 
-2.95778 1.8109 4.4086 6.48601 
-19.5379 2.9549 -1.03293 -2.86744 
-1.45632 -17.4198 -0.777929 -0.24896 
-0.00320688 -0.171966 1.10564 6.68953 
0.560486 -1.44527 -0.329387 -3.08017 
-33.4889 -0.632069 -0.548084 -9.05919 
1.66366 -0.25554 0.770636 -0.916538 
7.95291 2.48547 145.155 -1.69344 
2.88606 0.595335 -0.837284 1.26976 
0.322481 -0.605791 0.229047 2.63208 
-0.413868 0.233225 0.36414 -0.664139 
1.21424 1.23909 2.75908 -1.23448 
1.03026 -1.35629 3.94743 -0.743046 
0.57237 0.0371601 -0.441671 0.544235 
-1.07979 -7.13927 -1.02771 1.21801 
0.827569 10.6655 -1.89203 0.506983 
-1.65573 1.05746 -0.805621 0.0315537 
4.13201 -0.67635 -0.25041 -0.239348 
1.48457 2.00203 2.30924 -1.84343 
1.60159 0.619275 0.353243 11.7018 
-0.0688568 -35.2869 -0.0745681 0.224762 
-0.537595 6.82762 -5.69629 -2.41705 
1.38339 2.06158 2.14697 -0.60126 
9.09359 -0.526225 -1.42461 -0.55431 
1.78798 -2.97429 1.45627 -1.13269 
-1.0726 0.128201 -0.0689025 4.82114 
-0.138943 1.72473 0.486205 10.7288 
-1.42288 1.18323 0.128965 1.53108 
1.702 -4.03273 -0.105346 1.38816 
-1.24957 -0.234457 3.96785 -1.02324 
-3.03777 -0.197754 0.620943 0.514326 
-0.768461 0.694844 -0.586181 1.93053 
1.15075 -0.31928 2.51721 0.788944 
-0.248143 -0.633142 -0.0650975 1.49203 
-0.145206 -2.66805 -5.37684 -0.871408 
0.405355 0.646553 -0.191634 -0.120746 
0.860728 0.792957 -0.440608 3.20062 
-0.652857 -0.290945 -0.105215 0.00465532 
1.34461 -2.39386 0.51962 -0.390569 
0.287125 0.0630807 0.58136 7.32821 
-1.34179 0.273162 3.70935 -0.0655184 
-1.14168 0.542418 -0.0246953 -0.686943 
0.322504 0.432712 0.572196 0.00153604 
0.444198 -0.12419 -1.91068 -0.417794 
0.421347 -1.3206 -1.82807 -0.587278 
0.51023 5.2986 -0.0676937 -0.340991 
18.6303 22.7399 0.546751 9.99512 
-1.83413 -0.0420545 -0.19146 2.52834 
-3.66924 0.643135 -3.17009 -0.568244 
8.55829 -0.201358 1.06284 -1.10192 
2.28398 -0.990627 -0.0477629 -0.385436 
3.41476 -4.87705 0.38832 0.525328 
-0.115157 -0.684834 -0.393766 2.0372 
-0.491669 0.0944014 -1.39452 -3.30075 
-6.57403 -1.28966 1.62024 -6.97498 
4.75383 -0.216692 1.33183 0.0723938 
-0.21858 0.45177 0.177979 -0.214126 
-0.440324 -0.476299 -0.076906 -0.418338 
-4.89122 0.888002 -0.670099 -2.75061 
0.80599 -0.290592 0.152301 -2.93057 
-1.21795 -0.322889 0.484103 -3.8073 
0.591682 0.69045 -2.05258 6.78707 
2.88129 0.0193478 -1.04281 -1.38398 
-1.72494 -0.166366 0.364902 -0.0451624 
1.57364 0.272869 1.10837 -0.20731 
0.529105 -2.13343 -0.812802 -0.536055 
-0.792216 4.72141 -1.62333 3.82407 
1.70008 -1.69365 -218.212 0.262378 
1.38288 0.721968 0.795459 2.94901 
1.28973 -8.83515 0.6274 0.220705 
-0.606911 1.67672 -3.64547 0.14649 
3.42452 0.477419 0.248546 1.04389 
4.89052 -0.784572 -4.09294 1.31802 
0.262067 -5.11554 -2.89509 -0.46644 
0.295099 0.187672 -40.7089 -0.0101641 
1.17547 -13.9076 2.68207 1.0845 
-0.0110232 1.12692 -5.79509 -0.922171 
1.24723 1.04541 0.512795 -7.23023 
-0.968783 1.50575 -0.0997154 -3.81796 
2.35456 0.320442 -1.72337 -0.962729 
-1.12563 4.30086 -0.467517 8.20262 
-0.841688 2.01735 0.488575 -1.03042 
0.939195 1.20936 -2.44243 0.0546446 
1.55639 -44.5275 -11.4788 0.968129 
-0.272901 -0.182704 5.2796 -3.91531 
0.979787 0.384564 -0.822487 -10.1364 
-2.53706 -0.196862 0.597816 -1.12262 
1.97024 0.445908 -0.137267 -0.381316 
-0.695252 0.621789 -1.06187 0.498618 
-2.84613 -0.369515 0.639774 0.87975 
-0.0995172 0.113131 3.1908 0.928242 
-1.31262 16.8553 -2.72161 -1.58276 
2.35335 -0.638233 -2.20742 0.125019 
-5.8369 -1.21219 -0.295648 0.959474 
0.701001 0.74575 -0.0766936 -0.549939 
1.24863 1.52235 0.586559 1.10519 
0.575175 0.618739 -12.5982 -5.62941 
-0.797488 1.66248 -0.669044 2.26937 
-2.46181 -0.794485 0.567072 -0.4018 
-0.30491 6.0452 1.14297 -0.477423 
0.534698 -1.20694 -0.376969 -3.07561 
-1.19188 -2.31555 -2.78569 -2.83944 
-4.30972 -0.291018 -7.03796 -2.47927 
0.951175 -18.4328 0.0222945 -0.465397 
5.39691 -2.34137 -0.16133 0.951904 
-1.77897 -1.11205 3.99662 -0.250445 
3.10414 1.19395 -5.13675 1.24769 
0.743014 -18.0762 1.07839 -0.207302 
0.145865 0.187369 11.0331 2.42503 
-1.46556 1.74635 2.84437 -0.920056 
-1.19432 -0.82131 44.5178 -0.626588 
0.393048 0.634015 -0.921559 0.360601 
0.247489 1.93121 0.923374 -0.171827 
-1.74669 0.436726 0.203416 1.41251 
-1.04165 -0.814927 -2.39509 -2.25548 
0.0447178 -0.554442 5.66112 2.04206 
-0.734916 1.6908 -0.827997 0.0377215 
-3.61943 1.18278 0.0700995 0.848718 
-5.79939 -13.2525 -0.241046 1.72594 
-1.24252 -8.12879 0.893652 -0.418435 
-0.754842 0.575257 -0.597644 -4.19 
-1.41136 1.21562 -1.88894 -1.45887 
-1.58601 0.35199 1.07264 0.353168 
3.4397 -0.0861045 -3.33398 -1.10927 
0.454386 0.416502 -1.38131 -0.0872849 
0.0325499 -0.258853 0.671192 -3.45701 
-0.315985 1.454 -0.00744077 0.578143 
-0.153846 1.20431 -0.698403 -1.32375 
-0.237308 0.0224764 2.09362 -0.270969 
18.2331 -0.248949 -0.62153 0.237168 
0.347442 2.0316 0.0912141 1.01207 
-0.0375119 2.7444 -0.551008 -0.580422 
-0.0141818 -0.927944 3.14808 8.03347 
-1.19302 -0.374232 -5.48871 0.699933 
0.818639 -0.525761 -17.5126 0.64893 
16.0366 2.07796 -0.769137 0.568093 
-0.275429 0.921119 -0.472057 0.0973573 
-0.616219 1.91212 -0.719711 1.42747 
0.454911 0.903403 -1.53311 -6.52348 
0.132015 -1.15527 -7.92971 0.334743 
10.8372 -0.35201 13.4822 0.821084 
0.732021 -31.5748 -7.32077 0.572242 
0.50241 0.0156369 -13.0268 -2.68637 
-1.26421 -1.61941 -0.467429 0.573134 
-0.300861 -1.96689 -0.690119 -3.74818 
-0.0528541 -1.01684 1.95873 -9.22735 
-1.73249 -6.19005 -1.61068 1.1319 
0.613833 0.331008 0.420299 -5.71339 
59.6336 -0.0109139 0.247822 0.652674 
0.143722 0.218461 2.5527 5.54723 
4.18192 -0.510808 7.62635 -1.14982 
1.97878 2.83912 4.00265 0.773232 
9.15531 0.075194 -3.68025 -21.7164 
-5.43486 4.09778 0.754591 0.00347089 
2.62542 24.9162 1.74632 1.9338 
-0.00514669 2.2078 1.74059 -2.43412 
2.13254 1.8161 -0.592121 0.493778 
2.76826 0.538087 0.993302 117.509 
-1.07742 -0.974871 -0.286387 -0.944962 
-0.241489 0.503572 -0.754525 -0.529754 
-0.239393 0.400525 -2.11579 -1.04522 
0.307261 25.9951 -1.7967 -1.018 
1.37116 -4.32518 1.59501 0.313748 
1.79211 -0.39595 0.232651 -0.0786898 
-1.83795 -2.76665 1.60842 -0.703535 
-2.69151 0.400053 2.63579 -33.9764 
2.89324 -1.36326 -7.43819 0.679754 
-7.22202 0.126618 2.71795 0.438733 
-0.355553 -0.434815 -0.876314 2.54012 
3.71647 -0.36758 1.10969 -1.50488 
-0.597125 13.9489 1.52986 -2.47409 
-18.2191 31.2327 -0.788058 0.342396 
0.463211 1.21833 0.674807 0.830367 
17.7503 7.3286 -18.6815 -29.0983 
-1.45586 -0.420472 -0.394666 -1.67676 
0.283555 -2.18573 2.70085 2.65082 
-0.991489 -0.10644 -0.0668309 -2.37757 
0.631575 0.808248 0.209087 21.964 
0.866705 -0.816021 -0.334311 -1.37107 
-1.52933 -0.558505 9.03257 -0.809255 
2.06455 -9.17137 1.07123 0.49451 
-4.98829 4.96235 0.330854 -1.05964 
-0.162123 0.251267 -37.9057 -13.2209 
2.88259 2.25806 1.46885 1.32558 
-0.257201 0.0240942 -0.434478 -3.62223 
-10.1524 0.061973 0.0907664 -0.150354 
-0.179177 -3.86595 1.10397 -4.42115 
-0.302562 0.537826 0.0363338 0.40093 
-0.797993 -1.82031 -117.914 -0.421674 
1.03182 -8.54582 0.107469 -0.469308 
0.34661 -1.12649 3.40212 -1.56348 
-1.95904 17.9885 -1.80403 -0.0164079 
-0.777001 -0.577659 -5.38938 -2.12951 
-0.362971 1.60136 -1.24825 -0.553206 
0.494104 -0.589358 0.500635 -3.88476 
-0.684071 0.11334 -1.48343 -0.730826 
1.16811 -1.06398 0.70954 36.0297 
0.328483 0.0775869 0.72987 0.933668 
-1.14286 -0.914138 -7.0472 1.60012 
0.579378 -1.4077 0.226239 2.08987 
0.247307 -20.7539 -1.23408 0.223492 
-0.5326 -0.0520528 -1.26054 -1.76729 
1.45048 1.31828 0.123219 0.284831 
-0.35851 -22.6365 -0.324161 1.79575 
5.69854 -0.121756 -2.76713 -0.957786 
0.604897 2.97979 -2.24952 1.03958 
0.260531 -1.30554 -1.34728 0.785385 
-0.147811 1.5042 -20.651 -0.504845 
2.65812 0.461167 -0.41113 -3.86607 
-0.0610033 -2.47595 49.2547 12.3832 
1.31046 1.95162 2.20284 10.5885 
1.73029 0.110194 0.330891 0.476908 
-1.33977 59.4941 1.57682 5.31554 
1.12606 -4.54422 4.22481 -1.14612 
-1.14552 0.280273 0.161881 -1.06798 
0.425178 -2.79845 -0.698591 1.33821 
2.91231 -0.928525 -0.23996 0.18264 
-0.00884867 -2.82616 56.3042 -0.120562 
-0.357003 1.40794 1.01377 2.17456 
0.379308 -0.0797646 0.454335 -1.35081 
0.389529 0.150568 -55.9437 -13.2852 
3.48491 -2.19752 -0.31874 -0.142188 
-0.545504 -0.179818 0.287267 18.6071 
0.267097 -1.2705 -0.891364 -0.082607 
0.330811 0.585241 11.0635 2.92337 
-0.215273 -0.452838 0.19393 0.652388 
0.706567 -0.0533232 -12.2682 1.9773 
-10.0521 1.32565 -7.10378 1.21745 
2.07868 0.909307 -0.967354 0.910017 
-1.25942 0.94265 -0.98338 0.432645 
0.110218 -28.1799 -0.509036 -3.72716 
-13.6579 -3.1501 -4.81695 0.796741 
-0.034206 -4.52193 -0.558125 0.180377 
-17.2818 1.35609 0.488851 -1.14423 
-3.89822 -1.04712 -1.02638 -0.695876 
-0.521955 4.98843 0.159375 -1.43045 
2.25289 -0.177441 -0.339995 -47.6261 
0.17157 11.4492 0.860269 1.31132 
0.629727 -0.636752 0.367979 -2.49247 
0.103661 1.42614 -0.748054 4.00237 
-0.337641 1.03048 -3.68195 1.57594 
-1.17506 0.550133 -0.296536 0.594828 
2.03796 0.769792 -1.22596 -1.18652 
-1.08871 2.09587 -1.73152 -0.0425004 
1.13833 4.00313 -0.96965 -0.346613 
0.677467 -1.67687 -0.899308 -0.614893 
0.434065 0.175959 1.15005 0.912992 
-1.92465 0.765288 0.3592 -12.0714 
-1.43773 -0.534524 0.568009 0.372471 
3.25972 0.507535 0.685796 1.15298 
5.52432 -0.445319 -9.48028 3.19458 
3.13468 -2.10758 -0.628638 5.55944 
1.43719 -5.85988 0.281717 -2.26737 
-0.136681 3.12589 1.47295 0.954207 
-0.573846 -1.10954 -0.958706 7.89843 
0.305387 -0.26815 -0.27647 0.14221 
-2.3493 0.647369 -1.0251 -1.44957 
-2.42096 1.73748 1.05988 -1.10016 
-3.72532 4.88383 -0.655018 -3.71575 
-0.690011 -2.21562 -1.05752 4.01425 
1.9098 2.79307 -1.10145 -1.01023 
0.052599 0.52155 0.140065 -6.62472 
-2.40515 0.381605 -3.49009 0.368887 
-1.53069 4.23416 13.5864 -1.21596 
3.90501 3.0442 -0.116959 4.65864 
-1.32799 0.218128 0.0758729 1.12105 
-1.22898 1.80288 1.0922 0.0448872 
2.00876 -8.35666 -145.044 0.487083 
-1.30658 1.08081 0.326937 -0.402748 
0.903166 1.45527 -0.156335 3.00618 
-0.242917 -10.1349 -0.237213 0.219684 
-0.357931 -1.42986 3.38851 -3.14048 
-0.629351 -0.22028 -2.39855 3.21523 
1.81922 -0.3046 0.433594 -0.538991 
1.10995 -0.505192 -1.23361 5.93364 
7.38731 2.457 -1.24763 -0.159348 
-3.43734 -2.34277 4.93662 1.10397 
0.848238 -225.988 -21.8314 -0.999561 
-0.763728 -0.575199 -0.515394 0.171236 
2.61524 -0.54583 2.03817 0.801066 
4.86863 1.36933 1.41904 0.425227 
0.717861 -23.2304 1.37622 -1.54709 
0.0563227 -1.66259 -7.04585 -0.35259 
0.147848 -1.19827 0.495366 1.98743 
-35.0821 6.25871 0.927011 0.102473 
-0.465971 -0.327648 0.180362 -0.00381255 
0.142448 -0.776215 0.391893 -1.52052 
-0.109547 5.97333 -1.8098 -1.36686 
0.392329 0.786269 1.52568 -32.532 
2.49495 -0.698994 -1.23263 31.6882 
1.11804 -13.0483 -0.36487 1.07332 
-1.23017 -0.49661 -0.943175 -0.382122 
-3.24748 -0.139211 1.35207 3.92583 
-3.02083 -0.790714 -1.26963 -1.43165 
-0.916073 1.41639 0.274364 2.75591 
3.76062 -0.288911 2.22309 0.446866 
0.850368 0.761255 0.759546 -1.19701 
-0.843955 1668.14 5.26769 0.158072 
-0.96595 0.445411 1.12478 -2.93745 
10.4548 -0.329669 -11.9186 8.19113 
-8.20056 0.159594 -6.39891 -3.53656 
2.18346 -0.438117 -1.58104 0.289298 
0.551831 0.395468 0.151097 1.78925 
1.84307 0.410469 -0.511761 0.831627 
2.05304 7.64194 -1.29563 1.32119 
-0.0688034 0.377673 -0.785883 0.507982 
-1.11812 0.00445754 1.12281 -7.61644 
1.85645 -0.157177 -0.971431 9.63134 
1.72637 0.0350359 7.72741 7.82888 
2.86616 -2.20256 3.53877 0.332187 
-0.907351 4.06927 1.32267 0.77565 
2.9145 -1.01951 0.726775 -3.77138 
0.418259 1.51388 0.275901 1.03471 
-2.21562 -0.477176 -0.290984 3.07083 
1.06322 -0.391152 1.37827 -0.652266 
0.0212949 1.3232 1.09049 -0.169064 
-0.941619 -4.40157 -0.501151 -0.495429 
0.200725 0.722261 1.15713 -1.59856 
-0.344099 0.525875 1.11407 1.51425 
-0.105604 0.539916 -6.16936 0.0677554 
-1.61909 -0.611998 -10.3706 0.492785 
6.24449 -1.08774 0.546262 -1.17097 
-11.8101 -0.00187741 0.73794 -1.49443 
4.75846 -1.20651 17.1583 -0.190262 
-0.721451 -0.582911 -0.223541 -2.37841 
-0.520358 1379.27 -0.0265817 0.412454 
0.986386 -90.7387 0.295633 0.179391 
1.54508 -0.980139 -0.690318 1.80051 
3.94851 -0.332054 -1.23871 2.43875 
-0.484568 -1.74136 3.00057 0.894635 
-3.20494 -0.808541 54.6878 1.75459 
0.42632 -0.914843 1.22187 -1.90155 
-0.567433 -0.481793 -0.0318699 -0.118592 
-0.426971 16.4768 0.0253657 -0.665158 
1.90011 -0.38275 -0.319066 -18.5063 
6.38872 0.100206 1.11583 0.654613 
-2.25366 0.105675 24.4332 0.523738 
1.28315 -1.12857 -6.08442 -1.52582 
-5.40274 0.49149 2.29513 0.0444107 
0.231243 2.28634 0.492345 1.72938 
-3.67648 1.17435 0.399684 3.61586 
2.19333 -0.934011 4.48852 -3.65357 
1.2717 0.684488 0.590839 -0.131933 
-3.41158 0.0301859 6.20771 1.82881 
0.14594 -0.0279249 -1.18954 -0.374789 
-25.9099 -1.35614 -0.119999 -1.41015 
-4.33985 -0.681452 -0.208664 -0.666171 
-7.13278 0.920588 -0.844043 -7.12141 
1.64763 6.7644 1.56786 2.83911 
0.302448 2.85958 0.413519 0.468589 
0.130061 -0.351517 1.1778 0.767306 
0.0739104 -1.3787 1.16963 3.54295 
-1.45529 -0.988518 0.662719 0.160507 
-0.285289 2.66419 -1.27686 1.02027 
-1.265 -0.148219 0.0138736 -2.86025 
1.02539 -1.96465 2.60066 0.156795 
-0.378866 -3.00644 -0.258873 1.45373 
6.87326 0.381889 3.36276 -1.42626 
0.410001 -6.41458 0.234278 4.493 
1.16352 -6.80537 0.20497 2.4381 
-2.5048 153.108 1.16111 13.4674 
-0.449479 -0.631668 -6.31665 -0.0410752 
-0.254622 1.29731 1.38095 7.37242 
-0.442768 39.5167 -0.0890728 -1.019 
1.50907 -18.0973 -0.538442 -0.31997 
0.855809 -0.469304 4.9579 1.84636 
0.48897 -0.405929 6.10056 -1.74089 
0.372075 0.848374 -2.32964 0.357863 
0.230757 -0.200621 20.0629 0.17358 
1.96579 -8.34727 -0.599108 0.0158735 
-1.81082 -0.663953 -0.403416 4.74461 
-0.273494 3.9659 -0.213527 0.109666 
0.22799 -1.47225 1.28581 0.18651 
0.967889 -0.381734 -0.0570426 0.127588 
0.691965 -0.214738 -0.467985 -1.78355 
-1.21085 -1.93018 -0.325612 -0.408598 
-0.11767 -7.43631 -0.157976 0.500432 
-0.80344 -0.226751 4.29719 2.64003 
0.545009 0.613414 -2.07772 -1.13255 
1.57711 -0.209529 -2.80991 2.02828 
-0.894606 3.10692 -1.08253 -0.197506 
0.840206 -0.635882 1.25853 1.43546 
-7.82712 0.18259 -0.180173 -1.13286 
9.8057 0.407744 0.606878 12.9832 
2.08321 0.147272 -0.334862 0.224923 
-0.803163 45.1417 1.47229 -1.6036 
1.08546 -4.47698 -1.12597 -0.863126 
1.73248 2.11371 0.379554 -1.10041 
1.48637 0.0888666 -0.758602 -0.103429 
-0.979655 0.59971 0.27312 -1.4013 
-8.60756 13.2489 -0.786369 0.271756 
1.18935 0.0530413 -2.40962 -2.53251 
-0.876604 -4.20776 0.868681 -0.368614 
-0.100744 2.42522 1.43431 -0.233512 
0.354069 -0.767264 0.699814 0.709617 
-10.6143 0.0260939 1.23716 0.795494 
6.69891 3.00924 0.24936 0.497813 
0.785988 1.65453 0.167624 1.45063 
-0.308922 -13.0118 -30.5265 -0.124284 
0.870133 -0.012274 -0.0910164 2.04298 
-0.733419 -0.764255 0.441137 -6.05676 
0.933122 -1.86527 3.48636 -0.341302 
-0.588676 -0.37773 -2.36866 0.447312 
-1.38844 -0.2226 -0.494683 0.947652 
1.69749 0.694261 0.0610122 0.095101 
-1.85769 0.359493 -2.93398 -0.0995966 
-0.166879 -1.92338 -1.08356 -1.13109 
0.825957 0.67402 0.439753 -0.486335 
-1.82127 -0.837028 -0.0196591 -0.245676 
0.264245 1.60118 0.548567 -0.63218 
-4.28119 4.65617 -16.6244 -0.827435 
-0.170797 -1.79452 -0.81369 1.64201 
-1.55318 -11.4008 -0.310853 0.317486 
0.426477 0.198584 -2.23042 -13.3493 
2.68602 0.17677 -0.50194 -2.97574 
-0.418904 -1.78585 -5.16348 7.59401 
-1.03144 25.9591 -0.872704 3.20198 
1.45004 0.884626 -0.022372 -3.83214 
-0.0972423 -4.32088 0.218768 -4.72619 
0.464954 -0.506888 1.24436 -5.06903 
-0.470951 -0.34841 0.615423 0.15957 
-0.781853 -0.362812 0.935277 -0.0590775 
-1.282 0.642337 1.39236 -0.494998 
-5.5684 0.565812 0.93879 -0.0939815 
0.829112 0.245429 15.5818 -0.521108 
3.5322 0.295017 -11.7522 0.924639 
0.572302 0.173694 -0.0292227 2.02313 
-0.249091 -1.34026 1.13897 3.36125 
-1.1935 0.106576 1.32905 -1.65255 
0.977142 0.38425 1.20874 0.60325 
0.0421132 -8.57625 -0.545249 2.08479 
6.1354 0.214312 -7.28577 577.171 
0.442373 -0.0154372 1.29664 1.42731 
1.05439 0.944738 8.64608 0.269763 
1.05376 -1.13128 -0.493 -2.16229 
-0.0311583 1.80001 0.288173 0.968186 
-0.608845 0.654267 0.803368 1.09217 
0.25004 -2.26589 -0.153614 -0.507804 
1.65386 10.9763 -0.704438 -2.40032 
-0.318905 2.48341 -0.127136 0.590546 
1.28357 0.16197 -3.30306 0.0382849 
0.427565 0.755062 0.698673 -5.3775 
-0.862591 -47.9604 -0.481318 0.913416 
-0.000927898 -0.526167 -2.51192 -1.27014 
0.525918 46.6309 -0.918538 7.67505 
0.294893 -0.335241 -2.42156 -0.206746 
5.00361 3.17132 -0.483633 -2.14632 
-0.0539189 -0.759244 1.53752 -0.478593 
6.96273 0.101898 -3.36438 -0.748221 
2.16861 -1.3289 -4.23914 -0.871627 
-61.5348 -0.232715 -0.42631 0.291688 
-2.88217 0.839429 -0.268986 -0.00492192 
-0.570759 1.64986 2.03762 0.00177832 
0.59972 0.161834 -0.189039 1.37583 
0.202954 -0.668102 2.75581 -1.82373 
0.176768 -0.66194 0.381738 -1.74872 
0.34969 -0.133571 -2.78001 -0.462325 
-0.870787 -1.69101 0.461566 -0.368671 
-1.81737 -3.05581 0.913824 2.11128 
4.70858 -0.426464 2.81587 9.8076 
-0.00852648 -0.332774 0.312168 -7.96081 
-1.37788 -0.181917 -0.447021 0.212753 
0.474505 0.131432 -1.02594 -5.14596 
-11.5987 -1.89997 0.388195 0.519557 
0.509887 9.83906 0.421077 -4.07149 
-0.689129 -0.642624 -2.62815 -2.08021 
-0.663834 1.66748 4.15953 0.235566 
22.4138 0.46126 0.295505 -20.4342 
0.0278655 7.88972 -0.656468 0.282088 
7.37755 -1.31748 -0.540278 -0.706636 
-1.21512 0.0121879 3.36475 0.154841 
10.0249 0.888752 0.570449 -0.0496917 
-7.48936 -1.70635 1.0109 1.47184 
0.174855 2.19633 0.335211 -4.23493 
-1.48276 1.4989 -0.675533 1.51772 
181.301 0.688284 0.0865036 1.20376 
-0.340843 -1.01427 1.60389 0.474191 
-1.29135 -0.349891 2.50558 -0.95191 
-1.19943 0.304254 0.0379169 3.0271 
-1.27527 8.65508 -2.23993 19.4584 
-0.567326 -1.34921 2.85185 0.937399 
0.136126 0.0244842 -4.90942 1.29826 
0.786552 -2.91928 1.74982 -0.150975 
0.0482849 0.874424 -1.18834 -1.23981 
-1.15943 -3.1786 -1.97187 -0.282255 
-1.28367 -0.817498 0.461059 -3.81523 
6.83663 -0.972036 -0.390407 0.587414 
0.977535 4.30165 2.05531 -1.63935 
0.203517 -9.44189 1.37225 2.16918 
-3.58989 -1.45822 -1.1336 -0.842065 
-1.74573 1.58006 -2.55522 0.50986 
-2.64482 1.38371 1.11975 -0.639274 
0.615627 -1.20308 -0.262601 0.646526 
1.02966 0.162367 1.40027 0.234267 
2.1849 -2.18409 3.47528 0.597374 
0.946198 -0.197676 -0.0603964 1.83102 
1.49902 0.377493 0.145513 -0.970911 
-0.311435 -0.116216 5.41675 -3.73249 
0.272357 0.379954 -0.170563 -2.62093 
-2.6693 0.10799 -0.313691 -1.20255 
1.62777 15.5089 6.15223 -3.42139 
0.352191 0.0707442 -1.08307 0.21513 
0.202363 1.595 23.8219 -0.613413 
-0.43717 -2.4741 -0.462638 0.512047 
-2.11636 -2.53097 2.986 1.38104 
-2.64885 0.218182 -3.86005 926.985 
1.29306 -2.97453 -1.49474 0.152253 
-0.569255 0.0776484 4.28601 -0.167253 
0.260637 0.331082 -0.648826 -1.5948 
0.472417 -0.180905 -0.725522 -10.1637 
0.42832 5.26099 18.4283 2.20416 
0.983723 -0.183432 -362.924 0.0615319 
-0.838582 -3.60417 0.642037 0.583572 
2.45592 1.52109 -2.17868 4.84449 
0.474824 1.14818 -0.267553 3.06138 
-4.56915 1.46335 -0.709067 10.2631 
1.50993 3.50831 1.05055 -1.05802 
-0.673459 1.05971 -1.63854 9.09125 
-5.26901 0.66527 0.605105 -3.11052 
1.17148 -0.0347926 0.710546 -0.134649 
0.971681 0.835358 1.27662 -0.555513 
3.01105 0.823107 0.480949 0.382339 
-1.27701 -2.68949 -0.660943 -1.65298 
-1.18198 1.5394 -1.65773 -0.152663 
-0.0505856 -0.982758 1.67803 0.388588 
1.2088 -5.96914 4.77168 0.70337 
0.587088 -3.92274 1.08934 -3.10718 
-0.308686 -0.103852 -1.08215 -1.93252 
0.584896 1.75891 1.67558 0.527006 
1.9386 0.706268 -1.67642 1.0582 
0.61772 -0.537342 0.255137 -15.9842 
1.92771 -0.804368 1.57836 0.0461962 
0.566073 -0.72778 -0.172156 -0.88907 
-0.43109 -4.05661 -0.192072 -0.315158 
3.99672 -0.301616 0.656334 -0.929729 
30.6081 0.741509 0.251206 -0.554058 
0.504703 -0.713697 -0.0810891 6.00885 
1.333 -6.75092 0.386388 0.919063 
0.598474 3.71919 0.0614259 -0.230364 
0.621978 -0.386406 -9.125 0.00935205 
-0.390438 -0.562884 1675.79 1.20056 
-0.462469 0.045079 0.104933 3.32954 
21.0173 -0.327413 -0.203708 -0.822771 
0.874354 3.2617 0.103593 -21.6173 
0.226484 -3.24882 0.0174899 1.07031 
0.689199 0.368678 0.23961 0.65753 
2.02209 1.40497 -2.54035 1.74778 
-1.50835 -0.165334 -3.75289 -2.05009 
0.795794 -1.37525 6.46686 -2.46596 
-1.89411 9.28279 1.17995 -2.8619 
2.8714 1.68424 0.113012 0.244145 
5.93432 0.285751 0.258936 -0.258383 
-1.63052 -0.641932 -1.916 -20.6008 
0.669928 12.6703 2.80015 3.59877 
-1.04744 -1.95377 -0.440089 1.61507 
0.835263 -2.11475 3.61775 0.599911 
-0.0531764 -2.08137 0.201691 0.385635 
0.895633 -3.82899 -0.658281 -2.86933 
1.94242 0.516295 0.446137 1.80951 
10.3103 0.495192 0.46986 4.67088 
0.405013 -4.14877 1.3378 -16.4685 
-6.79998 0.507046 -2.47865 0.194443 
1.08157 0.149407 -1.90848 -0.630579 
0.867712 2.28738 -0.437853 3.87906 
-0.939626 -1.12241 -0.746372 1.25723 
-6.30875 -0.0850217 0.481672 0.814865 
0.647974 -5.54938 0.522686 0.389592 
0.639733 1.25867 -6.62161 0.883193 
-2.86731 -5.81085 1.82339 -0.429682 
1.65932 0.453109 -0.703094 -0.532751 
-2.19509 -0.037719 -0.479052 -0.271307 
1.58287 -0.491441 1.43278 -0.652831 
-1.48286 -0.707393 -2.0798 0.0280359 
-0.119866 0.513004 -1.04349 1.67632 
0.0152666 -0.413421 -0.0423133 -0.427884 
0.0399794 0.926155 -0.344265 3.27963 
1.76993 3.99507 -20.7079 3.02197 
0.446986 0.167221 -0.558828 14.7341 
16.9805 0.30109 -0.0611522 -0.910144 
0.0337121 -2.43648 1.68982 -1.05884 
-0.406502 -5.86836 -3.98225 0.484631 
0.487391 -10.5949 2.71886 0.164554 
-0.174771 0.212926 0.745265 0.161319 
0.142451 -0.181408 -1.48201 5.70358 
-0.281172 -0.63815 -0.397157 -0.516864 
0.786061 -1.74028 0.099618 -0.0721928 
0.276692 9.62792 0.68708 -7.11588 
0.948351 -1.13878 1.49299 0.226614 
-0.892457 -0.464664 0.795878 0.122757 
0.25592 0.514526 -2.54871 -0.650443 
-0.893394 0.971008 0.717124 0.716261 
0.764432 2.70863 0.0594002 1.60939 
1.19781 0.356113 3.31224 -12.8831 
-0.0892666 0.677307 -0.407096 -0.568598 
-0.321928 0.974009 -0.44136 0.499563 
-3.16595 -0.756472 -3.56592 377.854 
0.0950319 -2.54682 0.295629 -0.704683 
-2.37578 0.316916 -890.401 0.569217 
-0.328911 -1.04141 -1.11296 2.00572 
0.397627 -0.910725 -1.39792 -788.909 
-0.0566347 0.924135 -0.394825 -7.55109 
-3.19204 14.0758 3.94157 -0.931107 
1.31505 1.36576 -0.427068 3.64202 
0.0376111 0.659511 -1.19494 -0.735138 
0.126239 11.9188 24.5991 0.99936 
-0.168944 0.239027 -70.2009 -4.7635 
0.446608 -1.562 -2.21949 0.785601 
0.0877213 -1.66231 0.822607 -0.596147 
-11.1023 20.3443 -0.882039 -7.05959 
-0.594177 1.04543 0.894875 0.120382 
-7.88952 -3.68129 0.874706 0.87552 
0.39815 -2.25305 -0.450665 1.34413 
0.0819199 -0.0733701 0.344535 -0.608009 
-2.309 42.3893 -1.79824 -3.57222 
-0.121438 0.923276 0.229534 3.26641 
24.0889 1.5231 -0.0908602 -0.0744257 
0.133228 1.29331 -0.714234 0.0842577 
0.901591 -2.28346 1.56389 -0.257056 
4.15087 0.581249 -0.032545 0.312911 
0.0318193 -0.901417 21.246 -34.6624 
2.17006 -0.0614286 -37.8756 -0.448718 
-1.01583 -0.0190825 -1.04281 -0.222359 
0.0694168 -2.90819 1.56264 -1.64259 
-0.0450711 0.413866 0.3123 -1.04343 
1.97072 1.25377 -1.45841 -1.41361 
1.20992 -0.146645 0.0696091 1.29401 
0.330174 -2.04651 -29.5346 1.12422 
0.157476 0.238824 -0.918642 -0.148044 
2.20629 0.577437 0.426996 0.860157 
0.941928 -0.807886 -0.915647 15.2485 
-0.970253 6.20421 0.0265087 1.39797 
-33.0381 -1.17489 0.564236 -0.554614 
-0.183584 1.62023 26.7268 1.5704 
6.17743 -0.265206 -1.61158 1.30887 
0.55484 21.5223 0.481284 2.40373 
-1.16357 -8.07023 0.78438 -0.471919 
0.90228 -0.0425436 0.202272 0.68395 
0.242273 0.792143 -1.99634 12.4746 
-0.896593 -1.72627 -0.44164 2.6017 
0.788462 -0.557494 -4.21353 6.39657 
0.0220477 -0.00360533 2.20269 -6.01458 
0.732896 2.43347 -1.00362 2.61438 
0.021264 0.166694 -0.00490949 -0.384793 
-0.13324 -0.313965 0.92954 -1.69782 
-7.64643 11.1574 -0.117993 -0.415297 
3.17889 -0.0284319 0.402273 -0.70276 
-0.478216 -1.91566 -3.98469 0.309653 
-0.658476 -2.55418 2.61309 0.909739 
-0.0653245 0.352766 -0.458321 1.14923 
0.527414 -2.80527 -0.367157 -13.5558 
-0.819939 -2.60541 -0.779671 0.388334 
0.896182 0.569553 0.157995 1.61254 
-0.682758 0.616886 -0.9901 -0.21111 
-3.43848 -31.8934 4.87618 1.42301 
-0.0805766 0.289542 0.984516 -0.489952 
0.386864 1.56147 0.626099 3.15256 
-2.05518 -0.550384 -3.80944 2.00543 
0.234289 -9.39679 2.56293 -1.62477 
0.531971 -0.252362 3.0432 1.32282 
0.263209 -4.6255 -7.05476 73.1114 
2.08849 -2.64857 -0.61323 -33.8501 
6.0493 20.3861 -1.6705 -6.60195 
-1.66855 -1.72659 3.8327 -0.901705 
0.361232 -0.527272 -1.23686 0.634217 
-0.161353 -5.59961 -1.17695 6.40649 
2.97906 0.681684 0.219541 -27.6741 
1.20691 0.0860186 -1.40493 -0.518629 
-0.300911 0.452773 0.215213 -1.90958 
-2.0624 -0.119648 5.09903 -0.552892 
0.819053 -0.559728 -0.670906 0.3843 
-0.481361 -0.671371 -0.623264 0.745245 
-7.9282 1.34701 -1.71818 1.27 
0.623939 3.46007 5.15559 1.44283 
-0.225568 -0.836148 0.176967 0.511917 
0.50678 0.684901 1.88033 0.328473 
-0.112983 3.21684 0.295523 -0.49466 
-0.764108 -0.592044 -1.37672 0.62028 
-0.10994 -1.97953 0.865976 1.89128 
-0.93359 -0.833549 -0.606949 0.795447 
-13.2775 -1.58041 0.272053 -1.18721 
0.326037 -1.63079 -0.682663 -1.45908 
0.146002 -1.24188 -1.31271 0.382844 
-44.134 -0.751853 -0.0281222 0.0945083 
5.18371 -0.106359 0.3375 -0.339347 
-0.139717 1.15234 -1.02216 -3.774 
-0.379882 0.179289 -41.7257 -12.7451 
0.621286 -0.95502 0.389544 0.382541 
-0.681201 -1.77488 -12.2606 2.25023 
0.357689 -3.82726 -0.034329 0.775451 
1.45569 0.753833 0.0337807 4.29409 
0.83417 1.27032 30.2598 -0.233669 
-0.113572 0.0242281 1.98168 -0.95082 
26.6191 0.677554 -14.5149 0.357247 
-0.9758 -1.61672 -0.277955 -1.02307 
0.132614 -12.8265 1.05767 -1.45811 
-2.6642 0.487407 0.447059 0.283945 
0.597602 2.5523 -0.141285 2.45775 
-1.17509 -2.57272 -0.826794 1.02101 
-0.602832 -0.622688 0.43421 0.560994 
-1.69077 1.08679 -11.9464 0.0116341 
-1.15544 -0.290935 0.464321 2.02042 
0.912967 0.857093 -4.21206 -4.69418 
2.99492 -0.608124 -0.564481 -1.21528 
-2.33676 0.940621 -0.773136 -0.355873 
-1.329 5.55653 0.469215 1.16283 
0.19212 0.00572265 0.886241 0.555316 
-2.58764 -0.642841 -4.50826 1.48332 
-0.225629 0.374956 -0.856319 5.05469 
3.52778 20.9131 5.90072 0.560903 
0.231505 -0.231685 -0.282134 -0.0374725 
-1.51969 -0.425294 0.452159 -3.97817 
-1.16209 0.114192 -0.502394 -0.0884392 
0.683569 83.2705 -12.2538 -0.00893167 
-4.02953 -1.7367 -2.31862 1.53147 
1.21367 2.05085 -0.492438 -0.696433 
1.31186 1.72142 -0.577778 -0.503504 
4.83381 -0.801442 -1.23022 -1.11058 
1.92439 1.36423 0.0136613 0.426489 
0.608988 -5.24467 0.232898 -1.00906 
0.674985 -2.42319 -0.984314 0.816905 
8.48821 -1.13491 0.675284 -1.25949 
2.09896 0.464517 2.17918 -1.12506 
-1.72486 -10.5009 -1.47097 -1.7011 
-0.648144 -0.711021 -0.888964 -4.17889 
-1.06703 -1.31941 -7.63115 6.71048 
-0.269279 -2.09445 6.51751 -3.14515 
0.311516 -0.462172 2.46902 -0.356797 
-0.511202 0.939319 -0.0570518 -3.17141 
0.82336 0.213065 0.0685185 -0.281701 
-0.0342508 -2.34969 0.562702 -0.635525 
-1.00555 0.0741545 1.76506 -0.98624 
-0.115212 0.98743 0.0886843 -3.44548 
-1.1522 -0.832483 -2.57608 -0.923374 
-0.38744 14.9981 0.464639 0.446615 
-0.751196 0.529191 2244.55 33.1758 
5.1962 0.753404 0.606739 -3.57114 
1.35087 -1.74085 3.00815 2.3748 
-0.897669 0.475123 -3.20568 -0.954426 
1.28714 2.90767 -172.303 -0.760561 
-6.33055 10.7665 1.41238 0.69008 
-16.4409 -0.0464471 -0.597768 -0.351788 
-6.23666 1.25895 0.158213 0.746695 
-0.533968 0.292719 -1.4902 10.5229 
-1.9862 0.862038 0.0414995 0.609893 
-1.25307 2.46238 -0.230082 -0.945716 
-0.542179 -1.00618 -0.948302 -0.788284 
0.370413 5.00851 1.58751 -4.07893 
-0.49095 -4.47783 -0.575031 -0.781737 
-0.542165 -2.23136 -0.0544902 -1.17567 
-1.61096 -0.274116 -1.13703 0.080082 
-1.47992 2.24345 17.1273 -1.17807 
-0.265371 -3.01961 0.321229 1.42554 
2.52893 -4.07209 -4.59155 -11.366 
-1.21141 0.193363 -0.00378485 1.52436 
0.609467 -1.1494 -0.265369 0.333134 
-0.317565 0.254768 11.032 -5.3011 
0.603029 12.1011 0.208354 -2.00448 
0.0731259 0.372097 -0.726124 -1.36406 
-0.306556 -3.35025 -0.55286 -0.938394 
-0.621802 0.205022 -1.54662 2.66826 
-1.39854 1.90228 -0.852751 0.915378 
4.08413 6.38491 -2.01007 0.209511 
-0.354554 12.799 2.53025 0.396701 
0.690424 1.33419 2.37169 -2.1275 
0.238045 -0.279757 -0.303626 -6.36084 
0.920407 -0.0152929 -1.03315 -0.389205 
-2.4742 0.486857 -1.46624 0.165989 
0.182409 -8.67674 -2.0337 -1.46659 
0.173295 0.129699 -0.466615 -19.7562 
1.03302 0.0427555 -2.05341 -1.22145 
2.51839 -2.85989 -9.06591 -0.615371 
-1.38674 3.66306 -0.374694 0.360387 
2.63476 -2.7377 -1.09138 -0.803757 
-0.3773 -1.16728 4.08942 -0.153615 
0.290313 0.435356 2.62705 -1.97779 
10.12 -0.771969 0.331494 0.314532 
3.13934 -1.9879 1.12434 -60.0827 
-3.74907 -24.1477 -1.37828 1.52464 
2.15705 20.1714 -0.584461 -3.17776 
-0.651364 -92.5578 -0.00874843 -0.146107 
0.339869 -0.231887 -34.5204 2.41865 
0.379156 0.797192 -6.69379 258.429 
-1.43761 2.95441 0.752028 -1.37653 
2.8453 -0.422292 -0.5774 -0.323758 
-0.937204 0.587097 -1.06629 -0.554547 
2.26601 1.79461 -0.201807 -0.158242 
-3.27086 -1.26191 0.595606 -0.176506 
0.401559 1.49461 1.78138 0.479817 
4.95934 3.17013 1.31567 -0.419899 
-0.529294 -0.584235 -1.08009 9.82712 
0.0446896 0.472066 -0.895518 -1.80372 
-3.14494 -0.385216 -1.997 0.249569 
-3.83435 -0.0129517 -0.84552 -0.498246 
0.910494 -0.266535 0.908361 0.302324 
-2.04659 0.151316 16.4177 -0.274285 
1.39872 -0.303865 2.67044 2.45476 
13.7058 0.0910984 0.22247 1.28552 
-1.95689 0.127087 0.0241085 -2.12852 
-0.979374 0.134589 -0.748655 0.280739 
-5.17497 3.36382 0.277316 -1.50638 
2.99015 -0.020238 -2.65899 -0.704431 
-0.64154 -1.00458 1.72593 -0.36584 
-0.735316 -48.3333 0.0696849 -2.01795 
3.32225 1.09333 -0.731734 0.0457569 
-7.59767 1.34083 0.146402 -0.271757 
-3.69077 -0.205265 6.35935 0.293575 
39.3388 117.429 0.434792 -1.95967 
23.7128 -0.148019 -0.298107 0.563334 
0.554301 -0.402202 3.54142 -15.4277 
-0.642699 -1.19127 -0.588127 -0.255373 
-0.981533 5.73553 1.31798 0.76763 
-1.50877 6.66189 -0.240505 1.42631 
0.160156 -0.277235 0.46165 -0.557968 
0.121844 0.958547 0.158227 -1.26505 
2.10192 0.139395 0.67349 -0.928299 
-9.50017 -7.97232 0.292888 -2.67801 
0.183525 -0.890541 4.80908 -0.89364 
-0.923605 1.50457 -8.75412 -0.745803 
-4.56765 3.684 0.387298 0.562408 
-1.14033 0.225621 -1.09489 -1.45349 
0.880967 -2.3078 0.263964 0.530043 
7.67616 -0.0401929 0.213446 -0.432019 
-1.30819 0.844901 0.577383 -2.42087 
0.0299017 -1.1387 1.00301 0.217902 
3.41322 0.462729 0.961076 -1.58738 
-0.709078 0.230492 1.25417 -0.181301 
0.299465 2.86623 -2.00742 1.21304 
1.64006 -1.24609 -0.82243 -3.72021 
-1.26236 -0.099021 -3.05439 0.654387 
0.839965 0.00804847 1.29623 3.57659 
-0.389451 -1.60405 0.60254 5.9281 
-0.0784061 0.97015 1.33676 -0.140377 
-5.59869 -0.658613 -0.707719 0.45166 
0.136472 -0.399461 0.00540863 0.121944 
-0.853952 1.62949 0.349739 0.183944 
-5.86148 -4.49742 0.86685 4.23355 
1.89306 0.109344 85.0958 -3.55801 
1.52459 0.139474 1.49434 0.203789 
0.131491 0.32754 0.837231 0.0620745 
-2.28568 -3.33724 -0.0420224 4.14823 
1.44225 4.92169 -0.083771 -0.969255 
-0.466743 -1.04259 11.6113 -0.014727 
3.40654 -0.19542 0.631565 -17.2753 
-0.180385 5.1111 0.315575 4.97803 
0.596253 5.6821 -0.763117 -0.913322 
-4.7513 0.138706 1.60601 -0.783414 
-0.35485 0.20717 3.65281 -0.0817008 
0.525863 -7.18089 -1.33089 -1.39197 
-1.50328 1.35359 1.2346 -0.958089 
-172.509 -0.0717668 -1.2742 1.16281 
-0.321822 2.57056 0.826297 -2.48073 
1.01898 -8.58871 -0.169648 14.0713 
-1.33699 -1.76115 0.666797 1.86611 
0.495857 5.20808 -0.579718 0.773942 
-0.289048 -2.75966 -2.25389 0.787639 
0.792941 -1.65279 0.856194 -1.77679 
1.38065 0.516029 2.34946 -2.43116 
-0.835587 7.95246 1.38503 6.1049 
-1.67087 0.547388 -1.06971 -0.0805983 
2.68287 -1.4569 7.00235 3.72977 
0.382242 1.07286 7.81736 -11.0728 
-0.73626 -3.37098 0.421924 -1.47842 
4.02528 -1.49421 -0.371955 -0.622101 
1.51014 1.06743 -0.244757 -0.00414754 
-2.156 0.972055 -0.119052 -1.0332 
0.55077 0.424755 -0.6122 -0.248508 
-1.08103 -1.42277 -0.469105 1.23057 
1.14093 1.52544 1.64718 0.186677 
-0.0847763 -0.985896 4.17731 -0.709461 
-0.657874 1.31574 -0.263695 -4.52636 
62.9514 0.237533 1.19697 -0.889378 
1.41286 51.6084 -0.108836 2.07222 
0.365515 -3.574 0.138239 1.6201 
-1.05268 0.177782 0.623771 8.68726 
-0.370029 0.28748 -0.363266 -1.31038 
0.493028 0.41525 0.214563 2.08225 
-4.09263 -7.0354 -4.65467 -0.46889 
0.70597 0.323376 23.3193 0.942262 
1.00916 78.5058 -1.47019 0.687242 
-0.253333 -0.768552 0.903923 -0.109719 
73.4917 1.0859 0.171731 0.884091 
-2.48622 -0.0499938 -0.131738 -0.224764 
-1.45461 -2.09542 0.149487 -0.112074 
-2.34553 0.0909073 -0.396545 -0.564954 
-0.652523 3.57449 -3.63878 -1.20267 
-4.66501 -0.189471 1.84869 -1.26569 
-1.22007 -2.92589 3.28011 0.233882 
0.232803 -1.67895 -1.3462 0.427629 
-0.784253 2.67364 0.260847 2.15238 
0.232378 2.28942 2.257 -0.493658 
1.76912 0.750504 -0.0243201 1.75064 
0.583913 1.07521 3.85243 0.325941 
-0.984767 0.854682 0.120958 -1.09431 
30.0682 -0.880228 0.57919 -3.01302 
-0.748391 -0.589804 -46.4311 1.05026 
-1.33725 15.0486 -0.809711 -0.73788 
1.06191 -0.867528 0.465605 0.783658 
-6.87993 21.4026 -0.659779 0.264059 
6.02134 -0.000340325 5.25741 0.875277 
0.175204 3.85238 -0.552076 -2.11039 
-0.420627 1.89203 0.238685 0.10679 
-4.33288 -0.905964 0.235349 2.17484 
1.89489 -0.349418 -0.453238 -0.305857 
-5.52068 0.749337 -0.515095 -0.811582 
-1.63962 1.56447 -5.29815 0.627506 
0.0852538 -0.109595 0.937225 -0.300154 
0.844147 -2.72682 0.329359 -0.850539 
0.0199929 -2.4847 0.319602 -0.366254 
0.504352 5.87393 -0.892979 0.0428029 
8.34814 -0.908857 0.808452 0.335863 
-0.990333 2.77207 -2.85041 0.243679 
-0.333583 3.57873 -0.20407 -1.72868 
1.47709 -3.3375 0.402233 2.97716 
-6.63003 -0.0516466 -35.0525 -14.2524 
0.871801 3.24892 -1.06021 6.59687 
-7.62149 -1.04636 -1.12678 -2.47648 
-2.54239 -1.76965 -0.289306 -0.0617077 
0.734276 4.71481 -0.203688 -3.50605 
-4.82021 0.649794 1.43269 17.1601 
2.52806 0.211951 -0.485834 0.752619 
13.7507 0.434932 0.0693983 7.72367 
-0.955904 0.517116 -1.033 -0.219465 
0.896436 -2.88844 1.61975 3.13064 
-0.540959 -1.77155 -25.3473 -1.5558 
1.36096 1.83141 2.76108 4.555 
-1.203 5.28597 -2.45598 0.679958 
0.300891 0.289883 0.68763 5.87421 
-3.06155 -0.197128 2.66776 -1.27796 
-0.995001 1.46972 -0.614283 -0.259632 
2.33511 -0.96859 -6.47119 0.945503 
2.93428 0.0845273 -3.2482 -0.461261 
-3.30953 -0.485648 -9.51937 0.845639 
-1.84874 1.19444 -42.8697 -0.901723 
1.25832 0.387672 2.28894 -0.294241 
-0.221379 -2.02518 -0.576278 2.61055 
-2.79942 2.21135 2.43164 -0.342334 
0.372722 0.0666001 1.28977 -3.59931 
0.115816 -0.0488683 0.707737 -0.0531951 
-0.0480834 0.154632 -0.88085 0.587755 
4.10204 3.20327 -0.416407 3.96071 
-0.354084 12.5393 -0.930659 0.155467 
-2.58023 -0.307202 0.408077 -12.2955 
-7.65362 -1.6042 1.61545 -0.644619 
-1.64298 -1.88095 3.23496 2.76696 
-6.22172 -0.91447 4.12952 0.413126 
-1.44761 -0.0159728 -1.00736 0.226282 
-2.25591 -0.388253 -0.206876 15.9926 
-0.0456157 -0.0258005 0.126 0.0833544 
-36.2365 0.951511 -6.36498 -0.215411 
0.226555 4.14004 1.22199 1.01171 
0.055576 -2.46449 1.00646 0.552297 
-0.27425 -4.71639 4.8942 0.312555 
-18.7798 8.08157 -22.1095 -0.0510708 
-0.501614 4.33907 2.08826 -11.0148 
-0.393584 1.09404 2.64084 48.8653 
7.13529 1.35335 -0.377039 -4.05752 
-2.76415 -0.467795 -1.66785 4.67816 
-0.745628 -2.68866 -1.24473 -0.913272 
0.429979 1.3324 -0.0214811 -0.566875 
0.257698 2.95807 -1.77112 -0.334514 
-0.218129 -0.314203 -1.43811 3.0837 
3.05485 -0.815633 7.79248 0.91634 
6.66013 0.366519 -0.418691 -0.527487 
1.35498 0.186767 1.08932 -0.0492188 
5.31225 -1.63982 -1.65902 1.70226 
0.309319 -1.33306 -0.159287 -1.07172 
-1.67404 -20.3232 -0.765367 -0.25052 
-1.41175 -3.7216 -1.19075 -0.454904 
0.247278 -2.92881 -0.919888 -0.91628 
7.98304 1.01271 -0.33655 14.5124 
1.71156 0.807624 -3.48989 2.52824 
14.8731 -0.111174 5.36251 -2.46647 
11.5603 14.1471 2.35598 -0.390078 
1.7922 -0.845629 0.680199 -0.985276 
-0.0839653 -2.33102 -0.310323 1.59144 
0.271202 3.74016 -0.431713 0.958771 
-0.279607 0.26389 -0.408057 7.22681 
-1.34787 0.958432 -0.685654 2.46035 
1.12816 1.18544 -1.27641 0.483065 
0.0790635 -0.798294 -1.03201 -5.35721 
3.2342 -1.40718 -27.8081 -0.303325 
-1.14268 -0.159879 -0.129414 -0.235108 
0.770197 22.6566 -0.285311 -3.6575 
1.78449 -0.105635 -0.117223 0.257686 
-0.317846 -0.290587 3.37328 1.86612 
0.0528329 -4.32853 -3.24382 -1.6391 
-0.459405 -0.669111 72.7058 1.24257 
-0.813794 0.0355497 -2.64773 0.688586 
-0.0244959 0.161536 -0.27519 -0.0824786 
-0.02816 -1.20947 -1.36018 -0.293693 
-0.422342 3.00277 3.10053 1.57205 
0.883875 0.0666588 -0.648635 -0.760318 
7.18455 0.034665 2.3245 -27.8573 
-0.217177 -1.23373 -0.162437 -3.59043 
-0.819283 -0.575596 -0.91165 -2.95893 
-6.09864 -0.944567 -13.7446 0.730521 
-2.48637 1.66067 1.38009 -0.272201 
-3.79785 -3.22041 0.129754 -0.234873 
5.59703 1.14459 0.24124 0.749789 
1.04873 -0.513685 -1.38576 1.37233 
-4.21032 -0.425267 -2.42794 452.096 
2.34442 1.99018 0.548802 1.0172 
0.271774 -0.0139713 0.143167 -0.095743 
2.70998 -0.176071 -0.654748 2.37014 
-0.122359 0.120748 -0.455308 0.295564 
6.26191 -0.479715 3.55838 -1.201 
-0.502623 -0.623653 1.03413 -0.63398 
-43.6694 0.798679 0.561551 1.49455 
0.426277 1.09091 0.609108 0.827574 
2.06898 3.47219 -3.57453 -1.16334 
-0.303282 0.91679 0.689339 -0.145153 
-0.857342 0.217088 0.59558 -4.87278 
-0.382845 0.0941536 -0.843022 -30.285 
-11.7887 0.540286 -2.71959 -10.6358 
-0.324755 0.929966 15.5291 2.72786 
-0.25923 1.25274 -0.778055 0.957877 
-3.63833 -0.739223 -0.413274 -2.62916 
0.468373 -9.1141 3.62265 -1.86957 
0.0698004 0.243792 -1.75243 -0.226424 
-2.23799 -0.179065 0.761652 -0.156429 
0.526924 -2.46875 0.357297 0.0368074 
0.583178 -3.09763 0.61386 0.278321 
1.07918 -2.43869 -72.754 1.68292 
-2.61984 -22.722 2.87952 0.767898 
-1.153 4.77871 4.92752 1.85128 
-0.311917 -17.7502 -6.71751 1.5349 
0.0122891 0.0186822 0.603215 0.0675041 
-1.70684 0.612307 0.203461 -3.44854 
0.377455 -3.68579 -2.88959 -4.39512 
-6.53214 -1.31024 0.122678 3.37502 
0.269229 -3.55866 4.0132 -0.230244 
7.85579 -0.734638 -0.655986 2.16156 
0.421032 0.00915715 0.585596 0.641635 
-2.10134 0.900801 0.670332 0.176755 
-0.726493 -0.40636 -0.862924 6.58992 
3.90743 3.2617 -1.48692 9.06955 
-0.912773 2.22802 18.7022 -0.200885 
-1.55318 0.22694 40.0995 12.9225 
-4.87211 -0.908236 0.617516 -1.4105 
-0.967292 1.70881 -0.00181766 0.126739 
-0.801618 -4.52445 3.2595 -1.12407 
0.335882 0.486229 -0.349308 1.78331 
-2.11834 1.76121 2.20666 0.577816 
-3.69142 3.41378 -0.268398 -0.970388 
1.04215 0.550867 0.959431 0.165162 
0.52378 0.0701322 1.78068 0.204538 
0.621897 -3.69724 -0.745932 2.54772 
0.353615 0.566755 4.05891 -0.0313199 
3.72989 0.660267 -2.32029 -1.65383 
-0.621003 2.82667 3.64734 -0.632067 
0.575568 -0.667527 0.0351037 -0.443284 
-2.32765 -1.42916 -0.171775 -0.93562 
-0.423868 -4.0665 -0.3848 3.41238 
-0.274808 -1.06011 -3.36776 0.327299 
3.20406 1.42147 -0.245003 1.48234 
-0.562108 -1.49156 -1.19417 -0.381973 
2.64735 -5.11196 0.311328 3.45796 
0.415761 -1.68155 -5.64193 -6.73291 
-2.39087 6.55746 -1.25941 93.4768 
-5.349 0.551501 4.83334 0.0813052 
0.0733939 10.3484 -1.39553 -8.98926 
-4.56418 0.660282 0.201958 0.107299 
0.0792349 0.137459 -1.06423 -0.304597 
0.172084 0.631688 -1.93101 1.7238 
0.952245 -2.15164 3.96069 0.678652 
-1.00939 -0.164767 -1.91965 0.622649 
-0.486764 -0.472104 -0.214365 1.27894 
-0.843373 -0.403013 0.162665 -0.900698 
-0.968714 -0.149682 -0.76224 2.34817 
5.55172 53.6595 2.13353 -1.0606 
0.315958 -0.720166 -0.856958 1.16012 
-6.60505 0.10057 0.96545 -1.76529 
0.864581 0.105859 -1.75909 12.2368 
1.05386 0.412606 0.426426 -1.69544 
-4.19365 0.381137 -3.56572 0.639832 
5.33323 -0.742448 -1.10351 -0.0721803 
-3.46446 0.113202 0.0269653 0.848683 
5.8625 9.26974 -0.848066 -0.405721 
-0.827931 -2.87521 -13.0041 0.174763 
-0.222679 4.10557 0.0463529 -3.36258 
-0.327699 -1.69328 -0.891977 -9.57844 
-0.870622 0.017369 -5.40036 1.8921 
1.21519 -0.541552 -1.6008 1.09593 
4.49762 0.293546 -1.93399 -0.689585 
1.7939 -0.782613 1.01174 -0.863774 
0.752728 0.0024289 -0.307143 0.0765643 
0.521719 -4.3774 -0.0267683 3.60191 
0.588631 -1.95568 0.218694 0.658121 
2.11617 4.56771 0.228739 0.319509 
-1.63282 -0.590341 -0.692059 -1.58727 
-1.18809 0.148197 -1.29331 -1.77714 
0.356597 0.25022 1.44206 2.55494 
-0.948051 -0.747851 1.0618 36.883 
1.49268 10.0538 1.5944 0.661876 
0.223608 -5.12542 1.26182 -0.199818 
-4.28893 0.699658 1.08546 0.813289 
0.750983 -2.16106 -0.645688 -0.659287 
-0.0308618 -1.61781 -25.5848 -0.591715 
-7.60741 1.29384 1.52675 0.337283 
4.2298 1.75928 0.743993 2.45549 
-3.20267 -0.291623 0.644851 -1.76694 
-2.57763 -5.02882 0.459106 32.8369 
-0.216111 -2.31824 1.72929 9.02524 
-4.37523 1.91382 8.68131 -1.36057 
-16.6849 -1.61728 -6.31526 0.254 
-0.532168 1.69681 -0.875016 0.490768 
1.03749 -0.261123 0.733593 0.978769 
-4.07926 -1.51664 -0.113258 -1.81123 
-1.67914 -1.85441 0.693462 1.0692 
13.9128 1.94522 5.34181 -0.360981 
0.20341 35.0795 -0.113013 0.298112 
0.866828 -1.94038 0.73524 -0.793186 
-0.893414 0.0861065 -0.465728 -6.04632 
0.240387 -6.41254 -14.1566 -1.12329 
1.00141 1.57669 -4.68016 0.280091 
4.77483 -2.69982 -0.327595 0.408361 
0.761724 -0.474706 1.36212 -3.14298 
-3.5508 11.8119 0.63875 -0.713188 
0.251848 -15.824 0.111633 0.334935 
1.31925 0.677585 2.03817 -0.0611573 
511.019 -0.22759 2.0478 3.22181 
5.02528 0.692058 0.261218 -0.47485 
-0.403234 -2.02939 -0.044325 1.19018 
1.15555 0.933665 -1.21464 -0.282202 
-2.91683 0.362182 -0.404115 -1.82235 
-2.11217 -0.453541 3.52008 2.62707 
1.30282 2.41694 -1.40705 -0.157465 
-0.478233 0.849239 0.0707531 0.880145 
0.680766 -0.499335 0.566621 -1.6232 
0.289976 0.231716 -1.92848 13.6691 
0.545551 2.03388 0.768342 -1.01754 
-0.31254 -0.277052 1.71214 -0.110321 
1.08127 0.462404 0.373699 -1.28898 
2.75654 0.959896 -3.35842 -4.62442 
-0.607144 -0.60683 0.125988 -17.0238 
0.417618 0.207039 -0.326377 0.669522 
19.3932 0.626567 -0.17454 0.774995 
0.251636 1.32478 -0.0757817 -0.719573 
-0.428511 1.03189 -0.0684415 -3.79589 
1.27605 1.85332 -0.906093 -1.3536 
-0.239749 -0.570184 -0.986182 1.74185 
-0.281211 -0.204437 -0.626775 -1.18409 
-3.25332 0.213052 0.921513 0.140426 
-1.12962 -0.34824 -0.344781 -1.94991 
2.69054 0.498678 2.17883 -0.117778 
2.74621 0.605198 2.08331 4.86675 
0.276071 15.4345 -5.89044 -0.472133 
-0.230712 -1.08228 -1.13029 7.30357 
1.84113 -5.42089 -1.3469 0.0759374 
-0.363831 -0.200458 32.4583 4.23501 
-0.689419 1.94027 2.73237 0.746866 
0.353168 0.374723 0.893193 0.401736 
-0.892676 -1.00134 -0.205372 -37.6006 
-0.756475 0.875434 -23.9871 1.01051 
2.6468 1.70794 -0.152676 0.119875 
-0.425475 -0.283038 -5.59365 4.59012 
-1.12367 1.50048 5.61365 -0.446052 
16.107 -0.194781 8.40359 1.66423 
0.226036 1.22519 0.0657095 0.180893 
-0.227025 3.76872 -0.513705 36.9013 
-1.41224 4.26082 0.713854 -0.45857 
0.745528 -1.10262 3.48211 -0.566003 
0.427678 0.361213 26.3295 -124.069 
0.233348 0.240205 -0.897351 0.104215 
-0.979333 0.413867 0.505779 2.73991 
0.275435 0.116091 2.87261 -0.628088 
13.1053 -0.776283 -0.617241 -0.885025 
2.04523 1.06814 -1.34949 -0.497035 
-0.692212 -0.0841068 2.06925 1.0828 
-29.0326 0.267052 1.46497 1.03008 
0.724632 1.66658 0.417085 -2.26085 
-0.0888592 2.31828 -0.98342 0.890603 
1.12592 3.88624 0.677537 0.171629 
-2.02546 -0.143575 1.90745 1.49796 
2.45025 0.869892 -4.68616 0.263641 
-0.0935898 -0.423696 -0.300755 -1.08389 
-0.103628 -2.91491 4.10335 -1.59574 
0.0561077 1.51723 7.84566 3.0794 
-1.79276 -1.54042 -3.26574 -3.98972 
-1.34632 2.80746 4.45921 -2.70642 
0.985372 -4.40405 -2.33015 0.667224 
6.55789 -0.457383 1.56877 0.0988632 
-0.952602 -1.86442 28.1946 -1.13544 
-2.32765 -0.710403 -0.471612 0.436825 
0.0329092 -1.52881 -0.49426 -0.187563 
7.36702 1.56535 -1.31155 5.42533 
-1.35327 -0.41049 5.69823 -0.775622 
0.350704 1.60329 0.804536 1.64509 
-2.04519 -0.0756652 -2.29941 1.88409 
8.89772 -1.00797 1.05981 0.0411402 
1.09633 0.404409 6.9697 3.45381 
0.655509 0.143128 0.408283 0.240085 
1.35419 1.00008 -0.646186 4.77354 
1.6542 1.10836 2.17249 -0.348128 
0.344815 -73.7041 -2.04446 -0.178909 
-0.523595 0.0562521 -1.87835 -0.0629628 
0.0174347 8.9185 -0.218272 -0.203985 
0.152534 -1.19939 0.860997 -0.0584886 
0.195308 1.35357 2.0754 8.43413 
0.210571 -0.797593 0.963628 0.667681 
0.818683 -0.120836 -0.670912 2.08473 
-0.675999 1.15765 1.81741 0.0341547 
1.61961 1.10918 0.80759 -277.088 
2.15464 -0.0347793 3.06433 -2.3501 
-0.272165 1.3376 -0.220708 -0.350617 
-1.35277 2.19447 -1.06954 -0.728185 
-1.28232 0.205035 -5.59654 -1.23822 
0.064887 -0.215766 1.88998 0.77116 
-2.87662 1.90767 -1.13913 2.56199 
-0.345079 0.456245 0.951991 25.7926 
-0.123688 1.48816 2.69353 -1.45648 
0.452339 0.90396 0.545215 -0.577976 
0.77136 4.29207 -0.689818 4.26829 
-0.370469 6.87252 0.16712 -0.393223 
0.974265 5.30087 4.82847 0.263729 
-0.0739071 -0.969453 3.04718 0.496617 
1.29581 5.52568 -1.21855 -1.93877 
7.44749 -4.64221 -2.02384 -5.60603 
0.591409 -1.17145 3.50107 -0.218408 
-0.810292 0.665631 1.61174 14.5024 
0.297259 -1.25604 0.322852 0.0403651 
2.00319 -1.53992 12.9271 -5.26169 
-37.8498 0.543174 1.8051 1.02231 
-0.183556 -7.88478 -1.58604 -0.519989 
-1.21113 -1.82044 0.305876 -0.00823546 
0.307436 -0.44309 1.96641 0.934341 
0.333769 -0.343937 1.7435 0.506999 
-0.444745 -1.8473 -1.1695 -0.218795 
-0.00625173 -2.06735 -1.20375 -10.5959 
-13.0693 -1.50513 -4.74654 -0.456501 
-1.60544 1.27721 0.441866 -0.282855 
0.43623 0.018699 -1.44259 17.5422 
-1.1038 -1.27705 -1.90624 -20.6601 
0.727022 2.81499 1.12209 4.31267 
0.321132 39.1323 -13.0148 0.133507 
-0.0423347 -1.01339 -1.64548 -0.464481 
0.406153 -0.302804 313.257 2.44776 
3.92944 -0.951432 3.34234 0.839286 
-1.46778 -0.828012 6089.14 0.155302 
0.2622 -4.1429 4.79032 6.25086 
0.497615 -0.720882 -1.17427 0.821674 
7.09419 1.7365 0.425136 1.10893 
-0.619107 -10.2218 -0.727388 0.515959 
-1.23115 -1.19559 -0.106982 1.36631 
0.381447 3.42738 -1.56005 1.86291 
2.02321 0.791768 -0.129341 -2.651 
-0.0434486 1.78408 4.12446 -0.385852 
5.71212 0.419456 -1.22019 4.77189 
-0.727586 -2.0048 0.519468 -106.156 
1.18349 6.42036 -6.37943 -0.598761 
-0.0635732 0.630299 0.179841 -0.206836 
0.940948 -2.2849 -2.39171 -2.94623 
3.29022 73.9871 -4.31434 -0.567602 
0.835573 -0.328838 0.632629 -0.215825 
-1.96386 0.08281 -83.0444 -0.760716 
1.47873 0.599181 0.673147 -2.93628 
0.893584 -0.546043 0.0298723 5.13967 
-0.0388879 0.658451 -8.58583 -1.49438 
-2.53217 35.2053 -0.0398407 0.357079 
0.510082 1.15676 0.281942 -14.2682 
0.168793 -1.09243 1.14803 -1.29744 
-3.75949 0.152431 0.570577 -0.631487 
-2.08431 11.1821 -1.01284 -0.76203 
14.4264 0.800431 -3.20531 0.685894 
-0.0648188 -1.09438 0.352645 0.809107 
-8.55195 0.555812 -4.01057 -4.16156 
2.47854 6.72109 -1.53828 1.24866 
-0.580824 1.01513 -1.08242 0.57297 
-0.369152 2.61873 -1.97401 0.70033 
-0.313461 1.43499 0.80176 0.242749 
1.6361 0.515373 0.113147 0.723761 
-0.338153 -1.33729 1.83107 0.969918 
-0.49129 1.40233 1.38227 -5.31202 
3.90971 -18.587 -0.239403 0.677776 
0.777031 1.4701 9.11972 2.68673 
0.192664 0.624999 11.947 -1.37937 
-0.0374095 -3.32343 -0.434725 0.91771 
2.16661 4.33018 0.828847 -3.85263 
-0.105068 -0.183991 36.0675 -6.04593 
-1.80058 -1.0418 0.769976 -0.40643 
1.72706 -0.920819 0.110748 0.534125 
0.429398 1.39932 -0.0482819 -2.7574 
3.36133 -0.00600523 -2.53533 -1.01057 
0.00284397 -0.439518 4.35807 -1.5366 
1.35308 0.380566 -0.288521 -1.1937 
4.4386 -1.33468 0.00926039 -0.170472 
1.54144 -0.207486 0.584166 2.2446 
3.14546 -0.281588 1.65288 -5.30316 
2.17704 -1.38635 1.97612 -0.41375 
-0.22814 0.188269 -1.15512 -9.09105 
-0.803649 -0.766316 -30.8383 -4.64292 
-1.47204 4.53923 -0.509876 0.724941 
1.73856 9.11049 -0.471785 1.66637 
0.168807 0.580513 2.45388 -0.554369 
-1.42774 4.77793 1.11509 0.66224 
-1.73636 -0.786346 -0.980446 -1.55468 
-4.28495 3.663 2.85878 7.39479 
0.148897 -7.47757 0.095447 -1.72359 
-0.00840437 0.212566 -2.06479 0.178167 
0.821087 -0.441133 -7.62732 15.1231 
-3.73167 0.591796 -1.01647 0.729707 
-1.0302 -0.427515 -0.476179 8.66813 
1.39236 -0.671781 -2.58478 -0.105311 
0.0108285 -1.88601 4.30626 -0.495679 
-0.260376 0.929824 -1.47863 -0.507167 
8.7522 -0.12968 5.43414 -1.47586 
-0.102041 -0.0663406 -1.82994 -56.9062 
2.02568 -0.0392149 0.968681 0.688914 
0.700258 0.775935 0.409621 -2.08975 
0.322838 -0.736666 -1.8363 0.822596 
-1.28884 -1.51017 -0.225275 -1.24343 
-0.593888 -1.66578 -15.3164 1.51403 
1.80134 0.822208 0.177457 -4.05793 
2.85757 -0.0735706 0.730306 -0.810158 
1.39734 1.25438 -2.48918 1.28801 
0.412707 23.0389 -2.49984 -0.98964 
0.291962 0.766473 -0.0654125 -0.601555 
2.03116 1.39807 -18.8281 -1.51183 
-2.60214 1.59267 -2.9918 0.319677 
-0.408238 -2.56897 0.509097 -2.1663 
-0.212235 0.455255 1.02215 -0.792891 
1.24249 -0.0376925 -1.39451 -0.337346 
120.912 -1.53317 0.721267 -0.511909 
0.0681499 -6.18974 4.26994 3.18765 
-9.192 0.0584435 -1.46639 1.51509 
29.0998 4.28874 -3.96922 -1.23718 
0.215646 -1.48881 -1.41238 1.58222 
0.150778 6.08898 -1.33752 0.338626 
-3.53023 0.482071 5.7601 -1.4641 
-1.35429 1.46917 0.171719 0.498544 
-17.2208 1.02019 -0.496542 0.285956 
-0.381396 2.45001 -1.47996 24.7106 
-6.7881 0.520982 -0.274521 -1.33961 
0.102989 1.27541 0.239457 -0.710897 
2.36796 -0.149274 -2.80932 -0.465384 
-0.60093 -4.26356 -5.78209 -0.722188 
-0.868539 0.169092 -5.93613 2.40991 
-0.775702 0.860639 0.189712 -0.35996 
0.33912 1.30916 2.44837 -0.459291 
1.23405 0.0692732 0.370159 0.621729 
2.2658 -0.875115 -45.4133 0.529013 
1.19466 -8.29738 -0.0250323 -18.2297 
-0.266231 0.152619 -0.67253 1.07588 
0.183205 0.376041 4.15595 -3.52937 
-8.5587 -4.99329 1.66066 0.406129 
0.672614 -2.15231 -0.135452 -1.9141 
-0.598439 -1.22974 4.53573 -2.61727 
1.17075 -0.0854394 0.114578 -0.662098 
3.27912 0.390251 -0.130818 0.494336 
-0.305308 0.934644 4.11325 27.3409 
-0.0929833 3.24662 -0.519904 -0.0717557 
-0.608538 0.782252 1.09805 0.0659704 
3.56896 -1.07594 -1.34351 -0.339469 
1.07286 4.3628 1.15894 -0.93821 
-3.60559 0.164275 -0.217262 0.308637 
-1.00966 -0.14793 -2.30655 8.43232 
-0.88788 -0.0112436 0.310987 0.04228 
0.522755 -0.0966805 -0.413634 -16.5204 
6.54918 -0.217624 1.54768 4.94734 
-23.7303 -1.13912 30.8968 3.96581 
0.253658 -2.01541 0.213036 8.15327 
1.00459 -0.0875523 20.9471 1.95834 
-1.15083 0.732313 10.2739 0.0345505 
1.23281 -3.5185 55.5473 -10.4264 
-2.92547 -1.31148 0.805586 0.42753 
-2.61482 -2.6663 -0.38889 3.30372 
2.61212 -0.0686091 -1.16004 0.433072 
-2.95075 -4.22261 -0.658327 0.848958 
0.885551 -1.25255 -0.428201 -0.493231 
-2.96202 0.85304 -0.173011 1.6697 
-4.28539 1.78753 -1.52292 1.23941 
3.53767 -0.252842 -1.47039 -0.314898 
0.0436567 -6.54631 0.374336 -2.58871 
-29.2066 1.67388 7.15142 -0.0350316 
49.067 0.603262 -0.236569 0.358301 
-0.850553 -30.5665 -0.258788 2.33743 
0.354321 -0.479505 0.0116089 4.84693 
0.34717 -4.11618 -0.0667432 -3.36544 
11.9228 0.382272 8.47877 0.629643 
121.043 -0.289597 -1.73864 -1.23035 
1.27036 1.3864 0.651982 2.27333 
-0.683956 -0.191695 -0.659324 1.80328 
0.247715 0.286052 -21.6452 1.09968 
-0.029794 0.334646 0.578018 -111.338 
-3.26686 1.32951 4.9645 5.29065 
-1.36198 -0.649367 0.859158 25.3426 
-0.10069 0.940267 2.26401 1.47468 
0.0878801 -7.21268 -2.14916 -0.727604 
-1.92792 0.702548 -4.36819 0.871905 
0.0894927 2.41 -3.367 0.190484 
-0.567394 5.7486 -0.116157 -0.367525 
-0.598583 -1.13982 0.604444 0.119498 
-1.54446 1.21934 -5.48781 0.0252177 
-0.356487 47.707 -0.0265195 0.453293 
-0.34523 -4.859 -0.50407 -1.13475 
0.309591 2.96981 1.08828 0.913614 
-5.98223 -1.22426 1.58641 6.50499 
-1.8442 1.19804 12.9299 0.312522 
-0.229647 -0.293219 -3.45933 -3.52929 
0.464955 -2.05572 -0.388209 -0.648332 
6.76538 0.0664922 -1.10108 -0.204895 
15.9032 -13.5887 1.78542 -9.88064 
-4.9365 1.13067 -0.445148 2.23257 
0.0817283 1.74651 3.8921 -4.52278 
-0.645179 -1.70738 -41.3678 -0.823859 
0.752181 0.634575 2.21165 3.93551 
-0.132332 -0.787148 -1.83338 -4.61746 
0.909264 1.34892 3.69982 0.175008 
6.70878 -1.08605 -1.38501 0.36192 
0.265207 0.199067 0.969732 -0.505988 
1.45037 1.40373 0.341343 1.54291 
-1.31226 -0.00607109 0.00330814 -0.33456 
-0.844458 1.19849 -1.87113 -0.752029 
-1.75458 1.86869 0.494752 -0.75131 
0.0436427 -13.2616 -0.123799 -0.807829 
1.50814 -0.926191 0.513442 3.17627 
-3.45625 -0.875031 -0.100556 13.1946 
1.19169 1.25737 -7.0414 2.84982 
-0.635574 -0.596281 -3.96468 -1.99398 
0.0610191 0.891182 -2.47498 -1.32536 
-3.92523 18.1898 -1.66927 2.35048 
-0.513195 -1.28669 1.32009 -0.75308 
0.895452 0.447418 -35.7204 -0.29988 
-6.38493 -0.532112 0.499856 1.68176 
1.25856 -7.84344 -3.34504 -1.04247 
-3.10857 -1.07474 1.8731 -0.782858 
-0.799603 0.233561 -0.858893 0.614742 
-0.175369 1.52395 -0.777308 -0.448489 
-4.35602 0.646082 -1.92201 0.249367 
6.56276 0.73016 -1.91049 0.411465 
-2.13829 0.323606 7.92761 0.520534 
3.29368 -1.21462 -1.73851 0.521116 
-1.18032 2.36085 0.573573 1.05654 
-2.24587 -3.22723 -0.0245504 -1.14296 
1.3761 -2.41086 -0.0430968 -1.08598 
4.63718 2.23892 3.62587 23.1723 
-2.0834 -0.0768591 -2.02731 1.64556 
-0.0499037 0.204249 -0.956884 -0.215066 
0.913611 7.892 0.0425228 1.27535 
0.311777 2.59678 -0.656402 -1.77295 
-16.0048 1.05105 -0.300325 0.719434 
4.04157 0.898654 -0.657394 -5.84097 
-62.261 -0.0633532 -1.76405 1.4491 
-0.360029 1.51669 1.56622 2.53279 
-0.23102 3.56425 3.23481 0.119004 
-0.826501 -0.175565 -0.167928 -0.972523 
9.22006 -0.296524 -0.0715036 5.77155 
-0.584356 -2.19024 0.166462 8.61785 
0.488982 -0.0305918 2.21579 9.45564 
0.271877 1.84975 0.865822 -2.19842 
-0.969817 1.71113 -0.807243 1.2193 
1.3132 1.87253 -0.684648 1.35961 
0.713302 -0.384918 0.384443 -2.00903 
0.545165 0.168786 0.602802 -2.69558 
1.26917 -0.191137 -1.17425 -0.179406 
-10.059 0.0166006 -0.141269 -0.364422 
-0.901415 -1.32161 0.125509 -0.608675 
0.328 0.679248 0.26918 1.09047 
5.25583 -0.969404 6.22566 -5.37981 
1.66053 -1.65779 -3.01206 0.934355 
-3.19426 0.51508 -0.159554 0.636533 
-19.9235 -0.193539 -55.224 -1.06197 
0.365148 2.38909 0.446003 -18.8612 
-0.052991 -4.80733 0.819722 5.53577 
0.161489 0.660635 0.631516 0.675718 
0.268895 0.0852594 -1.23704 1.14393 
1.92095 112.487 4.33033 -0.704101 
-1.1533 -0.353859 9.75164 -0.364369 
0.863085 -3.29367 9.13939 0.836763 
-2.33908 -1.46328 0.443808 -3.07272 
-0.587053 0.950146 -0.718 4.01598 
0.334887 0.485209 44.7096 -4.76889 
-1.30921 1.13039 0.229186 0.882189 
-0.0769384 3.1953 3.65698 -2.46042 
0.390348 -0.488755 -0.962975 0.390037 
0.0348565 -0.120111 -3.26036 -15.6094 
1.15589 -0.603627 1.60838 0.605488 
-0.861644 -0.402206 -0.897684 -6.41097 
0.292954 7.34945 1.06041 10.2505 
-0.325517 -0.887531 0.405306 -3.51521 
1.18786 -0.724133 -0.175773 1.75657 
-2.30806 0.590863 -1.25683 6.88548 
0.0294919 -0.69778 0.066471 -0.110428 
0.716836 0.0482018 0.337883 0.963325 
0.23557 -2.18532 0.0216554 -1.83196 
2.77984 -4.15342 -1.76979 -3.77506 
-0.879277 -0.0895274 -1.44211 -0.221534 
0.0567006 -1.57642 -0.806394 -1.66905 
-0.721195 -0.0489845 0.191013 -2.94141 
56.8927 -0.666248 5.08387 -0.354168 
-1.3699 -16.6021 2.32281 0.452088 
-0.968042 -0.41931 -4.41874 0.825716 
-2.41176 0.0275428 -1.48399 0.962113 
-0.123036 -0.749643 -0.441223 2.78692 
7.28154 0.158299 0.967986 1.3572 
1.5323 -3.8646 0.306109 -0.892633 
-3.42111 -0.230841 1.35503 5.29716 
-1.19493 -1.43441 1.42901 0.255532 
4.23661 -1.29298 0.781824 0.668731 
0.0601345 -2.05669 1.00031 -2.49975 
-4.20861 4.19544 0.993416 -2.39537 
-7.06227 0.639661 -0.865463 -9.29942 
2.7004 -0.0647522 -35.0167 5.91821 
-0.551196 -2.81959 -1.21311 2.29208 
1.73724 1.58745 0.468409 -0.886312 
6.6967 3.07225 0.480578 -1.57309 
0.382867 0.321254 -4.49805 0.574183 
-2.16505 0.960893 0.872149 -0.322815 
-1.12618 -0.347208 -0.330283 3.81684 
-0.143412 1.59417 2.63578 -0.0167262 
0.0544301 -0.390597 2.29592 -0.839125 
-0.975351 -1.53129 64.3424 0.261052 
0.892351 0.935598 -1.41258 -1.54847 
0.860013 0.234217 -3.50935 -2.22853 
-2.21252 1.18866 0.350417 -12.3306 
0.701859 0.350252 -0.00522601 -1.36908 
-5.14916 -1.94496 -1.57835 -0.272764 
-0.104073 0.432501 4.64058 8.91913 
-0.164796 2.03198 1.1416 1.58181 
1.5559 3.26123 -2.00542 1.58306 
-1.0101 -0.297475 -0.461524 2.98882 
-15.9506 -2.24405 -1.773 0.494359 
-381.086 2.02118 -0.158706 0.0783501 
0.344983 -5.7024 0.885158 2.96788 
-0.0766751 -0.485511 -1.07706 0.867975 
0.433234 2.65182 -0.31598 0.623673 
40.2777 -1.57033 0.662587 3.13119 
-0.607963 -0.024833 0.477409 -20.2157 
-0.3735 -0.140947 0.702782 -0.414163 
1.16026 -0.186901 1.47724 175.936 
-1.09451 -0.271317 8.25215 2.56272 
0.374744 -2.52738 -0.810156 1.72307 
0.130855 -0.441162 1.20995 0.202546 
-0.976785 6.94337 1.7947 -0.149802 
-2.4152 -0.245988 -10.9159 514.394 
-4.00388 -1.26243 -13.5516 0.125057 
-1.62709 1.41048 0.47405 0.467862 
-0.325836 3.86796 0.0395882 1.80945 
-1.62686 -9.79622 0.401714 -2.85315 
1.14198 0.751388 -2.78179 -0.787994 
-0.123177 -0.361097 -2.54355 0.663318 
12.9029 2.08007 -0.693571 8.26239 
11.8631 -3.08643 -1.6163 16.3583 
3.37804 0.0894018 -4.50275 -0.789205 
-0.952893 0.399447 0.941456 -0.597045 
-0.855876 -0.627198 0.317426 -0.142735 
-1.36937 1.14098 -0.0240237 11.3523 
0.48954 6.66377 1.14448 0.0254886 
-0.488255 1.1455 -2.47912 -2.07778 
4.65995 -2.21024 -1.4264 0.77587 
-0.542118 -1.90543 -0.270503 1.18453 
0.223578 0.753752 -0.513539 -0.803317 
-3.15045 -1.17603 0.0243901 -0.333697 
15.0391 1.99928 -1.27291 0.351633 
-0.280179 -9.69964 0.782492 -2.35028 
0.662747 -0.815326 -0.120414 -0.60789 
26.4694 -2.27989 10.1478 8.48566 
-25.1076 -0.12227 -1.74749 25.0641 
-5.02718 -0.601321 -1.89171 0.147225 
-0.505566 -0.0485365 -0.0389192 0.145519 
-0.21667 -0.908334 -1.52221 -0.0210925 
0.555379 3.25014 -0.0950622 -1.28482 
-0.816448 0.942369 -5.59389 -2.00324 
-1.76596 -3.0342 -0.102035 -0.366729 
0.388993 2.82709 -10.7872 -0.622144 
3.25238 -0.457469 3.60153 1.05046 
-1.72724 -0.217023 -1.18821 1.48645 
0.758264 -0.927393 -0.242663 -19.2436 
-3.88045 -2.59979 0.321927 -0.497929 
1.498 0.0653981 -0.60222 -0.846554 
-1.12779 7.63689 0.173844 0.366736 
2.76414 -9.40364 -0.904425 -0.664126 
0.552862 0.0939348 -1.88813 0.726973 
1.03971 0.158657 4.89617 -1.01541 
-6.49117 -1.94578 6.33455 0.6369 
-0.361794 0.520745 -2.53076 -1.27231 
-1.33333 -0.145106 -0.105331 -0.696991 
-0.140754 0.479494 -0.378095 0.255803 
-381.539 -1.40265 11.3534 0.376034 
-4.92798 3.16247 -0.246013 0.211892 
1.00355 4.27385 -0.281284 3.11969 
-3.09862 0.459781 -0.412664 -0.166101 
2.26366 0.206634 1.28857 -1.66594 
0.288353 -0.574624 -0.55045 -1.61365 
-0.0279368 0.120218 -0.119605 0.944802 
-0.722113 0.419174 0.934094 -0.397955 
-0.148115 -0.0643962 -0.259859 0.260718 
-45.7692 1.47065 13.3717 0.755342 
-1.68484 0.153573 3.99869 0.604363 
-0.217863 -1.7856 3.21703 -15.9941 
-0.0214697 -0.745679 0.334623 -0.478346 
3.91473 -1.86956 -1.10417 -0.96861 
0.17328 -1.04224 -0.118817 -51.3127 
1.09917 -0.0474717 -1.79128 -0.618346 
-1.22683 -0.312599 -0.196169 -1.22468 
-0.864054 234.456 1.3214 0.804916 
-0.307604 76.6843 0.210885 0.634977 
-0.662836 -2.11286 -0.111808 -1.14454 
-1.043 0.685556 29.8696 4.73705 
0.992273 -0.0853578 -0.173945 -5.30476 
-2.00098 -2.72958 -0.157539 -1.08784 
3.26541 1.64726 -0.282778 0.650075 
-0.798966 0.580896 0.602035 -0.159041 
0.740553 0.613458 -1.60515 0.26571 
1.49815 2.7044 -1.57258 -8.40687 
-1.52348 -5.13713 -2.87315 -0.316288 
0.295792 0.0821733 0.0567925 0.21022 
-0.700388 1.25555 0.590646 -3.02305 
-0.18301 -1.91788 1.12964 0.469761 
-0.678657 -5.78253 4.59156 0.102403 
-0.868701 0.524725 -2.46638 -0.247555 
-0.57579 0.350825 0.46629 -2.66419 
-3.53117 0.729362 2.87342 0.6615 
-1.19546 1.9658 0.0158623 -0.548662 
2.0776 0.401939 0.00668944 0.010242 
-0.704619 -0.498229 -0.33029 1.51285 
1.50539 -0.346816 -3.83433 0.192871 
1.06329 6.85115 0.785622 -0.256275 
0.481665 -3.47853 -0.427649 0.0979341 
1.10224 -2.58613 -0.504267 -0.831803 
-0.763944 -0.695264 -2.62707 -0.822159 
0.0149801 -56.7777 10.3431 37.6671 
0.622838 -24.0218 -0.736284 0.370471 
-0.435854 1.32682 -0.460976 0.877456 
-2.63703 -0.277059 0.989284 -20.8684 
-3.85881 -0.663848 0.648644 -0.244797 
0.661896 -0.180424 1.67734 -1.01709 
0.215379 -1.16289 2.44293 0.753151 
1.25647 -3.36348 1.41742 -0.0129172 
0.0640547 -1.73144 0.731144 0.437212 
1.20748 2.4114 3.6121 0.392832 
-0.109569 0.582137 -2.10875 0.632116 
-0.0653143 -4.45243 -1.09465 -2.58093 
-13.0411 -2.57496 0.767646 -0.0981074 
-0.0778866 -0.168371 1.46324 0.320413 
0.387642 -0.121307 1.36208 -0.14486 
-0.422528 1.51042 -7.78727 2.49882 
0.287431 -1.11595 8.92481 -7.3782 
-1.09269 0.159237 0.22874 1.77237 
1.01261 0.21404 0.947756 6.62185 
-3.22214 5.56162 -0.269582 0.156469 
-1.1653 0.474789 0.640254 1.49574 
-0.25888 -3.46416 -0.934012 -0.742044 
2.49058 0.131754 17.0599 -1.0385 
-0.321089 -0.192977 -1.17725 0.361539 
-1.42916 -3.9841 -0.930274 -0.412715 
8.91877 -0.735559 3.83497 -3.3212 
1.19051 -1.69055 -0.216437 -0.128785 
-0.490988 -1.35664 -0.123963 -1.45128 
-0.561901 -2.70867 -0.263502 -1.90375 
-0.592628 11.2853 1.0861 1.59678 
-7.37451 0.39131 -0.928022 0.280026 
-0.253551 -2.23291 -0.0736075 -0.946658 
-0.403503 -1.8569 -5.39423 -0.2174 
1.33746 0.620912 -3.66453 -0.617118 
1.25483 1.57418 39.8655 0.799074 
-9.36469 -0.770441 -0.0558874 -2.54925 
-0.835771 1.40191 -0.607978 0.13014 
-1.62387 4.94172 -1.39503 -3.75439 
0.848925 0.71426 4.26208 -0.764751 
-0.747512 -9.98866 -0.724716 -0.267004 
-0.412711 1.38186 5.91284 0.0642202 
2.32288 -0.586073 -9.74397 14.7787 
-7.41915 -0.668346 -3.61281 -1.4371 
-145.022 4.42049 -0.0675684 0.1222 
-1.27649 -4.85148 -0.189586 1.14993 
2.90551 0.559694 0.00813613 0.233927 
-0.279975 -1.79595 0.179708 11.9949 
-0.303534 -0.957227 1.76357 -22.0465 
-0.0561098 0.702354 0.963269 0.896269 
0.200189 1.17041 -6.60825 1.046 
0.169236 -2.37638 0.0189334 1.05535 
-2.92044 -2.0122 -0.903883 -0.546089 
-0.652538 124.196 -0.0876733 -0.540062 
0.972132 6.64483 -0.0211682 -0.167581 
-0.736841 0.266968 -1.24605 0.673046 
1.04465 -0.803377 0.115234 -0.415885 
1.14845 -1.0187 -0.0583371 -5.62016 
-0.149467 0.103114 -3.05994 -4.05994 
-0.677887 0.607649 1.82666 -1.08552 
0.133365 1.86008 0.342806 1.94541 
0.909812 1.10421 -0.48388 -1.05962 
1.10146 -0.0838368 4.50374 -0.0680452 
-1.28798 4.35785 0.531443 -4.25396 
-0.307848 6.75914 -0.621491 -0.0629123 
0.90148 -9.8977 0.960685 -1.52062 
-1.70539 0.822872 -10.1054 -3.34612 
-0.741222 0.241029 0.174525 -1.00457 
-2.29662 0.424138 -0.373568 0.92969 
-1.85027 -0.118862 -1.43554 4.29006 
2.54559 1.22488 0.0724975 -6.26361 
-0.122024 3.11479 -1.12647 0.241101 
0.644096 9.91204 -864.061 -9.34262 
-2.02608 -0.0605941 0.263679 -0.633331 
-2.27455 -1.31307 -0.53623 0.243558 
2.27839 3.85054 1.9985 -1.45105 
-0.471235 0.521475 3.70246 4.50559 
-0.268879 -0.154626 1.63778 -0.658638 
-1.60934 -0.395888 2.277 0.685096 
-2.35225 0.0612557 0.818137 3.66922 
-1.71896 0.794838 4.88827 -1.86101 
0.26534 0.753462 -0.71991 -1.74917 
-0.343694 -10.7568 0.83197 0.157655 
1.82418 -0.095467 -0.258893 -0.877674 
-2.98564 9.69175 -3.50919 -1.56585 
-1.36079 -78.9262 2.34859 4.3322 
0.697712 0.152847 -0.264878 -0.0539842 
-0.113568 -1.74612 -0.617326 13.3287 
-0.774054 -0.869262 -9.18608 0.770657 
1.50785 0.108513 -0.253433 2.10258 
2.23576 -0.866391 -1.82148 0.617654 
0.462053 12.4368 1.38783 1.30996 
-1.05236 4.00497 -0.739991 -0.915603 
0.117529 0.456959 0.707888 -0.334584 
5.374 2.13623 -1.00646 16.6759 
0.14368 0.751621 -1.11677 -2.56036 
1.39666 0.422595 59.0136 0.987235 
-4.39428 12.448 0.009483 1.38389 
-1.04664 0.664183 1.14147 0.0905686 
-1.49435 0.704931 -0.262976 -6.35888 
-0.769446 -0.753315 -0.339117 -4.11927 
-140.011 -0.0855769 1.61692 -0.417366 
-4.40017 -7.14073 -0.275508 0.697716 
35.9053 57.2551 0.947715 -0.866335 
-1.74708 5.38447 16.245 -1.07379 
0.496005 -5.01502 -0.209903 -1.86048 
5.18194 0.873574 0.169306 4.85245 
2.81186 0.54762 1.32495 -0.219089 
-0.415732 -3.72944 -0.685384 -3.45968 
2.05836 -5.22139 -0.137476 -1.32196 
-0.565635 0.503521 -0.708315 -0.327767 
0.544893 0.961716 -0.680613 2.3956 
-2.36336 0.0816547 1.62004 -0.656009 
0.348116 0.676764 -4.28081 0.913331 
-1.20143 -0.220401 1.44483 2.51841 
8.68817 0.0479634 0.0145028 2.52087 
0.373336 -0.449488 0.738237 -2.52497 
-1.4771 0.297433 -1.55572 0.210909 
-3.23719 -0.140046 1.46639 0.179235 
0.250662 0.0168475 1.35425 -1.2238 
-0.205768 1.88223 -0.371395 1.72493 
0.157982 4.39889 -5.44418 1.09481 
0.265728 -2.32969 -1.94781 -0.537497 
0.756695 -0.769988 7.04168 -4.70945 
-2.28353 5.51204 0.732572 -1.44833 
-17.3067 -1.34159 2.51289 0.976722 
-1.5412 -0.660765 -0.0542113 -2.62791 
-5.00914 16.5133 -5.62811 -0.311815 
1.02206 0.91936 0.831562 1.58775 
-0.924442 0.853353 -1.36623 0.598603 
-1.31702 0.130106 -0.538962 4.56884 
2.09294 -1.71078 -0.199323 2.94252 
-0.16092 3.36964 2.95665 1.3318 
1.72019 0.713184 -2.67907 2.22025 
9.95002 -0.00565811 -2.56087 0.0241717 
4.51598 1.38836 -3.72363 -0.217294 
-0.355879 -7.01749 0.78207 -0.189709 
2.87612 0.52504 -13.5924 -3.45887 
-6.53483 0.697342 3.76437 -4.95591 
-4.59519 1.88892 0.524786 0.683308 
-3.86376 -0.285736 -0.422233 -4.35982 
0.0749698 12.6793 0.896794 3.99366 
2.17051 -1.04818 1.75128 -0.236966 
-4.5539 0.445859 1.7813 -0.971107 
-0.184507 -0.0503353 0.431585 1.00359 
1.75099 1.86519 -0.280633 0.170566 
1.05778 -1.47289 -0.232951 -0.533502 
0.952781 0.636551 0.668721 0.0145911 
0.231642 0.0227361 -5.17583 0.312296 
1.93245 -0.907889 1.94766 -0.0767585 
-0.243212 -2.51864 0.604627 1.40605 
-1.48395 -0.385097 0.990613 -1.41335 
-0.502358 2.33054 -0.422322 4.60489 
2.38975 -0.148009 0.0519435 -3.32882 
-0.992242 -0.697621 0.379124 6.04152 
-8.32447 0.962372 -3.59058 -0.279039 
-2.07886 -0.128151 2.19951 -0.614963 
0.330526 -0.604762 0.725756 1.20997 
0.00330359 -0.0594003 -0.925489 0.978341 
0.162096 -2.92089 -2.55112 -1.61882 
1.38569 1.95827 0.795999 0.178568 
-0.401237 -0.638411 5.19031 0.448223 
-1.03673 0.291986 -0.253367 0.866905 
0.379176 4.83727 -0.244053 -0.380477 
-0.356374 -1.33822 2.3404 1.9148 
0.178672 -312.011 -1.48682 -14.9154 
-2.3086 6.73642 -0.0562199 0.590829 
0.616834 0.587866 5.10652 -1.61909 
-3.9469 0.78154 -0.0415611 -0.0980775 
-0.816366 -10.0348 -0.242452 -0.164076 
0.313331 3.03976 2.53497 -0.648497 
2.97305 -0.249429 0.675153 0.17694 
-0.605574 8.28168 1.49669 -0.429198 
1.90742 2.01164 0.383853 1.29338 
-3.92468 -2.52342 -3.94985 0.26301 
0.351143 1.88263 -11.2509 4.21196 
2.32758 -1.13179 -9.11354 -1.08703 
-0.154022 0.99477 -5.16387 -0.00966968 
0.490494 0.128542 -1.55245 -1.50522 
-6.24316 -0.542346 -3.82934 -1.47594 
-1.76984 -0.3465 0.775419 -3.1089 
20.1765 2.01422 -0.0617819 2.55538 
-5.13945 0.12488 1.30135 0.320153 
-1.69106 0.0374375 2.70246 -0.261921 
0.146019 1.54915 -0.643105 2.86159 
0.530684 -0.652316 -0.479637 4.84181 
-2.76216 1.26442 -1.51578 3.15909 
0.645018 -0.448031 -0.523576 0.775082 
12.8947 -0.709406 1.48861 0.876522 
9.09629 2.64136 0.172592 0.563657 
0.72562 -1.21336 -4.70597 -0.15377 
1.63489 -1.87636 11.2911 -2.03188 
0.520696 -5.61976 1.43547 4.45319 
1.30375 0.190325 -2.07955 1.44032 
-0.267096 -1.28572 1.49121 0.0976112 
-0.716598 2.06306 0.666146 -0.636076 
-0.395344 4.50309 0.687127 7.42234 
-16.1331 0.245377 1.2149 -1.15639 
-0.530749 1.3125 1.24438 0.292821 
-1.09017 -0.14874 -22.1158 -0.839974 
-0.443329 -0.506573 4.77635 -0.218349 
-0.786732 -2.9435 -3.05792 -1.02713 
-0.0309535 -0.34315 1.1935 2.97604 
-9.53375 -6.06365 0.223148 -0.0926845 
6.24633 0.814375 0.67049 -0.865317 
-0.0351491 -0.457253 0.342086 0.517957 
1.0358 1.22597 0.400255 -4.70413 
-0.185561 -0.360745 0.462442 -0.840711 
-2.15209 2.23697 0.19915 0.274986 
0.538713 1.64778 9.02655 6.77835 
-0.933969 0.210185 -0.650678 -17.3129 
0.9251 0.0406022 -0.566193 -6.28979 
17.2564 -0.0139625 -8.3275 -1.89032 
-19.0187 3.1672 -0.163678 2.15715 
0.211475 0.221892 -2.81578 -1.00684 
0.557142 0.0747518 -0.998628 0.299056 
0.674122 0.245009 3.55676 1.96786 
-3.97591 3.94909 3.36892 -6.78546 
-1.45746 -2.80496 -1.91668 3.36929 
1.00662 0.703573 -3.68657 -0.634887 
0.633487 -0.51826 0.881339 -1.6947 
1.34784 1.88986 3.8522 1.05283 
-1.02617 -2.16478 -0.532278 -0.419432 
-1.50909 -1.07443 -0.619538 -4.83508 
2.8304 -6.37626 1.29583 0.896784 
0.159524 0.148625 2.39942 -0.383209 
-1.56729 -28.0072 0.338833 -20.5147 
1.06821 4.54463 0.178816 0.842444 
0.331567 -2.26415 2.82288 -0.240833 
6.87087 0.832681 0.00454074 -0.463362 
-10.9609 0.250265 -0.678107 -2.72797 
0.0923139 -2.02222 -0.0342273 -0.456442 
1.99235 15.6126 0.0383919 0.0933148 
0.683211 -0.497242 0.791278 0.844771 
-1.675 -0.388437 -2.77948 -1.22165 
143.452 -4.6842 -10.5158 0.0888607 
0.0540609 0.0786012 -0.939624 2.10619 
-0.682438 0.635562 1.33414 -0.840656 
13.7406 -0.357573 0.439393 -3.30002 
-3.18765 45.4508 -1.6169 -0.76648 
0.94436 0.301293 0.58222 0.657208 
0.181326 0.231943 4.28711 -4.24375 
0.6793 -0.487671 0.911407 7.87113 
2.65911 -3.2964 1.80893 0.0567514 
0.0297681 9.69768 -1.2572 -0.959883 
0.987803 -0.0627079 -3.52122 15.3707 
7.33365 0.427995 5.54841 1.04093 
10.7425 -1.53613 1.09241 0.444443 
0.418294 4.30948 6.70255 16.4898 
-105.506 -8.95587 -0.431923 -1.23882 
-0.319845 1.65927 -0.447723 37.029 
0.13114 1.39046 -0.223485 4.35853 
-0.675276 6.59428 18.4499 13.3902 
-1.40162 -0.764449 10.7461 -0.289316 
2.83965 -2.34693 -1.03112 -0.455804 
-3.27675 -1.01608 1.27843 0.516854 
0.437 3.90546 2.71641 0.743678 
-11.7935 -1.08715 -0.415366 -2.17517 
0.11295 3.04253 0.8233 0.173795 
-2.26144 40.0367 -0.746366 0.385394 
-0.228512 -1.09957 0.950624 0.0163355 
1.60416 0.490264 0.207385 0.481493 
-2.16375 0.341476 1.0843 0.368209 
-2.17483 -6.21244 1.35995 -0.132652 
-0.624895 0.671004 -0.780524 0.205506 
-0.619391 0.832908 5.44225 4.4304 
1.13844 -0.517609 0.159924 -1.75498 
8.79909 0.873114 1.06676 0.362144 
0.483913 -0.986799 0.396635 -1.25659 
-0.123069 -0.758478 -0.207099 1.56969 
-0.855911 -1.50082 -5.27675 2.3106 
0.36061 -1.46005 -1.29218 1.86359 
-1.39101 -1.90883 -2.96776 -0.00797116 
1.56081 -1.47442 4.42064 7.60849 
1.46758 1.24006 0.446202 0.995667 
-0.318219 -0.533393 -1.36947 3.7563 
3.91424 -0.117751 0.800944 -1.32291 
0.112155 1.5539 0.804517 -0.734782 
60.8383 0.67995 0.524625 1.16479 
-0.222882 -1.24365 -0.584979 1.62635 
0.283056 -4.49221 -0.0831093 0.170576 
-0.513581 0.649084 1.85765 11.6951 
-0.021958 -0.345311 1.00792 -0.24512 
-1.03356 2.10607 0.479729 -0.035116 
0.52061 -0.591354 -0.0324398 0.297572 
0.889804 1.98685 -5.64168 1.72199 
-5.15402 0.916795 -1.08381 1.17076 
-6.14733 1.12992 2.0502 1.20893 
-2.69092 0.86264 -0.515142 2.09678 
1.81695 0.325809 0.247508 -0.873575 
1.45201 0.4631 0.955428 4.46579 
76.7511 -2.31593 1.542 -3.78663 
0.0138542 -0.336619 5.13986 -0.164834 
0.209827 -3.68671 0.622173 8.41067 
0.255893 1.24891 1.67176 21.4935 
0.074773 0.688119 -0.804711 1.61568 
-1.4727 -1.36049 -0.0935461 0.684169 
-0.54108 3.29644 -0.214976 -0.694011 
0.471987 -2.26158 0.793797 0.143145 
0.453944 2.40768 4.04736 2.17456 
2.34159 11.7503 -0.0383974 5.42613 
0.480488 0.169774 -0.614053 1.61215 
-25.0506 -1.41005 -0.90235 8.60248 
-0.345445 -4.3159 1.30111 1.13893 
1.01972 0.431724 1.74157 0.147962 
-2.87656 5.71219 -0.195273 0.0728597 
0.044251 -0.186951 -0.137914 -0.349683 
6.23757 1.44824 0.187854 0.267638 
-1.40037 0.198847 -4.18311 -8.33384 
2.13325 -0.233532 4.31323 -0.978955 
-0.0576736 5.52746 -0.714398 -0.227946 
-1.16474 -0.639976 -189.52 0.165846 
0.289871 -7.50214 0.230473 1.07622 
0.0138496 0.502411 -2.71597 0.0399956 
3.58964 0.751485 0.304329 -0.743575 
-1.06668 -0.155101 -0.619443 0.330914 
-26.0617 -0.328784 0.106087 0.135107 
-2.33503 1.08996 -1.45388 -0.411687 
20.1953 1.28183 -0.116384 26.0679 
0.705186 -1.42528 -0.454761 0.581986 
-0.962072 0.461037 -38.6906 -0.978226 
-6.50476 1.55495 -8.32155 -3.09067 
-4.86597 0.150925 -4.26392 0.571752 
-0.566716 0.0083044 -0.898729 -1.40976 
0.518169 1.94277 0.21763 -0.862359 
-1.03437 -3.41282 -21.6466 -24.223 
-2.11215 -3.05861 2.02132 0.0348079 
0.78853 -0.194032 0.903089 0.463286 
0.378029 -2.45517 -78.809 -3.94606 
-14.8303 -18.4569 3.45902 -0.794341 
-0.869843 0.0337825 -0.965396 -0.48738 
-1.29901 1.8542 0.893853 -0.750285 
-2.33514 0.64877 -0.632967 -4.87364 
-0.00648784 4.52385 -0.914811 1.47383 
-10.0675 -0.023789 -1.47628 1.94366 
1.47765 1.37767 -0.257575 -1.27252 
0.0377068 2.01456 -5.85302 0.362055 
-0.780903 -13.6278 4.08069 -1.10779 
-4.41814 1.2158 0.577552 3.38244 
-1.28842 14.5926 -0.449999 -1.59387 
0.238605 1.28706 -0.175631 -0.526377 
-0.748289 -0.898553 1.27511 2.37682 
0.195337 0.0986128 0.794895 0.632456 
-1.61817 -0.422422 0.654509 12.6195 
-9.822 0.0293281 -0.113455 -0.327768 
1.04521 1.94498 0.411146 0.161839 
0.122912 1.03587 0.15062 4.95562 
12.0063 1.14897 -0.278661 -4.05599 
-3.70467 1.29301 -1.72104 15.5187 
0.438224 -0.714132 0.140701 1.86459 
0.332584 0.554544 -5.27549 -16.792 
-2.89355 1.15041 0.544442 16.0775 
-2.06419 1.1232 0.0665734 -0.249678 
0.403457 12.8937 -0.279731 -0.606934 
-1.8033 1.11338 -2.39664 -1.08887 
-0.495021 1.99452 0.164131 0.325551 
0.319059 0.215885 -2.81437 -1.45374 
0.263246 -2.04059 0.790664 0.793168 
3.69299 -3.57365 -1.39249 -9.6558 
-0.237703 0.106426 11.9642 -0.649708 
-0.604582 -5.52719 11.7564 -0.016869 
-4.29983 -1.61929 -0.614553 1.31058 
0.310961 -3.76241 -42.2155 -4.84477 
-0.256571 -0.299769 -4.32272 19.9816 
1.01054 -0.649241 0.00020686 119.902 
-1.76991 0.970006 -0.147236 0.510988 
0.160672 -0.569739 1.63828 3.39586 
-0.136725 0.638847 0.328953 -2.80546 
-8.9953 -1.63482 -0.708371 -1.31871 
-0.262795 0.0721212 2.29289 1.91767 
0.359957 0.227083 -1.31828 -0.0418789 
-0.0415064 0.433235 -0.498131 -7.67619 
-0.735871 -2.7961 0.910236 -8.38195 
2.32946 -5.71718 -2.16811 -0.822621 
-10.3712 -5.96925 1.14173 0.0655189 
-0.0670643 -0.154352 -0.228908 -3.16709 
-0.0216813 1.82491 0.171218 0.754367 
0.994398 -0.474705 -0.653018 0.754917 
-0.776529 -0.588399 -3.72821 -0.294193 
-0.231719 0.208223 3.64678 -0.155845 
2.65747 -3.44327 -0.0328468 2.69848 
36.9338 0.676537 1.89086 -1.42206 
-1.21283 3.00844 2.55035 -0.0513078 
-0.640699 2.37807 11.759 -0.414853 
-0.122497 -0.0977954 -0.603813 -0.575726 
-1.5648 0.868782 1.24167 3.25149 
-0.245739 -0.486127 17.9671 -1.27826 
-2.78179 -20.0407 6.74569 0.409546 
0.0618578 1.26054 0.687145 0.144791 
-0.313778 -2.39238 1.15795 -0.0429747 
-1.01027 -11.1199 0.797021 4.59389 
0.652649 0.292786 -1.12972 1.58062 
-2.12952 0.522016 -0.131938 0.588158 
-0.0451139 11.8364 4.76466 -135.143 
0.563354 0.145297 -13.3003 0.0892241 
0.636185 -0.531525 0.456109 -1.86805 
-3.85862 4.35819 -0.94821 3.86367 
9.13823 2.46189 0.516497 -2.71354 
-0.595384 9.13627 -1.20585 8.91449 
-1.80393 9.29837 1.78713 0.343156 
-0.433391 -0.720473 1.18177 -0.364301 
-0.0502768 -0.357671 -32.1431 -12.2363 
0.975448 -0.956407 1.44612 -3.59233 
0.469493 0.336131 15.1265 0.85797 
0.764295 0.126324 -0.0924723 -0.563474 
1.80436 -0.0781052 -0.815873 0.121416 
0.537063 -1.24292 -0.0101019 5.85674 
-0.275106 -0.950833 0.273526 8.67452 
0.80845 0.505302 -1.22274 0.253023 
7.14312 5.15051 -2.20086 -0.0293601 
0.434285 -0.0447776 3.21177 2.25168 
-1.69961 -2.10877 -0.0898718 -0.12268 
1.08088 -0.0523761 -4.49658 -0.434843 
-2.63401 -24.0323 -4.34305 -0.194424 
3.84983 -4.12231 -0.451952 -2.25222 
-5.89247 0.245363 -0.548201 2.84369 
2.47294 -5.71458 -0.659003 -0.189988 
-24.4095 0.719899 1.69974 65.5529 
7.73576 11.8509 -1.51009 -7.91376 
-74.6043 20.3709 1.70852 -0.56193 
-0.290279 0.0843286 -0.694439 0.805232 
12.7306 -4.14755 -3.8991 -2.01044 
-1.60434 -0.629496 0.258453 -2.42988 
2.26711 3.33561 -3.76851 0.503731 
-1.76226 2.7426 0.17838 -0.352811 
2.86464 0.301169 0.664404 1.83108 
0.786734 -0.0855904 -0.243379 2.01121 
-0.749162 -2.56715 -0.77969 -0.437652 
0.418353 -0.100926 -2.67074 0.0776332 
-0.930037 0.711114 -0.0728407 -68.0633 
-3.77535 1.75454 -2.31688 -4.57522 
0.685178 -0.205552 -0.104687 -0.618863 
0.0897341 0.799598 -0.395722 4.48122 
5.3335 -0.433668 -0.951689 13.6915 
-0.578844 1.88439 -0.0473887 1.04682 
-0.473381 -1.15953 30.4523 -3.35166 
0.465791 3.36602 0.113394 0.197486 
1.77337 -2.0012 1.06091 0.332156 
0.0158595 0.482351 -0.495557 -1.67216 
-20.8616 1.05336 -1.23995 0.232468 
1.34772 -0.287811 -1.20175 -7.6738 
-1.50553 4.72472 -4.19222 4.46928 
6.3453 -0.909556 -1.10342 -48.4362 
34.5506 0.698521 -0.0390903 -0.969783 
-0.113474 0.0408139 1.864 -0.651802 
-0.472272 -2.37984 1.21058 -0.378841 
0.906022 -2.61699 0.367462 -2.72954 
0.517783 1.33711 -0.704097 -0.810938 
-0.427211 -2.07465 -0.858463 -3.28061 
-0.463948 -1.94427 117.473 -0.0767591 
0.345007 0.35851 -5.30415 0.135088 
-3.36713 0.0520636 0.148394 -22.9421 
-0.896862 -0.0333749 -0.533811 0.431643 
-1.04996 2.29416 -0.400273 -1.09422 
-0.350716 0.389204 0.237313 1.33125 
-1.07655 1.11662 8.99564 1.70828 
0.798203 -0.46037 -0.201121 0.897651 
-0.127011 -0.119384 -1.5621 -0.0713926 
0.379547 3.65175 0.262768 -0.854735 
1.14256 2.51106 -0.671123 0.266269 
1.4084 1.08086 8.27365 0.427232 
-0.198835 0.141616 1.16505 -4.38043 
-1.82668 -0.768544 -0.0544173 0.0378689 
-1.67139 1.65952 -0.691919 3.79815 
-0.277023 -1.29944 0.269452 0.231086 
-34.64 -0.670068 -0.11459 1.62427 
-0.502781 0.995683 0.370285 -101.192 
1.16882 -0.739415 -1.04541 -4.86487 
-2.05944 -0.12234 0.174216 0.821225 
-0.167428 2.65019 -15.6644 0.278653 
-0.876261 0.0733712 -2.05057 0.285408 
0.678352 -2.45886 21.5728 8.15867 
0.186139 -2.04402 -0.252959 2.79115 
-2.7404 0.79214 -0.0024201 12.0381 
1.67709 0.960519 -0.406166 1.62337 
-2.26719 1.39643 -2.05445 -0.231253 
-0.778561 -0.0974149 2.55474 1.85004 
-0.0935351 2.19957 -3.00085 -0.262705 
0.250692 0.266154 -5.6373 -0.465497 
-1.16189 -2.95888 -0.368716 0.0378586 
0.00843796 3.59338 0.438086 -0.0423582 
28.6836 -1.03686 -2.03622 -2.22034 
0.0272202 2.87372 -1.16665 0.81529 
-1.10315 -6.50089 -1.41389 4.66024 
-3.06905 -0.404077 0.0859153 -0.80046 
8.66659 -0.232739 -0.718216 -11.7843 
0.712847 -0.237098 0.484535 -0.231027 
3.9432 -3.91012 -0.510748 1.05185 
3.40798 -2.02686 1.94151 -0.505824 
-0.754869 -0.249083 -0.0309763 -0.794337 
0.784912 2.86037 0.624848 0.748688 
-1.31996 1.15144 -0.0247763 -1.2925 
-1.06605 0.207544 2.62377 -2.37381 
-6.84488 0.0693089 1.71862 1.4945 
-0.078437 0.672748 -0.199013 -2.1166 
-1.26197 -4.12425 0.639528 -7.98708 
-1.48518 -4.8397 -1.66822 -0.693067 
0.987493 -0.815074 -0.0804509 0.462037 
4.51421 2.42724 -0.64965 -1.15937 
-0.328635 -2.1169 -1.161 1.75352 
0.112947 0.222175 -0.92189 0.820863 
-1.81735 -0.54986 -0.314595 5.3718 
0.407964 -0.758514 1.73573 5.2899 
1.49757 0.74494 1.8564 -0.918356 
-2.30307 0.392362 -2.33094 -0.781624 
1.45191 -0.228607 4.72819 32.3957 
-1.54195 1.66644 2.134 0.277944 
-3.36623 0.970042 -0.991569 0.620983 
-0.71017 0.235158 1.82984 -0.515962 
-1.6186 15.3671 0.992398 -0.618999 
4.54476 -7.15182 0.309584 1.12043 
-17.847 -0.120162 -3.51363 -19.8644 
0.433539 -6.42089 0.0654327 -0.0389753 
-30.671 -0.552316 -0.338461 4.27503 
-0.578161 -1.68066 -1.12084 -2.18617 
-3.53322 -7.2313 -0.0403489 -1.23072 
1.04302 0.201277 -0.64673 6.46043 
0.969347 0.854767 3.88697 -3.35602 
14.5439 -0.774709 -2.21628 11.6414 
-0.514384 -0.401951 -0.255241 2.91012 
10.5394 -6.25324 -5.11969 1.76195 
-0.382165 -0.766063 -0.338111 6.98885 
-16.2544 0.21457 9.83375 -0.354141 
1.13349 -1.11774 1.9821 -0.96654 
0.510205 -0.194815 -1.06629 -19.6998 
-3.14434 -21.0849 1.57354 -3.21324 
0.736301 3.90051 -0.923733 0.0505877 
1.02331 3.68457 0.318471 0.907175 
-3.47347 2.35554 -0.294469 0.199084 
3.20677 12.5734 3.55375 0.42228 
-0.00396259 -1.63012 1.53258 -5.22728 
-0.294549 -0.972624 -0.37245 -1.332 
0.998971 2.15478 0.338741 -1.12787 
0.875331 -3.36761 -0.648112 1.43664 
0.168344 -3.55915 -0.163087 -0.329152 
-0.863647 2.7023 -0.963787 4.12344 
0.802312 -0.960705 5.46543 -0.439013 
-0.569741 -1.52146 1.00149 -1.85021 
-0.738281 1.98966 0.315061 -2.90516 
-14.3743 -31.4819 148.299 1.01825 
0.408396 -2.15001 -0.432362 -1.0349 
-0.236121 -2.133 -7.43634 0.274603 
-0.796961 2.90542 -5.35332 0.0185329 
10.4029 -2.04804 -0.331964 -0.635052 
-4.20057 1.21608 36.8608 0.334881 
-62.1914 -3.12354 0.629899 34.6765 
-2.80148 -3.89323 -3.45933 -0.135153 
4.22113 2.88038 -0.820963 0.66508 
0.226723 0.863858 0.313092 4.68551 
12.0974 -16.7867 -66.0067 -0.00466074 
0.659064 -64.2964 -0.193085 -1.96754 
-1.7282 0.246437 3.22908 1.59694 
-1.26342 -2.49117 0.129546 82.9767 
-5.82709 -1.79858 0.217844 0.0423439 
1.73031 4.1795 -1.0341 -0.124623 
-0.912005 2.45252 3.64092 0.0228893 
-0.805909 -0.194793 -0.199599 0.118677 
-0.00167481 -1.12977 -0.903876 -0.46349 
0.82591 -2.62282 0.670695 -1.26871 
0.352025 -0.373828 0.180777 -4.44152 
0.666896 -0.114514 2.22287 1.09587 
0.0967398 -0.720381 -1.40309 -0.922952 
-4.34929 2.38009 -9.97826 0.471135 
-0.927502 -2.24591 2.97467 -1.12873 
-11.738 -2.9162 -1.58544 0.243153 
4.33527 0.731188 -0.150888 0.970829 
0.887673 0.921249 -0.90134 0.939855 
22.657 -1.81332 -0.161009 -6.49648 
0.176637 -0.154514 -6.00134 -121.338 
-0.602119 0.218568 -2.01765 2.48566 
0.922774 -4.45989 0.810128 2.53799 
0.779426 0.102891 -0.443158 0.0744724 
1.17873 -0.343176 1.00164 -1.2207 
-0.839303 -2.32136 7.31087 0.338032 
-0.5059 0.988038 -1.99262 -0.489861 
0.0190198 -4.33506 4.47611 0.116073 
-1.17245 3.16633 0.946567 -1.59828 
-0.332105 0.0482016 -1.77909 0.187456 
0.769205 -5.63299 -0.776362 0.161555 
-0.725894 -1.18426 1.97679 -10.4963 
1.7189 -3.1557 -3.38755 0.786796 
0.498938 -5.63501 -1.60685 0.79921 
1.55155 -11.9269 2.91719 -8.82144 
0.31973 -2.25146 4.32404 0.58904 
0.929 -0.27986 -2.30794 -0.66997 
6.39445 0.166018 1.32689 -0.234058 
0.740741 -0.873055 -9.4311 0.000109694 
1.18853 -2.96293 -0.489233 61.743 
5.5022 -0.287572 4.36076 -0.532976 
0.469097 0.376773 0.919024 -0.0719641 
-0.627887 -27.8705 0.218615 -0.426795 
0.882325 -6.18628 -0.364408 5.44325 
0.304885 0.828293 -1.90875 0.367784 
-0.377591 1.48098 10.2356 -2.03289 
0.598587 18.1072 -1.14278 -87.1229 
0.505673 -0.356466 0.833893 -0.165472 
3.77527 -5.86994 -2.82177 -1.00674 
0.762586 0.514419 3.05117 0.662785 
2.37029 -3.92285 -0.511936 1.53833 
-0.467185 -1.78165 -0.441325 -0.212057 
-3.27168 -0.357642 1.27662 0.415853 
0.376891 -0.1543 -0.284268 -1.01599 
-2.06396 -0.748121 8.88426 1.50599 
-1.97588 -1.2576 -1.99655 1.14192 
-2.42364 -0.0239976 -22.3176 -0.636285 
-0.21595 -0.620098 -0.373651 2.62849 
-28.14 -1.54005 1.44115 0.279509 
0.0850721 -0.241534 1.02233 5.05109 
0.301995 2.12689 -0.833907 0.739578 
-2.63377 -0.603753 -1.93078 7.03343 
7.24281 -0.25688 0.400587 1.63 
0.108384 0.452598 2.68196 0.506973 
-4.27021 0.185459 2.44861 -0.761351 
-2.95299 0.262005 -2.88595 -0.55717 
-0.268457 -2.62497 -1.32 -15.9249 
-0.878485 -0.840766 -0.629647 -0.584663 
1.48197 -0.678407 0.502815 -0.398099 
0.141485 0.427213 -0.108922 -0.584568 
1.34859 -2.72128 -290.199 -0.620505 
-0.276244 0.684327 -0.0254934 3.75109 
0.211858 -3.46126 -60.0929 -1.76547 
-2.40659 0.359508 -0.634907 -0.661529 
-1.58375 5.87728 1.00446 -0.0921788 
-1.49158 -2.48368 -0.050579 0.306053 
0.369795 -0.0473487 2.75266 -7.28052 
-3.31731 0.563516 0.249488 -4.21105 
2.45421 1.22829 -0.962012 -0.38948 
1.22535 7.51195 3.74298 2.42323 
0.339863 1.16773 1.26808 10.729 
0.983418 -9.04744 0.281104 8.36385 
-2.72049 -0.860671 -0.143889 -0.064285 
0.91561 1.12212 -1.47486 14.215 
-0.589868 2.84176 5.17699 0.823062 
2.19724 1.64397 -0.669851 -0.374979 
3.58216 0.696915 -127.563 -1.35031 
0.659551 -1.10316 -2.95749 0.812268 
-0.447091 -16.6443 -0.266153 2.08113 
-0.256972 0.770659 1.36515 0.408657 
-6.71225 -0.0728042 0.371839 -4.03353 
0.360183 -0.0141167 1.07188 -0.885851 
1.50118 0.823579 2.05592 -1.49499 
0.0499496 1.47884 -1.54403 7.10044 
-0.425458 -0.200356 -0.0678697 -0.871336 
-5.54161 3.38279 -2.0154 -1.09401 
-1.59152 5.2167 -92.1945 25.8305 
0.509394 0.831958 -1.50749 -0.640625 
0.217177 1.33544 -5.10747 -0.743247 
0.00626645 -1.94022 -0.34854 -0.714582 
5.41065 0.338633 1.1684 -1.16176 
-1.78243 -5.9607 -131.65 -0.786219 
0.494469 -0.763036 -0.424217 -1370.56 
-2.47063 1.78369 -4.12103 -0.650966 
-0.353084 1.01776 1.58432 -1.00356 
0.570369 -0.450616 -0.197119 3.76442 
-4.75213 0.405506 -13.4263 -0.806978 
1.88837 1.48784 0.418051 2.27383 
-0.580678 -36.523 -0.271993 -0.975466 
-3.34349 -7.94689 4.75277 -0.577615 
0.0253926 0.909666 8.07305 -3.1311 
-16.561 3.108 0.269595 0.0811217 
0.147964 1.31875 2.28872 -0.53039 
-0.293925 -1.80524 -12.9727 -1.91772 
-0.392695 -4.7859 -0.451375 0.011674 
1.13394 0.312026 -0.21037 -0.158774 
-0.434331 -1.71703 0.501361 0.190022 
-1.02623 0.42292 -2.244 1.03505 
1.06205 0.314839 -0.829422 -0.711291 
1.09898 -0.836788 -0.90562 -2.63839 
-3.07953 4.38187 2.11833 0.31104 
-0.216637 -0.535586 0.954427 -0.742393 
0.359942 -0.214462 0.141206 0.660362 
-0.238996 2.10543 0.186744 1.51625 
0.26034 -1.71859 1.05593 0.475651 
0.295516 11.3629 0.113414 1.40526 
0.148687 -4.20321 -15.8866 -3.3447 
0.214141 -1.65261 0.0390703 0.309986 
-0.659462 -3.57361 0.00472691 -559.594 
-3.60572 -0.336515 4.02623 -0.954516 
3.5789 0.436478 0.0487598 -13.4348 
-6.10905 -0.611205 2.83169 -93.8441 
0.54836 0.326809 -3.77845 -0.170139 
0.121208 0.191154 1.69988 -0.40158 
-0.866834 -0.930314 18.8077 -0.753826 
0.317223 -40.8724 -1.2585 -0.295839 
0.637833 2.15353 0.945781 -0.613511 
-3.06764 0.0293734 0.135833 8.26279 
-0.564469 -0.248338 -0.825885 -0.53518 
1.03846 -1.4591 0.681382 0.337175 
-1.66914 -2.97798 -0.779031 -1.00173 
-0.524271 1.6328 -0.371446 1.84951 
-0.173561 2.18323 0.666474 2.85024 
1.6232 -0.961229 -35.0107 3.08925 
-0.17254 0.900707 0.338122 -2.71825 
-3.632 -1.53171 -12.5513 2.24424 
1.36463 -1.91791 -1.6508 -16.0926 
1.34056 23.6099 3.08883 -9.21878 
-1.66732 0.107655 2.2183 0.48738 
-2.45376 -0.0405691 1.02863 -4.04805 
-1.8704 0.117685 -54.0451 2.03476 
-0.9734 0.245463 1.03921 0.534706 
-0.110752 -0.950711 1.44238 0.666493 
1.40275 -5.43805 4.38117 -2.30131 
-0.133559 -0.154489 -0.451261 -0.685985 
-0.4673 -0.839207 2.42983 0.32004 
0.155122 1.57684 -2.92798 4.66747 
-0.173484 0.359631 0.971676 -4.56911 
-1.91855 -9.16057 -3.00015 -2.31847 
-7.99033 0.643696 -2.38135 -0.562832 
0.624452 -0.395834 10.3427 -1.24626 
-2.27059 0.0923432 -1.597 0.850803 
0.57027 -0.668636 -0.0586299 -10.5867 
-0.601394 -2.06325 -1.76353 2.83914 
17.0949 -1.04918 1.23481 12.9757 
2.74818 -2.01062 -0.895628 -12.6486 
0.72572 -3.08951 -0.0208153 0.0568305 
-0.837335 -4.03272 -3.92975 -6.17435 
-18.6193 -0.853001 -0.592874 -0.658193 
0.280358 -0.14858 -1.94041 -2.08119 
0.570176 0.143143 0.902976 -0.133453 
-0.864605 0.246634 -1.00157 1.41902 
2.19814 -20.506 -0.157102 -3.92944 
1.71272 2.49906 -0.0765224 -8.33265 
0.249031 38.6281 1.76652 -7.03177 
-4.94275 1.86546 -0.210922 1.43234 
0.0852848 -260.289 -0.901955 -5.27616 
6.40927 0.382395 -0.234159 -10.0006 
-4.55792 -1.31745 -5.09586 0.0113289 
-2.18548 -17.4508 -0.0197718 10.5189 
-0.0217384 0.528817 7.91734 -6.77452 
1.09324 -1.88295 -4.47819 -0.995909 
0.571911 0.101854 -2.2151 -1.5282 
-0.494158 0.425727 -1.04972 -0.367303 
1.93858 -0.026914 4.7149 2.26454 
-2.14793 -0.358305 6.09534 1.04069 
5.85777 1.8913 -1.80863 -0.0504281 
-0.475644 -1.90245 -1.45084 -0.491473 
-1.87238 138.983 36.8633 0.665757 
-7.70638 -2.93792 0.843268 0.167298 
0.267012 1.29483 1.09815 -2.3729 
0.19868 -0.665667 -0.235891 -2.6024 
-4.77072 1.24054 -0.0354255 -0.804279 
0.996741 0.02269 3.12309 -19.9129 
-2.24509 -6.85428 1018.86 -1.4054 
-5.45938 1.24806 1.76567 1.00629 
0.244065 0.0959639 -0.215757 0.994935 
0.0453152 -0.484027 0.605074 -1.48999 
1.90467 0.0604871 -0.370512 -0.793258 
-0.247796 -0.289084 0.443651 -0.361706 
-1.61129 -1.95485 0.375049 -1.60503 
4.09026 -1.83082 0.820111 -1.43963 
-7.55501 -0.504154 -0.808369 0.370945 
2.15961 -15.4972 0.492818 4.1678 
-0.358942 0.0407862 3.78831 -2.24521 
1.39151 2.06731 0.388318 0.0684113 
2.69006 -0.288363 3.99768 -0.483614 
0.462055 -1.19623 -0.545966 0.188557 
-1.99447 -0.977329 -0.801245 -2.89789 
-2.87786 2.77845 -5.58462 -5.72248 
2.5769 3.00571 7.80301 0.618873 
-0.398693 0.315487 -0.542045 0.228987 
-14.9608 7.80259 -0.971697 -3.44646 
-3.97561 1.16557 -1.12452 -0.258155 
-2.01663 0.687888 3.5489 0.526933 
-3.24443 1.03272 0.588684 1.38453 
0.570522 1.37515 2.7407 0.0600549 
-3.19642 -1.16005 1.06492 -2.20505 
1.20237 -0.596674 0.624949 -0.0740984 
8.35934 -2.22192 0.672385 0.667372 
-0.290936 6.76603 -2.59604 1.48785 
-1.16266 0.874773 -0.0529937 -1.22714 
-1.15913 -0.397286 0.127728 0.642095 
-25.1325 1.27551 -1.13173 0.678363 
-0.899987 -0.500497 14.1303 -7.62824 
-0.456717 -0.844653 -1.65548 0.0045072 
1.05962 -2.27962 -0.117891 -2.07101 
-0.256697 0.181247 -16.7687 3.47895 
0.415296 -1.67667 -0.711004 -0.574539 
3.93336 1.42296 -0.525337 0.35016 
1.38804 0.26404 -2.11507 -3.34951 
-0.840236 2.3602 -17.7845 2.86138 
0.210584 2.84035 -0.611288 -1.30649 
-10.9047 1.33218 -0.246184 -0.778426 
-11.6593 -1.3709 0.424558 0.948741 
0.432342 1.5634 0.199424 0.517112 
-0.485658 -2.20819 0.888631 0.866981 
1.56525 0.381995 0.536826 1.35 
0.557332 -10.1763 -8.49895 -0.945298 
-0.157978 -0.809214 0.0293651 3.01126 
0.831142 -0.595874 -0.283742 1.42482 
-2.34764 1.37386 0.709402 2.48063 
-0.590969 -0.294757 -1.33513 0.0183813 
0.370761 -0.808276 3.73219 -0.238505 
0.775781 -1.04813 0.00711199 0.40238 
-0.408473 -1.26146 6.60077 0.168718 
1.96291 -1.83325 -20.9189 -4.08427 
-0.244797 0.640867 0.0566659 -9.7684 
-1.32762 -1.27223 0.605419 -0.13876 
1.4745 1.46709 -1.5997 6.57378 
0.0514178 -2.65741 1.35157 0.463327 
0.236007 -0.889192 7.07712 1.45083 
0.361702 -0.928459 -3.54519 -0.389441 
-11.2332 -1.77493 -4.75312 1.98611 
-0.410557 -0.391259 -0.913426 -0.120833 
0.215111 10.9858 197.775 -1.47438 
-0.88355 0.180951 0.748638 -0.346401 
18.908 -0.62422 0.481432 -1.18607 
0.527894 -23.457 2.31937 -5.12955 
0.454641 0.235176 0.870262 0.833258 
-0.406352 -1.51325 0.326731 1.3681 
-0.107718 -0.739639 2.12516 0.56528 
-0.0454595 -0.720718 -2.17808 -1.45159 
-0.60463 -11.8231 1.53642 -2.45138 
-1.1298 0.755788 -1.41034 0.0917935 
0.217312 3.70786 -0.0490532 -3.44111 
-0.925449 -7.67145 0.92543 1.07066 
0.204111 -0.302711 -2.29698 1.15032 
1.51776 -1.85499 1.73936 3.74749 
0.210086 -7.88202 2.23898 1.02386 
1.95003 -0.763606 -1.7583 0.319676 
0.777105 0.7927 -4.04657 0.00859121 
7.7845 9.05627 -95.7255 -1.36092 
-34.3901 0.487795 -1.00721 -0.241039 
-0.619172 1.40005 -9.15209 0.114249 
0.418634 -1.55684 -1.44104 -0.416754 
-0.698206 -1.36092 -944.263 -1.34367 
-1.91616 4.74383 2.52997 2.43403 
-0.352535 -2.85088 1.64599 -0.230108 
2.27342 -0.579233 20.2631 -0.119484 
0.178009 -0.772709 0.669026 -3.38335 
9.3636 -3.97857 1.26502 12.8141 
1.80209 0.110962 -0.652896 0.378752 
4.15143 3.72189 -0.122793 2.67882 
-14.7945 1.6216 -0.80257 -3.31041 
-1.16346 0.597399 0.233299 0.0282068 
1.11257 -0.373116 -3.65661 0.0463443 
-6.19993 0.284906 -1.19896 -0.21068 
-0.749435 -30.1881 -24.4046 0.30521 
-1.21922 1.06364 0.79543 -0.470393 
0.517226 -1.09466 -5.22194 0.299268 
-14.428 -0.936181 -3.75212 -1.02496 
-0.332455 -0.703639 -0.136814 -0.607966 
0.0925965 -0.580663 0.177191 1.31908 
0.686404 -0.576649 -0.405842 2.35458 
0.43314 2.04539 0.103052 -0.259049 
-0.205917 0.729245 0.621304 0.220036 
0.858112 -1.19025 1.06301 -7.48613 
-1.06967 -5.75834 0.936793 -11.1516 
-0.0587315 -0.530057 4.71671 3.5206 
0.108069 8.7402 -1.93971 0.493322 
-0.240186 -4.43218 0.0927631 -1.13353 
0.103212 0.43297 -8.45924 -7.07198 
0.238076 -2.01714 12.094 1.88907 
-0.175204 -0.250634 -4.18327 0.169433 
0.0108356 0.40422 -0.692314 -0.517399 
-15.1552 -3.64841 0.518601 -0.780874 
-4.84712 2.24892 -0.149645 0.267718 
-4.35749 -0.264117 0.125774 -4.2179 
2.86426 -0.380592 0.00149578 0.673431 
0.372474 0.387629 23.1904 -0.42512 
1.34311 5.97668 -3.54879 0.674002 
0.284865 -1.19426 1.58069 -3.61818 
0.0805321 0.000699011 21.7879 -0.929816 
0.230374 1.53665 2.40378 1.16372 
1.02886 -0.235344 -0.00495819 -4.72392 
-0.045855 6.40184 -0.0600332 0.402393 
-1.45257 -2.90218 -0.335923 -0.0536783 
1.00669 0.720598 0.231515 9.02651 
-2.59534 -2.81561 11.4576 -0.499234 
0.498164 0.0159611 -0.718802 1.35435 
-1.38353 -0.438107 -1.92734 0.92264 
2.13156 -1.32673 -6.55753 2.34096 
0.016846 -0.587517 2.12483 -0.323953 
0.0529742 -38.7919 56.2232 -6.76113 
-1.32265 2.83803 0.913633 0.880868 
0.0275753 2.06447 2.264 4.22698 
-1.03144 12.7538 0.46054 -0.862025 
1.51308 -0.606671 -0.0169381 2.69951 
-2.31187 -1.79695 -0.119232 98.8589 
-0.598232 -0.18789 -0.519364 0.818206 
0.672179 2.57627 2.09306 6.66267 
0.788533 -0.424284 3.46441 -0.300089 
1.75146 -0.580409 -1.45921 -0.86339 
0.154444 -1.41667 -1.58955 0.644467 
-2.50334 1.271 3.88828 0.599825 
0.0361413 1.31293 -0.88509 0.527731 
2.23336 -0.28756 0.285328 -9.90948 
-0.915911 0.186828 3.0082 0.42508 
0.164228 4.49269 -0.0952528 -1.49538 
0.749091 -1.9526 0.684528 0.525103 
3.13938 0.0713447 1.21691 7.8811 
-0.632977 -4.90491 0.668822 -0.301638 
-0.96617 1.35489 -0.0218032 1.39274 
-16.6737 5.06621 -0.317615 1.41461 
-3.15743 -0.311079 -0.249861 -2.67407 
-0.100873 2.22207 -1.77915 -2.15792 
0.735637 -0.208776 -16.8295 0.961305 
20.7787 -2.17885 0.610477 1.11322 
-32.4601 2.27125 14.8866 2.09337 
-3.02748 -10.3585 -0.706897 -0.632015 
-0.888656 -1.83588 -0.304625 2.55685 
-0.38617 0.605212 1.01088 3.81864 
-0.367487 1.02017 5.1099 -2.45156 
0.883025 -9.90265 0.581374 3.44088 
0.31551 1.13505 1.978 -2.37114 
-0.100624 -7.33617 1.17838 -0.660755 
0.0695882 0.411759 0.199005 -5.06215 
-2.27565 -1.13552 -0.630013 -0.987242 
0.92276 10.4297 1.74523 1.79066 
-3.44915 2.28903 6.65402 -6.04008 
4.03755 1.42115 0.529475 11.5097 
-4.9807 0.550911 1.60505 -1.02597 
-0.496048 -10.9188 -10.9031 0.0198549 
-2.23161 -6.4856 -4.42229 -0.275544 
-0.26017 2.21565 -1.37867 -1.13584 
-1.11509 1.77217 -0.684229 0.35113 
0.560833 0.238039 -0.25988 -0.235498 
-0.146564 -7.27771 115.713 -0.898609 
45.7845 3.36462 -0.372276 -0.41423 
-15.6279 0.322981 -0.123685 6.82416 
1.11992 6.42515 -1.15064 -1.6182 
-0.158805 -0.686481 1.44262 0.111485 
-1.84048 4.65124 -3.39602 1.26436 
3.38109 -0.00687605 22.189 -1.8101 
-0.325535 -1.10018 -0.94578 7.77005 
0.128333 -3.62611 -0.44251 2.55129 
7.72372 -2.06151 1.43036 1.04747 
0.957544 1.64182 6.91327 19.5869 
-0.301312 0.181028 -0.607986 -9.44004 
-1.99425 1.63039 -2.43647 -0.18107 
2.21559 3.1641 0.233364 5.19468 
-0.15321 -3.45187 -0.194722 1.65622 
0.787399 0.0508891 0.650497 -0.793007 
1.42517 0.335772 -0.331015 -1.49308 
-0.749212 5.77905 -0.356929 0.556479 
0.415399 -11.1251 -0.254682 2.02782 
1.68862 8.6985 0.179353 -0.199278 
-1.16175 -0.0336854 -12.0824 -1.9667 
-1.62693 1.53975 3.06395 0.227256 
-6.32437 -0.640202 2.44864 -0.569761 
1.16743 1.16156 -0.512764 -1.03627 
-0.451332 -1.1377 3.19014 0.520545 
15.5689 1.91598 15.0951 -92.4966 
0.647298 -2.84043 -0.109374 0.539291 
0.285013 0.410442 -0.710009 1.6117 
1.17091 -1.24131 1.9384 0.703937 
2.71229 -0.408031 0.334803 -15.3936 
-0.731736 -2.24082 -0.502569 -0.159907 
-0.345188 -1.60554 3.21237 6.67411 
-6.04689 0.973893 0.543529 2.39694 
7.83441 -0.00679494 -0.294954 -0.290885 
1.75801 -1.07012 0.804977 0.80355 
-0.0227377 -0.149115 1.78787 9.60842 
-0.290348 -0.625638 -0.239086 -17.6448 
-1.44867 0.596463 0.492259 1.09955 
2.30615 -0.413792 2.96839 -4.23527 
0.0103231 3.50323 -0.31494 -19.4065 
-14.7456 6.02279 0.475545 -0.165837 
0.843017 0.675938 -0.136137 0.843385 
-0.411721 14.9259 0.680966 0.719804 
1.61377 0.934355 0.888572 -4.97279 
0.734368 -1.66315 2.97731 0.234112 
0.768261 -4.12396 -0.504301 -265.796 
-0.449024 0.232767 -0.263931 -0.944845 
-6.51622 -3.31237 -0.445272 -3.76341 
1.17552 1.45992 -3.80419 -0.132247 
-3.37063 2.08767 -0.69324 0.575129 
3.17 -0.381971 19.3953 -1.08046 
0.518745 0.460166 0.632753 0.566084 
-8.23457 0.30773 1.31163 -1.98429 
1.36743 0.0317831 0.295837 1.5632 
0.398713 0.173976 2.09667 -0.349413 
1.4574 -0.536325 -4.23113 -2.1399 
18.36 1.15986 -0.470008 0.00460083 
-0.839931 0.102428 -0.838888 2.67573 
4.76292 -4.47597 0.239541 0.615134 
-1.05044 4.80529 0.120375 -1.09538 
1.99243 -1.6753 -3.26826 2.15031 
0.792549 -0.960816 -13.9514 -10.0726 
2.01722 2.30556 -101.079 0.871993 
-0.411376 -0.00694287 -19.8351 11.6606 
-0.251589 1.26015 -1.44664 0.301448 
7.14943 -0.75434 2.9862 2.86444 
-0.772239 7.07989 1.72826 -1.85458 
0.348429 -2.18684 5.05096 -0.594988 
-6.40088 2.02329 0.178854 -0.634585 
19.4456 0.763667 1.29632 -3.89526 
-1.55279 -0.108359 3.60123 2.03598 
0.186156 0.852598 2.58402 -6.79638 
1.18966 -2.82501 -2.63699 -2.94841 
0.534945 -0.200143 -0.477747 -3.85373 
-1.81344 0.960418 0.337292 23.3606 
0.959192 0.454323 -0.371275 0.366795 
2.24988 -0.730628 -0.403482 -0.328839 
-1.43324 0.60406 -1.27577 0.330907 
-7.29102 0.666937 -1.54185 1.00165 
1.36622 -9.50768 -0.164069 1.34951 
1.88299 3.29586 -1.86286 -0.408878 
-2.57553 0.576065 1.77441 0.15397 
0.002733 3.10037 3.36302 -1.39149 
1.28312 -0.71298 0.0130098 1.09077 
-1.941 -1.83002 0.809632 0.290018 
0.986973 2.48605 0.306822 0.970013 
-12.1413 -1.2105 0.485572 -0.371345 
1.83703 -1.31543 -2.84239 -1.3842 
7.36906 0.434837 0.807168 8.45635 
-0.28415 -0.0214218 -0.534087 -2.2857 
-2.3394 3.04458 -1.83999 0.126913 
-0.307796 0.949965 -32.3608 6.31383 
-0.649259 5.00737 -0.457528 0.641007 
0.258377 -0.458137 -0.00595657 -0.0248422 
0.125039 -22.5738 4.52468 -0.123172 
2.00904 -0.42091 -1.92084 3.76656 
-1.60313 -20.8258 -2.79624 -1.78169 
0.402008 0.551043 -0.860127 7.7622 
-0.0914773 -12.9356 9.0618 -0.591694 
-5.75763 -0.949649 -0.202413 -0.0254949 
2.86303 1.04022 1.70776 -2.99062 
2.69365 0.207157 3.48688 1.10433 
0.262306 1.0391 -0.011071 1.79595 
-0.119731 1.15232 -0.744601 0.980822 
3.54543 -1.1624 1.2752 1.03803 
0.491761 3.84841 -0.275848 1.08284 
0.0653425 -1.75542 1.06593 1.66542 
0.0974073 18.287 8.03848 -6.49856 
0.735118 -1.41503 -0.928649 -0.0548503 
2.73615 -27.0532 -5.97731 -6.47382 
0.535877 -1.64536 -1.47345 2.617 
1.12564 1.99527 -0.895066 2.78616 
-1.32827 -1.06637 -0.233755 -0.911647 
-0.758783 -1.06045 13.8169 0.277003 
-9.05666 1.48184 1.48528 -0.205252 
-5.34518 -0.58409 1.47062 -0.0745043 
-1.10934 -0.739477 -1.03319 4.73933 
-0.291892 4.36037 284.454 -7.06452 
0.363346 0.541437 -1.52808 5.1132 
-0.837582 -0.166532 -0.766623 12.6855 
12.9219 0.965597 -9.97536 5.10385 
-0.937921 1.41406 1.93507 5.01644 
-0.127466 0.941018 21.7569 2.52422 
0.407798 -0.141801 1.14529 0.262762 
1.34222 -0.890109 -1.30526 -0.139352 
0.350235 -0.372312 -0.912881 0.284423 
1.52951 -1.61062 -0.12155 2.22894 
3.53736 1.74555 0.626847 0.0304088 
4.14928 -0.978817 0.489186 -0.573582 
1.21311 0.0363659 -0.16132 16.8835 
-0.195523 -1.84252 -3.34766 4.41091 
1.13519 -2.17906 -1.63741 -0.675401 
-0.247851 0.0854515 -0.0843303 0.478944 
0.249221 4.32766 -1.02535 -1.38342 
0.816533 0.442926 -0.165547 -4.146 
1.24446 1.30604 -7.84823 -0.153727 
0.884257 2.09339 0.211778 0.834004 
1.47118 -5.43171 1.56011 -1.01003 
-3.9319 -0.131366 0.196273 3.0922 
-4.59044 -1.4354 -0.159691 -0.45129 
-0.363826 -2.49431 1.21465 -0.612878 
1.04614 4.05723 -1.49662 -0.307129 
-0.639739 -0.567236 6.56596 1.06425 
-1.02795 0.359999 0.550871 1.37251 
-0.105122 -2.52184 4.59616 5.15354 
-0.240784 -0.0314023 1.13826 0.0985302 
-0.322352 0.694483 -2.56031 4.61498 
0.520145 -0.167926 -0.263575 0.0750677 
-0.023564 -0.325833 11.6185 -10.5555 
-8.39335 -0.639296 -0.2403 -38.7789 
0.340886 10.9817 0.0204718 0.377802 
2.23642 -0.105349 0.782741 -0.308545 
10.4061 -2.05976 0.117209 -0.20113 
1.34538 -111.235 -1.09605 -2.49695 
0.245344 -114.768 1.01786 -0.531951 
1.644 -0.379082 2.0247 -0.346405 
14.1164 -0.0845868 0.0800961 -0.214075 
-0.543001 0.0272691 0.175209 -2.5815 
-0.445174 0.288084 -0.0273237 0.131496 
-0.0864514 0.318007 -0.516798 -41.2858 
-4.85576 3.88649 10.1642 0.414906 
0.225162 -3.98198 -0.993589 0.244927 
0.804938 2.45722 0.355328 0.668369 
0.189771 -5.0223 -1.92026 1.92864 
-1.73875 1.75614 2.3715 0.0456986 
-13.2078 -3.81862 0.105061 -0.25843 
-1.4505 0.667883 -0.458255 0.0309551 
-2.35202 0.129197 -0.816317 -0.701078 
-1.23081 0.347874 0.360985 -3.7454 
1.10187 -0.262782 0.727375 -0.557786 
22.0371 -2.61504 -0.805943 0.246761 
3.53822 -5.4451 0.293189 0.81135 
-0.100174 1.9237 0.664662 -2.13681 
3.91637 19.1697 -1.34573 -5.9205 
0.670376 -192.448 0.794112 2.74663 
-9.50808 1.42616 2.07465 83.1039 
-1.02862 -0.0214173 0.384318 -0.245954 
-0.286659 0.968668 1.0919 -2.08993 
2.65349 -0.562728 -0.145177 -1.61328 
2.4385 0.270076 -2.03253 0.871219 
-0.0362327 -1.00818 -7.82421 5.52704 
-2.79191 0.963118 -0.16378 1.78339 
-1.16624 -0.083835 -1.55657 -7.4612 
0.826069 0.198636 -0.614977 1.17553 
-0.952672 -0.999401 -2.11222 8.66123 
-5.98298 1.10088 -1.63627 1.63736 
-0.268521 -0.0361883 -0.385027 8.92153 
8.29581 -1.4321 -1.9615 -2.37582 
-0.195724 -0.143383 0.424874 1.06998 
0.0979105 2.0275 -2.3101 5.411 
0.500843 0.696929 45.5085 2.77644 
0.368591 -0.661813 0.395 -29.3023 
4.11525 -0.231767 -0.279494 -18.1469 
12.4336 -0.513408 -0.880182 -0.473449 
1.17108 3.10814 0.342664 0.34419 
6.28447 -1.95497 2.21593 0.0711555 
19.1367 1.18997 7.29616 0.69525 
-0.0649535 0.130292 -31.0908 -0.478861 
-0.0705131 -2.08709 -0.718466 -1.21022 
-4.59336 -1.21464 -0.788918 0.128726 
0.298551 0.388828 1.02276 -2.6127 
0.108024 2.86448 0.387326 0.392034 
-140.159 -0.369054 -0.479994 -0.665777 
0.557972 -0.195791 0.8702 3.25836 
-21.1496 13.506 -5.65007 -0.955257 
0.657027 -40.0473 -0.0255664 -0.0578906 
-1.36372 -1.06681 0.42788 1.42253 
-0.621119 1.20748 -1.91867 -0.316252 
0.260789 1.3574 1.18364 -0.506848 
-0.516125 3.48044 -0.306391 0.109018 
1.26045 -2.93541 36.1876 -0.533973 
-0.509393 -0.824435 1.30985 -3.21503 
0.478494 -0.218035 -0.105419 -1.80019 
-1.32271 0.489419 0.105063 3.21704 
-1.70398 0.0594198 2.38022 -68.4446 
-0.221825 2.89639 0.7719 0.132763 
-0.954772 0.964309 -7.98287 -0.843514 
-1.14488 -2.35193 0.790965 -0.593421 
-0.755279 -0.548046 0.405451 -0.0708116 
-0.523627 -0.0103278 -0.35218 221.494 
4.08397 -1.20946 3.42834 2.70299 
0.56958 -0.462853 0.189074 -0.71357 
0.194823 2.42214 0.179239 0.441676 
-1.10743 -0.78081 -0.498809 0.742914 
-1.34151 -1.72606 -0.342137 1.24033 
0.992704 -0.408598 0.112598 -6.68291 
0.116989 -1.11873 0.0285966 2.07131 
46.3231 -0.172233 0.441598 -1.76165 
0.149529 -0.40456 -0.672889 -2.72448 
0.00150028 -0.0846247 1.82877 6.2766 
0.847419 9.0405 -0.0506519 -0.609103 
0.651124 -2.01634 -0.409767 0.861287 
4.62227 14.8605 -0.384135 -29.8262 
-2.91524 -1.2565 -1.66659 -0.840313 
-0.514673 0.908343 0.420072 1.23101 
0.116078 -1.31486 -0.565329 7.19517 
1.09028 0.16406 -0.617999 0.410605 
1.94424 5.38533 2.27002 0.121095 
5.63902 0.489866 -0.768927 -1.64819 
-0.327492 0.0352247 -1.54188 -2.61754 
-1.70445 3.16526 -0.383394 0.459089 
0.100564 -5.69201 -2.5421 -0.703408 
0.126016 -0.431312 0.257567 1.03641 
0.60418 0.206705 0.66835 -0.156291 
-0.197293 0.591351 -0.780666 0.3664 
-0.26693 5.92988 0.199011 -0.835542 
-0.0764254 -928.974 -1.33868 0.0166898 
-0.915412 -1.31915 -0.980354 -0.21411 
1.11557 -0.306481 4.86409 -1.056 
6.36714 0.840262 -2.37449 0.0965092 
-1.00448 3.05424 -4.47028 -5.92251 
0.839156 0.273162 1.44091 -0.136532 
-4.83996 3.91546 0.998486 -1.79761 
-0.773402 -0.450613 -1.08655 2.02891 
-0.905653 1.25663 1.25409 -0.943209 
-5.14027 0.537033 4.79719 -15.3702 
0.9855 -1.73125 -0.336606 -0.00705095 
1.00274 -17.3677 -0.362709 -4.35219 
2.44536 10.8247 -1.84436 0.0682261 
-8.58973 -0.200256 3.43303 -0.689189 
-16.1456 -0.212751 -44.0835 -5.61559 
27.3029 4.20471 4.18358 -2.313 
-0.182533 -0.591531 -1.88324 1.10824 
0.590826 -2.22986 0.253485 -5.41045 
2.16327 0.672729 -1.21316 -0.0436562 
0.474392 2.85534 -7.67049 -1.045 
-0.715319 -2.19954 -0.880142 0.986163 
-1.73994 0.359206 1.18805 0.923557 
-1.61561 0.0941916 -0.263971 -0.984175 
-0.836013 1.60387 -0.803989 -7.80364 
-1.96588 4.47359 0.175473 -2.75161 
-1.55348 -2.28014 -4.85159 -3.88839 
-0.27777 1.74583 -0.534278 -0.835017 
-0.477707 58.734 -0.0955308 -0.27562 
-0.496994 -1.74138 -0.206728 1.03856 
0.141486 6.56342 0.488305 2.05831 
-0.617245 2.21627 1.12686 -0.0110996 
-0.895624 -0.34363 -0.551747 -8.66313 
1.25997 -1.1124 -0.416761 0.68989 
-0.182286 -0.907715 -2.501 -1.07722 
1.58917 4.3357 1.27711 0.463326 
0.627769 -0.699337 -0.35199 -3.22313 
0.519883 35.7499 1.28903 -1.78737 
-11.5134 1.9824 -2.48062 0.499851 
0.153866 -0.0464517 1.09744 -5.04771 
-2.96639 -3.41415 0.713501 -0.0777233 
-2.55269 1.35281 -0.124686 0.263255 
13.7109 -3.56897 -0.232428 -2.84257 
0.437864 -0.065612 0.987648 4.36295 
0.557367 -3.8177 0.488713 -1.98508 
-2.20965 2.06288 1.62675 -1.70939 
-0.15409 -0.471227 6.27512 1.13977 
4.06994 0.21493 -0.140008 0.471511 
-0.98603 -1.22236 1.1786 3.57159 
-4.02743 -5.20468 0.174079 -0.123225 
-7.97701 0.451429 3.52869 -3.17516 
-0.633617 4.21775 2.0295 -3.96447 
-0.571168 -2.89558 21.8153 -0.408037 
0.184928 0.260329 -0.949124 -0.129553 
0.288284 -1.29669 0.228894 -0.120318 
-0.135801 19.5806 -1.03111 69.9362 
1.06953 -0.249064 -1.9251 -2.47815 
-0.573475 1.73632 -1.00425 0.913527 
0.344395 -0.394276 -0.886615 6.93452 
-0.700526 -1.5717 -326.588 -12.2923 
-2.44061 -1.43143 -1.68295 -4.27763 
-0.513921 -28.4888 1.01896 3.08462 
-0.507915 0.179013 -0.303274 -0.211632 
-0.703619 8.87376 3.03031 -0.991574 
-1.69402 2.09126 -1.87618 -0.674905 
13.5276 2.82393 2.73491 -0.0912329 
0.0423661 0.392043 6.49515 2.61952 
-2.77142 5.68316 0.632681 3.11918 
-0.928261 0.16496 -0.274062 -0.0845378 
-4.58145 0.122588 0.874549 3.94821 
2.47738 0.343523 0.545955 -9.64304 
0.86457 23.2025 -1.37215 -0.166362 
1.47571 1.23416 0.905845 -0.284607 
1.01304 0.168033 2.83134 3.49724 
0.689331 0.410099 0.90167 -0.399221 
0.232595 2.12442 -0.0142148 -2.89174 
-2.63816 3.82868 -0.334128 -0.555679 
0.488802 3.0575 230.371 -0.62343 
-0.636129 6.74134 0.87747 -0.188171 
-1.30457 2.42475 0.746275 0.609233 
-3.16207 0.206866 1.66544 -0.838863 
-0.139146 1.85703 0.479062 1.90821 
-0.28971 0.0697445 -1.75222 2.46298 
-0.359635 0.602482 2.25525 -0.38481 
3.64664 1.26747 0.204951 0.595948 
-0.525932 1.89432 -0.0259382 0.00999622 
-0.101835 0.687892 -1.42078 3.00067 
0.0339154 -1.19707 0.0685784 0.00109509 
-2.35472 -0.886101 -0.1667 -8.73887 
-5.04433 0.573447 -2.90894 -22.3627 
1.71578 3.2649 3.35586 -0.279643 
-2.69713 -0.103118 -0.351546 -0.203333 
0.848726 1.68574 0.378504 -1.88065 
-1.25072 1.57616 -0.687214 2.66466 
-1.32494 -2.74774 -0.638555 -0.449361 
-1.11984 -0.116994 -0.912339 -0.181424 
-0.335544 1.17865 5.8075 0.492073 
-1.63559 5.98355 -17.0536 0.326239 
1.40777 -1.03068 0.503007 1.67504 
13.9048 11.5384 2.23148 -1.12612 
0.481662 0.927696 0.403285 0.119697 
-0.41087 -0.863601 0.490056 -3.25377 
1.04626 -4.65774 1.20442 -0.258532 
0.612456 0.409262 -0.755269 0.807261 
1.10088 2.90685 1.49884 -0.697608 
-0.833549 2.9135 0.249144 -0.111295 
1.02877 -0.643534 4.61143 10.2392 
0.555098 -9.21907 2.05892 0.00732901 
-1.24808 -0.27685 0.737938 0.027353 
-0.974468 1.79598 3.8298 17.123 
-3.49635 0.332643 6.62601 -7.57456 
0.0439225 12.1575 0.165354 3.78154 
4.95996 -0.685873 39.5382 17.7549 
-2.43114 -0.880207 -1.88762 1.02317 
2.41226 -0.332741 -0.646546 3.93055 
-1.33042 1.71009 0.124174 -11.5057 
1.35233 0.371194 -0.585074 0.880285 
-0.704934 2.90703 -0.423187 14.9454 
0.0180344 -0.0507621 -0.0146974 -14.5192 
1.94569 -184.762 -0.645093 26.3997 
0.530144 -0.461432 -0.16163 0.766182 
-0.522185 -2.09627 34.324 -0.211212 
-0.717686 0.0877458 -0.482967 -0.0337109 
3.06497 -0.317323 -0.700945 0.510216 
-1.00628 0.0367174 0.927249 -0.261967 
-0.464832 2.21544 15.1424 7.61341 
-0.1151 -12.7682 -0.672395 0.164791 
1.27641 -341.015 5.22713 -0.418951 
0.261713 1.66452 0.685386 -0.197148 
-1.76026 -2.66227 2.04683 1.36509 
7.70501 3.79142 -5.42948 -1.6139 
15.952 -0.551989 0.891365 -1.39938 
0.771963 -2.15196 -0.0936044 -1.44689 
-1.99263 -1.88939 -0.0197002 0.869048 
3.94037 0.0983037 -0.297093 -0.119644 
0.693583 2.38303 -0.032043 -1.06405 
-0.397478 -0.12256 4.02516 -0.159624 
0.452308 2.27112 -0.152548 2.7619 
2.79938 -0.108072 -2.33169 -0.107 
-0.295489 0.630614 0.77364 -1.57315 
-0.133674 0.322279 0.0903314 5.63146 
2.27321 2.74911 0.715007 -3.21983 
-1.57092 -1.11288 -82.5703 0.0432276 
0.423318 -1.17675 0.431832 -5.67365 
4.11466 -0.297518 4.12642 -0.116083 
0.206065 -0.593631 -0.271668 0.680419 
-0.120542 16.7833 2.7136 0.0990395 
4.02076 -5.73774 1.20306 0.515249 
2.7364 -0.389331 -0.96513 0.797324 
-2.62909 0.0149379 0.479283 -1.14725 
-3.66232 -0.812793 0.511157 -4.86539 
-0.195575 0.964495 1.15945 -0.657445 
0.899165 0.544575 -0.760694 1.18595 
0.639519 -0.518758 -0.181081 -2.72689 
0.394992 4.72654 -0.487606 0.647167 
2.09531 -0.860527 -16.8864 0.377863 
-0.0666079 6.75117 6.33217 0.56233 
0.288721 1.46013 -0.534154 2.43013 
0.635102 -7.46269 -0.635101 -1.56753 
-1.70819 0.619375 -1.51504 -2.01907 
0.91596 28.8233 1.18094 1.30619 
-1.71327 0.424798 8.03267 0.131394 
0.232273 -0.923971 1.07871 3.21406 
-11.9193 -40.8378 1.28524 -0.349817 
-0.75143 -0.283348 -2.96204 -2.12116 
-0.785061 -0.0910714 0.923721 -4.25185 
-34.4718 1.90628 0.0680433 0.826166 
-0.970917 -0.00487977 0.98727 1.77833 
-0.699095 0.278738 -1.03509 0.555693 
-5.88525 -0.32884 -0.143138 0.223021 
0.661174 14.9391 -0.194307 -1.10553 
-2.56095 1.89648 0.906283 -0.218514 
-6.0716 0.60849 -9.6749 0.617136 
36.8631 -2.86811 -2.28897 -1.49039 
0.206574 -3.95492 -1.23681 -1.44681 
-2.20984 4.9032 -1.16948 -2.7415 
-2.67258 8.05637 1.9101 -2.52682 
-0.741537 0.644796 1.39958 2.07626 
-1.59767 -1.38062 0.555172 0.464319 
1.11202 -1.54888 1.00359 -0.969701 
-9.29064 43.3511 0.324069 3.61601 
2.88172 1.31156 1.41613 -0.730824 
-2.8566 -1.57418 0.371523 -2.8951 
-0.00534736 -2.56819 0.0529577 -0.999282 
1.49426 1.85276 -1.80312 -2.33153 
0.744875 0.416323 -0.0719981 0.964826 
-0.845171 3.76354 1.28063 -22.3563 
-0.102876 -0.137671 1.48218 -0.408862 
-0.844152 -1.08945 0.780266 0.788072 
-0.928818 -6.53175 -0.419799 0.379971 
-7.18151 -1.38484 12.2065 -2.45945 
-0.14612 -2.839 -0.96474 0.084535 
1.36273 20.0533 88.3319 0.461125 
-22.7954 0.383391 -1.32329 -0.002392 
2.93605 1.11344 -0.0177476 -0.374064 
-3.96791 -5.92924 -1.43402 0.606989 
-0.595379 -2.08377 4.97916 -1.1996 
4.12646 0.23554 -3.27449 -2.36242 
-0.425609 0.673594 0.303591 0.95031 
-0.32689 0.638618 1.67295 -6.83048 
-0.345311 0.192637 -1.31384 -0.000653164 
0.586652 2.67225 0.0608991 0.83027 
0.318824 -1.32753 0.147688 0.408533 
0.251991 -0.672778 -1.45845 -20.6951 
0.454325 -0.108212 0.0344951 -0.438308 
-0.81928 -0.106234 -0.208772 -3.23068 
-0.760292 4.11516 -0.875122 0.980654 
-0.870996 -2.33379 5.62213 0.421182 
0.476993 0.555007 -1.26459 21.2014 
2.13606 -1.70398 -0.723863 1.24443 
0.469448 17.3456 2.98217 -0.172156 
-2.02043 0.574852 39.1124 -1.92663 
-2.56377 -0.0420791 -0.923873 -4.15855 
-0.574035 0.330529 2.25534 0.0263556 
-6.22328 -0.450029 -0.606072 -0.139531 
-1.07281 -0.0683025 -0.872688 0.0872794 
0.403034 0.730697 -0.640001 -0.268625 
-0.0107259 -2.12459 0.0280818 -42.6481 
-1.3087 -0.602525 0.429437 -0.286621 
-0.104759 -0.44541 0.771564 -1.51679 
2.55992 1.84195 -0.877601 -0.270663 
22.7523 -0.161984 -0.229526 -1.15675 
-0.911475 -0.0819064 0.287296 0.313157 
0.649205 -2.7742 0.225243 2.35959 
0.726173 8.12755 0.409265 -1.51423 
0.658721 6.95122 -6.20553 0.215251 
0.451062 0.425594 0.139218 -2.31878 
-0.234956 -0.837875 0.535407 -0.717056 
-2.22851 -0.345517 -0.504195 -0.94607 
0.196781 2.40249 1.88661 4.50644 
-2.9656 -1.22214 0.099226 7.02305 
0.227116 -5.25976 0.835465 -0.0833047 
-0.246808 0.724571 0.377954 2.47143 
-0.951503 -0.242612 3.49172 -2.07587 
-0.679587 -3.47482 0.308785 -1.76973 
-4.4248 -7.69915 -0.324994 -0.0880386 
-0.351525 -1.5986 -0.21528 1.92067 
-2.79507 -0.588344 -0.15803 933.516 
40.4685 1.2068 0.56882 0.858389 
8.62875 0.852353 0.485162 -7.1796 
4.3965 0.00885159 0.70321 -6.62121 
0.643904 1.69124 0.605466 0.0777996 
-0.784017 -0.814869 4.07072 0.0233048 
1.76795 0.978009 -2.73298 -0.100285 
1.47562 -0.760128 -0.599071 -0.0735299 
0.396255 -1.92857 1.18212 0.653361 
-1.09823 1.77824 0.170199 8.33456 
0.154275 -0.525305 -2.40239 6.16098 
0.558882 -2.47792 2.70035 -0.996252 
0.0470751 4.98686 3.11024 -3.63843 
-1.51171 4.12812 0.249695 0.946813 
0.52578 1.98497 -0.619754 -1.12057 
-3.1982 -2.01148 0.649745 -6.46455 
1.41308 -24.9341 1.19863 3.28799 
4.02277 -0.816259 -2.1025 7.41582 
0.395583 1.21712 11.6262 -1.92238 
7.25006 1.78452 8.63828 0.0777362 
-0.973822 4.35362 -0.619496 -1.10845 
1.80137 0.302543 -1.71757 -0.248612 
0.111175 1.70262 -0.0927018 0.223895 
2.3539 -0.854248 1.64529 0.366381 
-0.021351 0.526382 0.199143 -0.261246 
1.28848 0.110158 -1.01245 -5.50684 
3.12766 -0.582968 -9.50044 -0.953869 
0.332934 -0.501132 0.991295 16.2198 
-2.7428 -0.418565 -3.72128 0.4292 
-0.275176 -0.0149735 0.857576 -13.2267 
0.741184 -8.44082 0.714754 -1.16926 
0.207617 -2.57824 -0.271266 0.294998 
-2.36492 4.60574 -1.33688 2.58453 
-0.633991 0.885594 -0.32523 4.89632 
-4.80951 -2.72123 -0.508362 0.158274 
3.50251 0.0439722 -0.85874 5.13594 
1.60817 2.64076 0.419346 3.13162 
-1.44475 -38.0009 -13.8765 34.4685 
-1.09965 0.320311 2.31871 6.9683 
7.88953 -0.121051 2.12979 -0.946359 
-3.60746 -0.230538 3.51739 -0.583002 
-0.733133 12.3281 -1.1737 -1.91964 
0.417564 -0.897869 0.228642 -2.39525 
10.3452 -45.5241 -0.560653 4.4464 
-1.93913 -3.38703 1.37774 0.322712 
-5.99148 -2.29073 -0.00503207 -0.748831 
0.00401881 3.75819 0.316975 -1.67404 
-0.397278 -1.25285 -2.51838 -2.93284 
2.73485 1.74153 1.17718 -1.17856 
-0.831815 -0.43734 1.64897 1.05817 
-1.27507 -0.835588 -0.652449 -0.226742 
1.23865 0.10333 31.1723 0.521793 
-1.41804 -6.31071 -13.3218 -3.44252 
2.22303 -2.2087 -3.56692 0.223516 
-0.129681 0.943624 -2.93867 -0.697472 
-2.15905 -1.7747 -0.653433 0.29223 
-0.107227 20.6879 0.069437 0.00603042 
9.21106 22.9691 10.5956 -1.34879 
5.19148 0.352757 -0.0222429 -1.69483 
1.98021 -0.0987558 0.856355 -1.25522 
-8.27428 -0.738062 -0.968472 -1.89849 
-0.194672 -0.298577 -7.18545 0.18518 
-5.1318 1.30424 -11.7619 1.84687 
-0.432674 1.59473 0.903306 -0.268075 
1.89663 -0.393074 -1.64143 2.10154 
-0.386104 -2.60533 -0.423923 -0.348835 
1.35665 -0.910128 -0.0672158 1.36502 
-0.765567 1.4243 -0.971382 0.711164 
0.366735 -0.421657 -2.43373 0.506858 
-0.200788 2.24345 -0.437103 -0.0499689 
0.678178 3.19369 -3.36244 -1.32101 
0.472657 -3.93516 1.13875 -10.1259 
0.469965 -3.29556 -2.40326 -3.12647 
2.67006 -0.205263 -0.610244 -0.221481 
0.171901 0.359454 0.357394 0.00575694 
-1.89496 1.27579 -2.31321 4.24201 
4.63118 0.294273 -1.68842 -4.3555 
1.22507 0.177942 -1.04785 -5.83647 
0.296377 3.36591 1.78188 -0.400308 
1.68942 -9.60818 -1.3821 -0.235695 
0.989882 1.13064 -2.40249 4.05868 
0.159278 -0.145646 -0.0567807 1.98983 
0.990714 0.303033 -0.26477 -0.474654 
0.919407 -0.395336 0.791524 1.42402 
-3.61051 3.289 1.68451 0.333317 
-0.190075 -7.83642 -69.3254 -0.543927 
1.65808 -0.0808478 0.0019555 0.813917 
0.747024 -2.04835 3.3181 3.19349 
0.355336 3.01603 -1.83981 4.67723 
-0.817312 -5.61942 -0.359114 0.28444 
1.62988 -0.135938 -0.206552 -1.40511 
1.93336 29.6307 -1.37392 -2.74268 
0.0140357 57.363 0.722908 -3.40808 
-1.35628 1.77769 -20.7574 -1.58512 
-1.56245 1.80173 -0.159257 7.88721 
-0.693104 1.26367 -6.65701 0.290163 
-1.24221 -1.82612 -0.489965 -3.80848 
-2.77235 -5.41043 3.00551 0.0231657 
-0.41683 0.444441 -1.68411 0.795144 
1.51483 -0.0727806 -0.127584 -7.62874 
-1.82508 1.4642 0.444907 -1.48865 
-3.27478 0.210572 -7.62066 0.737936 
2.83918 -1.73021 6.28993 0.139836 
1.85547 -0.609713 11.9029 -0.401374 
5.43113 -1.64307 0.0842528 -0.166332 
0.148097 -31.6079 -1.03512 -2.00465 
1.63379 1.33477 0.176759 -0.393654 
0.809492 1.85424 -1.54636 245.868 
-0.526993 1.9159 12.5021 4.05443 
-0.380898 -0.182435 0.429836 1.50191 
2.46533 -0.10589 -6.56303 3.05565 
-4.29441 -0.614564 -0.246698 -0.0232257 
5.41635 0.0358518 7.49076 -0.645154 
0.461061 -0.35077 1.85718 0.0842198 
0.795964 -13.7408 1.44756 -0.597974 
2.30418 0.110219 0.846086 -3.64315 
0.657144 0.617476 -0.429608 6.64732 
1.34509 -0.0801887 -1.41244 1.5699 
-0.320927 -0.186035 -0.994511 0.281727 
-0.28745 34.2534 1.60794 -0.714303 
0.374528 0.427776 -0.563128 0.992205 
-0.373051 0.12416 -0.61603 0.991747 
3.3785 -1.01903 1.65629 0.262394 
2.04384 0.13727 -0.224777 0.983546 
3.14938 39.11 0.328758 -1.5754 
0.035432 -1.44957 0.0215764 0.0590282 
1.83348 2.03758 0.371169 0.196597 
2.31767 -375.962 0.287396 0.977499 
-1.1857 -0.648757 -0.533173 -0.21337 
0.310601 -0.190641 -1.11696 -7.86326 
1.64434 -0.52926 0.298288 -2.69285 
0.197911 2.35237 -6.34931 0.0133198 
1.036 4.1929 1.92376 -1.95474 
1.26819 -1.00466 0.391869 0.523091 
-0.529565 0.810147 1.0666 0.557355 
1.50609 -2.06339 0.436168 -1.8696 
-0.534974 6.77819 1.36572 0.459516 
1.90071 101.892 -0.568845 4.63114 
1.42749 7.25173 -1.56483 -0.791601 
0.422618 -3.73821 -4.095 8.00278 
-0.706879 -2.08836 -1.251 -1.5225 
0.476267 -0.509176 -0.215427 -1.01104 
1.04038 -0.713956 0.693753 0.894757 
-7.06161 -0.304786 0.99206 -1.44869 
-0.742948 0.530008 -1.79088 1.43354 
-0.62409 4.8872 2.24324 -1.06869 
-0.579287 -2.90945 -5.8928 -3.6392 
-0.245458 0.0639526 0.323949 -0.804711 
-0.330385 13.0722 -4.41798 1.20582 
3.22023 0.981851 -2.07345 -6.13634 
-1.38128 0.880832 17.8588 1.43143 
-1.31964 0.385777 1.82602 -0.0785046 
-1.56789 1.12792 -13.4399 4.56408 
0.0398502 0.750534 1.02182 0.0671135 
1.53779 0.948387 -0.449959 1.24097 
-0.654109 3.98636 -3.21489 -5.61024 
6.8082 -0.773698 6.06478 -0.741724 
-1.47137 -5.40568 -0.466909 -20.6697 
-1.64322 -3.5904 2.90727 -0.599651 
0.533138 -0.56006 -1.83831 1.32176 
-0.0459906 -0.713153 1.62157 -1.37882 
-0.342173 3.07736 -0.740365 0.609224 
-14.0891 -1.04064 -0.516782 0.177054 
-0.817133 -0.472656 -0.121712 9.63936 
-1.97483 -1.04363 -0.390241 5.27482 
1.73745 -0.354103 -0.454629 -2.45466 
3.01051 -0.708854 7.12714 0.12202 
-6.84087 2.89495 1.17457 4.40693 
0.260685 -0.0684602 1.51887 -7.81382 
0.64822 0.0589067 0.0897637 0.141796 
-1.97268 -0.149575 0.468113 -1.54005 
-1.4646 -0.441024 -0.729105 3.6079 
-1.06865 0.225308 -0.476712 -2.72933 
0.64836 1.41304 1.45745 0.2003 
10.8713 0.280905 -2.53822 0.731702 
0.613565 -0.854104 0.987812 0.306141 
0.464198 -0.0414884 -3.77173 1.04703 
3.94443 -1.25107 -0.749959 -5.73041 
1.50797 -1.65412 -63.9457 -0.303381 
-9.65611 -0.0657112 0.0202726 -24.9904 
-2.41612 0.355657 2.58514 1.38408 
1.23283 1.54092 0.73046 -1.20808 
-1.41774 0.587515 -1.96067 -0.504993 
-0.568869 -3.06198 0.505223 -1.96787 
0.786117 3.38681 -0.13182 -0.37933 
1.2242 -2.52134 1.75304 0.284154 
8.16273 0.562692 -6.72759 0.825499 
-1.17416 0.163719 0.100333 0.160641 
-1.01801 -0.349252 -0.510587 -0.807618 
-0.169146 -0.142404 0.379585 -0.160458 
0.329973 -4.81575 -0.0644919 0.544502 
2.28419 -0.823856 -32.8462 0.150685 
2.14367 0.181398 -1.01813 0.591766 
1.25032 -1.14474 8.37074 -0.625418 
2.68103 -1.92128 -0.0356211 0.9545 
0.866915 -12.5769 0.123378 -3.13529 
0.78459 1.353 0.575494 -0.378583 
14.0583 0.0150275 -0.47545 -22.5646 
-0.489127 0.619904 8.80208 -0.407643 
3.79227 14.9159 0.415362 -0.283271 
-1.13548 1.76698 2.46314 0.594216 
1.63781 8.86006 -0.867875 0.151632 
-1.86949 -1.13972 -2.7995 0.889989 
-1.62109 -0.281831 0.0988892 0.0535849 
1.6851 0.969102 1.30818 0.0683302 
-0.346184 -5.23148 4.42577 -5.89489 
-0.611314 -1.08714 2.21801 -4.45305 
-0.102602 -0.571632 0.885379 0.407416 
-11.6601 -0.899774 4.13448 0.547607 
-0.327479 0.626906 -2.31649 0.614098 
-0.794411 0.356707 0.50628 0.570106 
-0.126729 -1.88746 0.319703 -0.490681 
-0.0447397 5.59701 1.11582 0.13091 
3.17796 -5.08067 0.406598 1.15182 
0.271187 0.324189 1.13059 -0.197087 
0.61459 -0.435726 -6.35422 0.14808 
-0.862934 3.11754 -0.900605 -0.6592 
-1.25066 1.22607 -26.0811 -1.45863 
-0.0123563 2.3899 -0.688948 -1.01984 
-0.862753 7.27773 -1.55912 0.0208829 
3.29421 0.0902812 -0.567064 1.13191 
0.243627 -0.196235 -2.64268 -0.337652 
-3.60042 0.217783 1.21167 -0.728015 
-1.15412 0.116629 1.78551 -0.191249 
-4.92198 8.50474 1.4809 0.296775 
24.6536 -1.22912 22.3886 7.28675 
1.41329 -0.174073 11.2548 0.0618547 
-10.9407 0.717384 5.03293 -1.87306 
-0.0533528 -0.85301 5.01058 -0.148946 
0.76028 0.087656 -0.214945 -3.16527 
-1.92609 -2.7562 -0.447885 13.2557 
12.7723 1.69039 24.8731 1.17284 
3.62474 -4.56339 -2.34023 -5.01541 
0.508263 0.167234 -0.631908 3.73162 
-4.18326 1.24915 0.0612061 -0.191734 
-1.18494 -0.40762 1.93732 0.263203 
-0.47419 0.11178 -1.64856 -1.838 
0.550369 2.7783 2.93243 -0.229401 
-1.16934 -3.81522 -0.99467 66.2487 
14.6837 -0.364935 -0.825144 -4.76849 
0.00600998 0.37304 6.53824 0.64436 
6.29361 -2.07226 1.36859 4.59094 
-0.203967 -1.95255 -3.23324 -0.0123529 
1.94341 5.74948 -3.63475 6.48745 
-0.200638 0.568152 0.0887906 0.166757 
0.587151 0.346317 -33.931 5.87387 
0.394264 2.17564 -0.0836417 -1.5249 
-1.19032 -2.55362 -0.0665121 0.832815 
1.43793 0.576696 0.26764 -0.547239 
-0.146794 -0.819219 23.6725 0.388534 
0.810013 1.70671 0.52211 -0.361227 
1.1179 4.95582 -1.67212 0.435521 
-0.357821 0.328956 -1.21997 -0.99052 
161.882 6.58439 4.43671 0.554488 
0.75768 -1.51691 -0.685113 0.0981507 
-0.893697 2.43463 0.347726 0.720048 
-0.797457 -2.02035 -0.693301 2.89014 
-0.524391 -1.25785 -35.4014 -1.69801 
-1.12232 -0.691723 0.0143363 0.123077 
-3.58649 0.0652982 -0.305356 -1.63012 
-3.09017 6.40911 0.713791 -5.44333 
-1.8341 -1.78194 0.465617 3.80485 
-2.94559 1.29405 -1.63636 -0.86382 
2.27669 -2.95312 38.1342 -0.176262 
-0.840466 0.0767737 3.13947 -0.0377387 
-3.25174 -0.772188 -0.232373 70.5001 
-0.511089 0.67762 0.78885 -0.332363 
0.0719474 -0.359678 0.293843 -2.51908 
0.788519 3.11574 -0.315609 0.117624 
-0.156207 -12.1108 0.323022 1.4575 
-8.9874 -0.00881264 -0.980015 2.16167 
-1.41643 0.334276 3.03497 0.18444 
-0.585716 1.71831 1.77724 -0.14579 
-10.8824 -1.02295 0.459708 2.26021 
1.70257 -0.280615 0.917801 -0.255158 
0.0164715 -0.301611 0.90855 -1.70389 
-0.914195 -45.7406 13.2838 0.13595 
48.2734 4.86704 -1.72972 -0.340412 
-14.6758 0.434976 0.0390891 1.07786 
0.848769 -1.91132 -1.09481 -0.405919 
0.334668 3.80565 1.92748 -0.497541 
-1.39737 0.221358 0.226619 0.0336272 
3.32623 2.08527 -0.139243 -0.333687 
-0.642279 -0.459612 -0.537492 16.902 
-0.218337 -0.698437 0.0593856 3.26246 
0.439093 -5.98054 0.456939 -2.4267 
0.155459 80.237 -0.536852 -0.34521 
-6.89722 1.05292 36.3055 1.48049 
1.66881 -2.61612 10.0048 0.170266 
-0.074102 -1.2628 -0.205818 -1.1237 
-0.0106543 -0.81243 -0.0972984 0.453202 
20.529 -0.71513 3.09481 -0.97821 
0.347603 5.47173 -2.59784 0.87992 
0.351052 2.79829 0.951252 -0.169225 
-1.19543 -1.23757 -0.231285 -2.9453 
4.79678 -1.56155 -0.52908 3.07717 
0.761002 10.8922 0.15757 0.662625 
1.66764 0.725596 0.0609873 -1.0309 
1.54515 7.27694 0.297709 -0.832075 
1.12892 -1.61923 1.17259 -0.792023 
-2011.72 -0.121713 -0.30396 -0.448897 
0.906096 -1.85198 -23.4051 -1.30763 
-0.943814 -6.99904 -0.0804579 4.17049 
1.51673 0.252107 -0.711743 2.55642 
1.16743 0.0500838 -9.8398 -2.09109 
2.05709 0.305706 -0.732917 0.431189 
5.95447 3.60108 -0.527652 -1.55733 
-1.38231 0.0637787 -1.04618 -3.02375 
8.12125 7.81207 -39.3358 1.97679 
6.72421 1.94336 0.377228 0.132313 
7.11168 -0.866961 -0.792107 -0.571576 
-0.120725 3.35421 0.57126 0.113116 
-9.66286 1.18406 1.39289 1.60337 
-0.521094 8.44702 1.03776 -0.0761567 
0.435293 -1.74387 2.33548 0.937715 
-0.698499 -0.554626 -1.49587 2.09087 
-3.12291 -2.79579 -0.0115467 3.92314 
0.345135 0.26509 -2.02865 3.62617 
4.16207 5.17161 -0.162314 -0.513633 
-1.08943 0.766109 0.449705 2.30031 
0.940922 -0.238582 -0.659234 -0.831374 
-0.458569 0.178081 1.08901 3.30202 
1.31849 1.15547 0.983486 -0.214565 
-0.2183 -43.4207 -3.05749 -0.726611 
-1.94432 0.241142 -5.18549 0.589462 
0.125894 1.34377 -36.12 -0.437854 
0.329439 0.198763 -3.29298 -0.030241 
-0.225646 0.684559 1.31837 -0.753572 
1.57096 -10.9901 -0.412482 0.753541 
0.389508 -2.09134 0.190308 -1.55072 
1.86557 -0.268873 0.721025 -2.83203 
-0.373477 0.498282 -1.15436 -0.0640153 
1.53883 1.54699 1.98958 3.21978 
-1.11194 -2.0696 -0.215364 0.339499 
0.122597 0.678002 -1.53686 -3.3171 
-0.285103 0.40553 -0.799425 1.24332 
-0.517115 -4.47686 0.118894 0.503657 
-0.430751 0.912594 -36.9394 -0.970751 
2.68172 0.32797 10.3684 0.811445 
35.7382 -1.537 -1.93281 -0.0914329 
28.6327 -0.729056 0.783803 0.596858 
0.102981 1.26664 -6.44177 3.19995 
0.252979 1.07401 0.455947 -6.08762 
-1.55974 3.79737 -1.79911 -1.98602 
0.111316 -0.167399 -14.1233 -0.0166899 
2.10166 0.383133 0.489233 2.81439 
-0.101654 -0.426967 -1.81753 3.04403 
-2.53625 0.411048 5.34844 -4.64919 
-9906.31 -0.268281 -0.967708 1.23955 
-0.70376 -1.23748 -2.85352 0.130373 
3.16559 -0.604232 -0.136979 -0.542186 
0.444981 1.7653 -9.26781 -0.478905 
-0.108417 -0.418242 1.31538 -0.806941 
-0.228985 0.518134 2.27945 -1.7628 
-0.409872 0.133815 0.0974038 -1.2105 
-1.1829 2.22714 1.29728 -0.150412 
0.194283 0.888099 0.627958 -0.258733 
-0.644233 0.681967 -20.4371 -1.12647 
-0.387426 1.39499 -8.27419 0.479471 
-0.305495 -3.80955 -0.714035 0.663964 
0.740037 0.558263 -0.782475 -1.41097 
4.0841 -0.266838 6.60213 1.29329 
-0.295354 0.902166 0.416427 1.7324 
-11.5978 0.979913 0.976845 -0.0957798 
-2.26394 -0.379889 -14.5234 1.75488 
-27.6381 -3.68618 -1.051 -0.259838 
-0.0819157 -1.56392 0.788792 0.215695 
0.0594509 -9.89294 3.53271 -0.364329 
0.330036 -1.79537 -1.21552 0.432554 
0.529176 0.415329 0.396325 1.18668 
1.30749 -5.07122 -0.57556 0.765572 
0.256916 0.280464 -0.0592065 0.675145 
-0.252029 -0.124705 0.194818 -0.171353 
-0.143239 -1.97991 -0.344204 0.408793 
-1.80872 1.38225 0.512198 0.526686 
-1.6637 4.02954 2.08963 0.148118 
2.17295 0.0802653 -2.46392 -1.91173 
-0.666817 -0.105728 -1.24649 -0.330931 
-1.40497 -1.60995 -4.4714 -0.639027 
-1.71987 1.73979 -0.118656 0.795169 
0.37969 3.42177 -51.056 2.02921 
1.00742 1.59387 14.0372 2.03937 
-1.77003 -5.53384 -1.44538 0.856037 
-6.85574 2.0887 -9.76554 8.13485 
-0.0124903 -0.220039 0.522464 -5.03042 
0.178903 4.86814 -0.181321 -5.33472 
5.75279 6.80106 0.900462 1.02492 
0.873576 -0.908041 0.458921 28.6832 
1.40407 0.408339 -1.29815 22.4644 
-0.240104 0.556698 -0.166037 0.0564681 
1.18153 -52.3862 0.884506 -1.26287 
-1.04975 10.1521 10.8381 -0.386771 
3.68344 5.36613 0.672785 -1.53949 
0.671207 -0.997997 -0.308489 1.12466 
-2.17422 3.30473 -1.82406 -0.66376 
-0.512605 -0.137798 -3.83169 1.83206 
1.56063 1.04749 2.19265 -4.64153 
3.12129 -9.29084 -0.166801 0.561107 
-0.924298 0.409992 -0.0845846 -0.749151 
0.306309 10.482 0.181169 1.68991 
-0.32418 0.744476 0.791753 -0.265875 
1.51367 2.70862 1.97757 0.340252 
7.59151 -1.26131 -1.79107 -0.354355 
-1.59598 -0.855049 2.10026 1.96292 
-0.0939217 -8.10111 0.416185 -5.00933 
-3.27643 0.625868 -4.70914 2.12277 
1.13857 0.262556 -1.04839 4.74416 
-0.019286 -0.89755 0.40674 1.32606 
0.274754 -1.3948 1.57383 -1.82225 
-1.45926 -12.02 -0.0316815 -3.76945 
-0.247752 -0.0813342 -5.07943 -2.24567 
0.563251 -0.0950059 1.67748 0.890348 
1.07943 0.244809 0.938125 4.1881 
-0.619885 2.24011 -0.631043 -1.58744 
-1.59755 0.752476 0.624733 -0.0756038 
0.311411 -0.126668 1.31368 -5.43477 
-9.32868 -0.00690771 -5.29066 0.0173703 
-3.87931 1.34095 -0.441972 -0.108421 
-1.13504 -1.36674 -0.52249 1.74544 
-0.330784 -1.33474 -0.059071 -0.420898 
-0.607589 0.108852 1.56666 0.808541 
-0.725602 -7.13587 -0.146133 3.16832 
-1.73793 0.0895167 -1.01288 -2.0275 
1.58297 -0.162229 -1.7527 0.539594 
-1.02721 -1.52982 -0.761617 -2.93593 
-0.50853 0.34912 0.963886 -2.02805 
-0.866081 -1.40402 -0.564211 7.73458 
-5.4388 0.0839445 -1.17467 -2.36103 
1.41036 5.3596 -0.0455912 -0.132561 
1.08474 0.345125 -0.310102 -0.518942 
-1.80935 -2.01871 -0.180271 -4.32774 
2.87094 -0.634241 -0.0288247 -60.6108 
0.810653 -1.64616 0.0737234 0.0494148 
-0.642104 1.91977 0.0685382 0.712183 
0.450094 3.30881 1.90297 -1.40245 
3.2913 0.139338 -2.44044 -9.34412 
-0.345653 -1.72981 1.88558 0.413021 
-0.0609287 -2.34891 1.12158 -2.11628 
0.11764 -7.47294 0.593887 0.452681 
-0.500227 -0.153524 4.78874 -1.01369 
2.00694 -13.0725 7.83266 1.68396 
2.22161 -2.44066 -0.439585 -8.66317 
0.502959 0.773109 0.906322 1.27963 
-1.54836 -0.362364 -0.551923 2.49216 
-1.44255 -3.46178 -0.346616 -1.3392 
1.46983 -0.854247 -2.83347 -13.0717 
0.722543 0.228307 2.62193 -0.0866022 
-0.28994 0.264258 -1.1965 -1.52273 
0.559635 12.3124 -1.41081 -0.23171 
0.880601 -0.0882429 2.3445 -10.2509 
1.1076 0.524257 0.473396 0.884648 
-0.728711 -18.503 27.7449 -4.69403 
-0.786987 0.832482 1.05449 1.90228 
1.04324 -5.01983 -1.34067 1.11063 
-0.855064 -0.695029 0.682478 0.843179 
-0.511169 -12.926 6.25901 1.25649 
-1.1692 -0.665479 2.57146 0.135902 
-5.13498 -1322.36 -0.537455 -0.159004 
0.319115 0.656831 -0.709325 -0.781624 
-1.14001 5.10385 1.16505 -0.00898705 
2.18815 29.8548 1.77391 3.34668 
0.264424 -0.221868 -1.0358 0.832205 
1.09207 17.5471 -0.489198 -0.319663 
-1.10387 0.515451 2.79521 -1.6259 
4.44841 -1.74058 -3.05032 1.13957 
1.42772 -1.82433 -0.373304 -22.3627 
0.0857611 -1.37222 -0.888435 -3.7657 
0.790665 -125.981 1.72754 -0.878504 
1.29804 1.38527 2.39288 0.634748 
-0.38053 0.0177402 3.1349 -0.319775 
-0.0668781 0.241102 -0.377515 -0.50315 
0.412401 0.321211 -0.625064 1.47133 
-0.277827 -1.06249 -2.33475 2.12839 
-0.746196 14.4465 -1.96043 -1.92546 
1.32008 -2.1889 0.381604 -0.318681 
86.353 -4.32047 -3.26699 -14.4395 
-0.599329 -0.0796288 -4.88506 -1.41959 
1.36766 -2.63534 0.238117 0.252698 
0.25764 0.503506 59.1006 -1.96677 
0.793894 -0.118608 9.22221 5.13471 
-14.3032 -0.345317 0.77003 0.469539 
0.124589 2.07385 4.07375 -1.41021 
2.31144 0.0431379 0.498608 -1.9605 
0.596588 -1.44454 1.32748 -3.57307 
0.55358 -3.18605 -0.241698 -6.93707 
25.5493 -12.2074 5.83903 0.38846 
-0.305549 2.40821 0.14535 -0.767356 
1.80257 2.22606 -0.196374 5.83871 
-0.311184 -0.583596 -2.35797 0.0187261 
-2.63023 -0.206157 0.609784 4.74038 
-0.717532 -0.290087 -0.394826 -18.3654 
3.1571 -1.39929 -2.81758 -0.768605 
-7.11348 -0.340649 0.47969 -0.487844 
-0.312085 0.343317 -0.523425 1.22847 
-2.83524 -3.32669 -38.8678 0.0118247 
0.584678 9.70679 8.11506 -0.765738 
0.429676 1.16008 -0.942781 -0.780189 
-0.525497 5.36207 1.36809 -1.76603 
55.9283 -0.161994 1.07653 -0.470868 
1.56925 -0.556616 -0.203002 0.0886176 
-0.864625 0.388939 -0.33958 -5.9102 
-0.0308544 -0.525897 0.0795712 1.54649 
3.13904 -0.32501 0.690223 0.624466 
0.0956537 -2.78854 -1.19944 -5.16293 
2.85211 -0.109086 -8.08103 1.8123 
-0.179496 -3.13769 1.76396 -19.1478 
-1.84143 0.704743 0.322822 0.252072 
-1.62432 48.4806 1.39513 -1.45274 
-2.53862 -0.72417 -1.06736 -12.1246 
-0.306672 5.93034 2.27298 3.763 
3.45206 -1.04054 -1.41063 -0.48613 
-0.63046 -13.5811 -0.70058 -7.48169 
-0.00645057 -0.944709 0.323533 -1.47261 
0.817726 -4.02723 1.57134 0.608113 
1.42495 -0.0777034 -1.76936 -0.757653 
0.0134527 -2.11985 -0.270442 25.5437 
-1.16114 -2.43896 -0.765559 3.66264 
-1.86954 0.267658 1.52514 -2.94829 
1.01305 -0.41287 -1.97147 0.595146 
-1.20292 106.419 -15.4977 1.29301 
-0.392976 -13.027 -0.92871 0.808806 
0.298028 8.72643 -7.81739 -0.506297 
1.26994 0.442602 2.43482 -0.692745 
5.92882 0.901793 10.3131 1.35643 
0.819309 -0.981821 0.0960062 6.07398 
-3.11661 36.5012 0.39592 -1.60015 
0.288983 6.75869 1.39386 -1.15752 
-7.3128 -5.81413 9.86533 8.38235 
4.67205 -16.0224 -0.529571 -0.567618 
-1.72858 4.20686 2.46577 -0.456884 
4.99711 -11.938 -0.173914 0.752414 
0.654036 -7.81982 7.62128 -1.61858 
0.0739638 -10.2159 0.0894929 -0.641582 
0.537364 -0.213492 0.424478 -1.30033 
-0.423796 0.527899 0.0431994 0.376259 
-0.144383 -1.0189 3.94802 -0.968642 
-0.61062 1.00012 -0.445514 -1.91664 
-0.361396 0.812801 -1.77978 22.099 
1.70093 -1.84242 -18.2035 -0.291345 
-0.093104 -0.219495 -0.431628 -5.21546 
-6.71201 -0.355741 -2.24736 -109.031 
-0.588913 2.18064 -0.954646 1.08222 
-0.0936005 -1.85798 -0.408765 -0.876608 
0.0807947 -0.686936 0.563589 0.727682 
3.48141 0.0618209 -1.86959 0.050982 
-0.0636161 -0.275342 -0.882843 1.77361 
-1.99926 1.15742 1.87032 -0.280166 
-2.04128 -1.12155 -1.76551 1.29819 
-0.171986 13.1539 0.303676 2.09746 
0.238962 -1.93909 9.11886 0.820369 
1.19469 -1.20529 0.419723 -1.14207 
-2.4986 0.328222 -0.127953 0.973548 
0.299254 -0.345211 0.971956 0.933162 
-1.32742 -0.915568 1.1791 -0.0459935 
-0.21605 -0.929689 2.27618 -2.25449 
-1.35137 -0.325818 -2.87657 -1.96163 
-0.870294 -0.476101 3.98792 -3.7739 
11.0862 -1.12449 4.67731 0.177423 
0.770567 -2.90189 2.48878 -1.76648 
-0.104305 0.414386 -1.42634 -0.0255 
-0.693364 -0.664269 -0.641663 0.532451 
1.79752 -1.23208 0.0218679 0.271764 
-0.372696 0.0274944 0.0831067 2.19329 
-0.0156056 8.75636 -0.592898 9.27751 
0.924776 -1.45744 1.22363 -2.77376 
-0.928891 1.27627 0.761067 3.22752 
-0.963998 -0.588066 -1.11281 -0.581411 
3.65168 5.89661 0.151765 -0.407026 
6.62688 -2.02971 -0.317708 -0.541621 
-1.69622 -1.44974 1.20803 0.595324 
0.132311 -3.36652 1.76784 -0.539511 
8.2467 -3.12281 5.06424 -0.363301 
-1.00291 0.91054 -0.510439 -0.607503 
-0.924803 -15.5458 0.421136 -0.187054 
0.0333645 0.561421 0.342052 1.86955 
-0.367593 0.608639 0.675434 -0.942526 
-1.20401 -2.63555 0.231128 -0.470401 
1.74166 -0.503205 1.01074 5.18651 
-0.533615 -1.57753 -1.97813 0.0590922 
3.98433 0.616496 6.05137 0.0883224 
-1.21401 -3.97638 -98.2694 -0.352427 
-0.110775 -2.30205 2.98043 43.6769 
0.587124 5.01961 0.801268 3461.61 
-0.840213 -4.53899 -1.64573 0.354831 
2.13878 0.732324 2.87257 -0.035169 
-0.436457 -10.5537 -2.38095 0.975048 
-0.794893 1.39181 5.63423 -0.0233243 
2.92447 -0.435307 1.39777 18.3923 
-0.233397 -1.59945 17.1819 0.133007 
-1.39608 3.63566 1.01715 1.52536 
0.438107 -0.778682 -0.300709 -2.12788 
0.591581 -1.29273 -0.107341 -0.992983 
2.97708 -0.129731 -0.659073 -0.314023 
3.89522 -0.398584 2.13649 -0.0557109 
1.24126 0.800452 0.837536 -6.18284 
-1.57192 1.04013 1.27204 -0.676859 
-0.17291 1.19065 1.58064 -0.117027 
0.437266 0.175701 -0.339003 -0.956239 
1.66421 0.409518 0.183812 0.740906 
0.645134 -0.19878 0.872771 -22.0007 
-0.892655 1.48101 -0.81059 -0.515676 
-0.655652 0.853988 4.08948 -0.673569 
8.83361 -2.2636 -0.349012 -1.39048 
-0.0421791 60.1062 -1.06964 1.58704 
1.25846 -0.34725 -1.26398 0.328568 
0.351014 -0.731082 -7.46841 3.07318 
1.9264 0.669291 -0.717554 1.01818 
-0.254189 -0.56938 0.732038 5.14321 
-1.1119 1.01388 0.104907 -1.76812 
-0.552302 -0.529872 -1.38991 -14.6535 
-0.106644 1.10342 0.103647 5.58718 
1.33288 1.02433 -0.881433 1.86539 
0.0773115 -0.104416 -2.32847 0.681044 
-0.683538 -0.270926 -0.662676 0.330651 
1.98823 -0.440918 -0.885451 0.284013 
0.347824 -1.83972 -0.701821 -0.165586 
0.70986 0.451152 3.73321 -1.14546 
-0.0989532 0.498936 0.187572 1.36511 
0.832333 -0.775703 -1.74923 0.491753 
-0.631856 0.121343 -0.3678 0.0982852 
-1.42401 -1.79716 4.37291 1.31438 
-2.94087 0.600696 -38.834 -3.72962 
0.221654 -12.2697 0.405019 1.00839 
-0.901742 4.7436 -1.22529 4.09141 
-0.453791 -0.11147 -0.701294 -0.859391 
-4.55614 0.209031 1.17925 -1.17291 
7.96054 1.77183 2.2397 -0.771751 
6.06178 -0.156705 -0.367081 -0.0708162 
0.819596 -0.249278 1.38084 -1.21279 
0.186135 0.562823 -0.588078 -0.861992 
7.06516 -2.07135 -0.487582 -0.303868 
-6.96135 -0.132062 0.0586548 0.0556674 
-0.587415 2.27308 -0.610359 0.52223 
-2.7861 -2.51673 0.415607 -1.18361 
-0.137491 -0.504159 0.961785 -3.75107 
1.7999 0.627957 -0.649082 -1.11418 
-9.58171 -4.85617 5.06522 1.79043 
0.194395 3.38006 7.19811 3.41147 
-0.821196 -1.04671 -0.203896 0.117008 
0.614428 0.810995 -0.728621 -0.599301 
-0.641588 2.15338 1.07967 -0.647415 
1.52684 -0.285965 -1.91831 -7.60591 
-1.8046 0.259962 1.95658 0.693942 
-9.99011 0.948337 -1.26991 0.234207 
5.16891 2.3335 -0.897206 1.75199 
1.24211 2.3394 -0.884568 -4.52378 
0.278956 0.293834 0.149933 0.106398 
3.8676 -0.458879 -7.6326 4.04381 
-0.460882 1.02575 1.77981 -0.690146 
-0.519703 0.685759 -0.287419 0.928541 
-15.1116 1.82837 -0.352392 0.217742 
1.45952 -0.896088 -0.222506 -1.07389 
-0.115141 -0.732647 0.282961 -2.37656 
-0.832891 0.427967 1.24374 -0.0502751 
21.7675 0.395842 8.07574 -0.127937 
3.52541 0.732297 0.0318272 -0.464751 
-1.10499 2.09852 -0.426942 6.44229 
0.351895 -2.8867 -0.621832 3.43814 
1.4245 2.20977 0.886866 -1.10068 
-0.53131 -0.509128 0.280305 1.64851 
1.04996 0.257278 0.088359 -0.797253 
3.29895 -181.479 -2.13014 -2.11185 
-0.517245 -0.436962 6.69301 0.696818 
-1.16394 0.293299 -0.434748 -0.942248 
-0.595197 8.64559 -3.74234 -0.605722 
0.164516 2.43536 0.82457 0.338952 
-0.973924 1.8955 0.190084 -0.660656 
0.93225 92.3131 -2.46992 -0.336589 
-1.28502 -19.3393 -0.535817 -0.838032 
0.04166 1.53878 0.275534 0.244486 
-0.580649 -0.371331 -0.708637 0.607778 
-1.17999 0.393455 0.168632 -0.864222 
-2.22429 0.170079 -0.116696 15.148 
-17.9169 -7.30597 -21.5745 -1.45816 
1.33427 0.0236098 -0.141222 0.533661 
3.11974 -1.27175 0.552709 -8.7515 
-6.85428 -2.22137 0.757149 -7.45298 
-0.81454 -0.214862 -0.47679 0.266246 
0.429135 -10.9516 -0.656032 0.437544 
-0.793701 1.17242 -2.72717 1.11607 
0.697349 -1.63777 -7.10799 -0.707242 
-219.807 0.0632234 0.382295 -0.992412 
3.98056 -7.26578 0.944335 -0.0803365 
7.18972 1.23232 0.437151 0.168633 
-1.23332 -0.934257 -0.750553 4.87194 
0.0644089 0.695991 6.38567 -12.4808 
0.376093 0.584469 1.46597 -1.11112 
-0.461693 0.322853 -0.156564 -0.594377 
0.977671 -1.1776 -0.57034 -0.314481 
0.175919 -1.74468 -1.36648 0.725867 
0.460988 1.05025 0.0152181 0.552413 
1.81427 -2.98136 1.18177 3.9519 
2.22638 2.3307 -0.758524 0.33534 
-0.750832 0.0721895 0.0557878 0.970859 
-0.394096 -0.816105 -5.8518 0.206952 
5.45758 2.72274 0.776367 -2.02347 
-0.309392 -0.687489 1.58401 -2.58066 
-9.5479 -2.37337 4.28699 -15.4495 
-2.95759 1.65213 -0.412768 0.685679 
0.265734 0.789614 -1.48318 -0.467581 
-7.08182 -1.25212 -1.37595 5.07998 
1.28594 0.103519 0.978117 -2.85242 
-0.715252 0.519827 0.0585049 0.944265 
-7.76764 3.30421 -2.65809 0.956713 
-0.470838 0.688295 -0.726234 0.538857 
-0.867205 -0.860034 -0.458795 0.587759 
1.33656 -0.0516421 2.23516 75.0336 
-0.336107 25.3792 -0.935487 -23.5717 
0.836033 -0.185642 0.708007 1.08632 
-17.521 -1.10714 -5.42107 0.0534336 
8.11188 0.697898 5.01495 -1.52505 
-6.44965 1.37917 4.24889 0.254388 
0.614964 0.0539964 -1.57077 -3.81485 
-0.0441894 0.417172 -2.85131 1.03621 
-3.38166 1.39933 5.02795 0.0749707 
-2.24878 1.35012 4.35874 -0.69836 
-0.369085 0.572574 0.0365203 0.973418 
0.406365 0.963838 1.09175 -0.654807 
-0.688932 -1.17028 -0.20119 1.17303 
-0.2292 -0.585081 1.21143 -0.282073 
-1.21888 -0.378058 0.902685 -0.979434 
-2.60346 0.96495 -0.589775 0.661448 
-0.900332 4.67171 -5.30441 -0.000871258 
4.67417 4.98566 1.26332 0.645719 
1.38098 8.53639 -0.120011 -0.273029 
2.4805 -0.18622 0.504309 2.08939 
-0.052158 0.77106 -0.563387 4.15695 
-2.49833 1.42534 0.0507882 1.50499 
0.909546 -6.49088 -0.674824 1.04624 
0.849714 0.146748 -2.42716 1.77366 
-0.534568 3.48543 -2.43202 -0.328405 
7.672 -2.00961 -2.34625 -0.528494 
0.195134 -0.0202092 5.06703 0.401917 
0.877646 0.0845317 2.43671 2.05602 
0.505178 -18.6084 -6.59252 0.636859 
-0.806926 -0.916387 0.915994 -0.520027 
-0.210225 0.290252 1.90791 -2.5401 
-4.28185 0.258163 -0.62348 9.32409 
-1.52989 -0.687549 -1.22246 0.0214753 
15.131 -3.01967 1.88925 0.603286 
-0.697369 -1.38497 -41.1837 0.0781541 
0.831397 9.55836 5.88363 -6.60524 
0.301613 -0.394545 -2.88886 0.258916 
-0.0606602 2.96422 0.678143 -0.563937 
1.1986 -2.12361 -0.386721 -0.299506 
-9.58288 -0.89871 2.91321 0.553999 
0.19398 1.88181 -16.526 -0.0441624 
-0.899452 -0.856899 0.250285 1.45948 
-0.543096 8.93599 0.803262 4.11653 
72.2859 -1.4036 1.70294 1.19349 
0.709835 -0.335624 -2.32197 2.09511 
1.69839 0.00923804 0.241641 5.84828 
3.64403 3.95629 -2.94267 0.547739 
0.447855 0.502037 -1.55265 -1.06428 
1.00905 1.48173 -0.120159 0.0712578 
1.24603 0.161361 -0.484819 0.863323 
0.0435713 42.3924 -1.21892 0.297157 
-1.35625 -22.3429 -1.51494 0.73036 
-2.87747 -5.11245 1.09629 -0.12446 
1.04882 0.491491 1.29418 0.31837 
2.39134 -0.193469 -1.21532 0.421533 
0.602492 57.8665 17.1944 -3.01557 
-0.222588 0.666465 -0.14877 -6.54744 
5.41577 -0.767067 -1.39155 0.232066 
-25.1504 -0.635426 0.0393204 2.23734 
-3.14028 -2.49176 -1.64853 1.04892 
0.665084 -1.18393 0.263617 1.17068 
11.3645 7.03727 -1.16745 -0.709019 
-0.703616 -0.603662 -3.8386 -2.79389 
0.45456 -1.22641 -0.38825 0.194089 
-0.677256 -1.28244 1.50739 137.915 
-0.535823 0.293595 -1.48749 0.113117 
0.540913 -1.0423 1.11346 -0.719005 
3.57554 0.98296 0.384001 -0.546438 
-0.196706 -0.167741 3.903 0.482248 
-3.17712 -0.372414 -0.276052 1.28152 
-5.81309 0.226369 -0.808057 -1.31385 
-0.39457 2.79782 -1.24517 -5.43657 
-3.23052 -0.83915 -1.81678 0.680258 
2.87759 -16.773 -0.233932 -0.495158 
138.786 -0.674284 -3.48816 0.109374 
-2.52362 0.0626661 2.73307 7.24957 
0.608765 2.21005 0.869288 0.853187 
6.65497 -0.101052 -2.64698 1.24505 
-0.252121 -0.883488 -1.26488 1.28405 
1458.19 2.07461 0.548828 -0.736111 
2.01297 -0.852247 -1.27539 -0.806392 
-0.431293 0.683444 -3.61559 -4.44312 
-0.879847 -0.18194 1.56498 1.86225 
-1.89487 -1.07133 -3.63517 1.20699 
-0.994577 -6.41316 -1.85584 -0.273196 
4.08134 -0.308264 -4.16868 -1.27444 
-0.516621 -1.15305 1.64907 -0.516784 
0.368285 2.02682 1.22428 3.16883 
3.38313 0.246211 0.0587557 -0.208873 
-1.82845 0.891797 0.125719 -0.271273 
4.94286 -5.10928 -0.126658 1.1044 
1.79313 8.04717 0.401932 1.31395 
0.346392 -5.84843 2.43966 0.88939 
-5.02911 0.405804 -33.1408 -2.49415 
-1.52469 0.593472 -0.587135 0.372573 
-0.259134 3.06877 -2.39258 -0.0269977 
1.1785 0.0671141 -1.6081 7.55897 
-1.27784 -1.40828 1.86111 -62.9522 
-3.47974 2.92441 -1.43438 -0.489439 
1.18105 3.42297 -0.153565 4.06339 
-0.985999 0.0304452 0.401231 -2.12947 
0.370134 2.19419 -1.81969 -0.223193 
20.1973 -0.00359704 2.89178 0.649334 
-0.68006 -13.2499 -10.8449 -0.103945 
0.0460095 1.52643 1.3186 -1.37035 
-0.0379228 -3.46776 -0.578541 -0.0581994 
0.246225 -0.0747443 -0.685519 -0.00496799 
1.84597 -0.420473 -11.7023 0.0907674 
0.737031 -7.22145 2.54009 0.666593 
-0.0285888 -8.68913 1.47542 -0.297031 
0.10495 0.401183 0.274628 0.0310464 
0.0940446 -4.43055 0.956725 -0.0922614 
-1.52021 -1.07211 0.0224564 0.283102 
-1.85189 0.463119 1.21156 0.693016 
-1.95446 1.39546 1.25313 0.160293 
58.2238 -1.81042 5.16749 -1.10983 
0.23113 14.6703 -0.365746 -0.0541805 
4.16897 1.39347 -1.59788 0.637183 
0.0414872 -2.43655 0.615819 0.209319 
-0.0529094 -2.25322 0.906698 -1.55245 
1.67681 0.0928733 -0.0938936 1.45107 
0.433781 -2.94624 1.1861 -3.16641 
-0.514343 -5.85637 0.229909 -5.27079 
-1.92711 -0.111884 -15.035 5.42215 
1.48693 1.67583 -0.929106 -0.156157 
4.22412 1.07221 0.125187 0.0341124 
-0.6592 0.3374 -73.0506 0.859778 
0.332883 0.641141 78.174 0.367831 
0.180752 0.37865 -5.8683 0.429204 
-2.05615 0.612765 0.0400649 -16.4997 
-1.51365 -1.73385 0.204319 1.70348 
0.324362 -4.48868 -0.299885 0.877308 
0.506663 0.918141 3.48052 297.062 
0.153911 -1.00987 -0.640602 -9.33493 
-3.38658 5.12077 -0.794183 -0.513236 
-0.329215 0.0836582 6.46342 0.891347 
7.13339 -1.47715 0.472047 -0.325757 
-4.90117 2.32327 0.480746 -0.898508 
24.131 -7.07272 0.184528 -1.50525 
-0.00213917 3.57182 0.920868 -0.33057 
4.76943 -1.35021 0.80601 0.579336 
-53.5441 0.0363337 -1.01442 1.9162 
0.491673 1.66773 1.03402 -0.218537 
-0.737273 -0.347236 2.75861 -0.213505 
-5.5983 0.284847 -3.81716 -3.08622 
-0.691075 0.0953898 -6.41466 0.401744 
4.97747 -2.3805 2.65547 -0.116472 
-0.0859497 -1.13915 1.08819 -0.177117 
-5.81347 0.606056 -8.72376 -3.31936 
0.352352 18.7613 0.594968 -1.11136 
0.575261 0.256099 -0.712014 -0.877613 
0.55674 0.0934239 -0.426061 -2.22161 
0.355334 -0.514403 2.19202 -0.997789 
-0.398797 0.966455 0.808224 -0.74129 
-4.5476 4.10502 1.08188 -1.02307 
4.27339 -0.734421 0.0829583 0.495235 
0.263316 0.469402 -0.433586 -0.420051 
-1.20068 -0.463384 -4.75721 2.33682 
0.904681 0.142686 -1.06602 -0.359441 
0.074833 6.97918 -3.95602 -1.45814 
-0.632629 -1.26173 0.103028 2.03091 
-0.393834 -0.819179 -0.208439 -0.0118598 
0.0303989 0.284452 -1.60122 1.99537 
1.55626 -0.630349 -6.92042 0.704112 
-1.53421 1.70407 -0.237145 -0.258588 
-0.0459896 -1.32926 1.81772 0.571675 
-0.698307 4.22641 12.2499 0.36229 
16.111 -0.116682 -19.4854 -2.7534 
-3.72345 0.839484 0.642077 8.10003 
-6.28672 -0.739374 -0.647816 0.0222306 
1.79901 0.381538 -1.48734 -0.552134 
2.69343 -14.7855 0.324795 0.792337 
-1.8156 0.539911 -0.860474 0.916323 
-0.435685 81.2392 -0.341756 3.69086 
0.523783 -7.16095 0.422374 1.0158 
4.4757 1.02774 -0.172567 0.404046 
-29.8902 -1.26777 -2.82937 0.328319 
-0.328019 -1.28507 -1.48842 1.24971 
-0.38882 3.62346 0.210805 0.90963 
-9.02083 -0.854598 1.17758 1.54799 
-0.991015 5.47582 -0.893683 1.08926 
1.48021 -1.30244 0.585646 2.42039 
-0.265762 3.1994 0.206084 -0.159644 
3.17519 4.82611 2.96049 0.142706 
-0.551203 -1.50587 0.0565921 1.50483 
1.59994 -1.41172 0.0783291 0.632965 
-1.60589 0.538484 1.64748 2.08288 
-0.0409613 2.70032 2.07072 -0.815379 
-6.25302 -4.16407 3.39298 -0.0925546 
-1.74255 -2.04522 3.12622 2.76784 
-5.02979 -0.384629 0.106089 1.54255 
-3.71881 0.128342 -2.82186 0.290246 
4.99894 0.147874 -4.30038 3.60072 
0.720149 -0.169583 -0.625824 1.29565 
-1.54721 -0.226002 0.694188 0.0794854 
0.445611 -3.43296 -0.527701 1.23022 
0.0161389 -1.24578 0.209253 -6.89245 
9.81939 0.161488 11.6389 -1.09362 
-3.40707 -1.00758 5.58523 0.81385 
-0.651962 -0.339095 0.243534 -0.13741 
-1.03055 0.106784 -0.178436 -2.03562 
-0.20011 -1.20079 -1.29911 3.38533 
-3.23924 2.08193 -1.02887 -1.21782 
-5.62786 -0.362718 2.48718 1.18286 
0.230501 -0.714697 0.0106154 -1.84806 
-2.77418 -4.93955 -0.167271 0.178214 
-0.462304 3.73457 3.00955 0.644137 
2.16294 -1.02901 0.885478 -0.505129 
-5.01241 -0.410622 1.12304 1.08489 
0.621841 -5.82825 0.148536 -1.23982 
2.1224 -2.62895 -102.478 0.409777 
-2.67948 -1.25996 -1.21194 -1.64196 
-2.95085 -18.1912 2.93616 0.345412 
10.2522 0.694319 0.147926 -0.501155 
-0.640806 -0.854152 0.268143 -0.384515 
43.9826 3.52445 1.26975 11.5717 
0.1258 -0.706468 0.0698771 -1.37211 
4.28034 -0.399482 0.190848 2.67223 
0.347245 0.0351818 -3.04194 -0.598309 
0.684412 -0.727832 -2.33368 -0.18238 
0.0145279 -0.460569 0.27166 0.472557 
-1.29685 0.241178 -12.1992 0.588798 
-0.804483 1.29963 -0.244937 -36.5728 
-2.94536 -0.270503 -0.0586402 -0.525935 
-1.48837 -0.211943 1.69099 2.02851 
-0.728392 -2.3188 -2.34091 0.992997 
-0.489785 1.13904 -2.2322 -14.0521 
-1.18415 6.98349 -0.63403 -0.897421 
0.259341 -5.13235 -14.6049 -26.4884 
-5.69842 -2.55078 0.527953 -4.23845 
-0.615352 1.31573 -50.6539 1.51152 
15.4603 1.42851 3.41771 -0.977121 
0.223421 0.223515 -0.654206 -1.24156 
-1.37844 -0.633978 0.461201 13.8512 
-0.488904 -0.262876 -4.21137 6.3649 
6.43732 -0.726093 3.01939 -0.233383 
-0.514455 -0.085141 -5.66877 -3.6076 
0.55346 -0.719648 1.08228 1.27453 
-0.323345 -10.1602 -7.10269 -0.447566 
-5.63909 -0.430891 -1.65753 -2.51414 
0.421324 -0.792887 2.49947 -0.015908 
1.61078 -0.338389 -0.371518 -9.20661 
-0.323994 -53.6187 0.786698 51.4641 
0.00735028 1.05871 19.5528 1.35535 
-0.628184 1.23725 0.0802945 -4.15525 
2.19279 3.16691 0.959725 -24.6423 
1.00244 -0.380277 10.1546 -1.00041 
-2.72192 -0.960795 -6.88698 -1.65128 
-0.503443 -3.93314 -3.00684 0.0839187 
-2.02054 4.80764 -2.11501 0.637771 
2.1999 0.523789 -0.180355 -1.64996 
-0.47399 -7.43495 0.616527 -1.20606 
-46.3917 -2.09924 0.14962 0.817503 
-3.10333 -2.23762 -0.0273837 0.388456 
0.14272 -18.4399 1.3809 1.49114 
0.521211 -0.261879 -0.00554159 -0.188356 
0.586029 7.82511 -1.4533 -0.889068 
0.807088 0.765998 -0.878506 -0.545427 
0.177319 -36.1047 1.98056 -0.460671 
0.111146 2.18042 -4.79649 -0.194701 
37.0635 3.05227 -0.985558 -0.174991 
0.0725377 -0.384982 2.47992 55.1696 
5.31226 -0.26529 0.525419 -19.3296 
-0.161432 -1.30759 -0.240853 1.40846 
-21.8701 -1.52445 -1.96754 -1.60686 
41.7704 1.37331 0.351687 0.110952 
1.10595 16.4451 18.5576 1.99875 
2.54288 -0.3622 -0.0173713 -4.37217 
-5.06949 -0.382655 -0.322618 0.988067 
-0.000211392 4.11166 0.131648 1.65421 
0.494832 -2.77403 -2.18689 0.0406327 
-1.60773 -0.678072 -8.37604 0.483617 
-2.06447 6.39101 -4.72841 75.8276 
-0.995134 1.54614 0.831416 -4.57563 
-2.90523 0.724987 -15.6456 -3.89183 
1.56853 -0.374405 5.51598 -0.00540192 
-0.560611 0.307493 1.19161 0.0728974 
0.0705754 1.45097 0.117511 1.97156 
-4.75852 -2.18435 4.84433 -4.21747 
3.47095 0.669412 -0.137702 0.420092 
-1.52994 -0.765563 -1.12765 0.213571 
-2.41583 1.15647 3.7013 0.451133 
2.79476 0.0503082 -2.12756 -0.308303 
-8.34984 29.3237 -0.72957 0.979296 
-0.568473 -1.56102 1.65923 -0.0997434 
-0.501898 0.480003 -0.344386 0.399915 
6.79855 -1.2479 -6.3543 3.15102 
-0.608785 -1.26826 -0.521316 -92.0037 
2.64181 -0.728387 -0.0282893 -3.34733 
0.96233 -0.632398 0.403701 -1.10507 
4.23895 -1.01235 -3.63655 -0.16444 
0.57987 0.0610541 0.559644 -4.66146 
-0.749149 0.00338511 -0.211641 2.97227 
0.77284 -0.907865 -4.69187 -0.930111 
-0.59792 -2.44589 0.334563 0.866023 
3.62164 1.2496 -3.11362 -3.53222 
-0.494172 0.426865 4.71087 0.125639 
-2.59504 -0.0550046 0.341322 0.1679 
0.232232 0.506299 -0.381102 0.243459 
1.65543 0.862437 0.484963 -0.547394 
3.16136 0.655832 -0.874035 0.478146 
-1.43652 -0.127225 -0.265759 2.60997 
-1.85319 -10.8848 7.07591 -2.60758 
-1.09861 -5.19282 -0.513893 0.0341611 
-0.327577 0.404829 -0.640483 0.303246 
4.07217 0.698562 0.652493 -1.38379 
6.34031 -1.32155 -0.863243 0.600266 
-5.68311 0.796554 -0.272471 -3.12412 
1.74137 1.12689 1.09741 0.197886 
-0.905963 0.956235 0.576992 16.4808 
50.2158 7.4941 0.0581254 0.618374 
-0.759468 -19.1434 -0.156375 -57.9682 
1.40469 -4.02869 -2.20362 0.617581 
-1.57827 -0.868335 -0.749554 3.48049 
-6.76686 -1.72282 -22.5029 -0.151955 
-3.01461 -0.182901 0.328582 0.111594 
-1.02753 0.0204523 -1.36867 0.438946 
-2.61693 -0.578284 1.08841 3.97879 
-0.352618 0.100405 -0.544067 -0.102374 
-0.0243491 -3.1868 0.322345 0.231915 
0.151868 9.09527 -0.429994 -9.23563 
-0.337901 -3.41491 -4.90538 -6.61916 
-0.568059 -0.850474 -4.81167 -0.171138 
1.73304 -2.1242 0.794679 -0.244994 
-0.115299 0.759995 0.504354 -0.766777 
-23.6869 -0.498511 -16.1161 1.39889 
-0.042493 4.07025 -0.598917 0.136964 
-0.771637 -1.10859 -123.1 0.366654 
-2.59243 -2.39158 -2.47294 0.567186 
1.10503 4.98989 0.149013 7.04881 
-0.734914 -11.155 -0.767328 -1.60453 
0.283874 0.442685 0.941139 3.05145 
0.85988 -0.429256 -0.575428 8.71456 
-0.564569 -0.338345 -0.945802 -1.51889 
0.36575 -0.773189 1.71977 -0.511289 
0.643152 2.34763 -0.983525 1.37562 
0.135632 -0.582713 -1.56202 -4.68737 
0.706598 0.271508 0.514277 0.488231 
8.75117 -1.33175 0.401357 -9.25575 
-1.30634 12.7991 -2.60557 55.4459 
1.79208 -0.103643 -0.486096 0.732281 
3.21388 4.77965 -7.92239 1.12266 
-0.739775 0.0137778 0.338412 1.82495 
3.66853 0.511927 0.401111 1.53046 
2.16241 0.234989 -0.250828 -1.30549 
0.170163 1.9603 0.531605 -0.460326 
-1.08801 0.567572 -0.121313 0.232388 
-1.47134 -0.0274597 5.11786 10.3957 
-6.1598 -2.13517 0.0774173 0.329071 
-0.194946 -0.0767274 0.519275 0.582634 
-0.568052 1.52258 -0.193684 0.545965 
-0.00185244 1.03983 193.934 -1.09325 
-4.96071 0.25912 0.310605 -4.45048 
2.59401 0.143357 -2.3503 2.0582 
-0.394777 -0.604044 -0.579083 -0.855648 
3.70531 0.563714 -0.741596 -0.8014 
-0.379218 -0.32525 0.820492 0.294134 
-7.94977 -2.79893 -0.899058 4.80718 
5.09458 -3.18513 0.921708 1.87787 
-0.165237 -1.11812 2.25136 4.83737 
-0.0977104 1.63286 0.636653 0.344666 
0.113821 -1.59749 1.1868 -0.00819038 
0.18241 -0.0259737 -0.851007 14.6916 
1.05394 0.243808 0.430901 0.777862 
3.91517 0.5602 -0.281622 -0.388665 
-0.360326 0.0784453 0.310148 -0.696392 
-0.98315 -5.44737 -3.86481 -8.25027 
12.1985 -2.00294 4.83164 -0.354092 
1.35335 5.44263 17.2143 -0.0761243 
-1.57936 -0.265512 -0.236339 0.49789 
1.34017 0.655074 -0.0125365 -0.704654 
-385.973 -1.37049 -1.35032 0.957625 
-0.37802 0.347903 -1.55004 12.458 
-3.80435 -1.88257 -1.86893 -0.548352 
0.696202 -0.504119 -1.3171 -7.04784 
-0.357043 0.389847 -4.25754 -0.115879 
2.61455 -0.634299 5.47706 -0.0892565 
-0.182702 3.4071 0.702498 -4.10711 
-1.7869 0.28385 -0.375532 -0.0646144 
14.5804 0.658119 0.394724 1.6732 
0.0821122 0.550864 0.743439 -1.57652 
4.27913 -0.782657 -8.99774 -0.252468 
0.62092 0.827652 -1.47091 -21.1117 
1.81445 0.0733709 0.163312 -0.462349 
-1.25882 -0.40538 -0.569652 -2.39158 
0.364202 -99.3717 -0.143574 1.09308 
-0.903966 1.91438 -0.0717789 -2.17494 
0.339139 2.17444 0.271521 1.02377 
-0.186697 -0.2054 -0.38592 3.23002 
-0.349359 0.158928 1.30269 -2.2378 
-0.312044 -0.174269 -0.169972 0.743627 
0.492833 -6.97584 -0.244174 -2.6192 
-8.80391 0.126486 -3.65195 0.344839 
-1.21485 1.39888 -0.48849 -0.163118 
0.00739118 -0.308601 -2.26501 5.17879 
0.14111 -0.901636 -0.0332324 -1.69505 
-3.36614 0.393411 -0.598304 -0.925234 
-0.258004 -3.20338 7.2113 23.5778 
-0.522837 -10.6487 -0.797476 0.179779 
0.301242 -0.411791 -0.551201 -0.621584 
2.23585 -0.724623 -0.25453 -0.118546 
-2.28025 1.90142 1.35633 -0.444769 
0.56959 -1.8828 -3.32619 4.07249 
0.681877 5.40391 -0.731809 0.957523 
1.0389 -2.06144 21.6753 -1.9193 
1.14049 1.32621 -1.75211 -0.212841 
-11.1815 -0.0189804 3.9574 -0.591782 
-1.28455 0.167553 -0.390798 2.43909 
0.645728 -0.960511 0.93153 0.540946 
1.33924 0.435348 104.265 -1.30999 
0.784967 -0.136914 0.209172 3.88406 
-0.783059 -0.641537 0.847567 1.16219 
-2.38112 5.04864 0.342281 -0.690801 
1.47359 -8.24365 -0.161283 -0.13749 
0.19446 -5.67605 1.7826 -1.72708 
-0.841849 0.306181 -0.345295 4.42767 
-8.12498 0.169997 -0.205445 -10.5924 
-1.27455 0.620766 -2.04565 -0.235693 
0.229498 1.42423 -3.8043 -4.71201 
-2.6114 0.0396237 -6.34515 0.0989517 
-1.88508 2.01775 5.11533 -0.920513 
-2.54576 1.10324 0.910039 -0.509907 
-1.14546 1.6116 1.56868 1.69032 
-1.52612 -0.850168 1.51594 0.339413 
0.629536 1.16552 2.01345 0.457246 
2.18431 -0.196428 0.303315 -0.660519 
3.14294 0.14882 2.32385 -1.89645 
-0.266009 -0.754409 -0.302298 -0.00186429 
0.233722 -0.0873714 -6.87687 -0.284658 
0.885232 -0.909023 0.330937 0.102092 
-2.05951 -0.850677 -1.20628 -0.842268 
0.0942204 0.995238 -3.47075 0.823208 
-9.12096 -1.92844 -0.362046 3.53726 
-0.451238 1.57514 0.523062 3.74555 
0.66989 -0.44465 16.9896 -5.51169 
7.5227 -1.25873 -2.15463 -16.7796 
-0.807573 -2.75375 2.98283 -0.364542 
3.49561 -1.35734 1.19042 -1.60684 
0.774919 -0.416772 1.12846 -0.211049 
-0.429127 -0.260924 3.21624 3.79965 
-1.09857 0.669579 -4.99559 0.439084 
2.80651 4.53342 0.293154 -1.55522 
-0.0672605 0.446331 -10.7625 0.967434 
0.105945 -1.99748 0.17214 -0.565955 
0.106547 -0.190055 1.52324 -2.48961 
-0.325727 -1.21813 -0.527906 0.157349 
-1.15335 0.0298365 0.545929 -0.0920578 
4.95945 2.59879 2.5183 0.0558122 
3.47507 0.81778 -0.241152 -0.748538 
0.280324 -0.804816 -1.73111 -1.2066 
3.00202 -1.09431 0.942483 3.15315 
0.0386292 -0.423854 -2.24366 -0.408548 
3.22505 1.04418 1.13955 -0.300745 
1.34757 3.94975 0.791605 0.0361175 
0.228766 1.03591 1.22828 -0.824051 
-0.913891 3.79321 -5.71872 -0.723894 
-1.29451 282.242 0.212223 -0.356146 
-2.8122 0.0883524 2.17508 -0.578431 
2.02021 0.279046 -0.519824 -0.221425 
0.317957 -0.394053 0.0443527 -5.65166 
0.999786 -1.0799 1.12342 0.480741 
-0.319169 -7.66752 -1.07199 0.292848 
-0.509468 -1.06005 -2.55449 2.28816 
-1.15703 -0.3864 -1.28086 8.13951 
10.1979 0.0452643 -0.450454 -1.26642 
-1.50973 0.224514 0.473715 0.708738 
0.310675 -0.111526 0.632711 0.522331 
2.68233 -0.314392 4.95494 -1.00501 
0.87153 -3.61441 -1.33384 -3.16221 
-1.3605 -1.02989 0.354099 -0.856761 
-0.325264 3.5418 0.481318 0.294822 
0.799268 2.21727 1.92928 -0.418979 
60.5719 7.41976 -0.258926 -0.212127 
0.637181 1.22122 11.9361 -0.623576 
-0.270936 -0.452018 4.27915 2.02206 
-0.00910013 14.3371 6.54768 -2.18118 
0.0515205 1.26576 -1.11537 -0.438683 
5.9232 0.594778 1.65223 -0.955463 
2.09162 -2.39248 -1.89596 -0.0975193 
-0.503013 -2.90766 8.21419 0.907719 
1.39894 0.419097 -3.59293 -1.24184 
18.7892 0.290073 3.23748 8.07661 
-0.343203 0.342766 -2.2168 -2.48745 
0.279945 -5.54766 -2.59068 -0.508909 
0.767406 -1.68418 0.13005 -11.4692 
-0.848517 0.776425 0.318341 0.083104 
-0.506218 4.84541 -1.10773 -0.140417 
-5.75709 0.671306 -5.36669 2.70565 
-5.93379 0.530866 1.08587 1.95724 
1.35143 0.49203 -0.0978276 -0.858748 
-2.3452 2.46114 -1.00317 4.07688 
-0.383097 -1.75644 -0.73508 5.05175 
-1.28809 -1.18864 0.166511 -9.09064 
0.813462 3.20771 -0.387635 -0.674494 
-2.94102 0.365169 -1.55829 2.12598 
19.1391 21.3176 -4.66233 -2.05224 
-1.31933 -0.594954 -0.203368 2.42081 
-0.501041 5.50853 0.0725077 -3.7028 
1.68346 10.4071 -0.592348 3.39102 
-12.5536 1.0039 -0.0159544 -0.157202 
-1.17856 0.0809786 -0.484565 -1.48768 
-8.44672 -1.06206 -0.960844 0.226903 
8.66323 10.9899 -0.76898 0.00256807 
16.9221 0.138852 -1.7384 2.42024 
0.517209 -5.72263 -1.44499 -0.456957 
3.56871 0.139443 -0.955087 1.30451 
0.402103 0.306026 -5.15281 -1.6045 
-0.15697 1.55916 0.586873 80.0684 
-2.68365 -0.147493 -0.331446 4.98511 
3.04598 -2.73575 0.243109 -8.71091 
-0.202394 2.93337 0.877648 -0.436545 
-0.0774472 -0.260803 -3.12654 11.2224 
1.02623 -1.68117 0.0670967 -1.68331 
-3.63035 0.594112 -1.61246 7.56147 
-1.59166 -10.2831 -0.285073 7.93776 
-0.497401 0.142402 0.479256 -1.97068 
-3.58579 0.416751 2.24654 0.221927 
-4.7584 11.9034 0.351163 0.149052 
5.79419 -4.9914 -0.211237 1.26113 
14.2277 0.847216 0.39192 1.40977 
2.07984 0.612115 -0.0183137 -0.138746 
2.03519 -0.313038 0.834601 15.5052 
-2.00651 1447.25 20.5171 1.66225 
-0.702885 0.190834 -0.0492131 3.23361 
0.779953 0.532384 0.133346 1.52264 
-0.00193503 -8.80748 -0.440438 0.108502 
-0.10715 -0.197616 -3.09807 0.25251 
1.58773 -1.03092 -0.342522 -1.60955 
-0.526663 -0.208381 0.901498 0.203416 
0.169505 1.0722 -1.18379 0.0611423 
-17.4672 -1.60093 0.887449 -0.0704895 
0.125689 2.8291 -1.90347 0.469736 
1.35138 -9.96181 -0.578271 -0.53577 
0.315501 2.20648 -4.62385 -2.13977 
0.613542 0.363786 1.01709 0.576839 
0.221854 -1.80846 1.88533 2.44476 
-0.551801 0.934202 1.52924 -0.164506 
-11.5685 3.48598 -5.06182 -2.65528 
-0.944986 -0.630025 -0.411135 -2.11787 
0.342741 -1.54898 0.266309 3.33275 
-2.15414 0.552538 0.505764 -13.2706 
0.178186 3.10383 1.68082 2.20938 
0.366471 0.999496 0.201696 -0.809556 
0.51547 -0.407374 0.778602 -2.31965 
0.105766 0.011347 -4.03768 -1.08136 
-2.15438 -0.783001 0.996714 27.6583 
0.412207 1.10056 0.358585 -0.251885 
-2.80074 -0.829535 -1.63892 9.56676 
20.4863 0.355187 -0.276116 -1.21953 
-0.430709 4.98533 0.405674 2.34045 
0.540929 -3.92626 -0.328596 0.239134 
-1.3851 -1.19974 -6.9364 1.00324 
-7.21045 4.54102 -121.419 0.335317 
-0.168112 7.97667 0.388812 13.5255 
0.299804 4.24779 0.287874 -2.80975 
-2.45337 0.185364 -0.475376 -0.900323 
9.78657 -2.88033 -0.358325 -5.99814 
-0.568357 0.774647 -9.53725 1.94605 
-0.296315 25.7194 1.24289 1.56572 
1.47532 15.788 -1.73976 -0.00332639 
4.37362 -0.437526 1.11511 -0.333229 
-0.257532 -0.681315 -0.18019 -0.255884 
1.86975 -0.366464 -0.388455 2.07326 
-0.16945 0.660046 -0.183216 -3.98229 
-0.149189 -9.95828 3.76929 -1.1536 
-3.97827 1.91161 -1.07402 0.283467 
0.655104 0.464256 4.79924 -1.06739 
-30.7043 -0.448114 -1.0399 2.90857 
-0.808246 0.158395 -0.705088 -0.548194 
1.58766 0.369966 -0.31307 -7.2915 
0.346852 -0.0753795 -0.462203 -0.20075 
3.1143 2.96689 7.76411 4.76159 
-214.138 -1.01005 -2.84214 1.18995 
-2.45992 -0.36921 0.211262 2.09472 
0.231509 2.79272 -0.11568 -10.9471 
0.14521 -1.98317 8.63059 3.11174 
-0.0255512 -104.134 -1.69046 2.67703 
-3.61136 2.07737 -0.109319 -0.827173 
0.147372 -1.12263 -0.467978 3.95446 
-3.34557 -0.391318 -2.25899 -1.47104 
1.14469 -0.571234 0.379119 -0.118919 
1.15776 -0.274487 0.429006 -0.518686 
4.52389 -1.17733 0.92665 -0.195354 
-0.580706 15.2167 -0.455117 -1.12197 
-0.689535 1.16216 -0.912029 -4.08443 
-0.290564 0.0325208 -0.52434 0.408635 
0.515224 0.570985 -5.59218 2.53754 
0.55083 0.0307135 -1.14986 -3.59805 
-0.922278 0.830045 -5.45418 0.0674533 
0.762812 1.4957 -1.42793 3.65454 
-0.633442 1.55645 -0.679001 0.487914 
2.08862 2.84944 0.0803311 -4.80245 
-17.0783 -0.480257 -0.145668 0.50028 
-6.44732 -2.86005 -0.347624 4.95841 
-0.808003 -0.561968 0.15424 0.325102 
4.856 1.16776 -1.28156 -2.19199 
1.7192 0.210995 0.993317 -2.32154 
-3.87718 -0.00512453 1.33869 -0.27618 
0.929907 -1.88659 -0.421091 3.24982 
-1.95198 1.14557 -2.07253 1.26299 
3.07646 -2.55183 -3.02956 0.473269 
2.79593 -0.275667 -0.319113 2.41526 
-1.04798 -2.78752 2.21426 -0.764359 
-2.28581 -0.278001 0.610623 -2.27547 
2.04476 1.27788 -19.9249 -0.0726864 
-1.79998 0.525849 0.645923 0.867157 
4.23856 1.79524 -9.65395 -2.64076 
-7.95843 -56.1624 1.24799 2.93501 
0.37742 0.481544 -40.2014 0.0694284 
0.937143 -0.672598 1.41436 5.73957 
-0.943944 -0.226695 -1.07885 0.799964 
0.821308 -1.67418 -1.52998 0.933696 
-0.686383 -0.538826 9.6405 0.701553 
0.221996 -0.420524 -0.707572 -1.02413 
-0.611446 0.975332 0.977022 -2.38192 
-0.494496 -32.9181 0.276184 -0.258882 
-5.11805 -4.25208 0.74528 -2.47977 
6.57223 -17.734 0.0968746 -0.91824 
2.77341 -0.221345 0.550671 0.00613455 
-0.104932 -0.396144 0.134463 2.47784 
2.42197 -0.469551 1.21484 2.8046 
-18.6317 -8.98248 -2.29577 -4.66402 
-19.1473 -0.268881 -8.13324 0.712559 
6.96872 -1.38193 -1.5798 -0.98701 
-0.0752686 -19.6835 -0.189394 0.992036 
-5.26893 -0.245034 65.0862 -0.0402038 
-1.06126 0.46994 -0.229933 0.428767 
1.18203 -1.49686 -0.898588 -1.78571 
-0.186184 -1.1305 0.564607 0.448845 
-2.17964 -3.45046 -4.22551 0.487699 
-1.80427 0.250881 1.47989 0.578505 
-6.55204 -2.65814 -1.65978 -1.73736 
-0.570252 0.165158 0.33876 -0.519093 
1.91822 0.209562 -0.191646 -0.224618 
-0.452965 1.78725 0.127897 44.5591 
-0.319552 0.654328 -8.21049 1.06029 
-5.46181 1.71225 1.3577 -0.88324 
-0.1863 0.700246 3.64933 4.76533 
0.289518 -3.61496 -3.5623 6.08515 
-3.7288 0.0368766 -1.59403 -0.264071 
1.13055 0.950536 1.26845 -0.30585 
9.42644 -6.06073 0.226896 -1.60757 
0.065881 -0.541993 0.660768 600.125 
-0.295916 1.11403 0.308189 0.116131 
-3.58542 12.0622 -1.88432 -1.08628 
0.990195 0.777086 -5.22023 -0.132566 
-0.971811 -0.329337 12.2792 2.51638 
0.859233 -2.21169 -2.56878 -0.263907 
1.60713 0.354712 -0.934543 0.659966 
0.433137 0.832099 -5.92504 -0.42259 
1.08659 3.16036 4.32499 1.11492 
-0.613533 0.3637 0.0655082 -1.81066 
-0.593987 14.7496 1.76321 -7.47564 
0.0346746 1.56223 -5.08361 0.199828 
-0.96821 0.566647 -2.55746 -2.73345 
2.66232 -0.26084 -0.494644 0.433342 
4.21748 -1.29232 -3.38849 -0.090032 
-1.72418 68.6165 -0.137064 0.691243 
0.163883 -4.11486 5.56867 0.0406311 
1.5161 -6.71736 -0.105565 3.86886 
-0.162433 4.16072 -2.08101 -4.50416 
-0.336827 -1.74077 -0.293197 0.717863 
-3.32986 0.420184 3.07408 -0.167688 
0.247396 -1.24302 -12.3662 8.0428 
-0.148671 0.333638 -4.41617 0.305451 
-0.711093 -1.22006 -0.405959 0.82517 
-1.08377 -0.298606 0.0728599 7.47486 
4.29456 2.45542 -23.32 3.02561 
7.41674 -1.06194 -5.68109 1.51088 
-1.48199 -0.916795 0.273468 5.25028 
0.652251 -4.79743 -0.779667 4.59815 
0.0339579 -2.69536 -0.563243 0.148118 
-2.03179 0.33552 0.571677 -2.4732 
3.12862 0.122244 -1.22553 -0.527638 
-0.462703 -0.589034 -0.277433 -6.2342 
94.9561 -3.40696 0.0260825 0.403857 
-0.208152 0.668838 -0.36043 -1.55403 
0.403285 0.630471 2.51969 0.169338 
-0.0765399 -3.60056 3.33267 -17.9709 
0.913023 -0.841895 -0.532807 -1.81928 
0.161064 0.733933 -0.797864 3.2227 
0.326951 2.97693 -0.244944 10.8255 
1.04523 0.656716 1.07185 1.95384 
0.282812 3.50691 -1.69661 0.910081 
-0.111509 -1.8329 0.542435 0.371233 
-2.95856 3.83755 0.661838 -0.143477 
1.0792 0.527778 -3.13715 1.52141 
-0.325488 0.270547 -12.0233 -0.637204 
-0.247681 2.24973 -0.421178 0.0349236 
-0.810027 -4.54332 -5.72574 3.44156 
-0.384321 5.38575 -112.392 -30.9858 
0.148613 -0.917544 0.0802239 -0.118162 
-5.8151 -2.47732 0.661155 0.358279 
-0.153646 0.663185 0.753175 -4.3915 
22.7234 -1.77698 0.274388 -0.159762 
0.970827 -0.0264561 6.13441 0.248973 
-0.893855 -0.923817 -1.35995 0.40251 
0.455653 1.25125 0.566648 0.765869 
1.17754 -6.24667 1.72274 0.340873 
-1.75512 -10.949 -0.137701 0.461252 
184.658 -0.690692 -0.630481 -0.181166 
0.904618 0.0341205 -0.93669 0.474125 
-0.193112 -1.14031 0.540394 4.03815 
1.52829 0.190668 1.0728 -0.917066 
2.86812 1.6198 9.14017 0.0435738 
-1.51885 -0.335035 -1.62002 0.372015 
1.3242 0.398818 0.837756 0.3065 
0.892861 1.20725 0.243276 0.208343 
1.36622 -0.0905098 0.29547 -1.0566 
-2.96121 1.7493 -3.92812 -0.775527 
-0.549472 -2.30644 0.688879 -2.78048 
-7.91644 0.887264 -3.09333 1.5772 
4.13286 1.20736 1.99722 0.144196 
-2.09922 0.639717 -1.50241 0.211655 
-1.79845 1.54069 -0.706579 -2.99416 
-0.49164 5.72726 -0.898965 0.114284 
-0.607165 1.15482 1.03765 0.296346 
-3.11217 0.459823 0.813381 -16.1737 
1.10168 -0.896837 -0.403099 -1.60945 
1.8388 1.32695 0.125527 -4.56958 
1.4781 -26.9651 0.854794 -3.93704 
-2.15598 -1.73048 -0.068478 0.276162 
-53.0584 0.268298 6.40165 1.74868 
1.29671 1.33444 0.305603 0.187179 
-0.230419 15.771 -0.12516 -6.00432 
-0.658183 203.916 -0.0478248 -1.72382 
-0.47622 7.23911 0.0664084 0.0433681 
0.832914 2.93375 -0.883566 0.124968 
1.58045 -0.586759 1.46866 -0.235885 
0.0664099 0.458767 1.05548 -1.77686 
-0.922299 -20.5837 -0.163518 0.543136 
-0.823202 0.609715 1.59596 0.0685182 
-2.0407 1.39853 0.609329 -1.34996 
0.17826 -1.42243 -2.62503 -6.73635 
-2.86338 9.78544 -0.20242 10.8069 
2.70829 -1.16349 1.01541 -1.14324 
7.02221 2.87981 -0.0189563 -1.19307 
-1.19188 5.23834 0.396805 52.7323 
-0.315087 3.22944 -0.0586114 -4.53431 
2.11055 2.91141 -0.102124 -0.0407418 
-3.39115 -0.379662 0.776131 -1.95108 
0.449927 -0.153193 -3.45074 -1.64405 
1.38499 2.12442 0.367006 -2.06007 
-0.238045 1.08549 4.28272 0.672094 
0.216654 0.812798 -3.00838 -1.1557 
-0.159132 -0.313789 -0.137248 0.261504 
-0.0671767 -235.14 0.459434 -28.135 
-0.058292 -0.00932651 0.117405 -1.54567 
2.42222 0.600544 0.242069 1.92358 
1.4679 0.917399 -0.0834858 0.458743 
-8.97172 -6.81834 -0.0786154 -0.808246 
-1.05168 -3.93805 4.30415 0.677853 
1.19661 1.45521 2.41199 -2.3708 
-0.229975 0.910664 24.0089 -1.7132 
7.03687 3.22834 -0.0873225 -1.29406 
-0.21359 5.85761 -1.10003 1.70703 
-1.21338 -3.22357 -1.06142 -1.67855 
0.146216 2.30294 0.57749 0.464267 
1.43158 0.579659 1.93615 0.664319 
0.232304 -1.71895 -40.9109 -0.871132 
0.0051029 2.3378 0.348868 -3.51284 
-1.05855 -39.7837 -0.597999 -7.63402 
-1.41832 -0.560775 1.14586 -0.244177 
6.9784 -0.306508 9.40799 -3.04468 
0.426637 0.356626 -0.185464 0.440608 
0.871657 0.278056 0.0771006 0.350967 
2.50856 3.04934 -0.505014 0.542939 
0.774528 -1.70665 -1.33205 1.31154 
-3.29355 1.26376 -0.0182429 2.09596 
-0.114162 2.66924 -1.08178 -2.18283 
1.61569 0.72979 -0.243262 -0.349693 
1.27466 1.26136 -1.5616 -6.5917 
-2.79452 2.75907 42.4918 -1.45673 
1.05703 -3.37893 -0.470259 -0.967355 
-1.58684 -0.358154 1.5112 -0.805067 
1.18296 -0.241906 -1.82488 -1.54697 
-1.1997 -0.048882 0.0768609 -2.28722 
0.781372 -3.59542 0.709372 0.0301964 
-0.119492 -1.30656 -0.734449 7.08459 
-0.227928 0.756782 1.34089 3.47023 
0.0610677 0.0937708 6.2292 1.80035 
-4.08714 0.786735 1.19469 4.9675 
-0.211514 -1.62336 -0.352298 1.91054 
2.37817 -2.66136 -0.224905 -2.31593 
0.358656 8.16319 0.130068 0.360472 
-0.0513186 0.409063 0.529223 0.546 
0.228005 247.223 0.295197 1.48099 
-0.895843 0.840626 0.775513 -1.64837 
0.459871 -3.86106 0.869355 -12.0469 
0.0848024 -0.946684 1.00463 -0.677679 
-0.878655 3.58341 -0.520972 -1.48092 
0.812937 0.781231 0.601431 1.68694 
1.57557 1.21976 -0.0175562 -0.816681 
1.11475 1.03602 1.37796 0.985752 
-0.89454 -1.88114 -0.0314036 6.43366 
0.062492 0.672797 -1.41064 3.66458 
-28.8689 4.02953 1.44294 -0.827981 
1.06136 -3.08484 -1.47145 -0.671216 
1.5443 13.7302 -2.16355 0.0438655 
-17.3658 -2.57726 32.8248 -0.0737068 
-2.61689 0.0585994 -2.55973 0.605635 
0.8042 0.881364 -0.230488 1.54282 
-3.08762 0.405497 -0.342669 1.57501 
1.96395 0.76131 1.26802 0.378957 
-12.3093 3.57863 -4.28872 0.0658334 
-0.522419 -1.82399 -1.59206 -0.241763 
0.660134 -0.0960131 -0.492136 -1.77526 
-0.967974 0.148201 -0.209528 1.54413 
2.04835 -0.627614 0.581478 0.582209 
-0.178416 0.0109383 -3.06845 -0.231144 
1.29199 7.71506 -1.61925 0.804189 
5.55407 -0.887706 -0.157933 -0.210771 
-0.11496 0.79179 0.147459 0.333115 
0.653236 -12.6988 -2.96583 -2.50649 
10.552 6.30013 -0.349466 -0.393074 
-0.929704 0.0352197 0.176387 -2.48146 
0.427685 1.55488 1.43503 1.4101 
-0.112473 4.15174 -0.258004 0.00784486 
4.25478 -0.0474493 1.98033 1.14001 
3.83822 1.12629 -1.60458 1.22702 
-3.12389 12.26 -1.70646 -0.845981 
2.5606 0.482063 -0.407856 0.818361 
0.220052 -0.0446301 -1.51649 -0.0136227 
-3.8125 0.155205 -1.55605 -0.204024 
0.378575 3.32708 -0.333882 1.3369 
0.381229 2.55001 0.436529 -0.0648281 
-0.0495492 0.234548 -2.80629 -0.424012 
-0.194301 0.254425 0.456067 3.49125 
0.236674 -1.19953 1.20353 -0.495944 
1.77151 0.968485 -4.08165 -6.84741 
1.25172 -7.27599 -0.431894 -0.81962 
3.91308 -36.3179 -5.15356 -5.20753 
-0.774286 -0.0900494 0.14255 -0.51629 
-0.105424 -3.03231 1.18132 1.32649 
4.08904 -0.278312 -1.53522 0.106312 
0.460081 0.028948 -12.8978 -0.101997 
6.09372 -0.00904327 5.56846 0.342334 
-0.104224 0.0430934 14.1492 -0.140299 
0.749151 -0.501554 -0.892447 -1.64321 
0.690384 1.39136 -1.34358 -2.32513 
0.90499 -0.345528 -1.09643 -0.87503 
-2.63533 17.3768 -5.0182 1.22494 
-0.426375 0.624642 -0.523982 -0.374872 
0.251082 -0.237332 0.788335 5.2211 
2.56937 -3.77338 -2.21828 0.0825834 
0.624735 -0.00779969 2.35733 1.63412 
-0.447675 1.95952 -3.68852 1.60697 
0.559211 3.32578 -1.01843 1.22069 
-0.543034 -0.918773 0.877822 1.2589 
-4.21577 1.01686 0.205815 -0.547475 
-2.30143 0.325269 0.00682791 -17.1533 
1.98442 0.918859 1.04722 -0.229118 
-0.158635 -0.0360192 -0.101956 -3.29009 
-6.40215 0.984568 0.323502 0.564983 
-1.60895 -0.252085 -3.38595 -0.141825 
11.9698 -0.755712 8.49561 -0.0554387 
0.809926 4.27408 -1.31471 0.674026 
-0.0759071 -1.09639 2.99316 -1.62045 
-0.298743 -20.8784 0.418506 86.0723 
-2.62946 2.74727 0.203692 1.48748 
-13.9079 0.204389 -0.28299 -3.20908 
-0.119205 0.835014 -0.610147 1.5209 
-0.336357 0.554712 8.04291 0.188798 
-0.0777266 -0.482978 -0.700127 -0.430562 
7.89245 -0.792218 1.05241 -3.56821 
-1.04665 -1.21827 -1.55503 2.16971 
1.07176 -9.84859 -1.83027 1.29029 
4.55389 0.588266 -1.20003 -2.16494 
0.157593 0.0534222 0.470142 2.93652 
3.30394 -1.29502 0.603978 6.50029 
1.69501 -2.31179 -2.29164 0.194742 
-1.47287 -2.01226 -0.505153 2.64842 
-0.259104 0.929898 0.112548 0.419553 
-9.43617 0.957673 0.949133 0.318828 
-0.809699 1.88286 0.175131 0.490605 
-6.68861 1.84231 1.26516 1.19219 
3.39559 0.715518 -0.137531 -1.69635 
0.240362 0.598098 0.239168 -0.0745176 
-2.34554 -16.2653 -1.50113 28.8243 
79.0248 -0.561583 -5.17214 0.161593 
-0.865451 -0.428822 -5.43161 1.04621 
1.39498 -0.620523 1.47595 0.503445 
-14.6036 -0.891135 -0.827289 -0.411453 
-0.113866 6.74529 -4.54151 -1.2206 
1.04385 -0.66026 -1.0029 -0.375902 
-75.7258 0.59738 -1.10024 -0.132107 
-0.866252 4.55737 -2.65058 1.72299 
0.564851 -0.107768 1.05297 -1.84912 
-6.63831 0.242337 0.66865 0.640347 
0.364117 1.24562 9.14594 -44.8715 
0.119479 -1.37051 0.827899 -0.431933 
-7.3604 2.33578 -0.594379 -8.61473 
0.0463256 3.89276 -12.1346 3.69795 
-0.0166542 -4.49599 -6.80501 -0.182437 
8.30401 0.168633 -1.25143 1.76268 
-1.09263 0.0714461 0.399426 -4.01924 
-0.496351 -7.51131 -29.9985 -4.44508 
19.7029 -1.32641 -2.39926 -1.08003 
2.07814 -3.96831 0.625336 -0.016527 
-1.24675 0.911822 -0.656329 -1.74534 
1.13079 6.13592 0.816357 -13.2993 
-0.551323 0.31725 -2.26382 -4.98569 
0.570892 0.00385537 -0.238375 0.0226685 
4.68435 0.371001 -0.555137 2.64942 
0.84371 -3.35345 -1.7838 -4.25642 
0.0302161 1.06909 -0.602409 -0.995855 
-0.541009 14.6576 -0.683629 2.39356 
-0.273577 -3.67716 -0.685992 2.64606 
-0.153425 1.93179 0.895954 -0.244214 
-0.0638342 19.5809 -0.0402161 0.284888 
-2.3602 0.570892 1.6775 -0.337597 
-1.03175 0.556323 -0.926724 -1.17979 
-0.0107977 -6.92924 -1.52978 -0.66549 
0.658777 0.562932 1.13493 -0.690846 
-1.05994 -2.10691 -0.542148 -4.24859 
-0.877576 -0.749997 -0.985654 -1.14415 
0.571389 0.489928 -0.239057 0.573639 
-2.47491 -1.05928 -0.532505 -0.987649 
-8.51853 -0.229059 0.293746 -0.16741 
0.633436 -0.856402 1.5043 0.620868 
-1.64399 0.771242 0.856775 -0.275083 
-8.67375 -0.00826545 40.0491 -0.680941 
1.63581 -26.6955 1.84353 -1.62816 
-0.794305 2.14648 -0.0146438 -0.390207 
-59.9956 -0.289703 2.40289 -9.18063 
0.265322 0.302418 -0.871201 2.3111 
-0.160957 -0.440524 -0.604045 1.49343 
1.00371 -0.451156 0.94086 1.38951 
0.283421 -1.83576 8.10939 2.47283 
-0.179165 0.265619 -0.0388861 -6.60932 
-2.36763 0.81213 -0.127464 0.0126885 
1.1582 1.26419 0.433736 1.31611 
0.268814 0.531131 -1.21899 -95.6274 
-2.03679 -0.262236 0.929109 1.54144 
-0.418533 1.61479 1.17227 -0.0858391 
-1.25211 8.90476 -0.710189 60.64 
0.341346 0.959629 0.196052 0.212247 
-0.746536 1.76448 -202.602 0.181535 
-0.684908 -2.08106 1.65833 -3.14622 
-2.42544 -1.18237 -1.42373 -3.74449 
1.5951 -0.641889 0.0233666 -3.70207 
-3.39602 1.05014 -0.705553 0.590332 
0.666182 1.23912 -4.61128 2.26138 
-0.672702 -1.18515 -1.54556 6.14501 
2.18707 -3.83003 0.205581 -1.05773 
0.31467 -0.251115 -1.79569 -3.47418 
0.659445 -47.8697 -3.33159 0.00707533 
-1.70651 -5.93667 0.291975 1.21785 
-0.581436 -0.105499 -0.403806 -2.4249 
-1.39253 -0.18095 3.67911 0.379754 
-1.26693 0.308314 -3.10748 -0.0274178 
1.47051 -2.9579 -0.581951 -8.82895 
-0.729736 -0.54716 -1.35594 -56.5163 
-0.105252 -4.8826 2.55319 14.4621 
-0.652045 -0.0327271 6.84866 0.0701618 
-0.709628 -1.56692 -1.5143 -0.667109 
3.71106 -0.888458 0.0756891 1.33165 
-1242.81 2.53393 -0.645732 1.26374 
-0.154175 0.309781 -1.45679 0.261021 
-11.9642 -1.19865 -0.887703 -4.51669 
2.29812 -0.0599651 -1.78436 0.843876 
0.371144 -0.893204 -0.860627 -0.322652 
4.32524 -0.406073 -0.547561 -4.18829 
-0.413279 -1.3936 0.921492 -0.325298 
1.90718 1.33854 -0.106477 1.74283 
2.35872 -1.60317 -9.14877 0.233151 
83.1638 -5.51503 0.683017 0.229822 
0.586302 17.5434 0.699864 -0.318157 
-25.0884 -0.341225 -0.54679 -1.00608 
-0.742826 3.47326 -9.04817 2.79463 
0.853595 -1.72454 -0.626077 0.114716 
2.11145 -3.54397 0.879623 -65.3086 
-1.48578 -0.371375 1.18308 -6.86726 
0.374239 -0.029584 15.7804 0.859891 
-1.59876 -0.158533 -4.67975 1.03891 
-0.567349 0.0125957 0.199947 -0.171792 
4.09314 3.12624 -0.453142 -0.274743 
-5.69844 0.0848973 -1.11605 -7.49021 
-0.505473 -1.74945 -6.54472 -0.096699 
1.28989 -0.674723 -0.823498 -4.2113 
4.35099 -0.219214 0.497118 -0.10339 
0.362365 0.0316229 -0.966719 -2.6773 
3.86742 -45.5841 -1.03654 -3.4514 
1.55767 -0.0739065 1.04031 -0.77668 
0.749364 -0.518143 -0.866904 -12.7932 
-8.28338 -1.15745 0.668835 0.280226 
4.47373 -2.3597 -0.810793 2.74329 
-3.06536 3.81113 1.45558 -1.72464 
-2.461 -0.328767 0.96894 1.56802 
2.55413 9.71565 31.0321 0.253818 
-1.82665 1.57274 -0.130048 -62.4359 
6.86711 0.348026 0.33482 -0.712358 
2.69688 -11.3775 -0.385977 -8.28589 
-1.71011 1.29999 1.56921 -15.4929 
0.788192 -0.748582 4.05312 4.24089 
0.149634 -0.579189 -0.66212 1.19435 
-1.36151 0.292056 -0.241623 0.644219 
-0.493793 13.3582 11.2095 -7.93836 
0.053496 0.387997 0.643696 0.204316 
0.816905 -1.10048 2.75029 -1.08876 
0.601337 -1.6446 -2.10164 -1.25038 
0.165407 -1.66344 1.23642 -1.03658 
-0.388068 -0.395347 1.24547 -2.93449 
-1.0524 -1.83424 -0.382214 0.238483 
1.98252 -1.46304 -0.0116126 1.18845 
0.207876 -5.07831 0.713857 1.63752 
-2.46377 -7.21759 0.152732 -0.736895 
-0.0758547 94.0069 -14.7335 -0.585844 
0.139158 0.164793 -0.249481 7.31163 
0.184576 1.59689 -0.178235 -0.830394 
0.158738 1.76604 0.681326 -0.299634 
5.34277 -1.86581 -1.38175 9.5151 
0.759461 -0.683344 0.102432 4.07035 
0.450831 -0.304128 -4.64815 -4.21812 
0.879687 -0.863557 205.583 0.163191 
2.33405 0.535384 2.30567 -52.2492 
0.446202 -1.32473 2.36787 4.39836 
1.43637 0.153687 -0.0698066 -9.50041 
-0.425031 3.09153 2.87557 0.195885 
0.837654 0.984248 -0.545783 -0.0237851 
-0.925137 -0.81627 -1.09 -0.942186 
1.95388 0.394601 0.492561 -2.48802 
-0.52571 -2.54142 1.54544 -0.211587 
0.684631 -0.133658 -0.533076 0.154224 
-0.311704 -0.427368 0.999998 -3.74489 
5.2946 -0.340669 0.924265 -0.232605 
0.225202 -0.0856507 -0.770441 3.66124 
-0.227491 0.373975 -0.450026 -0.44173 
-4.79873 2.46787 3.65077 1.2805 
-0.0944591 -0.411066 0.134987 -1.51063 
0.700061 1.52545 -0.0305001 0.870658 
-1.14518 -0.59688 1.33106 0.0199828 
1.56123 -1.63589 -1.26423 -0.2505 
-0.0111426 0.657093 0.917964 -12.6694 
-0.239065 -2.91454 4.6602 3.12587 
-0.437119 -0.388568 -1.72264 -0.198976 
-0.580227 -7.60396 -0.684651 -0.492295 
-0.0620477 0.906763 -9.65106 -1.58389 
1.43987 0.535156 -0.936409 -0.301691 
-1.98357 -5.40737 -0.555156 -0.510503 
-1.20306 17.6521 -25.4771 -0.501462 
-0.190475 -1.2921 -7.01132 -0.248416 
0.0581457 1.12188 -0.400281 1.40998 
-2.37397 -0.920156 0.995124 0.413005 
0.505988 -0.37094 -0.588372 -0.485206 
3.23819 -4.45257 0.775302 1.0947 
490.151 -2.16899 -0.388671 0.19073 
0.606409 6.49276 -0.903808 -3.4053 
0.405506 0.674759 -2.63695 0.917721 
-23.293 -6.2845 -1.35424 1.17002 
-1.6187 22.1939 1.04167 -0.283031 
-3.87945 -3.53079 5.68116 -1.42001 
-0.462732 -0.739981 -4.66889 -0.261106 
-6.36925 3.30711 -9.26867 0.423748 
-0.492155 1.15578 1.83641 -0.92729 
-31.2747 -0.72091 0.395975 -0.437913 
-7.4789 0.227926 -1.04017 1.26208 
-0.291178 8.31225 -0.0829616 -2.18555 
0.496278 2.74247 2.79597 1.74135 
-1.24692 -1.31426 -0.0566171 -0.0951239 
0.621735 -1.5015 -4.15505 0.105273 
0.183938 -1.40135 -1.77218 -4.3711 
0.491956 -53.1581 -89.3632 0.449507 
-0.40296 -0.189367 12.6164 -8.5085 
2.40361 -1.31943 -4.18823 4.55986 
-0.0372906 4.03341 4.44803 -2.77289 
-3.56083 0.366549 -0.212934 -1.36867 
-1.57045 -0.544044 -0.520739 -1.38924 
-0.764372 -1.87001 5.22495 -0.0623354 
0.0537765 1.43495 -0.458784 -0.794621 
-0.334964 0.69205 -0.195017 -92.642 
0.88417 -1.73975 0.28586 -0.290823 
-3.51594 -1.56171 -0.94661 0.57198 
-0.979398 -0.0170767 0.382167 1.36041 
-0.318926 -0.608722 -1.11301 3.98902 
-1.7911 0.236212 4.19833 0.631768 
0.611508 1.33582 -3.02465 -18.2737 
-13.8674 -0.717397 -4.61926 -0.0629475 
-0.131673 0.201499 1.23262 -1.70153 
-0.645482 -0.126127 3.25811 -0.812802 
-0.841445 6.99933 0.229365 2.62955 
-2.25615 -6.49896 0.38611 -0.496543 
2.56524 -0.237695 3.86508 0.446702 
-2.57973 -0.290636 0.580071 -0.974385 
1.27223 0.244065 1.45568 -0.244176 
0.241904 0.0745917 0.10324 -0.523895 
-3.15365 -11.6796 -0.33356 -0.692734 
0.340504 -0.547402 0.66494 -3.30487 
-0.90928 -6.24498 0.0482703 2.82033 
-1.18673 -4.15454 -0.0602201 0.0568391 
-0.173618 -0.639749 1.8792 4.97234 
-1.50943 0.524766 1.19108 -1.01017 
-1.18971 -3.81953 5.97162 0.356251 
-0.087692 2.19676 -0.930482 -2.3947 
-1.46862 -0.789343 1.99135 0.879113 
0.908355 41.7024 -7.29943 -0.251969 
-4.22426 -1.61318 18.5812 -0.592596 
0.378354 0.00654514 -0.396509 1.14718 
-5.54765 0.110842 -0.0651281 0.264387 
0.581712 -1.29507 1.30808 -2.14428 
-0.936023 9.82746 0.0515732 -0.0881463 
7.74315 -0.0775217 1.96088 6.68781 
0.221801 -1.02423 0.575693 -0.954156 
0.828284 -0.783705 -0.599575 0.0244769 
0.403666 0.204545 -20.3262 -1.5964 
0.597121 0.353495 3.46667 -0.564031 
0.415554 17.0191 4.53532 -1.53263 
2.25875 0.229451 58.3365 -0.334364 
-0.241649 1.17743 0.043229 -0.000832457 
-0.635879 0.562961 -0.00944673 14.5679 
-5.46001 0.0801015 -1.72168 40.4524 
1.83599 -0.842233 -1.66954 0.119367 
-0.021058 0.376674 1.3757 -11.0329 
0.648827 0.183006 -0.319647 -0.317908 
-0.536656 2.31348 -6.10877 2.38496 
-0.697855 -1.60295 0.924983 2.09991 
0.043842 -2.20809 -2.44085 -0.116183 
-0.738942 5.28532 0.551576 -0.614842 
-4.92237 4.39729 -0.598381 -1.39293 
-0.485651 -5.49959 0.235644 -48.7983 
0.16276 -0.450829 2.14948 1.00758 
0.903879 -1.39347 3.47549 -0.584106 
-18.7925 2.07417 12.5054 200.556 
-0.630006 0.162932 -9.36713 3.76343 
-11.9014 -0.817799 16.5942 0.159438 
-0.764827 0.35297 16.564 -5.8209 
6.7067 -1.37689 2.36644 0.252272 
0.14501 1.69564 -0.0533754 0.261047 
-10.1185 -0.135795 -0.344181 0.192154 
1.15268 -2.73918 -1.34813 0.788811 
-0.0616496 -0.607501 -0.888519 -3.8478 
3.61423 1.86269 0.931415 1.55848 
-1.44511 -3.41373 -1.30385 -0.361929 
0.382537 -0.71864 0.477301 -0.256291 
0.481952 0.991566 -3.44846 8.47632 
-0.461634 -0.122189 1.06104 2.21563 
-8.21965 1.13414 -1.87599 -0.841482 
3.73985 0.310297 -0.889057 -1.092 
0.50067 0.426486 1.4655 3.85214 
1.99251 -0.0351742 -0.0450441 -0.276709 
0.374216 1.26871 -1.3727 -102.819 
1.0624 0.293503 -1.26944 -0.151926 
-4.15778 19.4865 0.991949 1.62748 
-0.00525169 -2.65585 2.4998 -5.88406 
-2.46786 0.683778 0.0846438 0.114383 
1.58011 1.08289 -5.61729 0.13543 
-1.6582 4.11436 -0.204974 -22.8904 
-0.0563651 -11.3915 2.03405 0.00121316 
0.78044 -1.35565 -1.24953 0.0506256 
-3.57262 0.139353 -0.141659 0.364833 
-0.595044 -0.199344 -11.7979 1.53631 
0.206641 -1.13103 1.29927 -0.203871 
1.12111 -0.95655 1.3397 -69.3326 
0.219446 0.718486 1.36589 -1.14253 
-11.6098 -1.55359 0.58693 61.5312 
-0.00579994 -3.41619 -1.83342 0.659347 
1.54211 1.48497 -0.263118 5.43776 
0.627748 1.61184 0.551518 0.729011 
-1.20014 -0.654831 2.9119 0.135122 
-1.07486 -0.0324171 0.750734 2.22812 
-0.968919 -0.140286 7.93429 1.40259 
-22.741 2.25423 -0.695766 1.38794 
0.308228 1.36163 2.39677 1.83296 
12.2912 -0.786441 18.4109 0.885026 
1.86543 0.402224 -0.00937758 -2.88283 
-2.41824 1.56969 0.934072 0.64628 
-1.18936 1.21584 0.413609 0.8231 
0.889111 0.630996 2.43433 0.644079 
-0.367272 0.258336 0.304389 -0.996271 
0.788237 -6.48508 -47.8025 -0.48039 
-3.22276 0.359428 -0.020884 -0.322303 
-0.387693 1.22475 1.17027 0.956904 
7.21179 0.0265475 3.24693 0.547871 
111.385 -52.8026 -0.482996 0.115899 
-0.0678035 -0.150669 1.87644 -0.33411 
0.933101 0.317786 0.471653 0.957082 
-3.63904 33.0079 -1.4555 -0.140357 
0.722763 -1.11728 -0.417713 0.0596303 
-0.657926 1.22774 0.70098 0.301222 
-17.1256 0.571538 0.308647 1.91071 
0.535718 -0.343635 -0.278291 -0.317473 
-0.187669 0.241122 0.395912 -0.479484 
0.258104 -1.63589 -1.31634 2.77773 
-2.15941 10.3501 0.552042 -0.0894552 
0.923979 4.82577 -0.625737 -1.23066 
-1.26881 -0.145549 -6.24329 0.691074 
0.774489 0.252135 14.8016 -0.469319 
-0.815736 0.536991 -0.728696 0.168907 
-5.62361 -1.54957 -0.248979 -0.383456 
2.4642 -0.134741 1.21521 -1.18715 
0.202204 0.53392 -3.47326 -0.765791 
-2.29391 1.54202 -0.96984 -1.21833 
0.349488 3.28104 2.71779 -0.677916 
-1.61474 -1.39906 -0.0759241 0.131293 
72.8525 -0.67147 -2.60136 0.672347 
0.282529 -2.28064 19.9618 0.222605 
8.17719 -0.833841 1.41149 -3.50018 
-2.03986 0.712771 5.29881 -2.76962 
-0.511785 0.389632 2.67478 0.27934 
-0.844211 10.8989 0.572247 -0.480846 
-0.529897 0.185886 8.50776 1.36906 
1.03508 -1.0609 0.842425 -0.440548 
-0.81001 -5.71398 -0.174781 0.729014 
-0.565431 4.67934 0.103484 -1.13298 
0.530947 0.502726 -1.45414 -0.461306 
0.258718 -1.8322 -0.942981 0.363081 
0.14645 -1.23344 -0.13639 0.981732 
3.13187 -0.126636 0.602609 5714.07 
4.30398 0.318926 0.753997 -4.49609 
0.361038 0.175748 -14.8957 -1.55292 
1.0277 -0.773235 0.610086 -1.91571 
-0.584956 -1.42589 0.479598 2.1631 
9.04744 -1.29056 0.617913 1.92162 
0.0139321 -0.847323 4.80898 12.1657 
-2.06547 -0.335245 0.298735 0.839706 
0.945292 -0.405304 -0.769672 0.280087 
164.952 0.0415001 -116.359 -1.6165 
0.39831 -0.735174 -0.619144 1.07566 
0.724946 0.408281 -10.9507 -0.00597852 
-0.744891 -0.159624 -0.290165 -3.04113 
-0.52356 -0.789779 -0.848986 -1.46277 
-0.417832 -0.0743842 -0.411313 -0.243214 
-1.33885 -0.328912 0.289468 -0.396882 
-0.493459 1.12552 -2.53049 1.9716 
0.76419 -0.33477 -0.904851 0.829485 
1.19886 13.1772 0.645685 1.31338 
0.104421 -0.630642 3.77099 1.47954 
0.878769 0.500297 1.55624 -1.08829 
-0.706272 2.66558 -2.04074 -1.08163 
-0.131774 0.643267 0.135687 -0.352947 
-1.82988 1.34611 -1.01527 -1.66212 
1.68818 -3.50449 0.278575 -5.97197 
0.691631 -0.528571 -2.21133 2.2416 
0.803205 -1.26065 -0.940757 -0.199852 
-2.71067 0.266002 0.00699991 0.586013 
-1.04243 9.6587 0.435664 -0.00323817 
-0.0907553 -0.105263 -0.122007 4.16707 
-0.705265 0.880737 0.923567 -3.00917 
0.982038 0.315759 -0.757576 1.2901 
0.379541 0.481805 0.340148 -2.22143 
1.59467 0.0693209 -1.89117 2.79401 
2.77924 -3.45802 0.556798 -0.325999 
-0.479104 -1.14571 -0.412842 -0.583753 
0.844522 0.881902 -0.613372 -5.79125 
-2.17444 0.147459 0.0885217 -1.04821 
-0.0298044 -1.62103 28.1115 1.68251 
-15.277 -0.186522 -3.6817 0.0458857 
3.40466 0.278472 0.862567 -0.0953714 
1.08784 0.951874 0.776873 -0.641876 
2.02558 1.51038 -2.25563 -3.85699 
1.01637 -8.31702 1.13808 -6.87596 
-1.57593 30.7392 0.651791 0.79656 
3.21903 -1.55783 -0.436377 4.06028 
-1.42811 -0.620092 -1.80477 -0.029228 
-1.87753 -1.44875 -0.337586 -1.1261 
22.2764 1.36416 0.362235 -0.0448917 
-0.797082 -0.487403 0.637469 0.829044 
-1.44608 0.264221 -0.297016 2.33585 
1.93127 0.550019 0.337362 -2.47594 
78.1936 -1.17725 0.454505 -1.19813 
-0.0793342 -1.0118 -1.06609 -0.447195 
8.18519 -1.94388 -8.26082 -1.33175 
-6.61924 0.726382 1.53179 3.20039 
-4.49989 1.26151 -0.301661 -0.186816 
0.0102284 -6.38339 1.81414 -4.42986 
1.03465 0.500721 -0.579142 0.0327091 
-0.478216 -0.889875 0.935117 0.0693492 
-0.284884 0.76875 -0.263099 -1.28822 
-0.499484 0.519344 -1.03766 0.202733 
0.777335 -0.856169 -2.69537 -1.64776 
2.43299 -0.447977 -0.809327 -4.5776 
3.61929 -0.0181063 0.418081 -5.4639 
-18.5419 4.34856 -0.114694 5.31649 
0.339474 -1.20032 1.09017 0.444517 
1.90611 -0.19422 -2.06755 -0.847193 
0.194904 -0.219171 7.72502 1.98359 
-0.217951 -2.08933 -0.760074 -4.76911 
-0.000159436 1.19404 0.0205984 -0.960197 
4.88914 1.33262 -0.132731 5.20979 
-2.53435 -0.853106 0.364035 0.95276 
-4.2314 -1.06413 -1.58828 1.54992 
0.917773 0.514362 80.9875 -3.07537 
-0.53115 -0.706542 1.1936 1.24317 
-2.22847 -0.44541 -1.08437 -3.98007 
-2.99056 -11.6953 0.300254 -0.161074 
2.04051 0.0414848 1.93248 2.00173 
-2.78356 0.976615 0.123773 -23.6993 
-0.347312 -0.795748 1.05256 -2.52688 
-0.0827639 -1.10418 10.867 -0.0744083 
-3.50252 0.865267 1.06907 -0.460692 
0.10799 -0.502219 1.6516 0.459674 
1.64919 -0.0325471 1.20051 1.61235 
0.242002 -45.6031 2.07155 8.5103 
0.19086 -0.947647 -2.23904 3.91011 
-0.529554 -0.550822 13.8751 -3.59376 
-0.151215 0.6496 35.8548 1.05604 
-23.8719 0.131869 -0.620052 2.23646 
0.247223 10.3155 0.0637057 -40803.3 
-0.575365 6.16592 0.178422 -8.76534 
-2.14021 1.06067 1.36764 0.201078 
0.479406 6.60992 0.634115 3.57561 
0.914915 0.353074 0.0735636 0.08217 
-0.163481 -4.38312 -1.90896 1.74344 
-5.2041 1.78889 0.470072 -0.00441022 
0.885298 -0.738386 -0.109497 -2.57401 
-73.7459 -0.9312 -0.986218 -0.180741 
3.14411 0.0610135 19.3867 -0.199648 
1.31864 15.545 2.18092 0.397408 
-5.72432 -1.3379 1.2763 1.08459 
0.931099 0.789316 -3.55795 0.971614 
-0.374759 -1.74819 -0.811018 -0.489186 
1.64503 -2.24509 -1.29112 -0.777482 
-2.03639 -6.60941 0.638626 -0.473498 
0.113525 -0.297458 0.476791 1.80204 
-1.87995 0.83613 -1.60231 -3.56998 
-6.1908 -0.623067 -2.00533 1.6462 
-3.50121 26.2562 1.01487 1.11758 
8.10174 0.243593 2.09694 0.481828 
-3.65085 3.16852 0.385049 0.476164 
1.29649 0.684016 0.0224428 -0.00434737 
-6.54137 2.06668 1.66591 2.0285 
-1.90368 0.744179 -8.33765 5.5315 
5.0705 0.925044 1.89636 -0.0229021 
0.197015 2.45652 1.17594 0.0905714 
0.659494 2.96678 -5.15571 2.05607 
8.17684 11.4299 2.80156 -0.491554 
-0.0107391 0.00589309 0.0835656 -0.439965 
0.321499 1.3406 -5.26408 -1.21599 
-1.42899 2.99695 0.487461 4.21718 
28.2645 1.01143 0.159469 -0.202239 
5.52125 -0.775571 4.49392 33.4242 
-25.5915 -10.5643 0.160922 0.968183 
1.99442 -0.320245 0.178314 0.101762 
0.0399319 -1.4732 -0.978043 4.81288 
-0.4944 0.743427 -0.380834 -0.0863598 
-3.83379 -0.033319 0.184073 -3.17878 
-0.0441545 -94.5715 0.995804 0.277455 
1.05502 -0.555425 -12.7453 0.255957 
-0.297768 0.231664 1.45706 1.06777 
1.36557 0.549017 -2.03353 -0.693081 
0.605557 -8.44489 0.239917 0.0815734 
-2.23892 -0.0821798 -0.785629 -10.9473 
0.74041 0.13472 0.530451 1.12786 
-0.150998 -5.03838 -0.141047 -0.0281285 
3.52949 -0.0235693 -0.137075 0.131587 
0.594243 -0.787876 -0.284539 -1.05735 
-0.204984 3.34602 1.56656 -42.9496 
-1.13908 1.09515 -4.61118 2.90612 
-0.108811 -0.250203 0.638938 -0.446507 
-0.146905 -0.624012 -0.278372 0.250331 
1.74247 1.07871 -2.71553 0.0742753 
-163.531 17.5684 2.21416 1.45772 
0.383856 0.742133 -0.38609 -0.0484417 
-3.64055 -3.60664 -44.6676 -15.3051 
0.282022 -414.672 -0.728257 -0.130348 
-0.557983 -0.631486 -0.299772 1.19794 
-1.86886 -0.344103 -0.768835 0.25925 
-0.459467 0.0512599 2.01272 11.6158 
1.02041 -0.425582 0.162146 4.8958 
-2.01374 -0.339016 -0.00481976 3.75503 
-16.7385 0.0612041 0.587258 -0.99312 
92.4007 -0.939505 -0.244881 -3.03269 
-2.77134 3.93855 -3.52786 0.761877 
-0.771889 1.93156 0.625571 4.08525 
-43.0914 -2.84422 0.123844 -3.8741 
-0.6684 1.97075 0.202454 0.895135 
1.09583 0.835783 4.69229 8.09939 
-22.0591 0.823374 -1.32288 0.0470677 
2.98444 0.53397 -0.886614 -13.0378 
7.00701 5.79878 4.96776 1.13476 
1.56598 -0.191984 0.79745 1.29356 
0.237474 -5.75815 1.2988 -0.291545 
-1.04228 -1.20049 -0.136579 1.18479 
-0.517937 0.0158816 -1.53344 6.99962 
-2.49648 0.196902 -0.630586 1.84205 
-0.519499 1.0084 -4.4497 2.07343 
1.10695 7.11306 -2.97676 0.502136 
-0.203885 1.05157 -8.60243 2.63328 
-0.977301 0.775459 -0.334481 -1.58744 
0.625423 -0.0805666 0.109642 -0.868234 
-6.27914 102.229 -43.6092 0.437132 
0.0169935 -2.2702 -4.26007 0.162986 
-45.984 3.57048 -2.89522 0.552417 
-0.192876 0.211035 0.176294 0.246567 
0.98529 0.305337 0.840267 -0.129813 
2.01775 -0.946015 3.0079 -0.441948 
-0.958981 0.466208 1.10758 -1.35259 
1.52636 -0.047785 2.09007 0.631294 
0.875145 -6.35776 1.17428 0.202866 
-7.41887 -6.57667 3.64318 -0.198784 
-0.440901 0.766002 307.064 -2.42684 
-5.39782 -0.125566 0.237198 -0.276256 
-0.248851 -0.11652 -2.5335 0.182721 
-0.256206 7.8362 0.537448 -0.0412678 
0.315799 0.924214 -5.8803 1.99247 
-0.410843 2.01379 2.56455 -0.0937256 
0.201209 -0.127451 0.159323 -0.063316 
0.475381 2.44692 0.691767 2.84931 
-0.706918 0.498021 2.08231 -1.97073 
2.23433 -0.666615 -85.3873 -0.75597 
2.99331 -3.03109 -16.0169 0.227614 
2.49581 1.06626 -2.21048 -1.46984 
0.583387 -0.82678 -3.08225 0.361396 
-0.954649 0.858117 0.0493475 -0.461835 
-1.75414 -0.243872 5.61022 -56.2107 
-1.4472 -0.286449 17.0416 0.934895 
2.03078 1.61107 2.75095 -0.803764 
0.741606 -0.344557 -3.79363 -1.99691 
-0.0295363 0.641966 -0.35149 -7.90658 
1.04506 0.442356 0.412929 -20.9063 
0.430435 -0.0828876 -0.278894 0.329506 
-121.595 1.29758 -0.0989379 0.469955 
0.717365 1.51018 -1.03989 0.415332 
-4.91713 1.63493 -0.128882 0.0853109 
-4.30182 -8.52478 -2.19391 2.7381 
-0.768025 8.24134 1.25888 -4.69629 
-6.54679 -0.441948 -0.241235 0.96734 
-1.0461 -0.148871 -395.037 -19.6482 
0.555767 107.684 -3.58536 0.424903 
0.971123 -0.589033 -0.824343 -0.155403 
-0.0947473 2.85758 -1.59463 2.11634 
1.89029 -0.372993 2.07393 -3.27188 
-0.723631 -0.316997 1.39139 -0.780931 
-0.343076 -0.113468 -114.184 -276.649 
7.6727 0.715388 -0.82607 1.7463 
-10.2777 -1.87852 -3.61182 -0.724267 
-1.3641 -2.05282 -0.821397 2.88811 
-0.439032 -0.0775379 1.02738 1.31704 
2.76696 -2.59987 0.0670724 2.89982 
-0.05418 -1.04151 -0.354936 -0.30438 
-0.0845733 0.0346104 1.34175 11.7822 
-0.83503 5.61583 -0.439498 2.56325 
-0.278127 5.50115 0.460295 4.36119 
0.200908 -0.512083 0.263489 1.54121 
-1.35645 -0.947047 0.119115 -25.9399 
21.8339 -1.73646 1.23355 -0.871367 
1.01417 1.28183 -0.974129 10.226 
-0.195119 6.49803 -0.27433 11.0856 
-1.5968 -0.820537 -0.0321549 -0.81203 
-0.224062 -26.0999 -0.660012 2.14893 
-0.361996 1.34909 -15.6317 -0.562787 
8.71379 0.257307 0.565031 2.03437 
0.151698 0.323532 -0.544079 0.811912 
2.54188 3.01274 -0.376503 4.51676 
-1.38958 -0.452761 -0.793944 -0.0999998 
-7.26347 1.28394 -0.801211 -3.83007 
1574.39 3.40742 0.998693 0.0770309 
3.97688 -1.57481 0.156193 0.290359 
-1.5155 9.60768 -0.386832 -0.643281 
0.562527 -2.50416 0.596179 4.84754 
1.27967 0.876767 0.203182 -0.0423375 
-0.427602 -0.644431 1.36172 -2.98381 
0.0949883 13.4251 -1.03105 1.54414 
0.214939 -0.379626 3.50883 -0.649541 
-0.217256 -0.164748 2.67278 -1.97234 
0.151751 -1.82004 3.91367 0.586886 
-1.90954 1.57003 0.743755 10.1445 
-1.25923 0.914655 14.1033 1.97876 
-0.568767 1.23742 1.12041 -0.345976 
0.769864 0.615425 0.483763 0.347321 
-0.600083 1.79907 -24.6946 0.265639 
0.677781 4.66614 -0.671791 -4.06401 
-0.580362 1.4219 -3.88939 -0.569269 
3.44091 -0.43735 -1.25538 -0.0369088 
-0.0444206 -1.88957 1.96592 -0.0746819 
-2.69483 3.29697 0.275597 -2.71256 
-1.90178 1.40836 -0.284389 0.899907 
-3.45981 0.412748 -37.1025 3.39777 
-11.7895 -5.61873 2.80049 0.976787 
-11.617 4.90216 0.11082 -0.0514011 
0.0721896 0.269682 -0.126487 -0.296115 
75.4346 0.302746 2.42726 -31.4227 
0.367164 -0.195465 -1.04629 0.548476 
0.287436 -1.40086 -1.09838 -1.11748 
2.0762 -4.54404 6.35367 1.73605 
-2.51365 0.0569063 0.779125 12.1554 
-1.05153 -0.979663 0.347627 1.81398 
-1.72927 2.01358 -24.1022 -1.82827 
0.693076 -3.84332 -0.0217848 3.27791 
-0.0724381 -0.918137 5.83977 -6.14258 
2.03196 2.19643 0.891035 -0.746017 
-1.09428 0.550136 -3.1465 3.1637 
2.10181 0.61471 3.27606 -2.96412 
0.578388 0.788096 -3.39171 0.50738 
0.832479 3.42777 0.370641 1.92853 
-1.04462 1.18826 -8.35853 0.105718 
-0.812693 -845.884 -19.5832 -3.04566 
4.74476 2.11148 0.040134 0.0249439 
0.160519 0.6407 -5.60751 -1.04536 
-1.92636 -3.84232 -2.69206 0.840577 
43.3233 -1.86189 -0.286491 -4.3574 
3.31389 0.0256961 0.0474209 -1.50405 
1.54624 -0.575179 -2.60887 -4.46507 
0.0728316 6.87219 -2.87443 0.836696 
-0.173298 -5.32663 -0.200588 0.328197 
0.0762059 -0.791756 -1.95016 0.125689 
1.71466 0.0531017 -0.345771 -1.28651 
1.40397 2.92125 -9.12627 11.532 
0.489852 -3.78976 1.31615 -3.2907 
0.416561 0.218194 1.56448 -3.25832 
1.69734 -0.18754 0.815276 0.1717 
0.622495 -1.97182 1.44282 1.33448 
0.234512 -0.107642 5.96093 -1.06159 
-1.16591 1.01603 0.451602 -0.20194 
0.604038 -1.23817 0.330014 3.54999 
-1.45035 0.773011 0.189403 3.04528 
-6.60843 -2.23548 -1.23252 -128.46 
-0.691243 0.507068 -8.51528 0.907746 
-0.139255 0.0318352 -1.01243 -1.05783 
-0.148137 2.74298 3.0907 -1.29423 
-1.48711 1.95332 0.0307969 -1.69824 
0.776362 -3.54283 -1.02341 0.175585 
0.675008 240.618 -11.6345 0.0110222 
-1.92553 -0.317052 1.96651 -0.282808 
3.8034 0.332582 -0.33355 -0.959751 
-0.294725 2.60359 1.87826 0.926661 
3.56111 5.18027 -10.1139 -1.04052 
-0.614627 -3.3825 2.13325 2.5677 
-1.04175 -0.339413 2.77057 77.3209 
-1.99655 0.0878967 -0.122072 4.38007 
-0.14237 0.851124 -1.16318 10.7424 
0.123101 -0.523595 41.3184 -3.50455 
-3.32575 -0.376321 -0.306277 -1.28438 
-0.496658 -1.50629 -0.457343 -0.56948 
-3.40514 1.45926 0.671606 0.0572538 
-0.542161 0.612261 0.572773 -2.75393 
-4.15097 -2.01936 3.13181 9.01431 
1.30597 -0.882384 0.17318 5.19825 
2.08992 0.422483 38.395 1.05194 
5.9884 0.632184 -0.899343 -2.36675 
-1.20251 -1.54202 -2.83476 0.699421 
-1.06021 -2.2019 -1.17058 -2.05336 
-0.953831 4.25911 0.978923 -0.29666 
2.82367 -2.8896 3.06806 1.20972 
-0.414061 7.32138 -2.44462 -29.3156 
-5.16473 -0.557464 0.634969 -23.4193 
-1.72045 -4.36087 0.424315 -0.904126 
-1.35361 5.52465 -0.747956 -2.09088 
3.73717 -0.655239 16.431 -1.02857 
-8.88694 0.0745728 -0.233178 0.929646 
0.0378526 -0.798625 1.63269 0.0695113 
-0.485428 64.8306 1.90844 4.36585 
0.351076 0.71208 -0.735374 -0.299389 
-31.88 4.84999 3.89807 1.0972 
-2.48929 1.05094 -0.151064 1.10717 
-0.685925 1.40568 3.51228 1.56239 
-4.49076 3.78102 0.0326676 -1.28685 
-3.58084 -0.485691 -0.429072 0.0346614 
-0.979371 1.26278 -0.125429 0.0891362 
1.09359 0.225277 -6.13532 -1.39558 
-0.680542 -3.20008 -0.353361 -0.280554 
0.254859 0.400618 -1.86561 -6.18164 
-0.431122 1.59156 2.7279 -0.689132 
1.42466 -0.287638 -2.51792 0.531817 
-1.27071 2.23043 1.01528 -2.01729 
-1.19587 -2.95117 -0.943898 -2.46161 
-0.178661 1.90622 8.51988 0.245978 
-0.197098 -0.975522 0.0523586 1.68503 
0.485923 0.256153 -1.34325 26.8815 
1.4035 0.845495 2.14819 0.813388 
-2.68118 -3.26373 -0.791728 1.14031 
0.143145 0.458699 -3.8615 0.51699 
-15.117 -0.132879 0.491673 -5.29543 
-0.412677 1.35079 1.6517 -0.710824 
-0.294821 -1.2757 0.434605 -0.572176 
-0.45709 0.0607105 0.371017 0.976547 
-0.15702 3.96008 -0.522416 -43.0444 
-0.824726 0.868861 -0.191373 0.701245 
0.645123 0.863138 -0.7387 5.74114 
1.28891 0.675089 -0.312039 -1.23186 
-2.70598 -10.2725 -4.1598 -0.429248 
0.857447 0.872941 -1.34381 -0.0255379 
-0.711364 -0.0677543 -0.804781 -0.586114 
0.157811 0.335201 -0.831997 0.463764 
2.24747 1.29784 0.556782 2.73148 
0.487819 -0.363907 -2.05638 0.258394 
-1.51889 -0.927267 -0.486106 -0.0297718 
-1.30095 -0.242758 0.0585868 0.00585741 
-0.587109 0.774651 0.553705 -0.0912646 
0.504521 -3.97764 -4.83115 1.56885 
-1.32729 4.36057 1.09573 -0.599529 
47.6893 -0.143079 1.55656 0.76835 
-0.604311 -5.0156 0.301171 0.269929 
-0.0329139 -1.9525 6.47522 2.63362 
-2.2496 -2.45945 5.13261 1.94231 
2.49315 -1.99524 0.647611 0.935657 
0.700989 4.43131 0.336702 -0.888791 
-0.149966 -2.64339 2.2496 0.854155 
-4.52618 -4.80165 1.25648 -1.39354 
-13.8152 -0.953253 1.70952 -0.256943 
-0.171126 0.282437 -1.48088 1.76606 
-0.782915 0.773799 -4.20524 -2.27496 
-1.4395 -0.0146944 0.245799 -11.8086 
0.718338 2.09173 3.42042 -0.59799 
-3.87879 4.24234 -3.04056 0.970865 
1.39921 2.10759 -1.79361 30.2242 
-0.110299 13.3515 0.392782 -2.43206 
1.20055 -0.346403 2.64141 -1.78459 
3.96274 0.798305 0.0451033 -0.674549 
-1.54172 1.27928 -1.28087 -1.38613 
3.10618 -2.58608 -1.31373 -1.19715 
1.04178 0.128248 9.48778 -1.17067 
0.205874 2.34759 2.52699 1.13752 
-11.3775 -0.311637 0.0667262 -1.51747 
-1.46069 1.31074 1.18235 -1.04948 
-0.459145 -0.447764 1.93838 -0.884099 
-2.00501 1.6031 0.496028 1.71909 
-1.25644 -6.1991 -0.46336 0.953959 
-0.922958 1.02384 -0.529378 0.917186 
-2.03074 0.893703 -1.79802 -2.73284 
-2.35147 47.3139 -0.877577 1.6675 
-3.76285 2.25994 -0.46105 -0.57356 
-0.300374 6.59347 0.451196 -0.305746 
1.37712 4.17435 0.895342 -0.518168 
0.94948 -0.200245 1.29892 3.84577 
0.149662 -1.82711 -1.43842 -0.17232 
0.939275 3.42275 0.476242 -0.0958981 
-0.121353 4.91374 0.761507 -0.641257 
-1.99878 -2.41212 4.01591 0.455807 
1.64139 6.2762 -0.0716769 2.72501 
9.71149 5.66499 0.583607 5.22914 
-0.4684 -0.410148 -0.273647 -0.812698 
0.400558 -12.4302 -1.44946 -3.74449 
0.178117 -0.519634 -3.01321 0.646089 
-3.81032 -0.69572 -0.454483 0.96444 
1.3903 1.30633 0.698818 -0.757716 
1.0861 -0.0376773 3.86901 0.609267 
0.00294959 -0.41892 -0.461671 14.8126 
-3.83363 0.814206 0.188441 -0.482642 
-16.6767 -1.63505 -2.8369 1.00251 
0.470119 -0.388184 -15.4341 -4.46976 
-1.13361 -0.219837 -0.0367542 1.78469 
3.24742 0.0741746 6.64795 -0.650217 
-0.150588 0.45125 -0.338484 -0.215308 
1.32055 0.251722 1.27383 -0.822381 
1.49878 -0.186663 3.81792 2.23176 
-0.616898 -3.45078 -0.819842 -0.00845683 
2.16006 -0.721254 -3.28167 -0.436094 
-2.50591 -0.222597 -0.851318 -4.25635 
-0.653662 -0.896006 -2.28108 0.44267 
1.20518 -0.713737 -5.58619 -1.55368 
0.528566 -2.46552 0.68101 -2.22677 
-0.253392 -2.99499 0.0999176 -0.497141 
1.73149 1.21818 -0.785949 0.134322 
-0.512244 -4.33724 0.517275 -1.46514 
-2.90034 0.253695 1.97088 -2.61422 
2.16046 0.217836 -2.34954 -2.00666 
1.67543 -0.186346 0.202581 1.32131 
2.36492 -0.437166 1.39416 1.28906 
1.73955 0.648964 2.89904 -0.238749 
-0.633944 -1.33673 1.62309 -0.849729 
-2.58063 0.272576 5.19614 37.6785 
-0.248709 15.2943 2.87486 2.10967 
-6.41144 -0.104271 1.20664 2.11607 
-0.377241 2.10977 -0.48712 -0.796784 
-2.24457 0.421026 -0.927408 -1.37641 
5.82367 0.557375 2.08947 2.66851 
0.0261843 1.99005 -3.48525 0.358158 
-0.587211 0.279241 2.26283 4.9065 
2.24174 1.4653 -0.00905887 0.243067 
-3.06396 0.589017 -0.198002 0.748232 
1.06935 -11.2908 -1.96 -0.389215 
-0.603266 -3.71966 -0.901935 2.08747 
0.504769 0.236641 4.23584 5.68397 
0.596553 -0.619343 -0.873902 -0.324505 
0.803284 -0.11532 -0.372687 1.04778 
-2.85759 -7.52825 -0.801581 0.215289 
0.97112 2.73762 -2.33383 0.60093 
-12.6565 1.11376 -6.4009 -0.670979 
0.263414 -16.8877 -1.29848 0.0811037 
4.7877 3.61284 0.0764599 0.236812 
-0.260153 -1.29976 -1.70203 -0.625272 
1.86975 0.322694 -0.541992 -1.0591 
-1.07093 -0.58946 -1.18709 10.1569 
-0.11542 -1.79109 0.59292 0.778318 
-5.67333 0.521157 -0.32518 -2.8238 
2.44433 -1.68608 0.176336 5.1063 
0.466679 0.181376 5.66084 1.44729 
0.411599 -0.308309 -1.53117 -0.978433 
-0.849234 12.94 -0.692238 0.257764 
-2.61159 -0.569319 1.02047 0.0551654 
-1.58823 4.45425 0.581985 -26.2091 
-0.459975 -18.4821 17.5313 1.14225 
-0.530999 -0.0899753 3.5577 -2.87153 
-6.14135 0.726056 -0.588144 -6.85567e-05 
-0.149779 0.287486 -4.39085 -0.568133 
0.0542301 -2.82186 0.653353 -4.43801 
-2.42093 -0.174242 0.758616 0.811267 
-0.427022 -1.42368 1.06357 -1.33631 
-0.0994765 -0.598857 -4.81884 0.0829437 
0.480647 -1.75367 -1.67062 3.88186 
-0.954164 2.00596 0.278929 -3.82173 
0.285849 2.1593 1.00016 -2.55952 
-0.0792601 1.22387 -0.480557 1.7735 
0.825972 -0.672517 0.0436045 0.427859 
148.804 -0.913855 0.381664 -3.38934 
1.08579 -0.289801 0.0168506 0.140739 
1.73237 -0.47209 -4.04255 -3.05803 
0.615336 0.943355 0.583 -0.614338 
-0.166064 -0.760978 0.150034 0.753306 
-0.997544 -1.35272 -0.270025 -2.12843 
3.31168 -0.179298 -1.1485 36.8223 
6.61314 0.213201 3.33402 35.2786 
6.50638 0.179586 -0.21272 0.719761 
1.68886 -0.600605 -2.09133 0.111105 
-0.433846 -1.22024 0.678343 -0.117796 
-1.44021 0.687641 4.61879 2.27174 
0.744967 -3.01778 1.48451 0.465471 
0.0170453 5.03228 -1.65002 -0.228037 
0.0299319 1.73154 -1.96787 0.0736755 
2.29328 0.055749 0.184445 -1.28757 
0.385879 -0.136408 1.70804 -2.9794 
2.41301 -1.17812 4.15619 -7.42331 
-0.215758 1.36356 -0.98243 0.00933767 
-0.08946 -0.955983 -3.55265 -0.894367 
-3.33947 0.161279 -2.90258 -0.690135 
-0.248571 0.871268 -0.719084 1.57449 
-0.835285 2.28943 0.369622 -5.9151 
-2.8634 0.480205 5.33481 1.74472 
-0.84204 -2.00096 1.3146 -0.604877 
-6.97368 -0.297669 -1.10761 -0.0647349 
1.81158 -13.7758 -1.418 -0.542492 
24.2721 -1.14642 0.950956 -0.305247 
2.46777 0.815097 -0.437041 -0.472293 
-1.47495 110.152 -0.423308 -1.35411 
1.62367 13.1399 -3.44687 1.76273 
0.846112 -0.224669 -0.646811 0.753454 
0.691885 2.26181 -0.549136 -0.865635 
-1.2271 15.0578 -0.837901 -7.76687 
0.0959608 2.5535 41.8796 -0.0583952 
-0.0226645 -1.78357 -1.27944 1.20331 
-1.02981 -2.29989 15.7243 0.830247 
-2.57271 -2.12639 -3.1723 -1.3807 
-3.20274 1.19715 1.30255 0.469335 
-0.965876 8.51878 0.368199 2.84811 
0.312224 -0.98067 0.0290792 -0.504689 
3.40588 -8.08612 -1.31137 -2.81265 
1.05719 -0.27038 -4.35673 -1.14131 
-0.955883 0.275293 -0.614886 3.61008 
-0.135966 -0.444021 -0.430952 -9.56748 
0.21165 -0.306897 -2.112 2.14988 
0.630418 -4.2338 -0.107022 -7.36152 
-2.43269 -14.8361 0.0147415 0.448824 
0.99115 1.93859 0.854562 -0.318939 
15.967 -4.96011 -0.0774373 -0.376756 
0.533791 -1.08604 -2.33974 0.217657 
3.63003 0.508014 -19.213 -1.14649 
4.64038 -0.776806 -1.01288 -0.243955 
-1.03874 -1.03806 -0.114353 -2.82909 
-0.699345 -1.1895 1.46507 -6.06848 
0.18291 -0.287787 0.946529 -2.1391 
1.05858 -4.67658 10.8498 -13.3611 
2.57709 -1.6071 -0.0314399 -3.54089 
0.229605 0.2391 1.58159 0.0243946 
-6.49757 1.33521 -3.78241 2.65653 
44.6523 -0.710448 -0.359603 -9.24893 
1.37948 0.574455 3.00893 53.6127 
-0.129031 1.84341 0.790374 -0.458482 
0.244067 -0.435248 -0.148185 1.85795 
-0.0252133 -1.03287 -0.898563 0.119055 
0.426411 -1.75261 0.327341 -2.48592 
13.6816 -7.83809 0.116607 0.875846 
-1.22077 -1.06454 1.64304 -0.481494 
0.00458724 -0.0323321 -0.59402 0.00623567 
0.0218938 175.199 0.719248 -2.35111 
8.95297 0.038529 -0.748754 -2.29694 
3.09837 0.495122 1.74705 0.418447 
1.38062 0.147402 0.226139 0.59048 
0.0755377 1.73472 -1.48307 -1.17911 
3.31292 -0.118881 -3.81955 -8.72653 
0.584497 0.485545 0.690258 1.3969 
-0.0644338 -7.42625 -1.26614 28.9379 
-1.78527 -4.58246 0.939561 -0.790441 
-0.585397 0.38463 -0.440436 -0.0266861 
2.92498 -0.906527 -0.766308 0.0106587 
0.241515 -0.709234 -0.456504 -0.814363 
101.679 -18.7901 -0.838371 -101.096 
4.72697 0.791397 -0.793931 1.28941 
-0.191091 6.26238 -0.593041 -1.68434 
3.9463 -20.0981 0.42875 2.62071 
-2.44499 -1.15074 1.50967 -20.5977 
-0.935262 -1.02563 -0.793204 -1.01758 
1.93149 -0.850351 -0.888817 0.710705 
0.499669 -4.32049 -0.333685 -3.85232 
0.317756 0.2902 -0.902195 -0.480116 
-0.102919 -1.79033 -3.37933 -2.58704 
-45.2295 0.985078 -3.64805 2.01229 
-0.0400298 -74.9694 0.0761438 -2.27416 
0.210803 1.22575 1.2118 0.326707 
-1.28055 -4.82411 -181.41 -1.50456 
-18.7853 -12.9476 1.37443 -1.99262 
5.79162 1.33059 2.06071 1.23639 
-0.248626 0.738457 0.370427 -1.58138 
1.59037 1.8449 -0.519613 0.894637 
3.20577 0.842591 0.705246 -0.50141 
0.112036 -0.432443 -0.451711 0.257038 
0.863053 1.14444 -1.50422 27.1344 
-1.34729 0.749833 -0.156184 0.216127 
4.77624 -2.10315 -0.990989 1.22621 
-0.0206518 1.3957 -0.528608 0.506533 
1.46031 -0.471421 1.06001 -1.82915 
3.96714 -25.4499 -0.53896 1.40476 
-3.22159 -0.164749 -2.18182 -0.423014 
-17.289 -0.322915 1.37619 -34.8776 
6.45165 -0.0291675 -0.41501 0.347689 
-2.1075 0.58878 0.452457 0.342103 
-0.111327 -0.503189 0.109979 -1.96293 
-0.653093 8.0208 -0.770918 -0.977313 
-1.1786 0.614573 5.95296 0.416379 
1.29263 0.968521 0.159812 -0.693311 
-4.51549 -14.8927 -0.0334125 -2.03367 
-1.48593 5.30962 2.20838 -6.28144 
3.01044 3.69185 0.565163 -0.341884 
1.83046 1.99146 -0.104534 0.30064 
-6.0993 1.21305 5.75231 -1.16455 
-2.33631 -0.106744 -1.49343 -2.32812 
0.867417 -2.51243 9.2505 2.33689 
-29.287 0.00791959 0.0712922 0.191586 
1.11524 2.56054 -1.44257 0.129782 
1.00737 1.10783 0.743129 -0.718641 
-1.40492 0.289158 0.915756 53.9129 
0.659829 -2.16467 26.1818 -0.902436 
-0.113442 0.772157 6.79753 0.104534 
1.40139 1.13983 -7.90786 -0.984602 
-0.572183 -0.678878 -2.8068 1.6925 
-1.00961 0.522241 -7.16099 1.15466 
0.323497 -0.645817 -0.453158 -0.422258 
-2.33796 -2.37764 1.25424 1.09672 
-0.960491 -1.8388 -0.495689 0.751055 
-0.486805 1.60461 -2.03674 0.470779 
-1.72526 -9.39836 -0.848953 3.37228 
-18.1866 -1.35964 1.91938 0.732751 
7.10864 -0.205024 7.34047 -0.314518 
0.369806 0.599986 -4.58427 -0.382137 
1.26768 -3.14244 -0.769734 4.42626 
1.76667 0.2346 -1.19767 2.43113 
0.964018 0.266705 -0.304528 0.00932207 
-0.192241 -0.106709 -0.744937 -6.24438 
-1.38649 0.0132671 1.21199 1.77287 
-0.912852 -1.63305 0.000407425 -1.18489 
-0.361971 137.439 -0.356383 1.1428 
-2.18498 0.492033 -5.30207 12.614 
-0.871932 1.66397 0.182008 -104.826 
0.366541 0.460899 0.743632 -0.914914 
0.1017 -0.589043 0.784718 -1.53484 
2.72529 1.45761 -1.59052 1.9556 
-2.64774 -0.0883975 -1.04437 1.34044 
-0.296558 0.124953 0.450836 3.39685 
-3.53238 22.5129 -0.965859 6.11574 
13.0446 -6.50589 -0.687731 2.76622 
-0.614185 -1.44184 -0.573224 -1.95356 
3.36394 -13.1624 0.982289 -0.0741536 
0.335871 -0.113228 1.31043 -0.195646 
-0.976083 -1.29586 0.591267 0.589765 
-1.37159 -0.410556 1.20598 0.519133 
-0.390144 0.433969 -7.80636 -1.54405 
-4.18062 -0.450314 -0.822667 -0.796481 
-5.4407 2.35865 -0.0753497 -1.00326 
1.92999 0.143916 1.37286 -1.46035 
0.377303 -63.0281 -0.738688 1.51601 
0.176708 -0.577645 -1.10464 0.219708 
-0.192945 4.91349 -3.02893 0.985051 
0.751027 1.63093 1.3854 -1.22902 
-0.889808 -0.844334 -0.615666 0.0521276 
0.0760177 -0.0245789 -0.0715237 1.66177 
2.10925 -0.976965 0.326343 -0.0637363 
-2.40263 -0.220431 1.07565 0.341676 
-0.065256 1.30304 0.748382 -1.38411 
4.5001 0.561034 -1.36078 2.34692 
-0.820774 0.64455 -0.047753 2.09349 
-0.464566 0.734454 0.0184272 -0.00399745 
-18.1041 -2.85769 2.39876 -0.119036 
-7.56127 1.58772 11.3149 -1.04454 
0.904307 -0.311882 -2.16987 0.580185 
0.0659168 0.472709 -0.733636 0.336308 
0.234012 -0.203697 3.15292 0.960755 
0.293279 4.0528 -0.207359 -0.460811 
0.771641 6.17645 -0.109059 0.75157 
2.80249 5.28233 -0.222996 0.179545 
-0.582254 0.898503 0.0430862 0.521295 
0.666347 0.660586 -1.22565 -3.10307 
1.39572 1.83143 -4.54258 -0.75562 
-0.930887 -0.0568 -4.31671 1.6121 
-0.410529 2.91167 -3.02238 4.1217 
2.00023 5.34311 -1.02981 1.71239 
-0.187276 -2.85745 -0.877321 1.32376 
0.214701 0.150014 -0.580451 -0.896485 
3.06856 0.0585492 -0.102371 -0.291498 
-1.45011 -0.659276 -11.2683 -0.768654 
1.11795 0.475815 -1.17133 2.72562 
-5.70625 0.848658 4.2572 0.90681 
0.183973 0.242442 0.0525966 6.97463 
5.6401 -23.1521 0.756162 0.374066 
-1.24947 -0.713681 1.57675 -0.490286 
-1.08131 6.19804 1.44074 2.01173 
-6.58231 -1.24173 6.38825 3.445 
0.725273 -0.209941 -0.132693 2.35927 
-1.01408 -1.76784 18.4756 0.165396 
1.52752 0.300732 0.57013 -0.994287 
-0.381788 6.05527 6.21651 0.715952 
0.807387 -1.75839 -1.28764 0.756956 
-0.302243 3.36586 -5.15713 1.06467 
-0.201746 -0.622413 9.5344 -1.25034 
-1.83797 -1.32384 -0.68339 1.68874 
0.457237 0.340276 0.120479 0.893145 
-1.51311 0.323382 -0.576652 0.218167 
-1.08953 -1.18409 5.32669 -8.08488 
1.42784 -0.214507 0.108138 3.10873 
-0.842795 -0.774769 1.81257 -0.887376 
0.145209 -0.320557 0.0472516 -7.0781 
-0.213189 -0.234107 -1.22144 -1.84197 
0.825893 -1.53896 -1.28952 0.0592936 
-3.98939 -2.21324 -1.4574 0.679457 
0.999683 13.8648 -0.806518 -0.718491 
-0.408223 0.757143 -0.624367 0.108568 
1.10433 -1.44829 -0.395136 -2.22396 
-0.17052 3.481 0.485604 -5.21268 
0.802452 1.36481 -3.15454 0.119478 
-1.76067 -0.284507 -0.333697 -0.00238367 
1.10075 -1.23516 1.77899 0.0926724 
-2.22698 -3.57335 0.0817521 3.00578 
0.948729 -0.449826 0.208157 6.06965 
1.00111 -4.26767 -0.938704 0.159228 
-21.8492 0.115567 1.53557 1.30132 
0.166426 -0.166359 -4.01831 0.555994 
-2.89129 -1.80996 -0.542435 1.62586 
-3.63575 -0.810803 -1.09848 0.71497 
0.41623 -0.549716 -0.491341 2.57458 
-0.0202945 0.432249 -24.467 2.99182 
29.2676 -1.82982 -0.208142 1.05916 
0.758889 0.338215 -0.858396 0.225063 
1.53015 1.75376 -1.96458 548.887 
-1.49187 10.9183 -1.19485 0.569973 
-2.93828 1.56741 1.41922 -0.173168 
7.54299 0.240781 -0.629434 0.0652889 
-0.306515 0.659777 -0.19 -1.44904 
-0.646856 -8.1719 -0.885521 -3.58419 
-0.156524 -5.34626 -0.335334 -0.599544 
-2.89184 -1.29039 -1.84416 -0.941025 
-0.619595 1.12744 1.23412 3.61371 
-7.06338 -0.486957 -0.574472 3.84942 
-1.44663 -1.38618 -2.00828 -10.9613 
0.1461 -0.154924 2.04753 1.01942 
-0.30259 -0.347178 -2.50166 2.00626 
-1.84548 -8.02527 0.213121 2.1917 
1.61768 -0.808164 -1.38805 1.07291 
-0.161222 1.71581 -9.68817 -0.0803289 
-2.66704 0.0653892 -1.26439 2.17167 
3.74923 1.25322 1.36594 4.10575 
0.604947 1.93002 -0.866238 1.15217 
-5.25916 8.79515 1.31484 -2.33175 
1.68181 -19.609 0.0947782 4.31876 
0.00410622 -1.02038 -0.757662 -0.0195907 
-0.554695 -0.552871 -7.47921 -0.547064 
0.839852 -0.239126 0.132906 0.745741 
-0.384074 0.705845 1.33468 -2.03835 
-0.536425 -1.45001 0.314292 2.59539 
1.10811 -0.741646 -0.636662 -0.925594 
-66.5422 0.573545 0.277635 2.60166 
0.040741 0.258511 0.239177 0.655686 
2.77962 -1.37691 -15.7515 74.9028 
-2.96139 -0.988989 -605.738 0.524771 
-1.02225 -0.382785 -3.51417 2.52772 
0.49785 -0.287187 0.550219 0.272551 
-1.43032 -1.39408 0.79829 -0.173772 
11.5659 -0.876781 0.63608 1.14865 
1.9271 0.309376 0.930915 -0.0988192 
-1.22988 0.489986 -0.997429 0.993464 
-0.348199 5.67854 -3.79795 0.426305 
2.4888 0.727266 -1.39659 0.485372 
1.30903 0.207286 1.51262 0.3728 
-0.190953 -0.164117 0.104273 1.36835 
1.19896 -0.925305 33.6489 1.03818 
1.08218 -84.5859 -0.317887 0.16922 
0.304279 -10.743 4.28303 0.518976 
198.459 -0.373219 -0.472362 -0.320013 
-0.282219 -2.39103 -0.142747 0.627124 
-0.0880114 -0.522286 0.13844 -0.284085 
-2.26113 -0.878011 4.37996 -0.339196 
-0.145666 -1.86035 14.667 0.833541 
0.973265 0.460336 0.243736 -9.95506 
0.415096 1.08624 -0.195233 1.33308 
-51.2346 0.706115 -2.28454 0.641265 
0.320925 -0.0899254 0.896544 11.7143 
-0.0147152 -0.144995 -1.53081 0.155323 
-3.54093 1.23374 -2.6233 1.87244 
-7.01028 0.1949 -0.73467 1.40651 
1.80871 -0.355264 1.42361 0.95801 
-1.3568 -2.5308 -1.49093 -284.128 
-0.751679 4.05095 -2.14721 1.35088 
0.998069 -0.602074 0.349287 -2.53471 
-0.162528 0.317078 3.19654 -4.71024 
5.17985 -0.140528 -0.242755 0.158325 
2.59385 4.24262 -0.439074 2.72584 
0.215688 0.151059 -2.05629 -1.62584 
10.2977 -0.358102 -0.275664 -1.53249 
-6.54824 -0.970584 0.274506 -2.00797 
0.245583 -1.09337 -0.624936 0.376424 
-0.934582 1.00403 0.0749466 -54.1074 
2.20838 -1.11657 -0.917985 0.770274 
0.0374279 -7.08195 -0.420468 -1.4047 
1.14845 -0.780416 5.26222 0.497679 
-14.7936 -0.221138 -1.26027 0.0338836 
2.2996 -7.29531 -0.321288 -0.321313 
0.146986 -0.555976 0.135082 1.02294 
0.337006 -2.79743 2.25657 1.06089 
0.212067 -1.08418 1.10293 0.991344 
-0.561175 -1.86977 0.197756 0.381897 
0.344353 -2.88019 0.300897 -0.960899 
-5.26454 -0.896724 -0.139416 1.59905 
19.6658 1.122 -0.0604053 -10.4672 
0.823069 -0.999111 0.230053 0.614562 
0.322258 0.178564 -112.171 0.925208 
0.252313 1.12156 -0.193999 0.251005 
0.572909 0.304156 -1.92112 -0.174961 
-0.285635 5.01263 0.493908 0.485293 
0.209731 -0.418149 1.54323 8.8284 
2.59174 -2.90033 -1.72572 1.53849 
16.3721 -0.0169817 0.194521 -5.87323 
-0.489474 3.09544 1.9733 -0.137741 
-3.09223 -3.72021 1.32985 -3.2174 
-3.07272 0.604815 -0.171228 -1.5187 
-0.351386 -1.15229 -5.40085 -0.137333 
0.302949 0.514214 1.6433 -0.692023 
1.3246 -4.62631 0.309342 0.140565 
0.408491 5.81948 8.2322 -2.7901 
-1.31281 0.420798 0.665813 -2.41745 
0.130438 1.01625 0.0319815 -0.611497 
-6.19594 0.307421 -49.2074 2.32762 
-40.8462 0.476183 0.695993 0.200256 
5.21938 -1.18261 0.983416 -4.05893 
7.47435 1.01026 -1.39095 11.9807 
0.0799911 -0.264253 -1.58333 2.26476 
-0.0943121 1.4311 0.13684 -3.17944 
-5.79481 54.6452 -1.41775 -1.49459 
3.72026 6.04375 0.461203 0.790245 
3.88476 0.0616073 2.35189 0.298507 
-0.470525 -0.490632 -0.458762 -0.910379 
-0.312767 0.450013 0.421319 3.06086 
0.618912 0.56687 0.540824 -0.524897 
3.67457 -0.558819 -0.0689045 0.294848 
-2.6701 -1.00705 0.223113 -0.268981 
0.411307 -0.715357 0.856832 -0.166656 
24.4387 0.516914 -0.327751 -0.313313 
2.74735 -2.66553 -0.7948 4.60223 
0.392975 2.27115 -8.9311 -2.98231 
1.8409 684.834 -1.59845 0.144119 
0.22251 -0.232538 0.279567 9.22455 
-1.00218 -29.718 1.45546 -19.8425 
-1.32458 -0.414458 0.550348 -0.825968 
1.11917 0.584368 1.7134 1.87654 
-0.689777 -0.512143 -17.8214 -0.060766 
-0.624224 -0.249695 -0.109509 4.95717 
-0.280366 9.05637 2.62422 1.20271 
-0.319518 0.194783 -0.256341 -3.24591 
5.02314 2.18435 -0.00723448 -3.42962 
0.695676 -2.39543 0.742565 -0.907248 
0.450949 -0.815912 0.615794 8.78168 
-0.127545 -2.1039 0.194281 2.26648 
-4.18864 -0.471714 2.98981 1.85817 
1.74106 0.185596 -1.01343 -0.260435 
-0.557008 1.48117 -3.17449 0.821455 
-4.15602 0.826127 -0.433879 0.894317 
-0.199613 -2.6162 1.15812 1.11944 
-5.76791 1.19918 0.145757 -0.703168 
7.00438 -1.11417 -5.02885 0.308252 
0.131298 0.280586 -3.87822 -1.91991 
1.0015 0.557482 -0.64 -0.329597 
2.25186 -1.30615 -0.743937 -1.52932 
-1.51249 -2.10342 147.527 -0.467006 
0.246116 12.7256 -4.9555 0.115569 
0.217608 2.82151 1.86684 0.424077 
0.0449113 10.0758 -0.245456 -28.2463 
-0.533982 0.340114 -1.10031 -0.796584 
-9.57748 -2.43811 -0.161847 -0.118422 
-5.75798 -9.21118 0.663458 3.67203 
0.503227 -2.71123 2.96949 -2.18821 
0.68454 0.932455 -2.42278 0.998072 
0.825331 1.95121 0.425825 4.407 
-0.198603 4.0878 -0.488179 0.0477037 
-1.31661 0.549391 0.241219 3.70142 
-0.436139 -0.724882 -1.87154 0.419128 
-0.756696 0.350303 -3.0168 0.376056 
0.596201 0.408198 -0.616233 1.0482 
1.1805 -2.15096 0.1342 -0.293299 
-0.167776 4.38092 -1.4339 2.37446 
-0.070143 -1.28747 -0.0589039 -24.3572 
3.71403 -1.95046 0.363871 -0.452054 
2.77853 -0.0843324 -0.269849 -3.26098 
0.0643232 -1.59862 6.13012 -0.167983 
-0.464237 0.265494 -0.367747 -0.296653 
-0.497834 -1.00369 8.46722 1.5665 
0.0744623 0.0558936 -11.1895 0.129731 
13.1217 -6.01811 -1.11396 0.379017 
0.612392 -9.3001 2.14154 -22.1127 
-11.9203 -0.0630541 4.82892 0.842442 
0.981178 -1.50061 -2.06489 2.50877 
18.206 7.13413 1.27613 -1.65767 
1.06587 4.74584 0.760844 0.618332 
1.10422 -0.0994176 6.17748 0.635131 
-1.24919 -0.0996584 -1.06315 -1.79547 
-2.9438 -24.9099 1.04388 0.269733 
4.47309 2.04545 0.513002 -0.337972 
-0.121272 2.30754 -1.03505 -2.80326 
0.305888 -3.51543 0.737352 2.54411 
-0.215229 0.157847 -1.15076 0.414189 
12.6366 -2.22153 -0.706821 -1.61759 
-0.495023 0.110439 -4.59464 0.377991 
0.897233 -0.544896 7.73474 -0.22247 
1.17626 1.38331 -0.264721 1.14149 
-2.64882 -2.20263 0.659175 -2.35794 
-0.00821795 0.132009 0.153437 1.17478 
-0.155259 -0.920319 -0.32024 0.683967 
1.2324 0.0204871 2.77236 1.30626 
0.495931 -0.346345 1.13986 -1.02069 
1.32757 0.459401 -0.864134 0.717219 
-0.477304 0.448169 -0.693672 0.495856 
-1.30082 1.79899 -2.28205 -0.818178 
-2.00321 20.8024 -0.150731 3.2609 
-1.05771 2.70387 -0.329603 0.720184 
0.0759262 0.217588 -0.711895 -0.856258 
0.89261 0.50469 7.22206 -0.514624 
-0.676626 2.46045 -0.157766 0.890361 
-1.47942 0.356603 0.38376 -0.412591 
0.848754 -1.31714 -0.106681 -2.31993 
3.7266 0.432501 -0.700845 -0.534469 
-0.187232 -0.0773315 -48.8282 -1.64815 
-2.067 0.652481 0.655879 -0.840194 
-1.13512 -0.399773 0.908262 8.88965 
0.924082 -1.71333 1.10357 0.4356 
-1.10527 -0.382978 -0.919847 8.78163 
-10.6133 46.9141 -163.435 -0.741216 
0.642541 0.260477 4.69847 -2.30055 
0.0490371 -0.816698 -1.05478 7.13879 
1.17792 0.112793 10.3361 -0.333305 
-28.4591 -0.317696 9.21907 0.268588 
1.81334 0.898499 10.2734 5.62775 
0.338769 -0.920001 4.17487 1.67872 
0.184805 0.473985 11.5968 0.884321 
-1.39321 -0.0351309 0.282895 -2.41438 
-0.561366 0.72124 -1.38071 0.0280649 
-0.098963 -0.321214 22.6332 9.56533 
0.871751 -0.131964 1.43236 0.644399 
-0.442341 12.3105 0.27459 1.4432 
1.1801 -1.46038 1.50239 -1.02774 
-1.01825 -1.09276 0.307154 -0.61788 
0.165226 1.9129 0.64953 -0.322905 
1.11595 0.106908 0.927372 -1.07031 
-0.327588 -7.37404 -0.318756 0.657653 
6.87221 -0.669528 0.969568 0.5857 
-2.66216 2.12191 -0.68783 -0.913977 
4.98375 -0.644135 0.345019 0.0255281 
-0.183331 1.11518 -1.1127 -2.15803 
-0.333883 1.12348 -3.62428 -0.244552 
-0.655063 -2.22244 -2.40571 -2.48241 
-1.22951 -0.590875 -0.265517 3.60323 
-0.627234 0.649713 -0.675194 2.39978 
2.95326 1.07394 2.50441 1.3156 
-1.89261 -1.04025 0.319506 -1.41771 
-0.863461 -0.973904 -0.00386643 2.41677 
1.06368 17.0777 -2.46801 -3.35428 
-32.8912 4.04208 -7.18978 -0.117858 
0.921324 7.47108 -0.908625 -1.3924 
1.51465 -0.129363 -21.3929 1.43754 
-0.0619132 0.538143 -7.36108 -6.21006 
2.05093 2.09758 0.424509 1.56368 
-0.985377 0.615692 0.48186 -1.85196 
-3.17626 10.696 -4.38412 -0.348424 
-0.546665 2.69768 0.460657 0.059376 
8.4604 -1.54586 0.935815 -1.01921 
4.37492 -0.627045 -3.64171 0.594936 
-0.429479 4.71795 14.2139 0.0987538 
1.76969 18.4851 0.704869 0.309643 
6.96925 -4.30604 -2.53564 -1.18174 
-0.291907 -17.6134 -0.16009 0.76106 
1.21716 0.208137 -1.62158 0.143359 
-0.402567 -2.00005 -5.78796 -3.26972 
-0.914671 -1.16054 66.2984 -0.00170528 
0.696629 1.05956 0.20592 -0.575015 
-0.432681 0.410293 1.30375 -0.338177 
-1.6045 0.173342 1.06554 0.353775 
-0.744986 0.612036 0.169617 -0.0652214 
-0.435925 -1.52314 0.317595 0.615142 
0.302806 -0.240318 -1.23834 -0.373984 
8.21304 1.5094 4.66721 -0.338298 
-0.2481 -0.954208 -0.684221 56.1403 
2.52349 0.249938 -0.638174 0.487197 
0.0658818 560.987 5.1396 0.14439 
-2.7785 0.24566 0.582652 -2.8889 
-0.194003 -0.0161188 -1.82862 6.33207 
0.217901 -1.77796 -1.84533 0.572784 
1.41382 -0.190429 0.728491 -0.755671 
0.211675 -1.75851 -1.73621 0.889469 
2.95078 0.989038 1.55822 1.5103 
0.624276 -1.6263 1.97825 -0.480387 
-1.26047 5.48017 2.01536 1.02771 
-0.0293316 -3.3749 -0.214669 -0.2413 
-0.324569 -2.55164 -0.762863 -17.492 
4.81505 -3.90475 0.426208 -0.486278 
0.176669 -1.48684 8.27674 0.0571137 
7.64835 -0.00250754 -1.20347 0.769983 
0.345885 -0.848088 0.345466 -0.289041 
-3.32243 -0.00793964 -0.10208 112.816 
-7.17193 0.977062 -1.61863 0.371388 
5.6112 -199.866 6.5778 0.274313 
-0.388414 8.58402 0.219648 4.21292 
-0.224692 -23.3386 0.150812 0.514232 
0.0830039 -0.265194 3.21179 -4.53995 
0.595215 1.87783 -10.8298 -0.228264 
-0.403427 -1.99948 -0.938668 -2.50281 
3.5915 -1.60398 -0.59259 -0.407835 
0.358096 1.05832 0.752128 -3.42579 
0.00486526 -1.17482 -0.371694 -3.2892 
7.7849 -0.702763 -6.73441 -0.472544 
-5.63601 -0.504412 -0.266647 0.173989 
1.64717 0.409636 1.08814 0.369735 
0.250915 -2.39687 2.84372 0.121704 
2.22783 1.33069 0.649819 1.29823 
0.0624757 -2.66624 -0.72828 1.23438 
-3.17345 -234.194 -0.261325 2.67089 
-1.10796 0.767552 0.560327 1.42857 
1.44329 0.290463 -35.0043 -1.39841 
1.43253 0.986078 0.162092 14.6809 
-0.630158 -0.152102 -0.476412 -0.840962 
2.82985 -1.42212 0.961632 -4.36376 
-13.0683 0.79215 -1.05905 3.40147 
2.28668 -0.885851 -0.910863 -0.77884 
1.95869 3.71445 15.3083 3.47435 
-74.9828 -0.317882 5.50329 -1.40154 
-1.21486 -0.667153 -0.199361 -10.4188 
0.765726 -0.660436 -7.29663 0.00610254 
0.40034 -0.156466 -0.203515 0.435036 
-2.30611 -0.173805 0.796847 -0.197229 
0.0377695 0.345073 1.44384 0.337866 
2.50347 0.128053 0.159205 -1.68227 
-8.60283 1.13423 1.32492 -0.845242 
-1.4448 -1.4724 -12.3858 -9.82151 
0.450556 -2.72222 -2.44789 0.345281 
1.05733 8.25901 1.29912 -1.04179 
-0.522487 1.90986 6.01711 0.373177 
-0.730689 -0.937032 -0.490729 1.31968 
0.10821 0.299576 2.75193 -2.16788 
-0.735143 0.425048 -0.0192255 -2.43034 
1.8514 -2.66501 3.29281 -0.59284 
-0.452283 -0.510561 0.216982 -11.4467 
-1.55468 4.81411 0.00169462 -3.69115 
-3.16072 1.45684 -1.1825 -4.6062 
6.12044 -0.299866 1.08247 -1.2341 
0.410284 3.52076 -0.16157 -0.852855 
0.276201 6.15599 2.64696 3.15407 
3.5273 -0.541247 1.84047 -0.324388 
-1.86048 -0.337931 0.277536 -0.00077935 
-0.144416 -0.0772979 -0.378347 -13.0175 
1.90139 0.131481 -5.72065 0.511405 
-0.870375 -0.0765422 0.438325 0.396976 
-0.458738 -3.20559 0.377481 -1.47181 
0.859325 -1.29652 -0.300959 0.429442 
-0.719254 -1.42815 -0.265818 -1.0711 
0.626496 -4.35832 1.43986 -1.16046 
0.562295 0.138792 5.11705 -1.2516 
-8.43453 -5.28162 4.69044 -2.03138 
-0.829225 13.8791 -2.92847 -2.00656 
2.90337 2.57294 2.29389 -0.354814 
-3.96363 -93.4741 -0.795254 -1.56681 
-2.49014 -0.0781196 0.465098 -1.30434 
-1.39251 0.754813 -1.8859 1.56536 
-13.2143 0.322312 0.706752 0.356176 
-0.297755 12.1329 33.0722 -0.854091 
0.909254 4.21323 18.2966 0.3045 
0.00877217 -1.84839 -2.19512 -0.663556 
-0.491228 16.3447 -6.2714 0.197332 
1.40145 4.39127 1.15511 0.317957 
-0.526562 -0.349517 4.62266 1.09228 
-0.10757 3.97265 -0.27947 0.586062 
-2.02662 0.18903 -115.856 1.70979 
-0.0531859 2.28624 -1.79284 2.69208 
0.585954 0.730553 6.16573 0.582892 
1.12324 0.623519 -0.876733 -2.29192 
0.251509 -0.767236 3.99554 -0.0642558 
2.02993 -0.204294 -0.283624 2.98568 
2.19978 3.54421 6.45866 2.8629 
-1.76217 -0.656144 0.839233 -1.10926 
0.619542 -0.18572 1.87946 -0.248943 
-0.932189 9.03575 0.736153 -1.22605 
-1.09697 -1.33289 -1.36054 0.225242 
0.877547 -0.119325 2.21717 34.5928 
-4.72948 2.56284 1.39215 1.41301 
0.470213 2.23864 -3.25773 -2.82668 
-1.09259 0.742409 -4.19987 1.57251 
-1.52414 0.118443 -0.130751 -2.57416 
0.199799 -5.07523 0.398275 -0.10855 
1.26884 -4.37093e-05 0.557902 0.3788 
-1.23661 -5.23184 -0.621084 -2.54986 
0.704717 1.03644 1.13428 0.492331 
0.474531 0.175779 -1.80428 -0.901734 
-2.36894 0.544484 0.987693 -5.55571 
0.854278 -6.34926 -7.19246 4.69436 
-1.87942 1.18658 0.97031 -2.67319 
-0.325345 14.5266 -7.00235 -0.0995088 
-0.378406 0.645141 -0.434482 0.232433 
-0.119289 -0.0920657 0.253547 0.773583 
-0.988698 -0.367235 -0.524668 1.30372 
-0.138535 -0.66707 0.850735 -1.08514 
-3.27145 3.25809 1.28637 3.91314 
0.906211 -2.63307 0.334352 0.274953 
-3.07696 -3.08157 -0.378619 1.25258 
1.54593 -2.67135 0.44746 -0.656651 
-0.73627 0.187229 10.2736 -3.2195 
-18.0175 4.26191 -6.65393 0.609978 
1.28289 2.27962 5.63656 0.210648 
2.64548 0.0320442 -0.768474 3.88087 
-2.68987 -2.11927 1.39035 -0.192015 
-7.0848 -0.514921 -1.40147 8.08646 
-3.0667 2.66856 -0.362911 -1.94066 
1.30258 0.0764127 3.07867 -0.897275 
-0.76432 0.711666 0.587021 3.13906 
0.50026 -0.297685 -35.2702 -0.176486 
0.336239 0.782795 0.501694 -0.422271 
3.38423 -4.05081 -3.55795 -1.75477 
0.774788 0.132282 1.50929 0.495675 
2.83407 4.56726 -0.86815 2.30231 
-0.0741129 3.61013 -0.697342 -0.975786 
22.4039 -1.49905 -2.85116 1.90266 
0.0430926 3.02065 -0.245223 -0.124639 
-1.13012 1.21031 -1.35359 0.693644 
-2.36749 1.95226 -0.355877 -0.140627 
0.203299 3.76175 -5.71878 0.188005 
6.94682 0.886141 -0.69416 -0.411919 
-0.315506 -15.6279 -0.837552 1.05484 
-5.68651 1.35704 0.650242 1.14432 
-0.43706 0.862171 1.05065 -4.24382 
0.429446 -0.107688 -0.0441595 1.93583 
-0.167462 4.95313 0.233961 -0.393989 
0.292026 0.0383784 -1.3491 -0.359719 
2.69885 -0.0935441 -6.03336 -0.531454 
1.89004 -1.61354 -0.679008 0.513042 
1.66284 1.74389 0.238393 -7.31934 
32.5933 -1.32563 -16.3059 -1.02316 
-0.0993175 1.28308 1.71854 0.897579 
-0.798133 4.9406 3.60998 56.9988 
0.268297 -0.875485 -0.335461 3.47904 
4.41345 5.14756 -0.204638 -1.19469 
0.338543 0.302567 -0.861752 0.28364 
-0.854373 2.19343 -0.704292 -1.08926 
-0.390768 -5.963 5.61161 0.398662 
-0.83203 0.401987 -1.93985 0.703386 
0.476119 34.8726 -1.04024 0.689383 
-0.923898 1.18069 1.24609 -0.357808 
-3.20662 -0.301745 1.0836 1.52598 
-2.36092 -1.68387 0.127722 2.24489 
0.221943 0.277213 13.3658 -0.614873 
-2.5505 3.5559 -0.171888 -0.941314 
-0.784504 0.0838165 0.434652 0.241766 
0.477607 -2.73395 -8.00059 -0.148509 
0.807895 -1.72152 -0.028619 16.2978 
-0.564009 -1.4858 -0.0580512 -0.470571 
2.09627 -0.427007 -0.144773 2.83659 
-0.591357 131.238 -0.514332 -0.146061 
0.509875 -0.518555 0.363661 -2.14932 
-13.9784 1.71484 -1.05761 0.0838051 
2.40346 -3.00205 1.55007 -0.336009 
0.87704 0.790223 -1.60124 0.443971 
-0.865232 0.290393 -6.45843 -2.18837 
1.77534 -0.589295 -5.26093 0.456342 
0.746562 -0.0432032 0.257138 -0.172765 
-8.70544 0.513658 0.0336811 3.41517 
-0.448499 0.488443 -1.14086 -0.355811 
1.89642 2.46525 0.0174747 0.487549 
-1.20401 -2.17943 -0.0123879 -24.3258 
1.14261 3.7005 1.26021 0.588129 
0.581986 -1.90312 0.849567 -0.140154 
-2.07849 -0.346651 0.295228 1.17846 
-7.83947 2.75699 -0.820226 -0.988077 
-0.0503447 1.16447 -2.62774 3.35702 
-1.59093 0.578098 -0.697524 0.344253 
-0.378697 -0.531296 -0.201456 3.7848 
114.937 2.51401 0.259787 1.89586 
0.795945 -1.28323 -0.249325 3.64316 
0.712286 -2.67703 1.66726 -0.229121 
7.5305 -5.05441 2.89644 -0.0480697 
2.23045 5.24281 -1.26126 0.561363 
3.69359 0.667125 -0.386966 0.595414 
1.47831 -1.64367 -0.959862 0.249609 
-316.977 0.337551 -5.0248 -1.2052 
0.543157 0.870058 -2.9029 -0.939383 
0.514376 1.45995 0.52685 -24.8692 
0.0370757 2.56889 -4.89479 -8.10766 
-3.45763 1.63946 0.890116 0.146119 
0.196846 -3.19432 -12.2481 0.974098 
1.94938 1.62686 -11.9066 -0.389753 
-0.262216 -0.329401 -35.6799 -0.737429 
-4.86916 5.28959 -2.15288 1.80529 
-1.93586 1.6949 -1.82518 -1.09172 
4.04219 -0.684189 -0.371674 -0.963177 
-5.62876 -2.97903 1.13931 2.78722 
0.613527 -1.80428 11.03 -1.53486 
-0.877898 -0.266387 1.38973 -1.34486 
0.638881 0.907419 -0.710362 -0.0351274 
1.62263 1.70378 0.688861 -0.704366 
1.0617 -0.557615 3.38816 3.17759 
0.877574 -10.4427 4.68168 0.536602 
0.458397 0.703787 0.141819 -3.64597 
2.89054 -0.731402 1.18476 -0.890339 
-0.649453 -0.0708045 -13.7757 -3.03476 
0.225472 -1.57855 -0.496207 0.0338175 
-48.0339 2.01351 -0.806253 -1.78322 
-0.621244 -1.97365 0.161474 -0.187819 
0.78158 -0.342331 -0.378192 1.77601 
-0.714406 1.79533 -0.427897 -2.31552 
0.197197 -0.191962 -8.80987 -1.02523 
1.68136 0.197722 1.34796 -0.287593 
-0.264509 -0.400533 -4.80292 -1.49798 
-0.0377461 7.21989 0.0806909 -1.92882 
2.40509 -3.91028 -0.942997 -8.997 
1.70668 -2.81225 0.768675 0.429097 
-2.15566 -0.656479 5.68331 -3.04658 
-3.55287 -0.183187 1.73436 -10.8751 
-0.530417 -5.34466 -0.641337 3.33765 
-1.53676 -1.91304 -0.229348 1.37322 
-1.75114 2.84341 -34.6347 0.234952 
0.520429 -1.06703 -2.70211 -1.68683 
2.2116 -0.0849398 -0.286321 4.20794 
-0.563922 1.62384 0.72405 -4.61191 
1.29126 -0.322472 -4.46569 -2.50537 
-19.4004 0.728746 -0.321747 -0.382296 
1.61469 3.75479 0.88968 -8.16002 
-17.5149 0.155419 -0.742237 3.68655 
-5.59979 -0.171207 1.74193 -0.563236 
0.3583 -3.52349 -3.14289 0.522067 
-0.502322 4.61563 -1.72402 0.774602 
0.900442 0.197279 1.12258 4.23076 
1.28992 -0.451551 0.200318 -0.0365242 
0.239156 -1.66092 -0.0997792 -6.4576 
1.85252 0.355215 -0.209607 -0.781768 
3.824 -6.95595 -18.1373 -0.716468 
0.481837 -2.8633 -0.701398 0.34792 
5.20244 -0.220979 0.371692 1.67391 
0.324891 -0.0123415 -0.109659 3.69295 
-1.4368 -0.168161 46.6641 -0.43838 
0.648983 -0.324629 -2.04864 0.0590511 
-0.624743 -1.18724 0.0438919 0.702099 
-0.281932 -7.52549 -0.998767 1.7916 
-0.967678 -0.995592 1.09896 -3.73344 
-0.999503 -8.02496 -1.45098 -2.93635 
4.33134 0.865649 -0.116227 -1.49122 
-0.190919 0.351247 -5.19587 -0.0143796 
-1.18284 -1.04493 -0.949142 -0.701565 
-0.0527468 1.9964 -0.19221 -0.568818 
-0.263972 0.981485 -5.11412 0.395276 
-0.630424 -2.93907 0.438409 -1.10575 
-7.00306 -0.789347 -12.9791 -0.320417 
1.57561 -5.40309 0.377155 1.87938 
-11.526 1.37213 0.904861 0.158059 
-1.51936 0.263349 -2.0191 -1.5489 
-0.00786324 1.2208 -0.270185 0.603311 
-0.694559 0.621211 0.578589 -0.314653 
5.71867 0.0968469 1.34045 1.5323 
-0.4689 -0.840046 0.164531 -4.16771 
0.745858 1.09229 -0.374729 0.129786 
0.967193 2.35805 -2.78633 -0.302069 
-0.588865 -1.99428 -0.654879 -5.10754 
-1.6379 -51.0164 1.24626 -0.626573 
-0.198595 0.473575 0.442054 7.69041 
-0.694386 -0.781007 -1.49763 2.43374 
1.08161 0.526093 -1.45497 -0.967865 
-1.1367 -2.66155 -0.216085 -61.8505 
-4.46104 -0.55521 3.22742 0.0395966 
0.221684 1.38322 0.814845 -2.04366 
0.478732 7.33372 0.112468 0.148958 
2.11912 -0.0661694 -1.29045 1.12276 
-0.641442 -0.329331 -1.39622 -1.04422 
-8.0174 0.231711 -1.93382 -0.451202 
9.77982 -0.169151 6.98444 -6.60251 
1.9613 -1.70486 0.0172067 -0.293784 
-2.5836 -0.0811498 -15.0181 0.704207 
1.24249 15.2489 -0.111795 0.449999 
0.294535 -29.2347 -0.288933 -3.3332 
0.793726 -0.792191 -1.90688 -1.56532 
-0.20797 -2.62413 -0.207698 0.179951 
-2.10024 -0.816101 0.544795 -0.41695 
2.00115 0.0988671 -0.627115 0.627469 
-0.515175 3.723 -0.307561 5.95186 
0.955231 0.0817566 0.0521002 1.42756 
0.215028 -0.825807 -2.35373 -0.796162 
-0.0816712 2.2821 -0.864173 1.21274 
-0.367135 7.95535 3.64482 -0.584508 
0.166634 -1.75423 1.22481 7.07179 
-1.02448 -1.69398 -0.287149 1.34856 
-0.0689372 0.23007 0.183097 -0.295662 
-0.833738 33.3371 -0.741171 1.01113 
4.02894 -1.79044 0.243311 0.0608933 
-0.713086 -0.309631 17.9358 0.581169 
-1.10965 1.10313 2.77428 30.9194 
0.100768 1.32378 -0.748125 -4.84585 
-0.0115402 0.465766 -1.78156 2.07001 
-0.210472 1.80073 -1.03172 -3.16544 
0.537887 -3.62298 1.75934 0.365345 
1.17192 0.617758 0.518541 -3.9548 
-0.388756 -0.401694 -0.309146 0.159166 
9.4065 0.126163 0.192245 -1.04387 
-2.55531 0.228527 2.10823 -0.930159 
-0.112377 -0.0593853 13.4432 4.00318 
-0.797923 -1.15689 2.49613 -3.21877 
-1.49576 -0.0658779 1.57949 2.20354 
-0.97986 1.53141 -0.0751482 -0.709555 
-0.780988 2.5352 0.504384 0.766866 
0.70666 1.77729 -0.262992 -4.3044 
-5.44194 -0.139279 -0.104437 -0.798352 
-1.92329 0.441768 0.190863 -9.17502 
-0.0115167 -21.2913 -0.277135 -0.325422 
0.934926 -1.65292 0.305827 -0.599709 
1.52385 0.79272 6.09523 0.775893 
-0.994174 0.220363 0.673082 -5.86134 
-0.716648 -0.739372 -0.184881 -4.4225 
-0.0961672 -3.22757 1.37971 -13.0022 
0.529977 -0.183343 33.4138 1.82001 
0.150809 2.22839 4.63044 -1.76793 
-2.78731 -0.661006 -0.0917144 0.290086 
3.1784 3.43175 0.143177 4.10212 
0.346165 -0.378638 0.268792 16.0456 
-8.82001 0.992809 0.613711 -0.83828 
24.8125 1.37336 -0.533572 -0.321573 
3.1058 -2.18734 -0.0175742 -0.66943 
-0.428483 -0.29989 -4.56373 -0.492349 
0.591564 -0.337147 -5.44154 -2.60477 
-0.246304 -0.681706 -10.8325 0.631145 
-9.4855 0.774977 1.22774 -0.503719 
0.324033 -2.39234 -1.25738 -0.911362 
1.01346 -0.319046 1.02037 -2.47953 
-1.78337 -7.8411 0.140304 1.61078 
0.402748 -0.600198 -0.593427 -0.521579 
0.0677837 -0.190152 -10.7013 -3.16944 
-7.53731 0.627726 0.382345 -24.0451 
-0.272865 -510.7 0.20493 -0.372763 
-1.49559 1.79925 0.0502738 0.487548 
1.16975 -5.22535 4.22667 0.0218001 
-0.126004 2.37305 -9.3579 -73.7636 
-3.69226 1.05615 2.75911 -1.04376 
-0.99069 -0.865198 -3.9334 -5.01755 
0.471472 0.785495 -170.256 -36.2367 
-1.35047 0.632407 -0.225848 -2.27133 
-1.20081 -8.48515 -0.664408 0.11789 
0.805622 4.59849 0.889644 0.870193 
0.764697 -1.48659 -9.89823 -0.370696 
-2.46718 9.38536 0.070567 -0.24075 
0.397147 -2.34443 -5.2839 0.900492 
0.197421 0.96159 -0.262865 -0.927242 
0.428674 0.702746 -0.508223 0.266702 
-17.7033 -0.0227523 1.01675 0.532194 
-0.0490992 0.84986 -0.955561 -2.55164 
-1.97803 -2.23758 -0.954359 0.13193 
-0.722423 -3.40923 -0.246136 -0.453931 
-1.60091 3.92547 -0.427999 0.269652 
-1.59073 0.561038 -1.74939 -3.83283 
0.222825 -0.393404 -2.17821 1.25882 
-0.801915 -2.0345 1.26855 -0.434501 
-1.15156 -1.4481 7.93867 -0.919335 
-1.21484 -0.685768 2.5135 0.112838 
-3.26038 -1.21532 -0.771538 0.0258917 
-6.83785 -0.688941 -0.512243 2.1276 
0.45323 -0.922659 -0.030401 -0.350837 
-0.400722 -2.26545 -5.76282 -1.09854 
-1.32669 0.686396 2.19055 -0.100336 
0.84348 -2.47594 -0.268094 0.203615 
0.606276 -7.41497 1.10649 -2.45621 
4.05143 4.14215 -1.19548 -2.39385 
1.62843 0.615226 -0.550637 1.61875 
-0.0946747 0.360104 1.23059 -0.148438 
-1.04552 -1.16953 -0.596571 0.284632 
3.54902 0.499087 0.0557486 -1.7498 
0.0167113 0.237813 -1.30192 -0.131751 
-0.763872 1.93367 -0.63856 -2.3254 
0.812979 7.24077 -0.571732 -0.497049 
1.23288 -5.92527 8.20293 0.170473 
-1.10449 0.509163 1.20259 -131.163 
2.77079 0.317854 2.40572 0.873836 
-0.659156 -1.69121 -2.27557 -0.868386 
-0.780945 -2.0206 1.09522 -17.3671 
-0.063429 0.675903 8.76802 -29.3933 
18.0907 0.381487 1.03387 1.34019 
2.67174 8.19743 0.595093 -0.426372 
0.884835 -1.93917 6.92815 -4.34132 
1.34826 5.48688 -3.69967 -0.0921543 
-0.245161 -0.440627 -0.292943 0.0181371 
-0.690668 0.361742 2.12468 0.452351 
-1.1715 0.935063 -1.86592 1.1076 
18.8787 4.46128 -7.74566 0.198712 
-12.0796 -0.257063 2.02888 0.0249902 
0.894357 -0.135059 -1.22493 -0.800873 
1.5651 0.387035 -3.29784 0.56946 
-24.2737 -0.81018 0.224044 -1.97992 
-0.724447 -1.42212 -12.1397 3.50533 
-1.96608 0.321842 -0.547882 0.334838 
-0.586264 0.122411 -0.991106 -1.72319 
42.4373 -5.27003 0.327139 1.2405 
-0.236628 -0.0219603 0.381449 -0.0970214 
-0.770366 -0.200194 0.647395 -1.35852 
5.64957 -1.15704 -0.10045 2.28335 
0.574208 -1.45416 -1.49033 1.19771 
7.07527 -1.80609 -0.0791452 -0.321912 
0.650323 2.84778 1.65446 1.96044 
-0.225231 -41.9722 1.30785 -0.337347 
0.985367 -0.170113 1.0947 -1.53937 
-0.120047 -0.235482 3.7835 0.410705 
-0.532804 -0.627429 -0.139919 3.66999 
-0.882391 0.956454 4.8531 0.186089 
6.21293 0.353527 -0.103708 2.9348 
-2.42306 -0.890542 -0.147718 -1.38252 
-0.343623 1.10375 0.816483 1.45639 
-0.525891 -0.419621 1.67684 -0.426688 
-1.72279 -0.594676 0.937644 3.0273 
2.85698 3.15317 1.2862 -0.969095 
11.1055 -0.0662821 -0.0720165 0.540148 
2.67075 -2.76541 -1.60515 0.182613 
-1.1813 -0.743935 0.354874 -113.256 
-1.22034 1.68998 -20.0554 0.0145013 
1.63611 64.0338 -2.06739 0.144292 
-0.532481 0.848617 -0.444707 -0.206705 
2.2963 -1.30707 -1.47895 12.8239 
0.0419297 0.0282838 -0.202612 -0.368523 
0.231761 -0.521307 -0.968224 -21.4262 
-1.35513 0.378948 -1.27847 2.85531 
1.22059 -5.95134 -2.55326 10.9953 
0.346958 -0.884393 2.72488 -0.203669 
0.991014 4.79557 0.945753 -6.49334 
-0.0242065 3.10267 4.35492 -0.143893 
8.85623 -0.128689 0.450219 -2.45786 
-46.2964 1.32905 -0.289562 16.991 
0.662447 -0.141348 0.379245 -13.1928 
-0.448922 1.95816 -5.52884 0.0608872 
0.215513 -2.06003 -0.928572 1.87847 
-2.30014 -0.543388 15.5314 2.42412 
-0.778819 1.24609 0.340409 -0.777374 
-1.3926 0.0562273 0.227132 0.546073 
0.261887 -0.824874 -0.449471 0.745425 
0.37797 -0.0675666 -2.14412 0.370974 
0.0434166 0.278704 0.582725 1.34757 
0.285454 1.96837 0.161789 15.4955 
-0.713615 -4.16717 0.651613 -4.06859 
-1.86533 0.824195 -0.937999 0.961912 
0.884097 -1.74807 7.17212 -3.23963 
3.46571 -0.101414 -0.0154396 -4.512 
1.3714 0.212605 -0.199146 0.343187 
-7.4654 0.948612 -0.609232 2.28187 
-4.46125 0.353533 0.179402 1.22958 
0.685394 -1.92105 -8.06475 -0.741937 
3.06447 -0.130548 -0.524839 4.31099 
1.10672 -3.03432 0.391784 0.893613 
0.841264 -1.61135 0.9585 -1.23821 
0.134816 0.787013 1.53376 -0.874527 
-0.654726 2.51818 -1.93622 -0.147249 
-1.18028 -0.144734 0.49458 0.314228 
-0.536748 0.968526 -0.734832 -1.35178 
-0.388384 -0.360408 0.0795549 4.44483 
-0.211081 -0.0926987 -0.657333 -0.281917 
-0.645645 8.52266 21.4338 -1.93321 
-6.68465 0.0152398 -0.505957 1.28294 
0.20314 0.597659 1.12395 2.3468 
1.25699 -1.0132 -3.78975 0.468254 
-2.99746 -9.59595 -1.03395 0.247238 
0.893201 -0.168341 15.1968 -1.84884 
1.7786 -1.57002 0.445004 -19.6937 
-1.00108 3.00039 4.44436 -0.397747 
0.0845733 7.7777 0.903162 0.715417 
5.00277 -2.17316 1.52255 -9.204 
2.8627 -0.810731 19.9073 -0.110389 
-0.733329 -4.37815 1.03258 1.69574 
-0.314521 -0.372641 -0.00801151 -0.75502 
-0.442246 -2.68967 0.634713 0.273099 
40.0629 1.24942 -3.32555 0.616648 
-9.52827 1.10106 1.18721 0.117913 
-0.128579 4.26435 -11.2735 2.10145 
-0.923708 -0.181179 -1.11743 -1.21267 
0.918615 0.413256 -1.81383 -0.310115 
3.39011 -7.28655 -0.0471657 5.68892 
0.0818405 0.152777 -2.18084 0.0898177 
0.646107 -0.631672 0.259175 -12.8303 
0.404005 -1.82095 5.49549 -0.43143 
2.29122 -1.39925 1.18554 -0.197139 
-0.407818 1.09147 4.89023 0.718328 
0.411294 1.18896 0.654008 -1.50298 
-0.597723 -1.01397 -1.54194 1.15795 
0.275352 -3.20497 0.357915 1.03445 
-1.88338 3.2287 -2.31891 0.552264 
1.47138 0.731233 -0.740322 1.67229 
1.0283 -21.9256 0.657997 0.317191 
-0.213004 -0.518699 -1.20343 0.504607 
-0.99164 0.393396 -1.54983 -0.530056 
0.222926 1.17569 -0.650557 -0.915196 
-1.73206 -1.65864 -0.0966297 -0.502379 
-0.990514 -0.055712 1.56917 1.29095 
4.90544 1.61594 -1.9921 -0.77905 
-14.9736 0.175617 -2.8554 -25.7216 
-0.988027 -0.233884 2.62224 -5.39801 
0.0978102 -0.0284045 -0.0752238 0.44177 
4.63323 0.068035 -2.82264 -4.48384 
1.07993 0.0131763 0.666983 -0.194624 
1.17342 0.562625 0.803235 -1.17404 
2.71885 0.678133 0.247683 1.01236 
0.574996 -0.691777 6.63936 0.682645 
0.0215314 -2.7695 12.5574 0.210242 
0.0127919 1.99712 -0.315328 -0.213386 
-1.43536 4.92105 0.122679 -52.6193 
-0.176849 -4.74504 0.430294 -1.0287 
12.401 -0.137933 0.871053 -0.597149 
-0.790074 -1.19716 -0.598702 1.99412 
2.96845 1.23638 0.186634 -0.680092 
1.88362 -0.0192322 -0.0658372 -1.08568 
-0.672906 0.22609 0.0908687 -0.89706 
-4.46812 -6.6632 -1.03602 -9.17779 
-0.037736 -1.0977 0.918264 -0.0125139 
0.712355 0.591095 -0.405121 -14.3034 
-0.854432 0.461206 1.08567 0.395144 
-1.36995 0.297067 -0.687753 2.90539 
-4.49719 1.77151 0.0204062 -0.13575 
-2.47023 2.09085 3.16288 -2.70259 
-1.43431 -2.22431 0.923503 3.01936 
1.93184 1.16951 -0.724225 2.45531 
-4.54403 -0.637774 0.823356 -0.0629027 
-93.4375 -1.87846 6.31316 -13.3935 
0.681765 -0.156943 0.826003 1.0158 
0.170269 0.366519 0.540723 5.89923 
0.356388 0.337462 1.13727 7.44872 
-1.14882 1.4075 -2.85957 0.410374 
0.238379 -0.280401 1.10605 -0.788835 
2.48689 -1.79859 -1.39846 -1.12361 
-0.635474 -0.0926145 0.888307 0.842039 
-1.14741 -31.2226 -4.82709 -0.248535 
42.6134 -0.10517 0.0962178 -3.24364 
-0.178598 -0.369626 -1.10139 -0.272906 
0.621695 0.42154 -1.01403 -2.7928 
-0.868008 -0.549211 -0.650027 -0.830426 
0.20367 0.553431 -1.14216 -0.383253 
-1.05347 -0.497118 -1.48681 -0.449737 
0.618141 0.624254 -0.258146 0.230484 
-2.27311 -0.0651162 0.235504 0.342466 
-5.62975 -3.77066 0.489216 -0.202093 
-0.568342 -1.66355 1.46967 -1.44716 
4.26582 -1.03209 -0.380351 2.40699 
21.0033 1.3099 -4.46851 0.114414 
-0.588044 -3.00499 2.43947 -0.330332 
0.593693 1.74159 -2.81387 -2.73353 
-0.254252 -9.74421 0.212598 -1.12579 
0.0831909 3.76898 0.11007 -0.938978 
-0.0891408 11.1543 0.431488 -0.129791 
3.44867 -0.197315 -5.61157 4.89652 
-0.442021 -0.625962 6.44625 -18.1228 
-0.368431 -0.0505201 -0.894778 0.712051 
1.17664 0.676658 -0.0037932 -0.111421 
-0.0923806 -1.18815 -0.14986 1.14585 
2.13153 0.66783 0.898783 -0.482594 
-1.1829 0.738449 4.65353 2.25662 
1.14114 0.17049 0.387788 11.674 
-0.527203 -0.459374 0.660537 -1.06079 
1.14834 -0.707456 0.536671 1.07364 
0.698531 0.137659 0.269557 0.332722 
0.393856 -1.30234 0.569226 0.0594983 
-2.19763 -7.72248 -0.432718 1.68404 
-0.451565 -0.116935 0.184146 1.28162 
-0.204131 0.524793 1.55799 2.91167 
0.874831 -0.281974 1.38562 0.355434 
2.07612 4.04328 -1.04521 -0.997417 
0.350764 0.256857 -2.33453 -1.91963 
1.3163 0.303065 0.0887245 -1.39701 
0.294079 3.43558 0.400091 0.528004 
0.459971 2.06051 1.49488 -1.02258 
-1.02615 0.100624 -0.0128782 -1.53709 
-0.81533 0.180867 1.53618 5.69655 
1.09423 -0.0710498 0.483837 0.439226 
-3.57725 0.763436 -1.90852 -2.01476 
-1.3652 -2.33999 17.1155 -5.38801 
0.270134 5.48501 -0.181718 -0.00277835 
-0.241266 -3.66453 0.394173 -0.238637 
1.21685 -0.73027 0.691085 -1.3674 
2.87164 1.60399 1.89474 2.40858 
-0.529946 15.5718 1.43414 -0.756245 
-0.188069 0.166441 1.23896 1.00052 
-0.0163427 -0.654798 -0.388417 -2.29491 
0.0126985 0.826206 -0.337807 4.1299 
0.433499 -0.327574 0.217017 -1.48271 
1.60381 1.15846 -0.739237 -1.24699 
-0.963561 -2.51849 -0.781127 -0.150661 
10.2222 2.63387 -1.3365 0.668134 
1.98788 0.854746 -0.175689 12.7905 
-0.0222637 -0.0473052 0.652968 -0.035066 
-0.772838 -0.133851 -4.234 25.3037 
-0.285015 0.503073 -5.31838 -0.207822 
-2.349 -0.172225 10.5685 -1.50259 
-0.192338 -3.54441 -1.3382 -2.44602 
-13.6815 -0.416287 0.374208 0.415516 
1.08796 0.372363 0.928879 0.575713 
12.9252 -0.675147 0.537791 -1.71577 
0.588259 0.350361 -2.58562 12.1582 
0.437951 1.90558 -0.268288 0.196285 
-2.12012 -1.90379 -1.9692 0.487862 
-23.4634 0.402854 -21.9318 0.20333 
-0.875602 -0.556365 -1.17789 1.28638 
0.183881 -1.69305 -1.6239 0.563571 
-3.83026 -0.120155 -3.73284 -1.11809 
24.918 -7.38642 -0.66018 -0.00996818 
14.675 0.710939 -2.40947 -0.383225 
1.63025 -1.98167 -0.902376 -0.320933 
0.39566 -1.41322 0.0448583 -0.536951 
-1.55924 0.485278 -2.25869 0.473377 
0.312295 1.05686 -0.838024 -0.254147 
-2.8733 0.912571 -3.75347 -0.909372 
-1.32883 -0.974048 0.274395 0.0816878 
0.163049 -0.647558 -3.99106 -2.55507 
0.552924 -1.08002 0.694903 -0.209817 
-3.52674 -0.0366108 4.63809 0.563917 
-0.838509 0.353328 0.935505 -0.443746 
-1.00029 0.582663 -0.112862 -0.213149 
1.71164 81.1719 -0.414113 1.5659 
0.347109 0.58442 -0.0948994 19.3431 
0.389656 1.08261 -1.4224 -0.931738 
-0.649038 0.177351 -3.00534 -2.01116 
-0.375324 0.185747 1.85648 3.06615 
-6.65225 1.93299 1.68338 0.803418 
4.64041 -5.14964 -2.46485 -6.04948 
-4.38278 0.436239 3.30462 0.0669162 
-0.758389 -0.59035 0.280723 22.5997 
-1.44929 -0.933717 -1.38861 0.530109 
-1.16777 1.14711 -0.303533 0.261787 
-2.23082 -0.21819 -0.557649 -0.613406 
1.21053 0.859972 -2.47842 2.05054 
0.358803 1.68581 -0.175933 -0.840041 
1.35488 -0.0809729 22.2883 -26.5938 
-0.82832 0.93275 -0.86764 -0.360587 
6.11932 0.705945 0.921696 0.122659 
-0.615636 -6.33864 -0.415621 -4.61445 
1.61413 -0.529513 -7.57283 0.770933 
0.8465 0.0180919 -1.71137 -5.67076 
-0.160773 -0.804794 -1.96379 2.74138 
-3.79541 -0.199599 0.434334 18.9415 
1.59887 0.582865 0.351555 -0.396354 
0.178816 1.26622 -2.08768 0.166936 
0.98792 -1.6905 1.04745 0.795942 
-0.0815933 0.999638 -1.46847 0.695311 
-0.00190244 1.10911 -1.93056 -0.215366 
-0.277782 0.322655 -0.183999 -0.0904583 
-2.30813 6.64193 -0.706951 0.297254 
0.000663307 1.9751 -0.0256494 0.00931115 
0.956356 1.61427 -0.289016 1.17565 
-44.0464 0.137047 -1.90037 -1.44205 
-3.15337 -0.887603 -2.26919 -0.00515185 
-8.63599 0.701502 0.502054 0.160939 
0.0678604 1.86657 -2.63636 0.566032 
0.69846 -1.11943 -0.684452 0.283512 
0.156681 -0.866157 0.558328 0.877022 
40.6564 2.22143 0.420751 -97.1549 
-0.58967 1.42868 -44.1537 2.79095 
-4.60997 -1.06137 -1.06915 -2.32365 
-0.307858 -2.75902 0.381185 -0.240649 
0.600593 0.724249 7.16411 -0.129409 
-3.13439 -0.575525 8.24046 0.145593 
0.980854 -1.03319 4.58875 -0.843327 
3.50641 -0.337126 7.59337 -0.891636 
0.754329 0.481204 -0.776897 0.562564 
-0.573047 -1.00672 0.449107 1.25388 
0.644279 -2.39914 -0.0284531 1.77646 
-0.0632603 7.59506 5.10381 -1.30894 
0.423345 0.0085577 3.24836 1.11612 
-2.26444 0.727773 -0.478859 -0.782453 
2.25283 -0.0973765 5.96345 -6.08728 
0.977259 -0.751121 0.109674 -1.71503 
-0.583135 -0.146404 -1.07911 1.27716 
0.364812 0.0175497 1.34293 2.56194 
-1.96637 -3.23162 -0.516557 0.643945 
1.69796 -0.403109 -95.2542 -2.77094 
1.03047 -0.242091 -1.14093 -12.5517 
1.27552 -0.257903 0.167765 0.544704 
0.873313 -12.0246 -22.7685 -6.42549 
-3.84595 2.11514 26.3029 0.435422 
0.239201 0.226167 5.03127 0.590281 
1.60099 1.78302 -2.88766 2.55646 
259.165 2.73498 -0.0760549 0.680666 
0.318736 -0.399449 -0.562796 0.471011 
3.64058 0.18333 -0.300905 0.596728 
-0.6465 6.95668 -1.01185 1.78669 
1.6337 17.0538 1.12066 6.08242 
0.235138 0.316068 -0.353186 3.27201 
-6.67607 -0.0621794 -16.7017 -1.32199 
4.77338 -13.8779 2.84087 1.15199 
0.01799 8.31479 1.9 -8.01038 
-14.1069 -2.12258 0.560226 -0.158009 
-1.05777 -3.11304 0.972867 -0.619581 
-2.0019 1.18346 0.236365 -0.103365 
-3.56541 -34.9777 0.540342 1.90106 
-0.479079 -0.988639 0.379332 -0.104809 
-15.0602 0.858774 -0.511484 1.10785 
0.140131 2.71256 -1.16893 0.323626 
-4.23627 1.10314 -0.0275138 -5.59048 
3.2853 5.32074 0.464299 1.27055 
-0.535187 11.3888 0.105066 0.80228 
1.00909 0.0582308 0.623172 -1.19257 
0.57847 0.274359 1.78739 -3.98568 
3.01257 1.39764 0.0220982 -0.778527 
-1.31784 3.34158 -0.438699 -0.0789479 
1.08636 1.61147 -5.1944 -0.16032 
0.239346 16.3576 -1.69135 0.613324 
0.202158 -0.277394 -1.43667 3.53 
4.87269 1.96771 1.19959 0.72208 
-1.06159 2.68188 -3.29891 -0.0686391 
-1.44325 -17.279 -1.37124 1.44362 
-2.17066 -1.64638 -0.0665577 -0.23311 
-0.652654 -6.876 -1.88709 -7.21752 
-5.66604 1.08031 46.046 -1.11623 
10.4358 -1.34225 -37.5021 -0.727798 
-1.37518 1.4299 0.34407 -0.129388 
0.32658 0.340303 1.31932 2.0231 
-25.4698 -0.116933 1.63244 0.444279 
-0.331325 -1.12781 0.954397 1.94164 
0.509641 2.63857 0.414181 1.62268 
0.113349 1.36364 1.70901 0.41705 
-10.7821 -0.015053 -0.847343 -0.481902 
-7.30198 -1.11946 1.09934 0.467413 
0.158633 1.72701 -3.65131 0.568698 
-0.170038 -0.0926662 -1.79899 -0.478335 
-3.23664 -4.46211 0.108733 2.32973 
9.92087 0.135045 5.30246 1.47899 
-0.454255 -0.644744 -0.0645699 1.00957 
-1.09521 1.30412 -0.81831 0.213819 
0.71903 -2.36489 0.529303 -0.0824203 
4.18521 -11.5843 3.32542 2.18923 
5.47484 -0.807756 -1.06144 -1.58626 
-1.01188 -1.30406 7.29172 4.82901 
-3.91455 -0.065054 -0.428003 -1.78276 
0.645197 0.0925772 17.2822 32.5643 
0.870891 -0.24193 0.521373 104.732 
-1.09139 10.5059 1.10818 4.91854 
-1.24622 -1.32525 1.30134 -1.9344 
-1.28081 -0.0523075 0.0562453 0.783149 
0.857745 1.18599 -0.415017 -0.967549 
-0.55602 2.00751 -0.62816 1.62061 
0.839891 2.37246 0.186089 0.954875 
-0.0414032 1.89456 7.47106 -0.216204 
3.87656 1.10639 -0.961954 -17.2724 
1.30331 -7.64335 -0.79693 3.20528 
-0.0671934 0.799271 0.259876 -1.1562 
8.05675 2.79694 0.0672897 -0.0498507 
-1.50333 -3.87873 2.11604 0.435465 
20.8034 0.334595 -3.8812 0.579951 
-0.211471 -1.17822 -3.93358 2.78292 
29.2327 1.26961 -2.06058 -1.47157 
2.60015 -0.280075 -1.72513 -0.321211 
-5.43223 2.55466 1.66992 5.01729 
-0.452232 0.632407 -5.27427 -1.01267 
0.408299 0.44138 1.81161 0.208512 
0.983189 0.282599 0.357771 -0.897469 
-0.861729 -2.59657 0.653985 -1.38987 
3.81933 -0.49885 -8.96956 0.233847 
-5.57728 4.83729 -0.199331 0.530844 
0.253139 0.273647 3.68764 0.0699905 
-0.877177 0.669332 0.459762 -3.27264 
0.381699 -0.968754 0.431268 -0.162247 
-19.9489 1.05324 0.188178 -5.76153 
-0.761995 4.32858 1.07971 0.225914 
0.424519 0.423472 -0.70771 -0.809772 
-0.990977 -1.35614 1.38806 0.24416 
0.629629 1.25127 1.09247 -0.976661 
2.71424 -3.52271 0.640927 3.10591 
-2.71929 -3.47695 -6.13361 1.5592 
0.473213 0.0259196 8.86461 0.0181698 
2.66275 -0.682378 -0.608557 63.639 
-19.8322 -1.00956 0.286243 -6.87479 
27.9079 -11.9671 0.0628562 0.545771 
0.323341 -0.589557 25.6638 -0.101387 
-4.72309 -9.51239 2.65228 3.33491 
-3.32105 -0.419087 -0.395567 7.02126 
1.45985 -0.967979 0.128116 -0.432201 
0.455269 -0.984607 0.212218 -3.54244 
-0.761694 -3.12822 -2.36832 -2.23558 
-2.91756 0.161744 -0.880099 0.657199 
-0.241096 -2.87679 1.02815 3.73893 
0.661158 2.06865 -0.790363 3.99353 
-4.88744 -3.39098 2.515 19.6853 
1.316 -1.82934 0.656451 -0.0174605 
-0.357951 -0.694631 -3.42026 1.36628 
0.133757 -0.136244 -2.2024 -0.0689211 
-4.38636 4.33725 0.780051 -4.99137 
-443.49 -0.332052 2.46713 1.4174 
-0.115405 0.0970583 -0.738596 -0.564525 
3.13591 -0.0569814 0.133824 -3.84921 
-0.339553 -0.0783478 -0.0680436 -0.355935 
-0.161595 -3.62701 -1.702 5.97002 
-1.14879 -1.32801 -2.51916 -0.704269 
-0.436325 -0.156922 -3.15713 -0.00778472 
7.86065 3.65681 -0.227136 0.185914 
1.20475 -0.924988 -1.70578 0.821236 
1.29846 0.83963 -0.666726 -1.82665 
0.853603 1.33522 1.86143 -0.191019 
22.6979 10.7447 -0.993433 1.61327 
0.263069 0.757143 -3.01125 11.9939 
-0.0779821 -1.2487 3.37543 0.925104 
-0.311103 -0.77111 5.93335 2.11626 
0.472193 -4.90833 0.738004 0.0880927 
-0.0482958 0.381091 -1.89622 2.2583 
-2.29928 3.01826 -6.81355 -0.821153 
1.33296 0.482691 1.09285 -2.3351 
0.582785 -0.69437 -0.0818917 -1.54346 
2.17986 -0.121729 0.684102 -0.52817 
-0.461634 3.19416 -3.19127 1.72692 
0.862358 -12.0264 -0.0556844 20.2312 
2.67144 4.08286 -0.690655 -0.285088 
4.6468 -4.62627 0.881261 -1.5904 
-3.9328 -2.8515 -0.413038 16.8693 
0.394958 1.03113 1.36331 0.355518 
5.53556 -3.61041 0.248964 4.60527 
-19.434 3.05686 -0.345232 0.68783 
-0.284095 26.3149 -1.31986 2.19035 
-0.778862 -0.683635 0.512054 0.0592585 
-0.825608 -1.18856 -0.197784 -2.69184 
0.569953 -0.993462 -1.16608 1.22738 
-0.070791 -1.27977 -4.70493 -0.323345 
-0.154861 0.0832929 0.148813 -0.187475 
-2.10909 -0.973149 0.118719 -0.847256 
0.202016 0.0628497 0.080211 -0.632493 
0.319342 -0.0874465 -3.79603 -0.764207 
0.390374 -0.391741 -1.37047 1.08854 
0.218488 0.196988 1.23458 -253.277 
-0.737799 -1.4757 0.00949345 -0.286744 
-0.0711527 -3.08819 -0.0509953 -0.666024 
-0.406619 -4.21748 1.0889 -10.4011 
-0.651575 0.0117858 -1.13035 -0.613338 
42.1218 -3.26058 -0.346783 0.985711 
-1.17356 0.428278 0.750951 107.36 
3.07334 -0.301155 -1.54647 5.09416 
0.271627 -0.634691 -1.00649 -0.144557 
0.107475 -0.0894953 -1.47861 -0.374177 
2.87473 7.25782 -4.62249 -6.62688 
-2.88819 2.22475 0.0204363 1.84875 
0.073134 0.1435 0.0642144 1.89086 
3.64051 -0.805524 1.2404 -0.766484 
2.0857 0.456539 1.98065 0.0535519 
2.56394 5.08149 3.98252 1.34578 
3.66759 -36.9382 -0.59792 6.23676 
0.207978 7.88812 -0.240494 -0.103582 
0.478094 2.14534 -0.972006 -8.26378 
-0.701806 -2.36177 0.147354 -2.52266 
0.842147 1.43975 -0.756388 0.340778 
-1.3781 0.922103 4.10191 -0.393418 
-6.59922 0.473532 -0.561727 -3.38757 
0.374264 -3.00194 1.16762 1.18937 
17.5761 0.111901 -0.287448 -1.22203 
-0.081812 -0.556065 0.381766 2.18141 
-2.71259 -0.53799 1.13957 -0.0223744 
0.565176 1.91382 -2.06465 -5.30331 
0.0121517 2.03603 -1.05381 -1.64713 
5.27285 0.491523 1.2152 -0.0483661 
0.984782 1.06705 4.39331 -1.53462 
0.27167 0.435414 -3.17507 -0.394489 
-6.29103 0.0742463 5.91565 16.826 
0.281428 -0.702353 -3.58857 1.82376 
-1.76325 5.01428 1.17884 0.647989 
-2.84805 -0.66359 2.56034 1.57439 
-7.13893 -0.616766 -0.0590572 -1.09745 
-0.342254 2.31282 5.7247 -0.174685 
-0.499527 1.29748 -1.55292 -1.92715 
-0.854948 4.18253 0.178349 -12.6605 
1.72623 -27.263 0.152868 6.2187 
-0.0275991 -1.03681 -0.715397 -0.0799567 
-2.95548 0.907158 5.71172 -4.69826 
1.18967 -0.474532 -1.02988 -0.681974 
-0.798409 -0.271898 0.928953 1.02204 
1.35646 0.909294 1.89881 0.0147615 
-2.86688 -4.39547 0.433677 -0.523373 
0.244512 0.526492 -1.5375 -0.698756 
1.39573 0.861269 0.395688 3.46275 
0.418324 -1.19565 2.20355 0.92876 
-0.0859116 0.978082 4.16896 -0.487212 
0.0464545 0.313187 0.430587 6.62422 
-1.78021 -1.03643 -0.226071 -1.80326 
-3.37456 -1.57839 -0.999813 0.416331 
-1.04507 -1.88339 -0.198328 -3.25124 
1.85952 0.366766 -0.0275073 0.444905 
-2.98146 1.71042 -0.667593 -0.645881 
-13.3783 8.16822 0.761365 -1.11852 
1.08022 0.22166 -0.425309 0.0593988 
0.534256 1.30872 0.751101 1.49181 
3.45441 -0.503847 -0.499454 -0.449802 
-0.940393 -0.445225 0.737131 2.13656 
0.604244 0.0545762 0.579249 -5.33312 
0.503513 0.503261 0.540415 -0.63757 
-7.26924 1.10035 1.43773 -1.60239 
1.65164 -0.731373 0.191861 -0.892311 
-0.863505 -0.20339 -0.125371 -0.919418 
6.25232 -4.90192 0.775527 -2.35372 
6.08285 4.26933 7.27362 0.542731 
11.4866 2.15857 0.435777 1.42209 
-0.721355 -0.298678 0.91882 12.1462 
0.0999101 -61.9985 -0.0748963 0.0586466 
0.100356 9.35867 0.17468 1.62874 
0.994981 2.06696 2.6665 -5.24641 
-1.01324 -3.38785 -1.22048 -0.855629 
-0.572931 1.40551 -0.149501 -2.16414 
0.577399 0.263782 1.35371 -7.8171 
1.05057 1.41564 -0.0682471 0.0649284 
-3.16246 0.32452 1.44369 0.840718 
-1.65356 -1.85205 0.386313 -0.386365 
0.1323 0.564289 -0.0338274 5.77834 
0.300122 0.309703 1.61944 0.785587 
-2.35242 -2.54545 5.98591 1.4859 
-1.26316 -0.688579 0.50513 -0.950102 
0.099864 -0.0761008 -0.012979 3.6517 
1.65433 -0.180854 0.930007 -1.61622 
6.89059 -1.53755 -0.0211239 -1.40699 
0.134258 1.21156 2.28364 6.35895 
0.767859 1.24965 -0.659428 0.521161 
-0.619605 -1.20829 -1.0953 -2.24877 
-0.593318 -1.36626 -3.63103 -0.982316 
0.509903 0.344155 0.750579 2.42753 
-0.443635 -3.37834 0.351327 -2.00515 
-7.52989 0.539051 -0.135092 0.57054 
-8.98649 0.632663 -0.421437 1.48645 
0.28663 -0.622839 1.32736 -1.07749 
-0.0368838 -0.145654 1.47759 -1.9064 
-6.89593 -0.245524 0.927086 1.07664 
-0.855875 -1.99083 -1.21263 0.15046 
0.676838 -2.18479 0.0987054 2.94574 
-0.290824 0.508397 -5.14796 0.298698 
-0.624296 1.20419 -0.360347 0.312274 
1.86199 -1.43029 0.552112 1.30528 
-19.0178 1.08893 2.28188 68.9689 
10.2115 1.97136 -1.1777 -2.06042 
-0.0635368 1.19075 2.2781 1.96097 
0.260983 -0.616582 3.25171 -0.255862 
0.598225 -1.68953 -0.513948 -0.193698 
1.24834 0.102985 0.161983 -0.103272 
-27.6778 0.697609 0.455198 -0.0933885 
0.11351 -2.70213 -0.238604 0.657721 
0.320447 0.202825 -0.658314 2.06589 
-0.44318 -0.464995 0.676022 -0.0262592 
-1.02069 0.514793 -1.29563 0.697646 
-0.780626 -0.907791 11.4892 -0.0752796 
-5.68587 -0.00754385 -1.3532 0.116166 
-0.280931 -2.22577 0.229506 0.164419 
-0.297349 -5.74275 0.26756 2.88175 
-1.7155 -0.356541 -1.30297 -1.38345 
-0.625626 0.917071 -5.05269 -2.71983 
0.0932345 0.527867 0.11303 -0.448087 
-0.261566 -1.66044 0.304567 -19.7077 
1.24492 0.2624 1.1006 -8.77547 
1.53297 0.661628 3.28442 -24.8033 
-7.78661 12.2277 -1.51804 -0.538118 
1.14164 5.82028 -0.81045 -0.64466 
-0.118705 -0.408485 -1.65375 -4.67449 
-0.162643 0.287842 1.3585 0.467268 
-0.584328 9.35776 3.3919 -0.0481798 
-0.469233 -1.25672 3.08639 -0.33291 
0.678179 1.51168 0.647811 -0.746073 
46.2436 0.151962 0.218193 -0.494506 
-3.96176 0.259685 0.142712 0.572466 
0.556918 -0.523061 1.68339 1.18384 
-0.0430881 0.233758 -0.154954 -1.4008 
-0.77692 -7.66039 0.330994 1.27311 
1.13315 -0.685788 -3.00179 -2.39375 
3.70512 0.984176 5.66145 -0.665125 
-0.368032 -2.1712 -0.0987263 -0.150233 
-0.320105 2.24974 1.94713 -4.05714 
-1.17612 -0.802136 -2.51959 1.86131 
-0.101653 1.95008 -0.322095 3.67873 
-1.77347 -0.776254 -16.1462 -1.6255 
-1.91109 0.433612 1.29112 0.646135 
0.983909 0.0249302 -6.47581 -19.1966 
-0.184517 6.83336 0.512052 0.14342 
-3.47081 -7.06268 1.15064 -5.21221 
2.8555 1.82814 0.947182 4.00395 
-0.083563 0.306418 -9.90897 -0.14758 
-0.391572 0.835746 -2.36311 -1.12928 
5.4217 0.419555 -0.479289 -0.556896 
0.0652009 12.6993 0.361255 0.361866 
-3.94657 0.327593 3.32786 -4.00961 
-3.71784 -0.389279 0.424075 -0.0313641 
-0.420213 -1.21953 -0.598026 1.41965 
2.41112 0.726768 0.142441 -1.00049 
-6.81189 16.6764 2.38162 0.384912 
8.59186 -29.0384 0.574933 -0.382202 
-2.35424 0.543305 0.28515 0.659517 
-8.60861 -4.24466 -1.02184 2.55695 
-4.42474 -0.40673 -0.184122 2.79329 
-12.4197 1.10152 -0.84968 -1.6742 
39.6539 -86.4986 -0.38658 2.82925 
-7.69551 -4.27736 0.133515 0.874238 
51.0512 0.476321 2.98715 0.490275 
0.853597 -1.23482 2.43257 0.451691 
-0.322814 -0.163129 -1.44054 1.40181 
-0.406673 5.34661 -0.871402 -0.0230563 
-1.56559 1.62383 7.20545 0.412071 
-1.32868 3.56638 6.99323 9.09043 
-0.37276 -1.41346 0.014593 0.205923 
-0.130227 -4.10601 -6.28154 -0.348133 
1.40871 0.881454 2.39415 1.58413 
2.90498 -0.178413 1.29414 1.60848 
1.89488 0.229762 -0.201686 5.81733 
-0.146311 1.89052 0.875755 -0.335194 
0.846842 4.72109 4.34985 -0.613425 
-1.42983 -1.24586 2.07933 10.0527 
1.8119 102.215 -2.67573 -3.18618 
-0.795027 0.367373 2.0546 -1.93461 
-1.44253 0.563362 -0.296387 17.9721 
0.766443 -0.687648 13.9549 0.808775 
-0.100088 -1.31553 -37.5929 -3.48692 
1.18208 -0.0922972 3.53902 0.12922 
-0.506361 -1.43111 1.76924 -0.00784969 
0.274343 -0.320306 0.217988 -1.51356 
-0.082576 -5.65896 5.28472 -0.19834 
-0.135221 0.0461321 2.0163 0.870701 
-0.161714 -0.575335 4.25904 -1.07735 
-1.56252 0.028991 1.13703 12.9104 
0.331903 -0.0405766 0.733798 -2.49778 
-5.10296 0.668309 6.02265 -1.04758 
-2.3008 0.582088 2.98161 -3.28083 
-0.674796 -0.591308 -0.531143 10.8722 
-0.300301 0.837887 1.69886 -1.18598 
0.595145 -0.258433 -1.565 -1.1477 
-1.70489 0.873661 2.48228 -0.470802 
-0.478054 -0.413461 -0.09209 1.43371 
2.29909 -0.465425 -17.3007 0.598836 
-0.300807 -0.641408 -5.02862 -0.168364 
-0.198413 0.432875 3.21621 2.12701 
1.72135 -0.0694717 -0.936972 2.14824 
-0.790652 -0.949838 -0.836958 -7.26947 
9.01622 0.805553 0.456467 -0.46309 
-5.46162 -0.69623 0.62398 -0.463034 
0.0947545 -0.637605 -0.223467 0.629438 
-0.206617 -26.6744 0.203445 1.37782 
0.0225409 -5.78742 0.0856565 -2.62084 
0.257462 2.48392 0.777539 1.07041 
-3.39287 -1.44269 6.98903 0.376857 
-1.94027 -2.35371 0.795397 6.28651 
-11.4255 0.818858 -2.56964 0.0436229 
0.166802 -11.7296 -0.199505 3.83469 
1.72351 -0.483244 1.3948 0.0646445 
-1.79478 -1.18779 -0.337356 3.04078 
-0.0680719 -95.6239 -0.449594 -0.0636303 
-2.8548 0.787953 -1.24861 -0.0758218 
0.0486044 1.99868 0.214454 -11.2181 
-3.06846 2.66663 0.145287 5.42864 
-1.20489 -3.84111 -0.465466 2.26543 
-0.0833673 -0.994759 -0.159873 -0.540697 
54.4984 0.98217 -1.15228 -0.565885 
13.7141 -0.944159 1.86932 -0.513114 
2.99444 -0.892477 -0.696091 0.648314 
-3.99219 -0.550658 0.463695 2.74342 
-1.42059 0.752081 -8.28676 -1.10367 
0.362992 -1.14559 -9.53956 3.58587 
-11.7096 -1.08266 -2.84254 -0.486805 
0.460724 -0.735277 -1.17539 -0.559594 
1.45858 1.10508 -0.219867 -0.291295 
-0.916793 -0.135837 -0.288425 0.0901366 
0.42726 -1.92889 0.134794 -9.40567 
-1.21673 -0.154281 -0.376332 0.861 
0.372061 -0.791614 1.30843 -0.609695 
-0.0188953 0.845067 -0.323326 -0.767524 
-0.518734 0.289006 32.4997 -0.895742 
-0.225336 -0.296466 1.17431 1.00334 
-2.11428 -3.17255 -13.4059 -1.10338 
-0.291124 0.318934 -2.4188 -1.191 
3.9129 -0.315512 0.862539 -6.77084 
1.98664 1.09523 -7.17734 0.970112 
-14.6433 0.714726 -0.630651 0.854623 
-0.124099 0.25777 1.33207 -5.93877 
0.591846 -1.11167 -0.335561 0.0849286 
0.663449 1.07286 -6.66811 0.381721 
5.50222 -4.04526 -0.643053 -0.196541 
1.14364 4.10626 -0.971804 -0.625931 
-3.03826 0.131951 -1.26788 -4.25678 
1.00639 -3.89044 1.00429 0.745891 
0.706236 2.14517 -0.423653 -0.0452132 
-5.51259 0.811252 -0.769819 -0.538 
0.848006 0.507784 -0.500081 4.4718 
4.34003 -0.296161 12.9098 0.898967 
2.5601 -1.01276 0.903581 -3.37848 
-0.914388 -0.343368 -0.308586 0.605406 
19.8599 2.9903 -1.52186 1.47324 
0.604483 -1.13397 0.337091 1.34602 
2.54052 0.288866 0.291992 1.75796 
-0.611704 0.748604 -0.0780681 0.0724023 
0.827519 -3.80018 1.33705 -3.38545 
7.68656 -2.58293 0.782051 -0.133789 
0.778115 0.805403 -2.72927 -1.7587 
0.12813 -0.508472 -8.55348 1.51389 
1.49698 7.4682 -0.506268 -0.264917 
-1.49413 -0.305027 8.36798 0.507423 
-0.944661 -3.15018 -0.888023 -32.136 
7.64467 1.51867 1.07009 0.580985 
0.834268 -1.16914 1.54584 0.0133618 
-1.66646 -1.4446 7.44114 -8.20916 
0.069966 2.83294 -0.10637 0.918239 
-0.823014 4.38942 -6.73159 -0.0765702 
-1.06616 0.637106 0.115051 -0.277701 
0.572591 0.449698 -3.62862 0.285831 
-1.16166 -1.30972 2.40889 2.93813 
5.91864 -4.51897 -4.52617 2.84946 
-4.97569 -1.92965 0.0917082 -1.96636 
-0.0226069 -1.29881 0.465398 2.34047 
-0.228895 -0.208154 -0.141534 0.237389 
0.0432008 -0.569738 2.86217 -0.779269 
-0.244923 -4.94119 -10.1366 -3.73742 
1.23651 -3.42447 -5.77802 -4.70129 
-1.95076 -1.35331 0.611418 1.94152 
0.938126 0.480679 -5.58813 -10.7898 
-5.15495 -0.340711 -0.00892373 0.509581 
1.76329 2.55062 -0.293819 2.67983 
-3.73082 -1.76648 -0.286489 0.641934 
-4.63151 -1.67683 0.594438 -0.214957 
2.10147 -0.173806 -8.86458 -0.193941 
1.01984 0.830433 0.0772303 -8.39025 
-2.32825 0.248952 -0.399385 -0.158793 
1.51245 0.797245 0.0763525 -0.508366 
-0.0273891 0.0322249 1.50954 -0.459199 
-1.51869 -0.684014 1.30976 -0.673547 
1.0872 -0.437306 -1.05862 1.26978 
-0.919413 1.29062 0.387381 1.53233 
-8.82692 1.86925 1.05456 -38.2233 
0.38481 -0.561455 -0.431071 -1.61068 
0.0305765 -0.418381 -2.50954 -5.29184 
-1.57577 0.653362 -0.00866214 1.03766 
0.0702204 -3.85772 5.50167 -1.0577 
8.44333 2.68505 0.143795 -0.338427 
-0.162545 0.896638 -0.174875 6.02034 
1.18515 1.9178 -0.395467 -62.8099 
-0.238495 -4.00797 0.527597 -0.580561 
-0.249229 2.41312 -1.58576 -3.84038 
0.581354 -0.131498 0.784848 0.120896 
2.00109 12.8909 1.93961 17.9223 
3.05077 2.08579 -0.416226 -0.638295 
-1.31584 1.21489 -1.84793 3.15213 
0.106715 10.3045 0.0521147 0.136626 
-1.11614 0.781151 -0.408415 3.9221 
0.425298 2.67586 3.87174 24.0026 
1.95146 -1.18388 0.306855 2.14461 
-1.91658 -0.436186 0.0227361 1.91928 
0.274645 0.247481 1.55704 0.207781 
-0.996458 1.28877 -0.212313 0.315936 
-0.823885 0.662889 -1.34806 49.7589 
-0.33844 5.26203 -0.56537 0.165145 
0.0864327 0.257611 1.05116 -0.793843 
1.58815 0.171229 -0.545357 -0.00459514 
7.25571 1.46377 0.17315 -45.1962 
-0.264359 -2.09602 0.870324 2.35122 
-0.850268 1.51655 0.0698031 0.117345 
-0.368485 0.346539 0.593026 -1.7928 
-0.773892 -0.277033 0.225523 -0.385072 
-2.81472 0.958302 0.721204 -6.11356 
-2.0006 -1.71351 -0.967313 -1.26149 
1.93981 -0.575074 0.73258 -2.51847 
-3.01706 16.3628 0.310311 1.82504 
1.81082 0.61565 4.2307 -0.345728 
-0.492584 0.269732 0.421232 -2.16412 
-0.310158 -0.676119 -3.05223 -12.0211 
-1.16104 0.0334733 -0.0461397 0.994955 
-4.86033 0.0156834 -1.42998 -1.65904 
1.38806 -8.06906 -0.593066 -1.45633 
-0.135578 0.756404 0.637296 -0.421024 
1.4631 0.22499 0.626565 -14.2551 
0.836317 -0.507927 -1.09018 -1.67292 
-1.35955 -0.98118 -0.960256 0.37116 
-0.906878 6.32591 -1.67348 3.63025 
4.7679 -0.315693 0.819775 -34.8118 
-1.32168 -1.98376 0.921494 1.31059 
0.253225 -0.391587 0.494538 -2.58306 
-0.802725 -2.85023 -4.12709 5.06533 
-0.448315 -0.271653 2.6505 -1.15207 
-0.560125 -0.0110003 -2.40405 -1.47418 
-1.68839 0.0775871 -0.0474735 2.49638 
-0.378722 0.595289 -2.10474 -2.2101 
-0.12366 1.31732 0.0100231 0.090723 
3.55674 1.84372 -0.0101708 -0.712701 
0.123191 1.11429 -0.318416 26.1287 
-1.12272 -24.5911 0.789647 -0.345328 
-0.831281 -0.0104564 0.37885 2.23999 
3.63572 -0.196481 7.97453 -2.02088 
-2.20796 -0.294192 0.895685 1.31926 
-0.182282 7.27205 0.919078 -0.98025 
-5.50878 -1.38783 2.61625 -0.791208 
-0.323068 -0.084603 -1.21855 3.28933 
-2.34433 -3.6133 1.10094 -0.724763 
1.60714 0.818253 0.497466 3.59175 
-0.476544 2.16327 -32.3855 0.00740439 
0.885255 0.119732 0.678714 -1.63312 
0.601286 0.0493625 -1.36859 8.50023 
-0.359737 0.1442 -3.30662 -45.0797 
-1.65405 11.1248 -1.42712 -17.2098 
0.845747 -0.062937 -0.650094 5.56694 
-1.79637 -3.41054 3.48411 -0.17369 
-4.25587 -19.6159 -1.02505 -45.0793 
-1.93488 3.50316 2.07308 82.7972 
-1.48565 -0.393688 -1.84603 0.00572591 
3.68737 1.18286 -2.80131 -0.256934 
-1.3321 0.158849 -2.87233 0.9863 
-2.0373 0.307051 -0.0389506 2.24153 
-2.15316 2.04485 -4.94169 1.29431 
-1.23307 0.719746 1.2481 -2.60788 
-1.22934 5.68073 -0.120024 0.0483679 
0.940578 -0.307201 -1.4778 0.438672 
2.67784 43.595 0.0864238 -0.639169 
7.50452 17.4743 0.803588 -5.5738 
0.111597 -1.15455 -0.178717 1.02982 
7.10776 -0.593332 -0.794197 -0.585847 
0.77045 -1.17802 -7.85973 -3.46987 
-1.03045 0.69313 6.67105 0.354784 
-0.187086 0.373781 -1.18441 1.374 
-0.094272 -0.416849 -0.432217 -0.808729 
-0.853065 -5.22059 -0.0669907 0.190233 
-1.09848 -3.56993 -8.92872 3.02735 
2.23227 0.395038 -0.164542 -4.69384 
-0.226815 0.390625 -2.56114 2.53001 
0.227842 -22.187 0.249912 3.43595 
6.63901 0.828727 -5.0106 5.23474 
-0.0417418 -0.99384 0.40039 2.26195 
-2.85876 1.09175 -0.041883 0.857007 
0.0624899 1.76465 0.562386 -0.444345 
1.10312 0.741897 0.126575 -0.366863 
-0.81644 -2.45182 -0.359262 1.81867 
0.134738 -2.35405 -20.0424 -1.28312 
-0.872877 2.06542 -0.11447 0.601549 
-4.20902 2.2429 27.9944 0.731183 
0.487265 -0.216045 6.1484 0.182678 
-3.04829 0.116577 -1.44817 0.227688 
0.41085 0.219264 0.27837 1.6788 
-0.607318 0.666852 0.580602 -0.0902711 
-0.806075 -1.36175 14.2871 0.0335346 
-2.29798 -2.00467 0.201985 6.91104 
-38.5703 -1.53689 2.94167 0.738564 
-6.13575 1.17539 -0.386401 -0.0908017 
-0.985352 -2.28065 0.0709235 0.0485744 
-1.68065 -0.369575 2.088 0.1845 
1.24279 -1.44533 0.540091 -2.70393 
0.695826 0.514757 0.266133 2.2982 
-0.264037 1.05418 1.17113 0.492951 
-1.36336 0.186624 2.13884 -1.32639 
-0.0806009 -3.51729 0.577146 -0.298287 
1.39143 -0.799282 1.60318 0.243853 
-0.489804 -2.05554 1.26185 -4.80066 
-0.943539 -1.66912 -0.194014 -2.57465 
-0.943427 1.23174 -1.38378 -2.62943 
4.02212 -0.249811 -3.18511 0.847123 
0.942972 -0.726685 0.752948 1.56887 
-0.635112 7.40681 -13.1488 -0.111655 
-0.759716 -3.65022 1.02306 1.49555 
-0.760938 -0.210835 0.135201 -0.401573 
0.465164 1.68447 -0.17924 -1.73881 
-7.35891 0.806178 -0.568097 -0.804132 
1.49799 -0.851483 -0.0537037 0.269921 
-0.721697 -7.38468 -2.74888 0.435233 
-0.592161 -0.138832 -9.75807 0.54218 
-5.02833 -7.03709 -0.949858 5.25773 
1.18433 -3.01564 1.57341 0.357414 
-0.188885 -0.0324686 -0.492389 -6.62341 
-1.62816 3.36861 -5.37133 -6.18899 
0.528302 -6.6242 -0.383031 0.175797 
37.6993 0.559707 8.80012 -0.292594 
-3.43476 -0.875199 -0.632308 5.12667 
-1.70087 3.49144 -5.46031 -2.16353 
-0.264835 0.736196 7.08688 -0.429261 
3.53368 2.73889 -0.16231 -4.58021 
-0.061709 -2.10632 -1.98471 21.4194 
1.9675 -2.37515 0.232602 -1.49159 
-8.96118 -0.838072 0.00271672 -1.01713 
-2.04064 2.95221 3.8458 1.15786 
-0.16387 -0.155225 -2.56566 -1.77261 
1.50163 -0.115692 -0.330797 -1.23596 
-1.56623 10.3522 0.381242 0.689177 
-3.46908 0.880776 0.308584 0.703056 
-0.272048 2.92141 0.182111 0.233758 
0.429835 2.60404 -1.2269 -1.07147 
-0.2411 3.20609 -1.64916 0.58787 
-1.72187 2.58316 0.610593 5.50838 
-8.39007 -0.0268414 -0.248301 -0.520025 
-1.14735 2.07475 -1.07666 0.294886 
2.68113 0.628011 -0.419375 2.41321 
-2.21632 -9.57728 0.432479 -2.4121 
-0.366613 -1.32468 2.05392 -20.0496 
-6.9233 0.621547 64.6883 -10.6082 
2.82829 0.742968 0.452172 -2.95131 
-0.0958943 -51.7929 153.986 0.73871 
0.847318 -4.68899 1.1781 1.10465 
-1.87415 -3.5878 1.92014 -0.181455 
0.382024 -3.61032 -1.55443 2.46883 
0.740435 0.276519 -0.0114115 0.497745 
3.02533 -1.74173 -0.858447 0.617926 
-0.172736 1.81783 0.585833 1.62231 
0.0569322 0.909472 4.42055 6.6825 
0.447649 0.0770699 -4.15536 0.75324 
-0.000906366 -0.686954 -35.9239 0.553078 
-1.28406 -3.13755 -0.0548017 1.7692 
-2.0084 0.231217 0.102812 -2.03006 
61.8918 1.27788 1.7553 6.23111 
0.589937 3.412 0.233875 0.499148 
0.39928 -381.321 1.36023 -2.04938 
2.21297 0.191273 2.29348 -0.38395 
0.345674 -0.684974 0.358514 0.875407 
-0.673975 0.186663 -0.793222 0.487235 
0.98013 0.817741 -11.0902 0.313891 
-0.633569 -2.42165 1.12088 -0.731729 
-2.01702 -2.92662 0.220793 -0.43958 
0.540691 5.57789 -0.269884 -2.44932 
-0.00238934 0.726508 -0.238811 13.5564 
0.696649 -6.77362 -0.196734 1.17307 
-3.11677 47.7901 1.84013 -0.29188 
1.37301 0.283508 23.4104 -0.857694 
-0.821198 -0.723436 0.601886 1.26382 
-0.937502 -0.738617 0.845984 0.770982 
-0.278098 -0.799961 0.469301 -1.88058 
-1.34837 -1.31245 0.64248 -0.94253 
0.0785664 3.2594 1.29459 -0.712576 
0.164365 -0.333968 -12.6361 59.9196 
-1.78734 -0.632812 1.92107 11.3683 
-1.98242 21.7675 -1.10414 194.735 
5.23044 0.0648133 1.4582 -0.637404 
-2.4733 -25.8555 -0.609317 1.51642 
0.09131 5.43337 0.517676 0.724873 
0.491934 23.6029 0.0390499 3.59303 
-0.837673 -1.22355 -0.123021 -0.280552 
1.34976 -6.71806 3.31708 -1.53039 
0.21154 0.0579854 4.11963 -1.32909 
-1.44589 -0.83782 -0.415063 0.00752422 
-9.29069 -1.06566 1.4756 8.07547 
-0.283737 0.276668 1.43224 -0.911929 
-0.86249 -0.0909807 -3.22235 -1.17811 
1.9906 -0.973654 -5.7987 -3.93631 
0.828002 0.109609 -0.825402 -0.127576 
3.20428 -0.77004 0.165982 0.430876 
1.33278 -2.92882 3.11633 1.78735 
0.881105 -0.583221 -1.81473 -0.46508 
-0.231054 -0.133999 -1.92352 -2.27804 
0.324391 0.574109 -0.19672 0.153441 
-0.262197 0.418615 1.06065 1.56405 
-6.38657 -0.0904397 0.606665 -747.225 
-1.05125 0.947711 -0.276902 0.690378 
-0.0617063 1.3868 -20.8711 7.26134 
-11.2737 0.828423 3.44511 -0.566569 
0.286668 -0.120211 4.45122 0.467194 
2.19625 0.702323 -0.327846 1.51432 
0.953109 -1.07102 0.400651 0.720145 
0.95346 0.00670255 0.464337 -1.00637 
-2.63907 -0.721892 -8.26648 -0.00418794 
-0.300413 -0.00677506 0.89835 -0.166825 
-0.627096 -2.01725 9.35426 1.10187 
0.000785521 0.644888 0.434853 0.293441 
-0.323669 1.0317 10.1239 -3.1031 
2.09931 -12.2108 2.1824 1.28896 
-2.41613 0.370976 16.3959 0.708433 
1.51843 -3.36347 1.37353 0.244548 
-8.45937 1.66085 -2.26525 -10.4222 
5.52453 -1.35217 -2.16944 1.71759 
-10.8886 270.408 -1.81844 -1.07017 
-3.50346 -1.26 0.512108 1.00606 
-0.937557 0.147043 -1.72724 -1.67206 
-2.11478 -0.842886 -4.62896 3.89557 
0.179488 0.244985 -1.76938 0.436549 
0.541546 -0.889629 1.23489 -3.23095 
0.502419 0.588874 0.938887 -0.221005 
-2.30059 0.941453 -0.0683577 1.78452 
-0.968577 0.22279 0.0671934 -0.0190569 
2.26544 2.60762 -1.61342 -1.26253 
-0.00120779 -3.11577 -1.42424 -0.244787 
5.42282 -0.114606 0.202386 -19.1876 
2.40365 -0.761787 -0.605766 -0.630688 
-0.883553 2.35482 -0.707842 2.32409 
3.90208 -4.45246 0.429583 0.729985 
-0.877521 -0.807319 1.89868 2.33701 
-0.128186 -0.342207 3.05575 0.0345541 
0.746462 -0.135073 -1.74487 -3.93549 
0.436437 -0.385148 -0.906701 0.716315 
0.64116 7.16054 -1.71682 0.0108293 
-0.136016 -1.35584 2.05283 -19.4651 
-0.867329 0.270493 1.60578 -1.70876 
-2.45402 -3.08338 -1.61963 -1.33364 
-0.385226 -0.298585 19.5242 1.0377 
-1.25496 3.26391 0.307451 2.15956 
0.863034 2.95823 0.319587 -1.98355 
-1.36699 -0.0344614 -0.405559 -1.71295 
1.25704 0.868088 0.83324 0.461463 
-3.27357 -1.62162 2.42809 -1.17754 
0.774675 -3.41598 -0.111132 5.08393 
7.56366 2.78777 -0.0180306 2.33406 
0.697565 8.43273 0.0308557 -0.477849 
0.159363 0.865748 2.10051 -0.494296 
0.816931 -0.922872 -0.35249 0.0332403 
1.02801 0.407823 0.587587 0.494333 
0.0419585 5.32238 0.780061 -0.478183 
-0.203981 -1.27637 33.4718 0.609378 
-1.7359 -0.82036 -0.166953 0.770056 
-0.275507 -1.73753 0.629632 15.9526 
1.62262 -0.922925 -0.238619 -0.0810473 
0.370947 0.763774 -0.00208852 -0.333879 
-2.7036 1.11206 -2.20691 -0.110019 
-0.322125 -3.87793 6.21411 3.91019 
0.758431 8.08834 -2.17198 0.56582 
-0.307412 -1.11059 -0.648364 -1.82121 
-20.9979 -0.717594 -11.4689 -0.187499 
0.129874 0.575137 12.7254 0.221511 
2.15985 0.231903 -1.21306 1.56794 
12.891 0.845628 2.76363 2.34472 
-0.44299 3.13368 7.16576 -6.65839 
0.247003 -1.2299 -2.00133 -0.00907907 
-0.273836 1.76996 -2.23952 4.20393 
-0.102473 1.10852 -0.66499 0.126845 
0.43969 -0.851153 0.243702 -0.0241158 
0.252068 -7.2957 1.72736 -1.11573 
0.898566 0.623048 2.18248 -0.0887865 
-0.486648 1.94165 -2.82641 -1.50569 
23.0894 -0.98474 -2.00469 -1.31501 
0.0241201 -1.99887 -1.21197 2.03445 
-0.99438 0.281258 0.00971347 0.264895 
-0.192391 -0.15203 1.68592 1.31853 
3.46407 1.07117 1.09811 1.64212 
8.92541 5.90102 0.805897 0.475952 
-0.202894 -0.617379 -0.334945 0.67155 
-1.40397 1.04542 0.750094 -0.691813 
-0.178543 -1.29526 -1.79903 -3.87802 
0.297906 -0.337229 0.0819967 -3.14949 
-1.11063 -2.38032 -1.47432 5.50538 
0.461981 0.369557 0.437508 -0.363071 
-0.570243 -7.38614 -1.27029 0.30839 
0.357756 2.06924 -1.22652 1.73591 
1.45885 -0.542309 1.2874 -76.7801 
0.257343 0.614144 1713.35 0.874648 
0.434943 -0.551385 0.348682 0.3116 
-0.0469721 -0.302509 1.57957 -4.58289 
0.635648 1.90892 -0.940635 -1.15834 
0.328138 1.11062 0.31095 0.230835 
-1.18638 1.60837 -2.96899 1.01814 
0.0981348 -0.291488 0.0241506 -3.93518 
0.0513909 -1.95819 0.777798 0.116841 
-0.785129 2.92244 4.23134 1.01096 
-0.782358 1.66356 -0.155274 -6.81157 
18.8037 9.76825 -2.70187 0.141313 
-0.106338 0.241674 -3.17896 0.842921 
-0.49809 2.87101 0.627519 2.19043 
0.182802 -0.0289246 -23.8301 0.75978 
-0.182851 1.62764 0.0478534 -0.546916 
5.21267 -3.35013 0.524355 -0.106907 
-0.0853797 3.35856 1.06762 -0.331619 
-1.78869 -0.220607 -0.921096 -0.853771 
105.331 -4.50656 0.709116 2.33603 
0.509344 9.77026 -0.644551 -0.724129 
-1.13066 0.429994 0.312501 -2.76657 
-5.26799 -0.0655431 -0.0839706 127.134 
-1.34119 -13.4484 -15.1727 0.149862 
0.093388 -0.946648 3.47028 -0.744619 
-0.530183 0.213169 -0.418665 -4.83968 
-0.729761 -9.40714 3.95149 0.604337 
2.11866 0.705431 30.1412 0.401535 
-3.00955 -0.270457 0.760586 -0.754397 
0.564592 0.82459 2.88678 3.19822 
1.63068 -0.101509 -2.4883 1.4153 
-1.49657 -3.11444 -1.96901 0.0854205 
-5.65194 -0.212166 2.03425 3.29471 
0.22678 -0.488591 -0.0479502 -0.59511 
-3.89459 14.3351 7.81898 -0.776444 
-33.5896 -2.03865 -1.14567 9.74709 
-0.58228 -1.83182 5.26429 4.09878 
11.9622 -1.30559 0.332316 -1.02473 
8.5206 0.745281 4.62062 0.880525 
0.11394 -0.831067 1.05032 -4.80125 
6.49656 0.0121055 -5.79114 -1.25319 
0.52705 -2.59968 -1.05253 0.896416 
-2.33657 -0.559251 30.4682 0.768197 
0.668537 -1.91357 -1.31264 0.353313 
-1.2888 -0.0474864 -0.74318 0.0809187 
-1.03106 0.0585749 1.90686 -0.707547 
-1.17034 1.29701 0.0857924 -0.305557 
-4.93391 -0.936834 1.73892 0.398304 
0.64473 -0.211285 0.875164 -4.36152 
-0.118047 32.045 -4.27872 0.769104 
-0.804813 0.75881 -5.316 0.19869 
0.72183 1.08057 -0.658328 1.92417 
0.836493 -0.714616 1.06883 0.00987633 
0.443524 -0.900945 -14.0184 -7.33773 
0.301246 0.921487 12.7131 7.88653 
-2.89428 5.01645 149.297 -2.52861 
0.83648 0.0324275 0.306362 -0.264273 
-0.81306 8.50052 -0.89339 1.69321 
-0.955568 0.348962 0.420687 -1.02568 
0.0432952 -4.71225 -6.91814 -0.36083 
-0.866827 -0.912043 -1.29323 0.739784 
-4.33386 -0.360568 -6.72254 -1.62925 
-1.18981 0.851714 -1.63326 -0.293578 
-21.4576 -0.261887 0.0227807 4.12691 
-0.668582 0.193202 -17.3813 1.05778 
-0.718306 0.0922933 -0.369635 -0.0381208 
-0.0116251 -0.580565 -0.850559 -2.25978 
-16.3166 0.674284 -0.639377 1.1379 
-0.438913 0.306912 -2.74222 -0.580406 
-0.724849 15.1743 1.01348 10.3549 
-2575.52 3.69882 -0.559628 -71.6385 
-1.55463 0.52526 -0.470349 -0.560053 
0.868078 0.469765 -5.19762 -0.889812 
-1.03299 51.8385 -0.30172 -2.03802 
-2.61655 2.52445 0.217059 0.941006 
-3.52783 0.0600439 3.10438 0.000991313 
1.01877 -0.0970089 0.386043 -1.68424 
-0.602251 -15.2465 -6.1548 -0.923436 
-0.871576 4.21134 0.147367 0.911303 
-0.0568865 2.52991 8.94666 4.69903 
-1.24795 1.48772 0.639026 -0.00842914 
-6.20221 -1.51058 1.84853 0.781651 
0.0189178 -1.44944 -0.846273 -0.213973 
1.20323 0.068898 -1.06868 7.31363 
-0.8458 0.834081 -37.7734 -1.73026 
-6.0373 0.318821 -1.87006 0.446878 
-10.2185 -1.7581 -12.276 -1.21123 
1.90703 -3.05795 -0.412203 1.48232 
-1.24019 -5.09986 -4.11123 -1.15333 
4.06629 1.79735 -11.5017 3.2926 
-0.180769 1.27493 -0.716092 0.549868 
-0.0538198 -2.33389 -15.2002 0.0657947 
2.72364 -0.133481 15.9501 0.06316 
0.266964 -2.58165 -0.685084 14.3684 
-8.6915 0.218959 -0.535792 1.78472 
-0.688673 0.406482 0.227395 0.140158 
1.3381 -0.000664252 0.160572 -0.371161 
2.22875 -0.313128 35.5834 -2.56854 
-1.58304 -0.647264 -1.30724 7.81467 
0.257182 2.98241 2.24896 -0.665404 
-1.23991 -0.30824 -3.21949 2.56795 
-324.361 2.39196 -2.539 1.62365 
4.81493 -0.130728 -3.19627 -3.60637 
-0.721908 4.04433 1.57408 7.04503 
0.0218488 -0.113129 -0.0798075 -2.51513 
2.99362 -2.47466 1.15059 1.02818 
-6.60803 -0.347242 -3.73597 -0.234481 
-0.657291 -11.6559 20.3157 -0.208151 
-1.36276 0.589902 0.704241 0.148828 
1.32104 -1.39553 0.747626 2.8288 
0.0513544 -0.0385678 -0.898705 0.952167 
-0.978066 8.36634 0.97227 -2.49602 
-2.35972 -0.882958 7.46302 -0.510157 
0.112913 0.363297 0.173277 1.58291 
0.524147 0.405583 -0.727691 -15.24 
-0.097223 0.417249 1.37881 -5.63892 
-1.52573 0.0784504 -3.526 0.485313 
32.2455 2.22156 0.425806 0.205281 
0.800401 -21.9972 2.59114 -1.12211 
0.275677 -1.00807 1.18564 -0.696036 
2.34498 -5.45284 7.13547 4.41572 
1.94573 0.0180364 3.17003 0.0664909 
0.592265 -2.00351 2.7602 1.47932 
-1.74809 -0.273162 -1.21212 1.14488 
0.867928 -0.419259 0.928449 1.14644 
-2.1022 2.54332 -0.197753 -0.190153 
2.765 -0.799914 0.478322 -0.689216 
-3.16931 -0.22626 -1.03218 0.0318952 
1.13084 0.119952 3.74862 -0.279054 
-0.342328 3.14099 2.17499 1.33285 
0.51731 -56.7095 1.88832 -0.0645866 
0.532455 -1.87218 0.668928 0.05082 
-0.905383 0.00456789 -3.03972 1.43981 
0.841003 1.46313 0.46401 -1.08622 
-0.796614 -25.4243 -0.72017 4.51317 
-0.217881 2.61811 -1.5316 -0.257489 
5.71183 -1.85403 1.2619 5.62064 
0.757712 0.696743 2.99292 0.160827 
-2.83636 0.650379 -4.24052 -0.594512 
-0.699015 -9.06743 -6.25918 -0.407125 
-0.199675 -0.112376 -54.214 0.0601377 
-0.888592 0.912191 1.71465 1.28409 
-0.422113 0.888055 -1.03485 6.30115 
1.38472 0.462653 -4.26322 -1.73621 
-0.0357215 -0.0401927 0.137029 0.655032 
0.384635 0.616934 -2.26116 -0.634059 
-0.531304 2.83201 -1.96445 -1.78341 
-2.044 38.3238 -9.25184 -0.175364 
0.405357 0.139301 1.75604 1.13901 
0.362358 0.634084 0.726738 -0.248118 
29.4 -0.876865 0.34797 7.68357 
-0.0607743 0.525447 0.14492 -3.57317 
0.116109 -0.849361 -0.575453 1.20026 
0.69844 -1.15361 0.121222 0.63123 
-0.752692 -14.2649 0.178841 1.3482 
-0.603437 8.86918 2.14438 -0.778925 
2.14961 -0.651946 0.339685 -0.450415 
5.5777 -2.07828 -0.569414 -18.9866 
3.26985 0.851204 -0.581551 1.26047 
0.787523 0.961656 2.14219 -0.399711 
-70.5508 -61.6445 -0.835978 0.918678 
-0.691553 0.279002 2.05384 0.586204 
0.673972 1.05763 -0.593522 -0.443136 
0.463298 114.914 -9.60215 -4.16798 
2.34025 -0.669439 1.39321 -1.40249 
-2.17007 0.572486 2.39449 7.48036 
0.066258 -0.396254 0.539237 -0.721282 
0.298071 -1.76582 -0.695563 -1.56684 
-1.25646 1.37189 0.707563 -0.318655 
-0.165501 -2.23077 -2.09494 -0.0388677 
0.0268275 0.172095 0.505722 0.702407 
1.17743 -1.21973 0.686415 -0.883863 
-0.324781 0.439676 -0.439697 0.144869 
0.675974 0.501071 1.65635 1.72711 
8.1344 0.322226 -0.290496 -1.5939 
-0.798948 7.44997 -1.77995 -1.12182 
-0.424773 -2.00626 28.3219 -0.721903 
-0.676884 -0.462083 0.23012 -5.65449 
0.61678 -4.98466 -1.68132 -0.738807 
0.173533 6.67331 -0.537621 0.605241 
0.245375 39.5131 -0.376451 -14.6444 
-17.4537 -4.58813 0.818373 0.0464066 
1.682 2.14829 -3.2709 0.12673 
-0.0967352 -0.242837 -19.5176 -2.47489 
0.0433983 -0.690634 0.360513 -4.31451 
2.18353 -0.0536938 -1.93357 -2.09289 
-0.359306 -55.2493 0.578245 -0.61334 
-0.334619 1.7067 4.08149 3.19845 
-0.668392 -0.412338 -15.0813 -5.00947 
-0.243246 1.21331 -4.99431 -0.516184 
-0.766363 -0.837742 0.75553 1.75126 
-0.765093 34.7812 1.8854 -0.252651 
-2.50566 1.05131 7.67115 15.4411 
-2.12318 0.531923 0.160785 -0.949234 
-0.27301 2.95051 42.2196 0.398484 
0.0723738 -0.0236095 10.0373 -6.9454 
-2.83613 0.44773 0.442545 -1.31389 
6.457 1.14169 -8.77067 -0.486279 
-9.94774 0.924149 0.0835797 3.29694 
-0.605691 -9.9736 -0.460479 -0.735864 
-1.79398 -1.88525 -0.977386 3.32857 
1.81973 -0.126502 1.49328 0.442687 
6.30541 2.25083 0.158038 -0.404638 
-3.51267 0.508812 -1.05476 4.54588 
2.49848 0.139648 -0.703989 1.97771 
0.493656 -0.188343 -0.602324 0.568465 
3.49064 0.7638 -1.43346 2.31758 
-86.2839 1.34577 -0.422992 1.9165 
1.10953 1.15697 4.80437 0.400637 
6.51365 78.3286 -1.97035 -0.564901 
-0.0494298 0.914288 -0.389364 0.536197 
-1.42219 15.379 -1.02134 191.324 
0.341002 -0.575507 -2.57066 -0.314872 
-1.02515 0.551908 -0.455618 -0.761481 
3.59568 -1.73205 50.5753 0.423097 
1.67793 -4.7279 -0.567969 -2.1074 
-1.8422 -0.633763 0.59684 -0.81489 
0.274142 -0.896608 -0.324002 -0.0935956 
-1.03672 0.768162 -0.0425902 0.754316 
-1.79471 19.8351 -3.28163 3.70857 
0.860226 -3.50113 0.709038 1.64308 
-1.35116 -0.0166895 0.568195 -0.713422 
-2.589 0.52104 1.25574 -1.11568 
-0.644659 -12.7368 -0.831124 -4.68985 
1.51012 -0.0558966 10.1066 -1.04775 
10.1689 0.181572 -1.15795 -7.19531 
-0.0732718 -0.328544 12.6734 1.22141 
0.91133 -4.34799 0.0128728 -205.925 
-0.793074 -0.285115 3.23269 -0.422132 
-2.49729 -0.392407 1.97269 -0.957033 
-5.83163 16.4468 2.61982 -83.3665 
-12.4423 -0.555124 1.55395 -0.947791 
-3.05648 -6.42728 -2.55812 -1.50843 
0.475352 -0.229112 -0.756009 -0.227582 
3.1143 -0.110888 0.0843624 0.689628 
-14.1469 4.16653 0.807055 -0.424056 
1.4767 -2.38849 -0.220725 -4.03201 
-1.50148 -44.1838 -1.03423 -0.739474 
2.20511 2.62125 1.81968 0.31457 
-0.692024 0.208539 0.288178 0.533695 
2.24283 -1.23929 -0.379487 2.04761 
-0.829429 0.309712 -0.428722 -1.26796 
-1.63373 -28.1111 2.25468 -0.258603 
1.74673 1.25262 2.58988 1.02837 
2.05098 -0.755924 -9.97865 26.329 
7.14749 1.40299 -2.26866 -1.10353 
-2.08724 -0.105154 1.23636 15.5323 
0.0262926 2.56538 1.56496 1.02657 
0.361166 0.947596 0.227335 -0.981827 
-0.715467 -0.638875 0.277925 -2.58866 
-1.65045 0.76895 -0.0194262 10.1415 
2.07658 0.341361 0.534416 -0.043118 
-6.56343 0.521457 2.3081 0.857184 
51.0078 -4.14844 1.46166 -2.17505 
-0.800213 -21.3517 -0.700823 0.353902 
-1.70352 2.04421 -0.662974 0.872514 
8.32599 1.41208 -1.5643 -0.96548 
-0.280795 -1.78101 -0.592477 -5.25371 
-0.833287 1.29604 -4.26583 -9.12318 
0.332331 -0.82082 67.4325 -0.177398 
-1.14229 0.135446 0.191877 0.122813 
-0.786526 -0.976015 4.09798 -1.82161 
0.104193 13.5338 0.935246 -3.20549 
0.0603987 -0.226737 -6.37074 0.223725 
-1.13482 -0.37002 -1.67703 0.444215 
0.263199 -23.8241 0.208583 1.28028 
0.730787 0.489917 1.15782 -0.877833 
-0.187622 -14.3037 0.701874 2.05409 
-3.58273 0.476542 -0.0222593 1.05849 
-3.81921 -8.04057 -0.651904 0.259392 
0.586792 0.75696 -0.170014 1.40829 
-6.86038 -9.09113 1.84003 -4.94397 
0.987182 0.899066 -0.217527 -0.521399 
0.371858 -0.0556369 2.06069 1.63011 
-2.4941 0.424277 -1.99683 -0.100933 
-1.50829 -0.957401 -1.65546 212.887 
-0.522037 -0.379404 -1.71342 0.226497 
1.9291 0.438863 0.826839 -12.1539 
0.322943 0.356357 -0.287176 -1.27452 
-1.11189 -1.77616 -1.6728 0.961786 
0.543889 -1.02239 -1.14129 -0.4194 
-0.334277 -2.2597 0.553403 1.10027 
0.548362 -0.382513 0.552179 -2.02695 
0.551008 0.52562 0.532221 -2.23391 
-1.29 1.03356 0.855388 0.788464 
-0.0808435 -0.203253 0.329687 -1.03793 
0.733875 -1.87277 0.135562 -0.26338 
0.746579 -2.10747 -0.54258 -0.0754896 
0.390066 8.2537 -1.31706 0.657683 
-1.15949 -0.231033 -8.32255 -0.613697 
-0.741501 -3.21618 -0.0191804 0.629244 
-0.0777367 -0.251593 -0.0224946 0.0708304 
-0.738976 -0.410625 0.78861 -0.284188 
-0.276689 -0.834064 -0.878015 -1.20024 
4.83831 -2.77954 -0.299578 -0.35496 
5.71954 -5.47506 -2.3976 -0.11807 
0.690513 -0.926433 0.640863 -1.12158 
-2.23362 0.59194 -1.55536 -2.42841 
-0.0651772 -12.6361 0.694028 1.12896 
2.03587 -5.01563 0.629891 3.06911 
2.26282 -0.369838 1.8917 -0.543569 
0.141086 -0.813842 2.44596 2.9386 
-0.880165 2.63613 0.33654 1.22698 
0.108959 1.18351 -0.24372 2.19064 
-0.238882 -1.02105 0.550517 -0.91744 
-2.81068 2.36182 3.68613 0.888333 
0.45687 -1.73494 14.4481 -4.01777 
0.881776 -0.435615 0.0996051 0.492601 
-0.00281807 3.27806 -0.0841922 1.61591 
1.23044 0.859576 0.741689 -1.90176 
8.5735 0.172915 -2.3659 1.3737 
-0.380725 1.62637 -0.337484 2.33958 
0.923747 0.496496 -0.795665 0.00305797 
-0.972259 -2.83482 -1.33688 -1.92826 
1.4424 -0.0220187 -3.03036 0.0311027 
0.25261 -0.166644 -1.76377 1.04982 
1.59735 0.381288 -2.48924 0.444621 
-2.62738 -3.93818 1.06994 0.0231108 
0.46676 0.420437 -1.77226 1.6168 
2.18614 2.22613 -2.83176 0.775083 
2.63937 0.144171 -0.0503694 -2.81459 
-0.0757808 -0.560753 -1.44209 0.386982 
-0.138155 4.79662 0.172532 1.11719 
0.00348717 -10.9237 -2.95952 0.59162 
-1.52334 1.35388 0.392903 0.134276 
0.463154 0.651953 -1.38486 0.408876 
-87.8717 -1.42766 1.06311 1.52089 
2.70215 -0.740282 0.14221 2.04424 
-0.926659 0.215565 0.734389 3.22206 
-2.63359 -15.5423 -1.79868 -3.31776 
3.04835 0.127275 0.778893 -0.718855 
2.68401 19.2554 -3.3197 11.8237 
-0.308492 -1.07758 -3.70082 2.61308 
-0.245433 -11.4424 0.0497296 -0.0837715 
-0.734004 -0.737512 0.0748738 0.800621 
-7.51115 -1.11002 0.927211 0.321646 
-0.764365 -0.673513 -0.272263 1.32629 
-2.92686 0.321906 -5.0263 -9.08186 
0.0365824 1.27117 0.416039 0.87249 
0.636296 -0.0484044 -338.129 2.14865 
4.43453 -0.649052 0.70068 2.09173 
0.374218 -0.49255 0.0630755 -1.24758 
-0.478299 -0.126951 137.351 0.831321 
0.50965 1.09726 -1.4984 -0.361184 
-5.55856 0.764876 -1.56728 2.30283 
0.54023 0.306256 1.6997 1.34553 
-2.56671 6.09539 -1.0001 2.27486 
0.928806 -0.870254 0.0679646 0.655133 
2.41289 -1.00771 6.83153 0.0148074 
12.4657 -1.07665 -1.51262 -3.46765 
-0.746535 0.175613 0.077229 -0.0154912 
-0.747215 1.62272 -0.128406 -1009.04 
0.582187 -1.64981 0.637751 0.989521 
-0.716741 3.53805 0.879913 -1.41181 
0.267861 -3.34148 1.18487 -2.9303 
-8.05203 8.72084 0.897699 -4.73439 
-0.123057 17.3189 -2.80973 0.232634 
-0.567006 -0.27104 2.06314 -0.510645 
-0.124612 0.480144 1.24394 -0.698266 
1.30398 -1.03649 -0.404819 -2.57862 
0.574628 0.533679 4.79076 -0.601652 
-2.28259 -0.0144443 -1.11656 -1.00829 
0.816125 -0.959163 -0.560141 0.69828 
0.445637 -0.684974 -18.0776 -2.45076 
-0.429317 -1.44774 0.144966 0.747859 
1.86867 0.565574 0.833877 0.243021 
-0.512532 4.53094 -1.28245 0.783209 
1.43771 0.675781 -0.742363 2.80376 
5.6638 1.34288 1.21592 -2.78222 
0.170255 21.3398 0.528836 0.531007 
-2.33639 0.516704 -3.13992 -0.475718 
-2.89738 -2.73399 -1.73055 1.13034 
0.00585139 0.0712982 2.65968 -0.955563 
0.884318 2.52827 -0.87334 -3.5475 
0.532225 1.84169 2.67643 -0.186527 
-0.150975 -0.984809 1.67045 -0.144473 
2.20277 2.0696 -1.00407 -1.4023 
0.0753906 -1.28142 0.43202 -0.367684 
0.296912 1.35297 0.654181 0.611525 
-4.52979 -1.09814 1637.53 -0.788557 
-0.162927 0.797166 0.596961 0.793432 
-0.176259 -12.092 0.539976 0.28444 
0.15927 0.116083 0.210614 -5.33118 
-36.4696 147.504 -0.0435239 0.66304 
-0.637292 -1.9668 1.20515 1.12751 
-0.882945 1.38064 -4.08 -1.66267 
4.21833 0.0206538 -0.752406 -0.128552 
0.883865 0.197908 -2.0292 0.0123079 
2.45947 -14.0371 0.0244587 0.0328747 
-0.342705 0.952612 -1.27562 0.94456 
0.523235 0.237533 -0.143037 -21.8632 
0.520998 -0.096159 -2.02575 2.56434 
0.118919 0.467931 -1.25812 -1.52451 
1.96656 -1.63081 -6.41153 -0.987845 
-1.68872 0.599743 -8.08121 -1.80045 
4.3031 1.36812 2.40058 -0.158351 
0.715426 0.476773 -1.20164 -0.702785 
-0.646187 -0.115343 5.77266 0.195167 
8.16564 -0.4426 1.15637 0.331329 
0.226127 -0.534001 0.0699677 5.94376 
-0.375658 0.367335 1.97919 0.726065 
0.121101 -2.87502 3.27783 0.921395 
-2.1179 -0.909893 -0.202974 -17.2861 
-1.42732 0.0709901 -3.48429 1.78219 
0.456023 0.271319 0.117741 2.02903 
-0.673197 -4.14344 -0.437518 -0.218692 
-1.2201 0.781394 -1.76677 -0.956106 
-2.04287 0.465999 -0.47003 0.958607 
1.84663 0.274526 0.035377 -0.856582 
11.8933 0.294801 -0.432625 2.62852 
-2.13028 -1.77767 -3.57257 57.3826 
-0.355625 -2.40314 8.57546 0.624481 
-0.228588 -0.318946 -0.241271 -8.96612 
10.6134 -1.96121 0.518545 -0.959232 
3.43875 1.24249 0.712295 2.4053 
-7.42322 -8.70793 0.551109 -0.43251 
-1.84082 -0.895183 3.3368 -0.132027 
-0.714072 1.26947 -3.4547 3.56852 
0.969453 -1.35757 -0.347685 1.22784 
-1.28048 -0.191634 1.05272 -0.318128 
-0.228867 0.701577 1.451 0.0501012 
0.722605 -6.77824 -0.0820463 0.405149 
-1.9979 0.721708 2.80439 -1.29418 
12.2513 -1.30611 -0.0328824 1.21894 
-74.2162 1.48968 -0.63807 1.69401 
-2.60531 -18.9269 0.455581 -2.8332 
-1.68926 -0.477293 0.0455878 -0.100869 
-0.020233 0.268677 -0.4252 -0.984333 
3.95952 0.0462886 -0.181576 11.1188 
-0.670391 1.93168 -1.07242 -2.44732 
-0.785457 0.581874 -16.4836 0.00193055 
0.483791 -1.54145 -3.1343 2.76918 
0.384756 0.771412 -0.0428661 -0.668428 
2.41687 7.59745 -0.898981 -1.70069 
0.837366 -3.27031 -0.821721 -58.0975 
0.589984 -0.496824 31.2594 0.704681 
2.39329 1.5552 0.800319 0.0109917 
-0.770384 0.247192 -0.784805 1.6239 
-3.44574 3.87813 -1.15182 2.77764 
23.3622 -0.856953 0.0014659 0.936731 
0.444137 -0.267803 0.168884 -1.66933 
0.904803 -29.8754 -0.570944 -1.17534 
-0.614715 0.481042 12.2761 0.670055 
2.97786 -0.434415 -0.433812 -0.768652 
-1.13078 -0.183306 0.541417 -0.932072 
0.830826 0.32816 1.8473 -0.721185 
0.537681 -1.58112 4.08517 -0.0466819 
-1.72506 -0.426864 7.6865 -1.19793 
2.4415 0.329538 1.79483 3.83749 
-1.34342 0.376838 -1.60991 0.453727 
13.3842 -3.13379 1.0333 0.694476 
-0.0681323 1.85836 -0.207064 0.291297 
-1.63699 3.01449 -14.0799 -0.0415595 
1.62431 -0.000983011 -0.786496 5.28402 
-0.915307 0.614521 1.48176 -0.134294 
-139.041 39.8919 -1.55017 -0.0473057 
3.29897 0.952802 -5.45786 -0.332344 
3.07828 -0.0350012 -1.07274 -0.399448 
-0.573051 0.0159081 1.14172 -1.49902 
-36.325 0.690002 2.68113 0.578362 
-8.80849 7.53288 -9.24266 -6.16269 
-0.830529 -4.50985 -10.1668 -0.542992 
-0.106432 -2.10556 0.383889 -2.89605 
-0.0550886 -1.97128 51.8402 -3.35563 
0.352269 0.331545 -2.90288 0.418598 
1.39848 0.226928 3.02265 1.06825 
-0.350994 -0.896106 -2.92642 2.45459 
-0.500427 0.89296 -1.09752 -2.88647 
0.741395 3.08946 -0.239192 16.823 
-9.04008 2.63994 0.0702449 1.95033 
0.429755 0.882325 -0.516229 -0.307297 
2.66925 1.00059 2.51257 2.30987 
0.0116579 -0.770136 -0.917151 8.39265 
2.63985 -0.815168 -1.33077 1.03541 
-0.262527 -1.73565 -0.854396 1.48619 
-9.69779 2.49744 3.41839 0.747735 
0.105002 1.55288 -3.23997 -5.73161 
-1.16882 -1.69693 1.23639 2.33081 
-1.48511 -1.02204 4.59508 -0.416871 
0.333386 0.613343 -0.141281 0.773021 
1.63036 0.913473 1.2528 -4.17827 
1.08058 -0.17542 -11.067 -1.42297 
8.20646 0.666597 -1.24216 1.12282 
3.15358 0.321407 0.306501 -0.00602912 
1.54929 0.293269 -0.492016 12.7746 
5.68186 -0.0448567 -2.40621 0.360767 
0.195286 2.29401 0.699901 -4.97782 
-1.09501 -0.116362 1.73904 -0.722379 
0.509363 -0.243367 -1.85027 6.86987 
-3.94996 1.43998 2.76773 4.4992 
1.6335 0.134681 0.594427 0.237139 
-5.57293 1.56609 -0.642293 2.79992 
2.04943 -0.364204 0.513804 -0.014108 
-2.01493 -0.179415 -6.05168 -0.522231 
0.625265 -2.41084 -0.548153 -0.321756 
1.40037 0.549898 -0.575227 0.119969 
0.513087 0.450059 0.382858 1.92009 
1.03527 0.0974225 0.700453 -2.01923 
-0.297467 -1.20446 1.36778 0.983927 
2.37952 -0.645855 -31.5836 -1.77221 
0.467282 0.0459482 -1.97698 0.587719 
0.867004 2.85637 -1.4904 0.0266333 
0.298897 -33.0308 -61.6505 -1.70054 
4.02807 0.0620311 -0.562176 2.14597 
-2.17649 0.285781 0.854283 0.66983 
4.53973 -0.312618 0.100455 -0.17403 
1.20957 1.28369 -0.608343 0.70929 
1.2068 0.107847 0.913953 -6.76949 
-17.232 -5.82207 -0.520788 -0.272388 
10.1794 -8.97288 -4.65285 -1.04347 
0.165194 -0.37086 3.86082 -0.686962 
1.0798 6.87778 -2.29465 16.8935 
-1.49705 -3.18575 -0.393902 -3.37337 
-0.168579 -4.75505 0.533773 0.00642014 
-0.993883 0.0429776 0.378312 -0.63556 
2.68603 -3.06956 -0.468792 0.604277 
-8.43434 -1.27003 2.40399 -2.28182 
6.29566 2.05704 16.6397 1.26358 
-0.910325 0.272799 0.756215 -0.0993637 
-1.33947 -1.54193 -15.7657 1.51764 
0.690953 1.07567 -17.4235 -2.29761 
-5.10314 0.175214 -0.462746 -0.111857 
-22.7962 -4.92962 -0.0625917 -0.949046 
17.4122 0.0166397 -0.849605 0.13572 
2.56992 0.994546 0.246525 1.18886 
-0.895102 1.07509 5.50462 -0.0298851 
3.39977 -0.157569 -0.640785 -0.61335 
-1.32495 1.54148 -2.39259 2.60847 
-3.1085 0.493866 -0.656786 -0.31836 
-1.15388 -12.5554 0.20341 -0.544591 
0.839435 -0.513168 -0.338336 0.307897 
0.106271 -0.401899 -0.0049326 1.55945 
0.209917 1.55032 0.985036 -1.58567 
-0.100432 51.0216 2.45176 -3.1172 
0.542075 2.51986 -2.26247 -4.82263 
0.463377 11.7436 -0.269655 2.60447 
0.189926 -0.343598 -3.41113 3.22219 
-1.21309 -3.47141 -0.579005 -0.863413 
0.175557 -1.63847 1.27776 0.234832 
-0.583521 2.2406 -0.844463 0.825235 
-2.56397 1.53979 0.976164 0.367666 
6.19431 2.57315 0.376094 -1.36663 
-1.61903 1.64292 -0.788391 1.91865 
-14.4632 4.38404 -0.894887 0.444163 
-9.8467 0.841307 -0.448471 0.235831 
0.648519 -0.345879 0.93882 -2.62932 
-0.0737612 -0.336643 22.1638 -10.5911 
-1.5953 0.875288 -0.0889208 0.161358 
0.279284 1.54646 1.65526 0.908463 
1.16867 -0.164126 1.82305 0.147136 
0.469648 0.525506 -0.0835747 -0.134462 
0.078127 -3.70052 190.413 1.76739 
0.550533 -0.591887 -0.227778 0.191144 
-1.05016 6.94876 -0.563335 1.33883 
9.13192 0.69936 -3.97385 -0.227033 
0.483704 0.0104791 1.8191 0.805067 
0.645629 0.0704567 25.1506 0.24841 
1.75589 0.633026 -1.73133 0.240743 
-0.314735 0.146121 0.894884 -1.33305 
-0.568365 0.698369 -1.45296 5.52179 
-0.0453597 -0.845489 -0.409785 -6.05222 
0.799695 4.58629 1.36407 9.89378 
0.0656034 -0.196284 -16.5811 4.05169 
-0.667006 -0.795227 -0.65592 0.0608341 
-0.581684 1.75634 2.77448 1.82445 
-3.75896 1.66492 0.577162 -6.0223 
-0.331182 -0.110277 -6.67172 -0.634435 
-2.96945 0.676053 1.11997 0.702011 
-1.36542 0.193314 0.285285 -0.487264 
0.665238 1.48032 -4.54709 -1.65792 
0.699376 1.43829 -0.338873 0.232769 
-1.65733 2.15189 0.189651 -2.0961 
1.15003 0.317381 -0.649795 0.465756 
-1.42937 1.10216 0.273251 -1.38385 
1.34761 -9.11691 -1.0199 0.881007 
0.0296742 3.29454 -0.0401679 0.150438 
-1.0077 -4.94481 2.19391 29.4789 
0.823317 0.813393 -2.59271 0.55066 
-0.757509 0.460408 -0.124376 2.23129 
1.6353 0.110093 -1.11137 2.32401 
-2.11736 -0.329926 0.168761 1.27077 
5.0058 0.0928529 -1.52237 -0.8061 
-0.681646 3.0327 28.2084 -1.31675 
-1.14086 0.529297 1.59034 -1.23239 
-3.09161 1.1345 1.92117 4.38975 
-0.759435 -1.02439 -0.632747 -0.422024 
0.943576 -1.77922 0.375106 0.760887 
-4.77283 -0.202254 -2.88874 -0.75213 
1.16869 3.21759 -0.777595 -0.896026 
1.03106 -1.76623 -16.4733 -0.513905 
1.46812 -5.72327 0.373753 -0.822597 
0.171636 -0.141686 1.53691 -1.30204 
-11.8222 2.17351 1.74863 1.71219 
1.00884 -0.859565 -0.0054894 -1.21521 
-0.620661 -12.1597 -0.294835 -1.22401 
-12.4155 -2.91363 1.53704 14.9493 
0.354272 -0.846628 1.45918 1.65071 
0.476781 -0.222763 -0.782939 1.95097 
0.701405 -4.07848 -1.27971 -1.15494 
1.04985 0.851372 -0.137831 -13.8081 
-3.59495 2.92167 -1.064 1.69559 
5.76703 -1.16131 -0.642421 0.752562 
-0.767546 1.02128 2.01871 -1.174 
0.163444 -2.22307 2.31611 6.25776 
-1.47868 -7.69406 -0.787005 -0.635215 
-1.04833 0.725567 2.44352 2.23146 
0.254275 2.83779 1.23079 5.81353 
3.83901 0.307042 -3.57618 -0.150048 
-0.442142 -2.72802 1.04444 0.489296 
-4.11487 0.273556 0.756158 0.49015 
-0.343371 -1.61554 0.460433 0.393938 
1.23294 3.5238 -13.7724 2.31108 
3.32808 2.49202 1.32756 0.972682 
-0.77755 -0.314026 0.479292 -1.52032 
0.0651117 0.0611358 1.77938 1.47782 
-0.453901 -0.356636 -0.984724 -3.78236 
2.13958 -0.272483 -20.879 2.66495 
-0.757208 1.95154 -1.66424 0.513225 
0.0743838 -14.0747 -5.35871 -0.710513 
26.1474 0.218248 -4.03009 0.923358 
-17.2194 -0.0625786 1.66515 -1.34543 
14.9338 0.598797 0.426736 -2.32299 
-10.7932 12.0427 0.404143 0.194903 
-2.05641 -0.672951 -0.0375735 1.88965 
0.0260952 0.114311 0.548468 -0.409109 
-12.17 1.78003 -1.58691 1.73646 
0.534547 0.650878 1.16299 1.43106 
0.426466 -27.1206 -20.6022 -0.161687 
165.486 1.83606 -0.253013 0.0638716 
0.68354 -2.49092 -1.14679 -2.52463 
0.329664 0.888042 -21.204 -0.0270507 
-14.3021 0.821129 0.194018 1.94396 
-1.81226 -0.869938 -1.51589 -0.182941 
0.744379 0.877716 -0.77101 -0.252386 
-1.02543 -0.525323 -26.5002 0.895808 
-0.485136 -9.49619 0.487932 -1.21247 
0.398839 0.305817 2.38145 -0.725465 
0.259059 2.37354 0.370121 -2.06721 
-0.208795 1.27585 0.414893 1.39871 
-0.51409 -5.07545 -1.32986 1.0639 
-0.930368 -0.987889 -3.38651 -0.144685 
0.266213 0.101196 9.69854 -2.49362 
0.299897 1.04778 -0.0619273 0.6094 
-1.70428 -0.62986 0.222512 0.613259 
60.2284 0.399571 -0.175512 1.60355 
15.3741 1.91644 -2.51515 1.40987 
-0.502855 -0.502437 1.0697 0.722241 
2.28901 -1.60062 -0.301934 -6.37021 
-2.65971 -2.46417 -2.24464 -0.0576901 
0.694569 6.29882 -1.71322 -1.14365 
0.202183 -23.7945 -2.33172 4.07654 
-0.67183 -3.79973 4.57607 1.47612 
0.0519684 0.624236 -0.0903006 0.180193 
-0.722285 1.51494 0.547061 0.0728756 
1.01557 -7.37771 5.92698 3.97728 
-9.84859 0.747175 -0.507784 -1.18298 
0.166969 -2.58323 -3.72236 -11.4466 
0.280633 0.725523 -28.5996 -1.59105 
-0.735811 0.278844 -8.02084 -0.34963 
0.600347 -1.4954 0.962031 1.03529 
-0.288873 3.47844 2.73428 0.667872 
-1.43108 0.431598 0.279132 -0.23443 
0.512529 6.85505 1.29621 58.248 
0.662092 0.703406 -0.0425764 -1.22456 
0.983397 1.30881 12.5562 -1.05006 
0.0766771 1.13977 -16.8716 2.09828 
-1.06561 49.8263 -0.926229 4.06296 
-0.373477 -0.863384 1.0225 0.667134 
-2.14554 1.08883 -39.6748 -9.06703 
-6.87724 0.528091 0.841187 -0.991684 
0.0989491 -2.80029 0.860806 -0.00981476 
-1.77544 -0.0106564 0.393907 -12.9949 
0.890491 -2.58744 1.89438 3.12644 
-245.947 -2.31109 -0.0526124 -0.255373 
12.6486 1.27717 0.487464 -0.825433 
-1.75063 -7.75376 -1.00886 -0.980277 
0.114321 0.345911 0.35508 0.345732 
0.400383 -1.13406 -5.14893 0.824067 
2.26934 -0.203172 14.4657 0.365816 
0.826917 1.56411 0.539029 0.0937416 
-448.575 0.154229 -18.9709 3.08929 
-2.71527 0.00440921 3.41897 -0.4025 
5.37107 1.2083 0.692945 -3.01914 
-0.162319 -0.424144 0.0101747 -0.414856 
-14.0155 -9.19185 2.24532 1.25494 
0.373032 -1.59468 -0.557393 -0.441716 
0.697645 0.562968 -9.10357 -1.60447 
-8.42161 1.283 -5.11357 3.56162 
-0.87386 -1.44507 0.391352 -4.20396 
-2.26128 -1.26316 1.49444 -0.0143085 
-3.37855 -1.94337 3.42706 -0.679579 
3.26741 -1.24167 -0.659888 -0.137899 
0.67335 -22.1471 -0.309889 0.682807 
-1.5197 4.27597 2.36805 -0.799627 
0.348161 -0.107161 0.229855 -4.46162 
-4.67472 0.0924559 7.48367 -1.0514 
-2.12978 -0.841528 0.396984 -4.90593 
3.73368 0.886291 0.547264 1.23987 
-7.94236 0.757915 2.90454 0.382083 
-13.7486 0.0650401 -1.52635 0.747843 
-0.245234 1.19533 0.705492 -0.19957 
-1.50224 0.447763 0.231683 -0.392114 
-72.736 -2.20845 5.20246 -16.7018 
2.43854 1.96078 0.966956 0.329928 
12.2369 -7.3779 5.39841 0.00849848 
-1.11764 1.90336 0.809103 0.76249 
-2.38083 1.75305 -0.590884 3.22048 
0.227263 5.38958 -0.0655417 -0.293901 
0.230422 -0.848752 -1.32622 -0.206346 
0.638111 1.48576 0.755649 9.26684 
-1.19724 0.255499 0.336163 -0.67386 
-0.487941 0.444794 -1.27129 2.02682 
3.50679 -0.492623 3.50331 -0.110614 
14.6305 -0.692003 -0.197419 -4.5699 
-1.88545 -1.3637 0.218887 -0.31591 
0.20668 14.8344 2.90271 -0.823649 
2.08475 0.0861454 -3.77895 -2.6663 
0.412433 0.299236 -2.78263 -24.5882 
0.0746146 -0.0812874 -5.24694 0.0271796 
0.482051 0.29193 2.35038 0.352995 
-0.732396 -1.5443 -0.801155 5.2972 
-0.371573 3.31807 0.74863 -7.09891 
-0.595886 0.637431 2.5236 -0.615649 
-12.671 -1.62058 -2.30314 -0.0187614 
-0.0120676 -1.63435 -0.488799 0.560956 
-2.2768 0.369726 -7.89201 -0.129542 
0.556645 -1.0924 0.498332 -1.65984 
5.64059 7.79919 -0.677105 0.109913 
-0.620289 0.973959 -2.16504 0.208931 
1.10513 -0.630272 -0.283677 1.45269 
-2.59343 -2.68113 -0.580307 -0.873536 
-0.72817 1.13368 0.886864 -0.0519286 
0.182983 0.427824 2.67062 -2.44634 
0.278382 -0.316956 -12.973 -0.131244 
2.05767 -5.13369 46.4217 -1.05963 
-5.30086 -0.539693 -0.657866 0.754537 
4.5437 -0.0482228 0.123939 -0.19839 
-2.7508 1.47997 -1.17902 -0.205888 
-0.23718 3.62483 -0.162078 -0.408199 
-123.516 -0.59543 -1.01683 0.196209 
0.683475 -0.391742 -0.162155 -3.07139 
-4.60157 -0.782853 2.24161 0.0676514 
0.712269 -1.66811 -1.3776 0.172038 
-0.434654 4.98886 0.520297 -0.116095 
-0.304429 -2.30601 0.307057 3.46484 
115.463 -2.58289 -0.404531 -0.79566 
0.0798293 2.74921 0.629925 -3.29216 
0.84604 -1.73446 -4.56677 -2.68725 
-0.579304 -1.34163 -0.748971 2.09669 
-9.24933 0.48199 10.1153 22.5246 
-0.0244794 -1.84128 0.793322 -0.0858961 
-0.779314 -0.390929 -1.65403 -0.850755 
-1.29876 -0.718735 1.24747 1.16879 
0.19875 -5.72741 -13.7114 -0.14491 
0.755344 -32.3274 0.436008 1.3104 
0.240047 -1.44161 -0.94326 -2.72184 
-0.120704 0.282107 -0.998336 -0.51062 
-34.0501 -4.20048 -8.54213 1.28984 
-3.87397 0.892325 -1.79881 5.15243 
-0.909988 -6.23657 -2.9871 0.420695 
1.72364 2.64717 6.65503 0.278942 
-3.14906 -3.26703 0.132634 -5.96702 
0.28522 0.347836 0.335805 0.461399 
-0.442167 3.98627 -0.28546 1.24338 
1.68833 6.90557 0.171008 0.440052 
-2.04414 -2.7886 1.30182 0.171283 
-5.7137 -0.156769 0.397817 -2.77269 
-0.857372 1.09161 2.48167 5.3798 
0.0756252 -6.74898 -99.2042 -0.219619 
1.26043 1.86013 11.5326 0.7604 
-0.296771 62.4798 0.210917 -1.13481 
0.942512 1.71978 0.62497 0.729724 
-0.231637 0.388931 -1.94837 -3.89158 
5.51478 0.268354 0.236301 0.568439 
0.734932 -0.25757 0.824611 -21.6565 
-0.0622557 0.330992 -1.08267 -6.30481 
1.0466 0.519517 -2.15001 0.513623 
-0.11958 -0.191658 -6.24552 -1.66853 
-0.254259 -0.491502 2.92097 -0.522362 
4.33059 0.234054 -0.528868 1.17041 
0.644046 -10.7291 0.818636 4.63658 
-1.62036 -0.204878 0.575096 55.7957 
1.00503 0.195304 -4.4419 -0.939847 
-1.43241 0.335721 -4.66029 -5.65147 
-0.656183 -0.840043 0.346454 0.00497459 
3.39603 10.3247 -0.481728 6.74584 
1.91575 2.47551 -3.48117 7.31651 
56.3447 -2.4229 -1.67596 0.879714 
0.261827 0.0361208 1.18204 -106.619 
-3.54203 -0.127791 0.696963 0.972984 
-0.787807 3.70096 2.04745 -0.254848 
0.417882 3.05624 1.38094 0.313037 
0.944411 0.0257752 8.26821 0.964174 
-1.57206 -0.684705 7.76353 0.719727 
-0.0719623 -4.68973 1.0885 -2.07915 
-0.458973 -0.22812 -0.334094 -4.41827 
0.140697 0.258009 -1.74146 -0.611988 
-0.614186 2.52058 7.02792 -0.554159 
1.69542 0.553898 -3.23939 4.247 
-11.7344 4.09494 0.610257 -1.23533 
1.13329 0.685295 -19.5652 1.87665 
0.672779 -1.34185 0.299298 -0.0619463 
-1.36576 0.935695 -2.1915 -0.142225 
-1.1469 -1.83868 0.847303 0.073356 
-0.257015 -0.241357 -2.09813 1.50156 
0.883854 -0.27739 -0.467859 -8.77138 
0.7358 0.263064 -2.51068 -3.34694 
1.1519 0.697579 4.28971 -6.55698 
-2.22991 1.57325 9.4936 4.68428 
-0.337459 4.69452 40.7725 -1.42861 
-0.701844 0.379916 1.06144 0.019145 
-5.20002 0.0478535 -6.1343 -0.127375 
0.00275038 -0.476913 5.21284 -2.35289 
-2.64851 0.321852 -0.779059 0.148197 
-0.440233 0.394573 -1.615 0.583864 
