           1           0           0           0
           1   0.0230664           0           0
           1   0.0461329           0           0
           1   0.0691993           0           0
           1   0.0922657           0           0
           1    0.115332           0           0
           1    0.138399           0           0
           1    0.161465           0           0
           1    0.184531           0           0
           1    0.207598           0           0
           1    0.230664           0           0
           1    0.253731           0           0
           1    0.276797           0           0
           1    0.299864           0           0
           1     0.32293           0           0
           1    0.345996           0           0
           1    0.369063           0           0
           1    0.392129           0           0
           1    0.415196           0           0
           1    0.438262           0           0
           1    0.461329           0           0
           1    0.484395           0           0
           1    0.507461           0           0
           1    0.530528           0           0
           1    0.553594           0           0
           1    0.576661           0           0
           1    0.599727           0           0
           1    0.622794           0           0
           1     0.64586           0           0
           1    0.668926           0           0
           1    0.691993           0           0
           1    0.715059           0           0
           1    0.738126           0           0
           1    0.761192           0           0
           1    0.784259           0           0
           1    0.807325           0           0
           1    0.830391           0           0
           1    0.853458           0           0
           1    0.876524 5.30212e-05           0
           1    0.899591  0.00341261           0
           1    0.922657   0.0472659           0
           1    0.945724     0.29232           0
           1     0.96879     1.01015           0
           1    0.991856     2.24673           0
           1     1.01492     3.62526           0
           1     1.03799     4.62077           0
           1     1.06106     4.89101           0
           1     1.08412     4.48616           0
           1     1.10719      3.6578           0
           1     1.13026     2.69017           0
           1     1.15332     1.81303           0
           1     1.17639     1.13115           0
           1     1.19945    0.657203           0
           1     1.22252    0.353611           0
           1     1.24559    0.180972           0
           1     1.26865   0.0903781           0
           1     1.29172   0.0503539           0
           1     1.31479   0.0430606           0
           1     1.33785   0.0613238           0
           1     1.36092    0.107083           0
           1     1.38399    0.184103           0
           1     1.40705    0.300232           0
           1     1.43012    0.452985           0
           1     1.45319    0.627955           0
           1     1.47625    0.797309           0
           1     1.49932    0.921141           0
           1     1.52238     0.96825           0
           1     1.54545    0.928795           0
           1     1.56852    0.807477           0
           1     1.59158    0.640039           0
           1     1.61465    0.466859           0
           1     1.63772    0.317272           0
           1     1.66078    0.221146           0
           1     1.68385    0.192905           0
           1     1.70692    0.257179           0
           1     1.72998    0.435944           0
           1     1.75305    0.751457           0
           1     1.77612     1.19834           0
           1     1.79918      1.7268           0
           1     1.82225     2.23647           0
           1     1.84531     2.59558           0
           1     1.86838     2.70827           0
           1     1.89145     2.55297           0
           1     1.91451     2.17845           0
           1     1.93758     1.68793           0
           1     1.96065     1.19917           0
           1     1.98371    0.803313           0
           1     2.00678    0.545082           0
           1     2.02985     0.43709           0
           1     2.05291    0.463317           0
           1     2.07598    0.588604           0
           1     2.09905    0.759567           0
           1     2.12211    0.916796           0
           1     2.14518     1.01342           0
           1     2.16824     1.01945           0
           1     2.19131    0.918408           0
           1     2.21438    0.780335           0
           1     2.23744    0.655476           0
           1     2.26051    0.573716           0
           1     2.28358    0.573885           0
           2           0           0           0
           2   0.0230664           0           0
           2   0.0461329           0           0
           2   0.0691993           0           0
           2   0.0922657           0           0
           2    0.115332           0           0
           2    0.138399           0           0
           2    0.161465           0           0
           2    0.184531           0           0
           2    0.207598           0           0
           2    0.230664           0           0
           2    0.253731           0           0
           2    0.276797           0           0
           2    0.299864           0           0
           2     0.32293           0           0
           2    0.345996           0           0
           2    0.369063           0           0
           2    0.392129           0           0
           2    0.415196           0           0
           2    0.438262           0           0
           2    0.461329           0           0
           2    0.484395           0           0
           2    0.507461           0           0
           2    0.530528           0           0
           2    0.553594           0           0
           2    0.576661           0           0
           2    0.599727           0           0
           2    0.622794           0           0
           2     0.64586           0           0
           2    0.668926           0           0
           2    0.691993           0           0
           2    0.715059           0           0
           2    0.738126           0           0
           2    0.761192           0           0
           2    0.784259           0           0
           2    0.807325           0           0
           2    0.830391           0           0
           2    0.853458           0           0
           2    0.876524 6.48036e-05 1.17825e-05
           2    0.899591  0.00328389 0.000128725
           2    0.922657   0.0470423 0.000223599
           2    0.945724    0.291716 0.000604636
           2     0.96879     1.00597  0.00418066
           2    0.991856     2.24221  0.00451791
           2     1.01492     3.62731  0.00204061
           2     1.03799     4.62217  0.00140039
           2     1.06106     4.89612  0.00511185
           2     1.08412     4.48994  0.00377842
           2     1.10719     3.65886  0.00105896
           2     1.13026     2.69192  0.00174944
           2     1.15332     1.81466  0.00162605
           2     1.17639     1.12979   0.0013635
           2     1.19945    0.654555  0.00264787
           2     1.22252    0.352647 0.000964094
           2     1.24559    0.180112 0.000859583
           2     1.26865   0.0896409 0.000737103
           2     1.29172   0.0498841  0.00046983
           2     1.31479   0.0428252 0.000235399
           2     1.33785   0.0608795 0.000444315
           2     1.36092    0.105846  0.00123703
           2     1.38399    0.183257  0.00084606
           2     1.40705    0.299912 0.000320351
           2     1.43012    0.452598 0.000387029
           2     1.45319    0.627978 2.35519e-05
           2     1.47625     0.79787 0.000560973
           2     1.49932    0.922455  0.00131389
           2     1.52238    0.970685  0.00243456
           2     1.54545    0.929719 0.000923574
           2     1.56852     0.80864  0.00116224
           2     1.59158    0.640439 0.000399999
           2     1.61465    0.466305 0.000553449
           2     1.63772    0.316491 0.000781065
           2     1.66078    0.219789  0.00135693
           2     1.68385    0.192068 0.000836732
           2     1.70692    0.255375  0.00180408
           2     1.72998    0.433389  0.00255572
           2     1.75305    0.749774  0.00168356
           2     1.77612     1.19804 0.000293148
           2     1.79918     1.72755 0.000748241
           2     1.82225     2.23726 0.000793612
           2     1.84531     2.59738  0.00180627
           2     1.86838     2.71218  0.00391522
           2     1.89145     2.55592  0.00294794
           2     1.91451     2.17992  0.00146995
           2     1.93758     1.68813  0.00020562
           2     1.96065     1.20014 0.000967759
           2     1.98371    0.801929  0.00138406
           2     2.00678    0.542919  0.00216314
           2     2.02985    0.434517  0.00257334
           2     2.05291    0.462063  0.00125358
           2     2.07598    0.587183  0.00142049
           2     2.09905    0.759108 0.000458682
           2     2.12211    0.917164 0.000368317
           2     2.14518       1.014 0.000587233
           2     2.16824      1.0215  0.00205024
           2     2.19131    0.919903  0.00149563
           2     2.21438    0.781141 0.000806009
           2     2.23744     0.65416  0.00131593
           2     2.26051    0.572168  0.00154745
           2     2.28358     0.57202  0.00186503
           3           0           0           0
           3   0.0230664           0           0
           3   0.0461329           0           0
           3   0.0691993           0           0
           3   0.0922657           0           0
           3    0.115332           0           0
           3    0.138399           0           0
           3    0.161465           0           0
           3    0.184531           0           0
           3    0.207598           0           0
           3    0.230664           0           0
           3    0.253731           0           0
           3    0.276797           0           0
           3    0.299864           0           0
           3     0.32293           0           0
           3    0.345996           0           0
           3    0.369063           0           0
           3    0.392129           0           0
           3    0.415196           0           0
           3    0.438262           0           0
           3    0.461329           0           0
           3    0.484395           0           0
           3    0.507461           0           0
           3    0.530528           0           0
           3    0.553594           0           0
           3    0.576661           0           0
           3    0.599727           0           0
           3    0.622794           0           0
           3     0.64586           0           0
           3    0.668926           0           0
           3    0.691993           0           0
           3    0.715059           0           0
           3    0.738126           0           0
           3    0.761192           0           0
           3    0.784259           0           0
           3    0.807325           0           0
           3    0.830391           0           0
           3    0.853458           0           0
           3    0.876524 6.87311e-05 7.85499e-06
           3    0.899591  0.00329741 7.55402e-05
           3    0.922657   0.0471643 0.000177624
           3    0.945724    0.292323 0.000700004
           3     0.96879     1.00658  0.00248949
           3    0.991856     2.24229  0.00260948
           3     1.01492     3.62625  0.00158346
           3     1.03799     4.62326  0.00135658
           3     1.06106     4.89552  0.00301038
           3     1.08412     4.48839  0.00267704
           3     1.10719     3.65896 0.000619354
           3     1.13026     2.69123  0.00122092
           3     1.15332     1.81473 0.000941455
           3     1.17639     1.13062  0.00114882
           3     1.19945    0.655047  0.00160609
           3     1.22252    0.352681 0.000557631
           3     1.24559    0.180327 0.000540651
           3     1.26865     0.08952 0.000442423
           3     1.29172   0.0498857 0.000271261
           3     1.31479   0.0425319 0.000323246
           3     1.33785   0.0607903 0.000271593
           3     1.36092    0.105728 0.000723946
           3     1.38399    0.183639 0.000619997
           3     1.40705    0.300109 0.000270232
           3     1.43012     0.45249 0.000248002
           3     1.45319    0.627868 0.000110657
           3     1.47625    0.797777 0.000337176
           3     1.49932    0.922463  0.00075862
           3     1.52238    0.971303  0.00153545
           3     1.54545    0.929895 0.000561549
           3     1.56852    0.808294 0.000754904
           3     1.59158    0.640363 0.000243291
           3     1.61465      0.4657 0.000684575
           3     1.63772    0.316587 0.000461041
           3     1.66078    0.219684 0.000790351
           3     1.68385     0.19204  0.00048388
           3     1.70692    0.255568   0.0010594
           3     1.72998     0.43394  0.00157534
           3     1.75305    0.749526  0.00100298
           3     1.77612     1.19843 0.000423879
           3     1.79918     1.72775 0.000473666
           3     1.82225     2.23692 0.000569165
           3     1.84531     2.59815   0.0012953
           3     1.86838     2.71228  0.00226241
           3     1.89145     2.55451  0.00221107
           3     1.91451     2.17974 0.000867556
           3     1.93758     1.68798 0.000197323
           3     1.96065     1.20015 0.000558835
           3     1.98371    0.802034 0.000806018
           3     2.00678    0.542985  0.00125061
           3     2.02985    0.434767   0.0015067
           3     2.05291    0.462455 0.000822951
           3     2.07598    0.587458 0.000864911
           3     2.09905    0.758798 0.000408079
           3     2.12211    0.917339 0.000275124
           3     2.14518     1.01384 0.000378317
           3     2.16824      1.0212  0.00122099
           3     2.19131    0.919841   0.0008657
           3     2.21438    0.780936 0.000508589
           3     2.23744    0.654278 0.000768929
           3     2.26051    0.572319 0.000905962
           3     2.28358    0.572537  0.00119465
           4           0           0           0
           4   0.0230664           0           0
           4   0.0461329           0           0
           4   0.0691993           0           0
           4   0.0922657           0           0
           4    0.115332           0           0
           4    0.138399           0           0
           4    0.161465           0           0
           4    0.184531           0           0
           4    0.207598           0           0
           4    0.230664           0           0
           4    0.253731           0           0
           4    0.276797           0           0
           4    0.299864           0           0
           4     0.32293           0           0
           4    0.345996           0           0
           4    0.369063           0           0
           4    0.392129           0           0
           4    0.415196           0           0
           4    0.438262           0           0
           4    0.461329           0           0
           4    0.484395           0           0
           4    0.507461           0           0
           4    0.530528           0           0
           4    0.553594           0           0
           4    0.576661           0           0
           4    0.599727           0           0
           4    0.622794           0           0
           4     0.64586           0           0
           4    0.668926           0           0
           4    0.691993           0           0
           4    0.715059           0           0
           4    0.738126           0           0
           4    0.761192           0           0
           4    0.784259           0           0
           4    0.807325           0           0
           4    0.830391           0           0
           4    0.853458           0           0
           4    0.876524 7.76907e-05 1.05416e-05
           4    0.899591  0.00333461 6.50894e-05
           4    0.922657   0.0472316 0.000142505
           4    0.945724     0.29295 0.000799269
           4     0.96879     1.00678  0.00177088
           4    0.991856     2.24299  0.00197477
           4     1.01492     3.62559  0.00129813
           4     1.03799     4.62156  0.00194841
           4     1.06106     4.89578  0.00214386
           4     1.08412     4.48861  0.00190553
           4     1.10719     3.65811 0.000955006
           4     1.13026     2.69077 0.000978803
           4     1.15332       1.815 0.000719867
           4     1.17639      1.1306 0.000812665
           4     1.19945    0.655398  0.00118867
           4     1.22252    0.353309 0.000741458
           4     1.24559    0.180599 0.000469122
           4     1.26865    0.089605  0.00032418
           4     1.29172   0.0499875 0.000217171
           4     1.31479    0.042555 0.000229729
           4     1.33785   0.0608927 0.000217659
           4     1.36092    0.106085 0.000624213
           4     1.38399      0.1841 0.000636142
           4     1.40705    0.300583 0.000511186
           4     1.43012    0.453144 0.000676329
           4     1.45319    0.627815  9.4743e-05
           4     1.47625    0.797154 0.000667006
           4     1.49932    0.921702 0.000931342
           4     1.52238    0.970145  0.00158726
           4     1.54545    0.928814  0.00115171
           4     1.56852    0.808108 0.000565259
           4     1.59158    0.640702 0.000380271
           4     1.61465    0.465973 0.000555757
           4     1.63772    0.316983 0.000513351
           4     1.66078    0.219935 0.000612473
           4     1.68385    0.192352 0.000463172
           4     1.70692    0.256032 0.000881125
           4     1.72998    0.434437  0.00121941
           4     1.75305    0.749964  0.00083354
           4     1.77612     1.19888 0.000536547
           4     1.79918     1.72832 0.000664108
           4     1.82225     2.23616 0.000865961
           4     1.84531     2.59715  0.00135842
           4     1.86838     2.71097  0.00206404
           4     1.89145     2.55323   0.0020166
           4     1.91451     2.17919 0.000820244
           4     1.93758     1.68837 0.000422486
           4     1.96065      1.2007 0.000677159
           4     1.98371    0.802707 0.000881956
           4     2.00678    0.543488  0.00101761
           4     2.02985    0.435281  0.00118282
           4     2.05291    0.462624 0.000605978
           4     2.07598    0.587542 0.000617324
           4     2.09905    0.758832 0.000290638
           4     2.12211    0.917314  0.00019606
           4     2.14518     1.01382 0.000268115
           4     2.16824     1.02086 0.000926651
           4     2.19131    0.919818 0.000612604
           4     2.21438    0.781062 0.000380936
           4     2.23744    0.654517 0.000593778
           4     2.26051    0.572861 0.000839372
           4     2.28358    0.573348  0.00117104
           5           0           0           0
           5   0.0230664           0           0
           5   0.0461329           0           0
           5   0.0691993           0           0
           5   0.0922657           0           0
           5    0.115332           0           0
           5    0.138399           0           0
           5    0.161465           0           0
           5    0.184531           0           0
           5    0.207598           0           0
           5    0.230664           0           0
           5    0.253731           0           0
           5    0.276797           0           0
           5    0.299864           0           0
           5     0.32293           0           0
           5    0.345996           0           0
           5    0.369063           0           0
           5    0.392129           0           0
           5    0.415196           0           0
           5    0.438262           0           0
           5    0.461329           0           0
           5    0.484395           0           0
           5    0.507461           0           0
           5    0.530528           0           0
           5    0.553594           0           0
           5    0.576661           0           0
           5    0.599727           0           0
           5    0.622794           0           0
           5     0.64586           0           0
           5    0.668926           0           0
           5    0.691993           0           0
           5    0.715059           0           0
           5    0.738126           0           0
           5    0.761192           0           0
           5    0.784259           0           0
           5    0.807325           0           0
           5    0.830391           0           0
           5    0.853458           0           0
           5    0.876524 7.92372e-05 8.31062e-06
           5    0.899591  0.00330795 5.70301e-05
           5    0.922657   0.0471035 0.000169101
           5    0.945724     0.29261  0.00070628
           5     0.96879     1.00666  0.00137627
           5    0.991856     2.24259  0.00158015
           5     1.01492     3.62445  0.00151781
           5     1.03799     4.62028  0.00197956
           5     1.06106     4.89746  0.00236071
           5     1.08412     4.49003  0.00204843
           5     1.10719     3.65863 0.000900856
           5     1.13026     2.69245  0.00183766
           5     1.15332     1.81553 0.000765463
           5     1.17639     1.13031  0.00069442
           5     1.19945    0.654379  0.00137315
           5     1.22252    0.353203 0.000583903
           5     1.24559    0.180026 0.000678173
           5     1.26865   0.0894691 0.000285493
           5     1.29172   0.0497525 0.000289018
           5     1.31479   0.0424288 0.000218127
           5     1.33785   0.0607641 0.000212068
           5     1.36092    0.106085 0.000483514
           5     1.38399    0.183998 0.000503114
           5     1.40705    0.300663 0.000404038
           5     1.43012     0.45311 0.000524952
           5     1.45319    0.627912 0.000121652
           5     1.47625    0.797001 0.000538763
           5     1.49932    0.921646  0.00072354
           5     1.52238    0.970191  0.00123035
           5     1.54545      0.9294  0.00106754
           5     1.56852    0.808085 0.000438432
           5     1.59158    0.640969 0.000397516
           5     1.61465    0.465936 0.000432053
           5     1.63772    0.316887 0.000409029
           5     1.66078    0.219743  0.00051182
           5     1.68385     0.19228 0.000365936
           5     1.70692    0.255542 0.000840293
           5     1.72998    0.433824  0.00112604
           5     1.75305    0.749517 0.000785495
           5     1.77612     1.19824 0.000757156
           5     1.79918     1.72793 0.000647038
           5     1.82225     2.23585 0.000739057
           5     1.84531     2.59756    0.001131
           5     1.86838     2.71206  0.00193154
           5     1.89145     2.55555  0.00279203
           5     1.91451     2.18021  0.00119876
           5     1.93758     1.68891 0.000629133
           5     1.96065     1.20036 0.000625459
           5     1.98371      0.8023 0.000795218
           5     2.00678    0.542776  0.00106266
           5     2.02985    0.434535  0.00118167
           5     2.05291     0.46212 0.000688441
           5     2.07598    0.587224 0.000574139
           5     2.09905    0.758641 0.000295341
           5     2.12211    0.917131 0.000238012
           5     2.14518      1.0142 0.000430047
           5     2.16824     1.02158  0.00101945
           5     2.19131    0.920006 0.000510567
           5     2.21438    0.781109 0.000298837
           5     2.23744    0.654428 0.000468366
           5     2.26051     0.57258 0.000708408
           5     2.28358    0.572923   0.0010017
           6           0           0           0
           6   0.0230664           0           0
           6   0.0461329           0           0
           6   0.0691993           0           0
           6   0.0922657           0           0
           6    0.115332           0           0
           6    0.138399           0           0
           6    0.161465           0           0
           6    0.184531           0           0
           6    0.207598           0           0
           6    0.230664           0           0
           6    0.253731           0           0
           6    0.276797           0           0
           6    0.299864           0           0
           6     0.32293           0           0
           6    0.345996           0           0
           6    0.369063           0           0
           6    0.392129           0           0
           6    0.415196           0           0
           6    0.438262           0           0
           6    0.461329           0           0
           6    0.484395           0           0
           6    0.507461           0           0
           6    0.530528           0           0
           6    0.553594           0           0
           6    0.576661           0           0
           6    0.599727           0           0
           6    0.622794           0           0
           6     0.64586           0           0
           6    0.668926           0           0
           6    0.691993           0           0
           6    0.715059           0           0
           6    0.738126           0           0
           6    0.761192           0           0
           6    0.784259           0           0
           6    0.807325           0           0
           6    0.830391           0           0
           6    0.853458           0           0
           6    0.876524 7.56042e-05 7.69691e-06
           6    0.899591  0.00329112 4.95154e-05
           6    0.922657   0.0470052  0.00016947
           6    0.945724    0.292461 0.000595736
           6     0.96879     1.00627  0.00119176
           6    0.991856     2.24269  0.00129372
           6     1.01492     3.62476  0.00127612
           6     1.03799     4.61954  0.00177769
           6     1.06106     4.89754  0.00192944
           6     1.08412     4.49071   0.0018072
           6     1.10719     3.65905 0.000848285
           6     1.13026     2.69314  0.00165453
           6     1.15332     1.81542 0.000633351
           6     1.17639     1.13021 0.000576198
           6     1.19945    0.654049  0.00116895
           6     1.22252    0.353132 0.000482044
           6     1.24559    0.179768 0.000610679
           6     1.26865   0.0894998 0.000235109
           6     1.29172   0.0497266 0.000237404
           6     1.31479    0.042446 0.000178924
           6     1.33785   0.0606293 0.000219421
           6     1.36092    0.106067 0.000395159
           6     1.38399    0.183981  0.00041116
           6     1.40705    0.300765 0.000345155
           6     1.43012    0.453337 0.000484769
           6     1.45319    0.628154 0.000262007
           6     1.47625    0.796854 0.000463684
           6     1.49932    0.921735 0.000597396
           6     1.52238    0.970058   0.0010134
           6     1.54545    0.929063 0.000934647
           6     1.56852    0.807855 0.000425807
           6     1.59158    0.640838 0.000350083
           6     1.61465    0.466092  0.00038556
           6     1.63772    0.317113 0.000403048
           6     1.66078    0.219877 0.000438787
           6     1.68385    0.192065 0.000368064
           6     1.70692    0.255115 0.000807851
           6     1.72998    0.433779 0.000920496
           6     1.75305    0.749321 0.000670624
           6     1.77612      1.1982 0.000619388
           6     1.79918     1.72779 0.000546497
           6     1.82225     2.23617 0.000682593
           6     1.84531     2.59755 0.000923504
           6     1.86838     2.71303  0.00185029
           6     1.89145     2.55626  0.00238732
           6     1.91451     2.18031  0.00098425
           6     1.93758     1.68866 0.000572764
           6     1.96065     1.20019 0.000538328
           6     1.98371    0.801828  0.00080312
           6     2.00678    0.542676 0.000873422
           6     2.02985    0.434404 0.000973569
           6     2.05291    0.461961 0.000584164
           6     2.07598    0.587085 0.000489068
           6     2.09905    0.758569 0.000251861
           6     2.12211    0.917316 0.000268451
           6     2.14518     1.01428 0.000360624
           6     2.16824     1.02167 0.000836712
           6     2.19131    0.920148 0.000440379
           6     2.21438     0.78124 0.000276926
           6     2.23744    0.654413 0.000382736
           6     2.26051    0.572469  0.00058899
           6     2.28358    0.572944 0.000818141
           7           0           0           0
           7   0.0230664           0           0
           7   0.0461329           0           0
           7   0.0691993           0           0
           7   0.0922657           0           0
           7    0.115332           0           0
           7    0.138399           0           0
           7    0.161465           0           0
           7    0.184531           0           0
           7    0.207598           0           0
           7    0.230664           0           0
           7    0.253731           0           0
           7    0.276797           0           0
           7    0.299864           0           0
           7     0.32293           0           0
           7    0.345996           0           0
           7    0.369063           0           0
           7    0.392129           0           0
           7    0.415196           0           0
           7    0.438262           0           0
           7    0.461329           0           0
           7    0.484395           0           0
           7    0.507461           0           0
           7    0.530528           0           0
           7    0.553594           0           0
           7    0.576661           0           0
           7    0.599727           0           0
           7    0.622794           0           0
           7     0.64586           0           0
           7    0.668926           0           0
           7    0.691993           0           0
           7    0.715059           0           0
           7    0.738126           0           0
           7    0.761192           0           0
           7    0.784259           0           0
           7    0.807325           0           0
           7    0.830391           0           0
           7    0.853458           0           0
           7    0.876524 7.19573e-05 7.45763e-06
           7    0.899591  0.00328669  4.2082e-05
           7    0.922657   0.0472106 0.000250336
           7    0.945724    0.293152 0.000855473
           7     0.96879     1.00716  0.00134552
           7    0.991856     2.24335  0.00127917
           7     1.01492     3.62481  0.00107973
           7     1.03799     4.61872  0.00170917
           7     1.06106     4.89653  0.00191838
           7     1.08412     4.48978  0.00179158
           7     1.10719     3.65742  0.00178416
           7     1.13026     2.69267  0.00147597
           7     1.15332     1.81585 0.000681425
           7     1.17639     1.13101 0.000940428
           7     1.19945    0.654383  0.00104295
           7     1.22252    0.353427 0.000503171
           7     1.24559     0.17997 0.000554253
           7     1.26865   0.0896591 0.000254665
           7     1.29172   0.0497882 0.000209909
           7     1.31479   0.0425398  0.00017797
           7     1.33785   0.0607721 0.000234039
           7     1.36092    0.106156 0.000345484
           7     1.38399     0.18429 0.000464982
           7     1.40705    0.300905 0.000323577
           7     1.43012    0.453347 0.000409846
           7     1.45319    0.628255 0.000243356
           7     1.47625    0.796677 0.000430119
           7     1.49932    0.921378 0.000618233
           7     1.52238    0.969581 0.000979999
           7     1.54545    0.928685  0.00087565
           7     1.56852    0.807889 0.000361517
           7     1.59158    0.640865 0.000297142
           7     1.61465    0.466047  0.00032893
           7     1.63772    0.317236 0.000362095
           7     1.66078    0.220027 0.000400082
           7     1.68385    0.192393 0.000451556
           7     1.70692    0.255442 0.000756767
           7     1.72998    0.434262 0.000915661
           7     1.75305    0.749846 0.000772469
           7     1.77612     1.19867 0.000703535
           7     1.79918     1.72737 0.000623737
           7     1.82225     2.23595 0.000616015
           7     1.84531     2.59676  0.00110952
           7     1.86838     2.71237  0.00169453
           7     1.89145     2.55577  0.00207647
           7     1.91451     2.17982 0.000967914
           7     1.93758     1.68858 0.000491218
           7     1.96065     1.20032 0.000473911
           7     1.98371    0.802249 0.000798592
           7     2.00678    0.543009 0.000810219
           7     2.02985    0.434837 0.000929796
           7     2.05291    0.462235 0.000564529
           7     2.07598    0.587434 0.000541347
           7     2.09905    0.758539 0.000214854
           7     2.12211    0.917156 0.000277737
           7     2.14518     1.01407 0.000370123
           7     2.16824     1.02124 0.000829422
           7     2.19131     0.92001 0.000396802
           7     2.21438    0.781179 0.000241902
           7     2.23744    0.654593  0.00037008
           7     2.26051    0.572809 0.000603054
           7     2.28358    0.573254 0.000757567
           8           0           0           0
           8   0.0230664           0           0
           8   0.0461329           0           0
           8   0.0691993           0           0
           8   0.0922657           0           0
           8    0.115332           0           0
           8    0.138399           0           0
           8    0.161465           0           0
           8    0.184531           0           0
           8    0.207598           0           0
           8    0.230664           0           0
           8    0.253731           0           0
           8    0.276797           0           0
           8    0.299864           0           0
           8     0.32293           0           0
           8    0.345996           0           0
           8    0.369063           0           0
           8    0.392129           0           0
           8    0.415196           0           0
           8    0.438262           0           0
           8    0.461329           0           0
           8    0.484395           0           0
           8    0.507461           0           0
           8    0.530528           0           0
           8    0.553594           0           0
           8    0.576661           0           0
           8    0.599727           0           0
           8    0.622794           0           0
           8     0.64586           0           0
           8    0.668926           0           0
           8    0.691993           0           0
           8    0.715059           0           0
           8    0.738126           0           0
           8    0.761192           0           0
           8    0.784259           0           0
           8    0.807325           0           0
           8    0.830391           0           0
           8    0.853458           0           0
           8    0.876524 7.17995e-05 6.46043e-06
           8    0.899591  0.00329596 3.76045e-05
           8    0.922657   0.0472504 0.000220431
           8    0.945724    0.293265 0.000749418
           8     0.96879     1.00684  0.00120712
           8    0.991856     2.24378   0.0011889
           8     1.01492     3.62482 0.000935159
           8     1.03799     4.61872  0.00148019
           8     1.06106     4.89537  0.00202552
           8     1.08412     4.48983  0.00155255
           8     1.10719     3.65683  0.00165227
           8     1.13026     2.69346  0.00150497
           8     1.15332      1.8163 0.000744809
           8     1.17639     1.13133 0.000873709
           8     1.19945    0.654368 0.000903341
           8     1.22252    0.353482 0.000439123
           8     1.24559    0.179946 0.000480622
           8     1.26865   0.0895195 0.000261008
           8     1.29172    0.049712 0.000197127
           8     1.31479   0.0425366 0.000154161
           8     1.33785   0.0608449 0.000215358
           8     1.36092    0.106176 0.000299887
           8     1.38399    0.184304 0.000402943
           8     1.40705    0.300901 0.000280247
           8     1.43012    0.453597 0.000433708
           8     1.45319    0.628352 0.000231984
           8     1.47625    0.796681 0.000372515
           8     1.49932    0.920996 0.000657575
           8     1.52238    0.969263  0.00090644
           8     1.54545    0.928583 0.000765186
           8     1.56852    0.807893 0.000313107
           8     1.59158    0.640963 0.000275329
           8     1.61465    0.466075 0.000286242
           8     1.63772    0.317305 0.000321059
           8     1.66078    0.220087 0.000351569
           8     1.68385    0.192615 0.000449678
           8     1.70692    0.255543 0.000663077
           8     1.72998    0.434455 0.000816078
           8     1.75305    0.749853 0.000669011
           8     1.77612     1.19871 0.000610046
           8     1.79918     1.72717 0.000574036
           8     1.82225     2.23539 0.000772992
           8     1.84531     2.59666 0.000965919
           8     1.86838     2.71219  0.00147858
           8     1.89145     2.55581  0.00179879
           8     1.91451     2.17989 0.000841152
           8     1.93758     1.68876 0.000464789
           8     1.96065     1.20051 0.000449168
           8     1.98371    0.802393 0.000706463
           8     2.00678    0.543131 0.000712069
           8     2.02985    0.434886 0.000806664
           8     2.05291    0.462224 0.000489025
           8     2.07598     0.58733  0.00048026
           8     2.09905    0.758517 0.000187375
           8     2.12211     0.91704 0.000267247
           8     2.14518     1.01389 0.000366874
           8     2.16824     1.02129 0.000720601
           8     2.19131    0.920081 0.000350711
           8     2.21438    0.781355 0.000273691
           8     2.23744     0.65459 0.000320508
           8     2.26051    0.572732  0.00052783
           8     2.28358    0.573464 0.000688921
           9           0           0           0
           9   0.0230664           0           0
           9   0.0461329           0           0
           9   0.0691993           0           0
           9   0.0922657           0           0
           9    0.115332           0           0
           9    0.138399           0           0
           9    0.161465           0           0
           9    0.184531           0           0
           9    0.207598           0           0
           9    0.230664           0           0
           9    0.253731           0           0
           9    0.276797           0           0
           9    0.299864           0           0
           9     0.32293           0           0
           9    0.345996           0           0
           9    0.369063           0           0
           9    0.392129           0           0
           9    0.415196           0           0
           9    0.438262           0           0
           9    0.461329           0           0
           9    0.484395           0           0
           9    0.507461           0           0
           9    0.530528           0           0
           9    0.553594           0           0
           9    0.576661           0           0
           9    0.599727           0           0
           9    0.622794           0           0
           9     0.64586           0           0
           9    0.668926           0           0
           9    0.691993           0           0
           9    0.715059           0           0
           9    0.738126           0           0
           9    0.761192           0           0
           9    0.784259           0           0
           9    0.807325           0           0
           9    0.830391           0           0
           9    0.853458           0           0
           9    0.876524 6.93857e-05 6.18777e-06
           9    0.899591  0.00328373  3.5345e-05
           9    0.922657   0.0473348 0.000211927
           9    0.945724    0.293103 0.000680528
           9     0.96879     1.00671  0.00107303
           9    0.991856     2.24326  0.00117254
           9     1.01492     3.62533 0.000966891
           9     1.03799     4.61891  0.00131814
           9     1.06106      4.8953  0.00178778
           9     1.08412     4.49045  0.00150277
           9     1.10719     3.65658  0.00147878
           9     1.13026     2.69364  0.00133904
           9     1.15332     1.81614 0.000677302
           9     1.17639     1.13122 0.000777244
           9     1.19945    0.654403 0.000797432
           9     1.22252    0.353451 0.000388511
           9     1.24559    0.179933 0.000424054
           9     1.26865   0.0894619 0.000237288
           9     1.29172   0.0496626 0.000180738
           9     1.31479   0.0424489  0.00016175
           9     1.33785   0.0607882 0.000198217
           9     1.36092    0.106175 0.000264477
           9     1.38399    0.184224  0.00036427
           9     1.40705    0.300794 0.000269478
           9     1.43012    0.453687 0.000393046
           9     1.45319     0.62838 0.000206523
           9     1.47625    0.796742  0.00033421
           9     1.49932    0.921079 0.000585775
           9     1.52238    0.969288 0.000799778
           9     1.54545    0.928735 0.000691731
           9     1.56852    0.807958 0.000283793
           9     1.59158    0.641033 0.000252588
           9     1.61465    0.466129 0.000258162
           9     1.63772    0.317209 0.000298763
           9     1.66078    0.219959 0.000335226
           9     1.68385    0.192442 0.000432542
           9     1.70692    0.255382 0.000606323
           9     1.72998    0.434203 0.000762361
           9     1.75305    0.749804 0.000591965
           9     1.77612     1.19864 0.000542043
           9     1.79918     1.72718 0.000506254
           9     1.82225      2.2357 0.000749623
           9     1.84531      2.5969 0.000884486
           9     1.86838     2.71229  0.00130802
           9     1.89145     2.55604  0.00160375
           9     1.91451     2.17993  0.00074296
           9     1.93758     1.68917 0.000575838
           9     1.96065     1.20029 0.000452178
           9     1.98371    0.802336 0.000625646
           9     2.00678       0.543 0.000641542
           9     2.02985    0.434748 0.000724627
           9     2.05291    0.462054 0.000463547
           9     2.07598    0.587172 0.000451983
           9     2.09905    0.758415 0.000194203
           9     2.12211    0.917153 0.000261583
           9     2.14518     1.01396 0.000331921
           9     2.16824     1.02136 0.000639162
           9     2.19131    0.920067 0.000309573
           9     2.21438    0.781392 0.000244115
           9     2.23744    0.654487 0.000301032
           9     2.26051    0.572606 0.000482322
           9     2.28358    0.573391 0.000611954
          10           0           0           0
          10   0.0230664           0           0
          10   0.0461329           0           0
          10   0.0691993           0           0
          10   0.0922657           0           0
          10    0.115332           0           0
          10    0.138399           0           0
          10    0.161465           0           0
          10    0.184531           0           0
          10    0.207598           0           0
          10    0.230664           0           0
          10    0.253731           0           0
          10    0.276797           0           0
          10    0.299864           0           0
          10     0.32293           0           0
          10    0.345996           0           0
          10    0.369063           0           0
          10    0.392129           0           0
          10    0.415196           0           0
          10    0.438262           0           0
          10    0.461329           0           0
          10    0.484395           0           0
          10    0.507461           0           0
          10    0.530528           0           0
          10    0.553594           0           0
          10    0.576661           0           0
          10    0.599727           0           0
          10    0.622794           0           0
          10     0.64586           0           0
          10    0.668926           0           0
          10    0.691993           0           0
          10    0.715059           0           0
          10    0.738126           0           0
          10    0.761192           0           0
          10    0.784259           0           0
          10    0.807325           0           0
          10    0.830391           0           0
          10    0.853458           0           0
          10    0.876524  7.0253e-05 5.60206e-06
          10    0.899591  0.00330194 3.64806e-05
          10    0.922657   0.0472193 0.000221968
          10    0.945724    0.293032 0.000612873
          10     0.96879     1.00687 0.000972419
          10    0.991856      2.2429  0.00111014
          10     1.01492     3.62525 0.000868064
          10     1.03799      4.6193  0.00124258
          10     1.06106     4.89591  0.00171144
          10     1.08412     4.49001  0.00141464
          10     1.10719     3.65709  0.00141841
          10     1.13026     2.69333  0.00123859
          10     1.15332     1.81608 0.000608476
          10     1.17639     1.13121 0.000695288
          10     1.19945    0.654291 0.000722015
          10     1.22252    0.353485 0.000349205
          10     1.24559    0.179919 0.000379574
          10     1.26865   0.0893683 0.000231952
          10     1.29172   0.0495891 0.000177564
          10     1.31479    0.042379 0.000160677
          10     1.33785   0.0607388 0.000184044
          10     1.36092    0.106137 0.000239597
          10     1.38399    0.184225 0.000325815
          10     1.40705    0.300738 0.000247465
          10     1.43012    0.453645 0.000354016
          10     1.45319    0.628285 0.000207988
          10     1.47625    0.796768 0.000299988
          10     1.49932     0.92119 0.000535518
          10     1.52238    0.969392 0.000722964
          10     1.54545    0.929011 0.000677535
          10     1.56852     0.80828 0.000409918
          10     1.59158    0.640985 0.000230811
          10     1.61465    0.466139  0.00023114
          10     1.63772    0.317093 0.000291423
          10     1.66078    0.219857 0.000316657
          10     1.68385    0.192314 0.000407375
          10     1.70692    0.255325 0.000545298
          10     1.72998    0.433984 0.000716232
          10     1.75305    0.749643 0.000553631
          10     1.77612     1.19862 0.000485311
          10     1.79918     1.72698 0.000494868
          10     1.82225     2.23593 0.000709162
          10     1.84531     2.59712 0.000821216
          10     1.86838     2.71248  0.00118451
          10     1.89145     2.55604  0.00143444
          10     1.91451     2.18005 0.000674796
          10     1.93758     1.68931 0.000535245
          10     1.96065      1.2005  0.00045813
          10     1.98371    0.802232 0.000569066
          10     2.00678    0.542948 0.000576109
          10     2.02985    0.434666 0.000653328
          10     2.05291    0.461952 0.000427051
          10     2.07598    0.587088 0.000412863
          10     2.09905    0.758431 0.000174449
          10     2.12211    0.917131 0.000235028
          10     2.14518     1.01387 0.000310751
          10     2.16824      1.0214 0.000573279
          10     2.19131     0.91998 0.000290454
          10     2.21438    0.781309  0.00023355
          10     2.23744    0.654367 0.000294482
          10     2.26051    0.572589 0.000431741
          10     2.28358    0.573259 0.000562943
           1           0           0           0
           1   0.0256496           0           0
           1   0.0512993           0           0
           1   0.0769489           0           0
           1    0.102599           0           0
           1    0.128248           0           0
           1    0.153898           0           0
           1    0.179547           0           0
           1    0.205197           0           0
           1    0.230847           0           0
           1    0.256496           0           0
           1    0.282146           0           0
           1    0.307796           0           0
           1    0.333445           0           0
           1    0.359095           0           0
           1    0.384745           0           0
           1    0.410394           0           0
           1    0.436044           0           0
           1    0.461694           0           0
           1    0.487343           0           0
           1    0.512993           0           0
           1    0.538642           0           0
           1    0.564292           0           0
           1    0.589942           0           0
           1    0.615591           0           0
           1    0.641241           0           0
           1    0.666891           0           0
           1     0.69254           0           0
           1     0.71819           0           0
           1     0.74384           0           0
           1    0.769489           0           0
           1    0.795139           0           0
           1    0.820788           0           0
           1    0.846438 1.36166e-05           0
           1    0.872088  0.00128571           0
           1    0.897737   0.0242392           0
           1    0.923387    0.166257           0
           1    0.949037    0.563075           0
           1    0.974686     1.19663           0
           1     1.00034     1.86345           0
           1     1.02599     2.33806           0
           1     1.05164     2.55212           0
           1     1.07728     2.55383           0
           1     1.10293     2.40879           0
           1     1.12858     2.19991           0
           1     1.15423     1.97342           0
           1     1.17988     1.75581           0
           1     1.20553     1.55779           0
           1     1.23118     1.39196           0
           1     1.25683     1.24651           0
           1     1.28248     1.12194           0
           1     1.30813     1.02378           0
           1     1.33378    0.939011           0
           1     1.35943    0.872119           0
           1     1.38508    0.816337           0
           1     1.41073    0.770409           0
           1     1.43638    0.738368           0
           1     1.46203    0.710124           0
           1     1.48768    0.690689           0
           1     1.51333    0.679196           0
           1     1.53898    0.670994           0
           1     1.56463    0.673267           0
           1     1.59028    0.676979           0
           1     1.61593    0.687273           0
           1     1.64158    0.702886           0
           1     1.66723    0.722746           0
           1     1.69288     0.74988           0
           1     1.71853    0.780362           0
           1     1.74418    0.813385           0
           1     1.76983    0.853174           0
           1     1.79547    0.893952           0
           1     1.82112    0.934895           0
           1     1.84677    0.979006           0
           1     1.87242     1.01915           0
           1     1.89807     1.05728           0
           1     1.92372     1.09718           0
           1     1.94937     1.13153           0
           1     1.97502     1.16163           0
           1     2.00067     1.18606           0
           1     2.02632     1.20291           0
           1     2.05197     1.21425           0
           1     2.07762     1.21428           0
           1     2.10327     1.20964           0
           1     2.12892     1.19341           0
           1     2.15457     1.17461           0
           1     2.18022     1.15007           0
           1     2.20587     1.12356           0
           1     2.23152      1.0944           0
           1     2.25717     1.06672           0
           1     2.28282      1.0408           0
           1     2.30847     1.01268           0
           1     2.33412    0.988683           0
           1     2.35977    0.966559           0
           1     2.38542    0.947379           0
           1     2.41107    0.932252           0
           1     2.43672    0.918299           0
           1     2.46237     0.90905           0
           1     2.48802    0.895891           0
           1     2.51366    0.885426           0
           1     2.53931    0.885977           0
           2           0           0           0
           2   0.0256496           0           0
           2   0.0512993           0           0
           2   0.0769489           0           0
           2    0.102599           0           0
           2    0.128248           0           0
           2    0.153898           0           0
           2    0.179547           0           0
           2    0.205197           0           0
           2    0.230847           0           0
           2    0.256496           0           0
           2    0.282146           0           0
           2    0.307796           0           0
           2    0.333445           0           0
           2    0.359095           0           0
           2    0.384745           0           0
           2    0.410394           0           0
           2    0.436044           0           0
           2    0.461694           0           0
           2    0.487343           0           0
           2    0.512993           0           0
           2    0.538642           0           0
           2    0.564292           0           0
           2    0.589942           0           0
           2    0.615591           0           0
           2    0.641241           0           0
           2    0.666891           0           0
           2     0.69254           0           0
           2     0.71819           0           0
           2     0.74384           0           0
           2    0.769489           0           0
           2    0.795139           0           0
           2    0.820788           0           0
           2    0.846438 1.36166e-05           0
           2    0.872088  0.00129855 1.28387e-05
           2    0.897737   0.0244609 0.000221726
           2    0.923387    0.165979 0.000277747
           2    0.949037    0.564212  0.00113713
           2    0.974686     1.19966  0.00303399
           2     1.00034     1.86208   0.0013768
           2     1.02599     2.33717 0.000889738
           2     1.05164     2.55094  0.00117885
           2     1.07728     2.54955  0.00427615
           2     1.10293     2.41064  0.00185112
           2     1.12858     2.19906 0.000850531
           2     1.15423     1.97441 0.000990189
           2     1.17988     1.75455  0.00126055
           2     1.20553     1.55662  0.00116691
           2     1.23118      1.3897  0.00226363
           2     1.25683     1.24478  0.00173384
           2     1.28248     1.12354  0.00160337
           2     1.30813     1.02415 0.000369994
           2     1.33378    0.939541 0.000529892
           2     1.35943    0.872494 0.000374883
           2     1.38508    0.817882  0.00154534
           2     1.41073    0.772143  0.00173326
           2     1.43638     0.73806 0.000307407
           2     1.46203    0.711899  0.00177458
           2     1.48768      0.6909 0.000211472
           2     1.51333    0.678503 0.000692822
           2     1.53898    0.671322 0.000328344
           2     1.56463    0.672627 0.000639836
           2     1.59028    0.677278 0.000299563
           2     1.61593    0.687461 0.000188415
           2     1.64158    0.701773   0.0011125
           2     1.66723    0.723032 0.000285473
           2     1.69288    0.749933 5.28232e-05
           2     1.71853     0.78008 0.000281504
           2     1.74418    0.814038 0.000653004
           2     1.76983    0.852916 0.000257852
           2     1.79547    0.893694 0.000257398
           2     1.82112    0.936207  0.00131231
           2     1.84677    0.978077 0.000929751
           2     1.87242     1.01909 5.43543e-05
           2     1.89807     1.05854  0.00125851
           2     1.92372     1.09586  0.00131405
           2     1.94937     1.13104 0.000484402
           2     1.97502     1.16174 0.000104138
           2     2.00067     1.18597 8.55588e-05
           2     2.02632     1.20265 0.000265631
           2     2.05197     1.21377 0.000475696
           2     2.07762     1.21388 0.000393757
           2     2.10327     1.20841  0.00122995
           2     2.12892     1.19334 7.42101e-05
           2     2.15457     1.17343  0.00117746
           2     2.18022     1.14997 0.000101838
           2     2.20587     1.12288 0.000685683
           2     2.23152     1.09524 0.000831637
           2     2.25717      1.0668 7.60964e-05
           2     2.28282     1.03971  0.00108433
           2     2.30847     1.01276 8.10335e-05
           2     2.33412    0.988435 0.000247855
           2     2.35977    0.966471 8.81562e-05
           2     2.38542    0.947241 0.000138099
           2     2.41107      0.9323  4.7916e-05
           2     2.43672    0.918227 7.16933e-05
           2     2.46237    0.909467 0.000416837
           2     2.48802     0.89616 0.000268469
           2     2.51366    0.885844 0.000417745
           2     2.53931      0.8864 0.000423393
           3           0           0           0
           3   0.0256496           0           0
           3   0.0512993           0           0
           3   0.0769489           0           0
           3    0.102599           0           0
           3    0.128248           0           0
           3    0.153898           0           0
           3    0.179547           0           0
           3    0.205197           0           0
           3    0.230847           0           0
           3    0.256496           0           0
           3    0.282146           0           0
           3    0.307796           0           0
           3    0.333445           0           0
           3    0.359095           0           0
           3    0.384745           0           0
           3    0.410394           0           0
           3    0.436044           0           0
           3    0.461694           0           0
           3    0.487343           0           0
           3    0.512993           0           0
           3    0.538642           0           0
           3    0.564292           0           0
           3    0.589942           0           0
           3    0.615591           0           0
           3    0.641241           0           0
           3    0.666891           0           0
           3     0.69254           0           0
           3     0.71819           0           0
           3     0.74384           0           0
           3    0.769489           0           0
           3    0.795139           0           0
           3    0.820788           0           0
           3    0.846438  1.1023e-05 2.59364e-06
           3    0.872088   0.0012851 1.53574e-05
           3    0.897737   0.0244193 0.000134595
           3    0.923387    0.166051 0.000175709
           3    0.949037    0.563318  0.00110911
           3    0.974686     1.19949  0.00176003
           3     1.00034     1.86143   0.0010284
           3     1.02599      2.3369 0.000579073
           3     1.05164     2.55069  0.00072718
           3     1.07728       2.549  0.00252952
           3     1.10293      2.4091  0.00187326
           3     1.12858     2.20107   0.0020694
           3     1.15423     1.97512 0.000909666
           3     1.17988     1.75593  0.00156672
           3     1.20553     1.55948  0.00293971
           3     1.23118     1.39051  0.00154112
           3     1.25683     1.24479  0.00100113
           3     1.28248     1.12391 0.000995575
           3     1.30813     1.02364 0.000551848
           3     1.33378    0.940387 0.000899051
           3     1.35943    0.872042 0.000501534
           3     1.38508    0.817272  0.00108089
           3     1.41073    0.771771  0.00106735
           3     1.43638    0.737747  0.00035991
           3     1.46203    0.710954  0.00139368
           3     1.48768    0.690695  0.00023905
           3     1.51333    0.678877 0.000547334
           3     1.53898    0.671369 0.000195171
           3     1.56463    0.671672  0.00102377
           3     1.59028     0.67669 0.000613216
           3     1.61593    0.686666 0.000802396
           3     1.64158     0.70164 0.000655951
           3     1.66723    0.722688 0.000381286
           3     1.69288    0.749357 0.000577418
           3     1.71853    0.780306  0.00027792
           3     1.74418    0.814422 0.000538418
           3     1.76983    0.852839 0.000167565
           3     1.79547     0.89366  0.00015254
           3     1.82112     0.93625 0.000758872
           3     1.84677    0.978142 0.000540747
           3     1.87242     1.01918  9.4473e-05
           3     1.89807      1.0585  0.00072753
           3     1.92372     1.09603 0.000777858
           3     1.94937     1.13039 0.000710386
           3     1.97502     1.16134 0.000404266
           3     2.00067     1.18534 0.000640852
           3     2.02632     1.20279 0.000210321
           3     2.05197     1.21428 0.000577325
           3     2.07762     1.21442 0.000581884
           3     2.10327     1.20842 0.000710164
           3     2.12892     1.19441  0.00106819
           3     2.15457     1.17442   0.0011997
           3     2.18022     1.15086   0.0008923
           3     2.20587     1.12411  0.00129607
           3     2.23152     1.09625  0.00112351
           3     2.25717     1.06742 0.000627685
           3     2.28282     1.04004 0.000707101
           3     2.30847     1.01289 0.000136149
           3     2.33412    0.988456 0.000144606
           3     2.35977    0.965666  0.00080726
           3     2.38542    0.946779 0.000468414
           3     2.41107    0.931536 0.000764713
           3     2.43672    0.917674  0.00055399
           3     2.46237    0.908652 0.000849861
           3     2.48802    0.895355 0.000819585
           3     2.51366    0.885584 0.000355032
           3     2.53931    0.885638 0.000800631
           4           0           0           0
           4   0.0256496           0           0
           4   0.0512993           0           0
           4   0.0769489           0           0
           4    0.102599           0           0
           4    0.128248           0           0
           4    0.153898           0           0
           4    0.179547           0           0
           4    0.205197           0           0
           4    0.230847           0           0
           4    0.256496           0           0
           4    0.282146           0           0
           4    0.307796           0           0
           4    0.333445           0           0
           4    0.359095           0           0
           4    0.384745           0           0
           4    0.410394           0           0
           4    0.436044           0           0
           4    0.461694           0           0
           4    0.487343           0           0
           4    0.512993           0           0
           4    0.538642           0           0
           4    0.564292           0           0
           4    0.589942           0           0
           4    0.615591           0           0
           4    0.641241           0           0
           4    0.666891           0           0
           4     0.69254           0           0
           4     0.71819           0           0
           4     0.74384           0           0
           4    0.769489           0           0
           4    0.795139           0           0
           4    0.820788           0           0
           4    0.846438 1.11851e-05 1.84113e-06
           4    0.872088  0.00127333 1.60134e-05
           4    0.897737   0.0244691 0.000107416
           4    0.923387    0.165978 0.000143718
           4    0.949037    0.563866 0.000956377
           4    0.974686     1.20085  0.00184206
           4     1.00034     1.86135  0.00073098
           4     1.02599     2.33733 0.000597157
           4     1.05164     2.55096 0.000584343
           4     1.07728     2.54823  0.00194698
           4     1.10293      2.4087  0.00138444
           4     1.12858     2.20142  0.00150573
           4     1.15423     1.97419  0.00113431
           4     1.17988     1.75679  0.00139756
           4     1.20553      1.5606  0.00235808
           4     1.23118     1.39067  0.00110057
           4     1.25683     1.24444 0.000787803
           4     1.28248     1.12397  0.00070656
           4     1.30813     1.02316 0.000622082
           4     1.33378    0.939883  0.00081116
           4     1.35943     0.87173 0.000472362
           4     1.38508    0.817247 0.000764712
           4     1.41073    0.771901 0.000765773
           4     1.43638    0.738173 0.000496625
           4     1.46203    0.710824 0.000993997
           4     1.48768    0.690408 0.000332907
           4     1.51333    0.678127 0.000843895
           4     1.53898    0.670995 0.000398251
           4     1.56463    0.671386 0.000778383
           4     1.59028    0.676072 0.000755202
           4     1.61593    0.686481 0.000596775
           4     1.64158     0.70182 0.000497465
           4     1.66723    0.722745 0.000275533
           4     1.69288    0.748846 0.000654049
           4     1.71853    0.780052 0.000321394
           4     1.74418    0.814462 0.000382747
           4     1.76983    0.852725 0.000164849
           4     1.79547    0.894378 0.000725931
           4     1.82112    0.936272 0.000537084
           4     1.84677    0.978138 0.000382383
           4     1.87242     1.01909 0.000112016
           4     1.89807     1.05855 0.000516349
           4     1.92372     1.09653 0.000738236
           4     1.94937     1.13083 0.000665146
           4     1.97502     1.16153 0.000343517
           4     2.00067     1.18593 0.000750744
           4     2.02632     1.20287 0.000166399
           4     2.05197     1.21474 0.000612194
           4     2.07762      1.2151 0.000792107
           4     2.10327     1.20878 0.000618652
           4     2.12892     1.19456 0.000770974
           4     2.15457     1.17443 0.000848405
           4     2.18022     1.15094 0.000635772
           4     2.20587     1.12365  0.00102732
           4     2.23152     1.09603 0.000824107
           4     2.25717     1.06665 0.000895934
           4     2.28282      1.0396 0.000665853
           4     2.30847     1.01243  0.00046826
           4     2.33412    0.988355 0.000143222
           4     2.35977    0.965715 0.000572966
           4     2.38542    0.946637 0.000360453
           4     2.41107    0.931392 0.000559577
           4     2.43672     0.91788 0.000442344
           4     2.46237    0.908859 0.000635516
           4     2.48802    0.895396 0.000580979
           4     2.51366    0.885765 0.000309913
           4     2.53931    0.885484 0.000586606
           5           0           0           0
           5   0.0256496           0           0
           5   0.0512993           0           0
           5   0.0769489           0           0
           5    0.102599           0           0
           5    0.128248           0           0
           5    0.153898           0           0
           5    0.179547           0           0
           5    0.205197           0           0
           5    0.230847           0           0
           5    0.256496           0           0
           5    0.282146           0           0
           5    0.307796           0           0
           5    0.333445           0           0
           5    0.359095           0           0
           5    0.384745           0           0
           5    0.410394           0           0
           5    0.436044           0           0
           5    0.461694           0           0
           5    0.487343           0           0
           5    0.512993           0           0
           5    0.538642           0           0
           5    0.564292           0           0
           5    0.589942           0           0
           5    0.615591           0           0
           5    0.641241           0           0
           5    0.666891           0           0
           5     0.69254           0           0
           5     0.71819           0           0
           5     0.74384           0           0
           5    0.769489           0           0
           5    0.795139           0           0
           5    0.820788           0           0
           5    0.846438 1.32276e-05 2.49111e-06
           5    0.872088  0.00127324 1.24043e-05
           5    0.897737   0.0243462 0.000148418
           5    0.923387    0.166276 0.000317639
           5    0.949037    0.564167 0.000799889
           5    0.974686     1.20125  0.00148204
           5     1.00034     1.86145 0.000575181
           5     1.02599     2.33812  0.00091108
           5     1.05164     2.55129 0.000557525
           5     1.07728     2.54902  0.00169959
           5     1.10293     2.40974  0.00149173
           5     1.12858     2.20038  0.00156314
           5     1.15423     1.97345  0.00114932
           5     1.17988     1.75651  0.00111631
           5     1.20553     1.56031  0.00184921
           5     1.23118     1.38945  0.00148916
           5     1.25683      1.2444 0.000611511
           5     1.28248     1.12361 0.000654596
           5     1.30813     1.02256 0.000765963
           5     1.33378    0.939405 0.000789267
           5     1.35943    0.871912 0.000408633
           5     1.38508    0.816863 0.000705783
           5     1.41073    0.771407 0.000772251
           5     1.43638     0.73785   0.0005029
           5     1.46203    0.711061 0.000805612
           5     1.48768    0.690628 0.000339039
           5     1.51333    0.678408 0.000711486
           5     1.53898    0.671646 0.000720142
           5     1.56463    0.671993 0.000855244
           5     1.59028    0.676481 0.000713774
           5     1.61593    0.686663 0.000496609
           5     1.64158     0.70173  0.00039574
           5     1.66723     0.72305 0.000372102
           5     1.69288    0.749108 0.000570699
           5     1.71853    0.780068 0.000249482
           5     1.74418    0.814814 0.000460645
           5     1.76983    0.852933  0.00024401
           5     1.79547    0.894622 0.000613049
           5     1.82112    0.936576 0.000514914
           5     1.84677    0.978237 0.000312279
           5     1.87242     1.01905 9.77698e-05
           5     1.89807     1.05842 0.000421202
           5     1.92372     1.09645 0.000577571
           5     1.94937     1.13083 0.000515239
           5     1.97502     1.16144  0.00028075
           5     2.00067     1.18565 0.000645386
           5     2.02632     1.20318 0.000335792
           5     2.05197     1.21438 0.000595357
           5     2.07762     1.21485 0.000659433
           5     2.10327     1.20846 0.000579935
           5     2.12892     1.19454 0.000597496
           5     2.15457     1.17441 0.000657483
           5     2.18022     1.15081 0.000509805
           5     2.20587     1.12369   0.0007969
           5     2.23152     1.09576 0.000695545
           5     2.25717     1.06635 0.000754666
           5     2.28282     1.03913 0.000697276
           5     2.30847     1.01225 0.000402929
           5     2.33412    0.988053 0.000321588
           5     2.35977    0.965779  0.00044837
           5     2.38542    0.946749 0.000300968
           5     2.41107     0.93165 0.000504652
           5     2.43672    0.918124 0.000420595
           5     2.46237    0.908994 0.000510613
           5     2.48802    0.895441 0.000452312
           5     2.51366    0.885708 0.000246729
           5     2.53931    0.885504 0.000454788
           6           0           0           0
           6   0.0256496           0           0
           6   0.0512993           0           0
           6   0.0769489           0           0
           6    0.102599           0           0
           6    0.128248           0           0
           6    0.153898           0           0
           6    0.179547           0           0
           6    0.205197           0           0
           6    0.230847           0           0
           6    0.256496           0           0
           6    0.282146           0           0
           6    0.307796           0           0
           6    0.333445           0           0
           6    0.359095           0           0
           6    0.384745           0           0
           6    0.410394           0           0
           6    0.436044           0           0
           6    0.461694           0           0
           6    0.487343           0           0
           6    0.512993           0           0
           6    0.538642           0           0
           6    0.564292           0           0
           6    0.589942           0           0
           6    0.615591           0           0
           6    0.641241           0           0
           6    0.666891           0           0
           6     0.69254           0           0
           6     0.71819           0           0
           6     0.74384           0           0
           6    0.769489           0           0
           6    0.795139           0           0
           6    0.820788           0           0
           6    0.846438 1.16714e-05 2.56101e-06
           6    0.872088   0.0012802 1.22944e-05
           6    0.897737   0.0243096 0.000126591
           6    0.923387    0.166398 0.000286553
           6    0.949037    0.564091  0.00065751
           6    0.974686     1.20046  0.00144398
           6     1.00034     1.86125 0.000511379
           6     1.02599     2.33745 0.000997966
           6     1.05164     2.55118 0.000468325
           6     1.07728     2.54944  0.00144985
           6     1.10293     2.40908  0.00138682
           6     1.12858     2.20044   0.0012778
           6     1.15423     1.97325 0.000958635
           6     1.17988     1.75608  0.00100804
           6     1.20553     1.56037  0.00151121
           6     1.23118     1.38937  0.00121805
           6     1.25683     1.24448 0.000504558
           6     1.28248     1.12411 0.000730577
           6     1.30813     1.02339  0.00103514
           6     1.33378    0.939793 0.000752267
           6     1.35943    0.872198   0.0004394
           6     1.38508    0.817142 0.000639939
           6     1.41073    0.771956 0.000836021
           6     1.43638    0.738186  0.00053104
           6     1.46203    0.711099 0.000658868
           6     1.48768    0.690693 0.000284252
           6     1.51333    0.678397 0.000581026
           6     1.53898    0.671822 0.000613755
           6     1.56463    0.671661 0.000773354
           6     1.59028    0.676385  0.00059062
           6     1.61593    0.686628  0.00040699
           6     1.64158    0.701858 0.000347753
           6     1.66723    0.722933 0.000325492
           6     1.69288    0.748678 0.000634623
           6     1.71853    0.780003 0.000213682
           6     1.74418    0.814982 0.000411725
           6     1.76983    0.853018 0.000216869
           6     1.79547    0.894265 0.000614498
           6     1.82112    0.936295 0.000505447
           6     1.84677    0.977719 0.000577308
           6     1.87242     1.01874 0.000318901
           6     1.89807     1.05775 0.000749377
           6     1.92372     1.09622 0.000523203
           6     1.94937     1.13037 0.000624697
           6     1.97502     1.16129 0.000270495
           6     2.00067     1.18558 0.000531701
           6     2.02632     1.20333 0.000314622
           6     2.05197     1.21459  0.00053137
           6     2.07762     1.21519 0.000633493
           6     2.10327      1.2089 0.000650417
           6     2.12892     1.19533 0.000931762
           6     2.15457      1.1751 0.000869545
           6     2.18022     1.15119 0.000565298
           6     2.20587       1.124 0.000723744
           6     2.23152     1.09578  0.00056835
           6     2.25717      1.0665 0.000634085
           6     2.28282     1.03901 0.000582785
           6     2.30847     1.01236 0.000347572
           6     2.33412    0.988216 0.000308992
           6     2.35977    0.965759 0.000366647
           6     2.38542    0.946962 0.000325236
           6     2.41107    0.931502  0.00043797
           6     2.43672    0.917984 0.000370853
           6     2.46237    0.908831 0.000447833
           6     2.48802    0.895163 0.000462498
           6     2.51366    0.885602 0.000227806
           6     2.53931    0.885278 0.000434639
           7           0           0           0
           7   0.0256496           0           0
           7   0.0512993           0           0
           7   0.0769489           0           0
           7    0.102599           0           0
           7    0.128248           0           0
           7    0.153898           0           0
           7    0.179547           0           0
           7    0.205197           0           0
           7    0.230847           0           0
           7    0.256496           0           0
           7    0.282146           0           0
           7    0.307796           0           0
           7    0.333445           0           0
           7    0.359095           0           0
           7    0.384745           0           0
           7    0.410394           0           0
           7    0.436044           0           0
           7    0.461694           0           0
           7    0.487343           0           0
           7    0.512993           0           0
           7    0.538642           0           0
           7    0.564292           0           0
           7    0.589942           0           0
           7    0.615591           0           0
           7    0.641241           0           0
           7    0.666891           0           0
           7     0.69254           0           0
           7     0.71819           0           0
           7     0.74384           0           0
           7    0.769489           0           0
           7    0.795139           0           0
           7    0.820788           0           0
           7    0.846438 1.16714e-05 2.16445e-06
           7    0.872088  0.00128676 1.22831e-05
           7    0.897737   0.0243674 0.000121576
           7    0.923387    0.166428 0.000244052
           7    0.949037     0.56455  0.00072084
           7    0.974686     1.20112  0.00138666
           7     1.00034     1.86186 0.000744993
           7     1.02599     2.33759 0.000853897
           7     1.05164     2.55035 0.000914394
           7     1.07728     2.54901  0.00129658
           7     1.10293     2.40982  0.00139021
           7     1.12858     2.19976  0.00127489
           7     1.15423     1.97277  0.00094051
           7     1.17988     1.75583 0.000889054
           7     1.20553     1.55986   0.0013765
           7     1.23118     1.38945  0.00103201
           7     1.25683     1.24437 0.000439265
           7     1.28248     1.12424 0.000632069
           7     1.30813     1.02366 0.000915547
           7     1.33378    0.939972 0.000660404
           7     1.35943    0.872042 0.000402543
           7     1.38508     0.81706 0.000546966
           7     1.41073    0.772073 0.000716256
           7     1.43638     0.73786 0.000554724
           7     1.46203    0.710855 0.000608058
           7     1.48768    0.690695  0.00024025
           7     1.51333    0.678265 0.000508533
           7     1.53898     0.67175 0.000523702
           7     1.56463    0.671354 0.000721893
           7     1.59028     0.67642 0.000500426
           7     1.61593    0.686334 0.000452514
           7     1.64158    0.701735 0.000318791
           7     1.66723    0.723023 0.000289563
           7     1.69288    0.748874 0.000571344
           7     1.71853    0.780311 0.000356977
           7     1.74418    0.815403 0.000546449
           7     1.76983    0.853438 0.000458364
           7     1.79547    0.894709  0.00068289
           7     1.82112    0.936577 0.000511615
           7     1.84677    0.977954 0.000541488
           7     1.87242     1.01895 0.000346029
           7     1.89807     1.05801 0.000685073
           7     1.92372     1.09625  0.00044314
           7     1.94937      1.1305 0.000543798
           7     1.97502     1.16095 0.000416134
           7     2.00067      1.1856 0.000449657
           7     2.02632     1.20326 0.000275481
           7     2.05197     1.21418 0.000609755
           7     2.07762     1.21493 0.000594272
           7     2.10327     1.20881 0.000558327
           7     2.12892     1.19528 0.000789399
           7     2.15457     1.17484 0.000777054
           7     2.18022      1.1509 0.000557302
           7     2.20587     1.12376 0.000660533
           7     2.23152     1.09564 0.000500721
           7     2.25717     1.06636  0.00055335
           7     2.28282     1.03902 0.000492832
           7     2.30847      1.0122  0.00033729
           7     2.33412    0.988294 0.000272517
           7     2.35977    0.965786  0.00031107
           7     2.38542    0.946903 0.000281221
           7     2.41107    0.931564 0.000375267
           7     2.43672    0.918044 0.000319225
           7     2.46237    0.908719 0.000394514
           7     2.48802    0.895012 0.000419141
           7     2.51366    0.885476 0.000230231
           7     2.53931    0.885365 0.000377468
           8           0           0           0
           8   0.0256496           0           0
           8   0.0512993           0           0
           8   0.0769489           0           0
           8    0.102599           0           0
           8    0.128248           0           0
           8    0.153898           0           0
           8    0.179547           0           0
           8    0.205197           0           0
           8    0.230847           0           0
           8    0.256496           0           0
           8    0.282146           0           0
           8    0.307796           0           0
           8    0.333445           0           0
           8    0.359095           0           0
           8    0.384745           0           0
           8    0.410394           0           0
           8    0.436044           0           0
           8    0.461694           0           0
           8    0.487343           0           0
           8    0.512993           0           0
           8    0.538642           0           0
           8    0.564292           0           0
           8    0.589942           0           0
           8    0.615591           0           0
           8    0.641241           0           0
           8    0.666891           0           0
           8     0.69254           0           0
           8     0.71819           0           0
           8     0.74384           0           0
           8    0.769489           0           0
           8    0.795139           0           0
           8    0.820788           0           0
           8    0.846438 1.14282e-05 1.89017e-06
           8    0.872088  0.00129419  1.2978e-05
           8    0.897737    0.024318 0.000116288
           8    0.923387    0.166171 0.000332724
           8    0.949037    0.564398 0.000642694
           8    0.974686     1.20091  0.00121943
           8     1.00034     1.86157 0.000704364
           8     1.02599     2.33811 0.000906143
           8     1.05164     2.55004 0.000850764
           8     1.07728     2.54927  0.00115217
           8     1.10293     2.40945  0.00125992
           8     1.12858     2.19951  0.00113319
           8     1.15423       1.973   0.0008472
           8     1.17988     1.75576 0.000773003
           8     1.20553     1.55965  0.00120976
           8     1.23118     1.38969 0.000926327
           8     1.25683     1.24447  0.00039273
           8     1.28248      1.1246 0.000652407
           8     1.30813     1.02384 0.000814313
           8     1.33378    0.940526 0.000796443
           8     1.35943    0.872186 0.000377242
           8     1.38508    0.817248  0.00050952
           8     1.41073    0.772603  0.00081598
           8     1.43638    0.737815 0.000482531
           8     1.46203    0.711052  0.00056255
           8     1.48768    0.690952 0.000330801
           8     1.51333    0.678229 0.000441846
           8     1.53898    0.671397 0.000574377
           8     1.56463    0.671075 0.000684784
           8     1.59028    0.676046 0.000572874
           8     1.61593    0.685936 0.000558149
           8     1.64158    0.701559 0.000327471
           8     1.66723    0.722724 0.000390261
           8     1.69288    0.748793 0.000501491
           8     1.71853    0.780052 0.000403224
           8     1.74418    0.815234 0.000502602
           8     1.76983     0.85356 0.000415259
           8     1.79547    0.894807 0.000599583
           8     1.82112    0.936346 0.000499449
           8     1.84677    0.977948 0.000468978
           8     1.87242       1.019 0.000303385
           8     1.89807     1.05814 0.000606027
           8     1.92372     1.09643 0.000425486
           8     1.94937     1.13051 0.000471097
           8     1.97502     1.16095 0.000360427
           8     2.00067     1.18581 0.000442919
           8     2.02632     1.20342 0.000289825
           8     2.05197     1.21426 0.000533502
           8     2.07762     1.21494 0.000514793
           8     2.10327     1.20887 0.000487561
           8     2.12892     1.19521 0.000687225
           8     2.15457     1.17486 0.000673165
           8     2.18022     1.15089 0.000482748
           8     2.20587     1.12381 0.000574594
           8     2.23152     1.09575 0.000447829
           8     2.25717     1.06639 0.000479891
           8     2.28282     1.03899 0.000428361
           8     2.30847     1.01237 0.000336851
           8     2.33412     0.98845 0.000282752
           8     2.35977    0.965936  0.00030842
           8     2.38542    0.947038 0.000278502
           8     2.41107     0.93163 0.000331677
           8     2.43672    0.917997  0.00028041
           8     2.46237    0.908585 0.000367126
           8     2.48802    0.894983 0.000364083
           8     2.51366    0.885491 0.000200002
           8     2.53931     0.88534 0.000327819
           9           0           0           0
           9   0.0256496           0           0
           9   0.0512993           0           0
           9   0.0769489           0           0
           9    0.102599           0           0
           9    0.128248           0           0
           9    0.153898           0           0
           9    0.179547           0           0
           9    0.205197           0           0
           9    0.230847           0           0
           9    0.256496           0           0
           9    0.282146           0           0
           9    0.307796           0           0
           9    0.333445           0           0
           9    0.359095           0           0
           9    0.384745           0           0
           9    0.410394           0           0
           9    0.436044           0           0
           9    0.461694           0           0
           9    0.487343           0           0
           9    0.512993           0           0
           9    0.538642           0           0
           9    0.564292           0           0
           9    0.589942           0           0
           9    0.615591           0           0
           9    0.641241           0           0
           9    0.666891           0           0
           9     0.69254           0           0
           9     0.71819           0           0
           9     0.74384           0           0
           9    0.769489           0           0
           9    0.795139           0           0
           9    0.820788           0           0
           9    0.846438  1.1023e-05 1.71553e-06
           9    0.872088  0.00129243 1.15797e-05
           9    0.897737   0.0242409 0.000128296
           9    0.923387    0.165969 0.000356168
           9    0.949037    0.564052 0.000663802
           9    0.974686      1.2005  0.00114831
           9     1.00034     1.86111 0.000774451
           9     1.02599     2.33761 0.000941943
           9     1.05164     2.55009 0.000751611
           9     1.07728     2.54904  0.00104296
           9     1.10293     2.40897  0.00121155
           9     1.12858     2.19925  0.00103359
           9     1.15423     1.97325 0.000787452
           9     1.17988     1.75585 0.000687514
           9     1.20553     1.55934  0.00111284
           9     1.23118      1.3899 0.000842819
           9     1.25683     1.24463 0.000381918
           9     1.28248      1.1245 0.000583513
           9     1.30813     1.02392 0.000722015
           9     1.33378    0.940897 0.000794354
           9     1.35943    0.872413 0.000402306
           9     1.38508    0.817359 0.000463027
           9     1.41073    0.772864 0.000765623
           9     1.43638    0.737956 0.000448239
           9     1.46203    0.711255 0.000535741
           9     1.48768    0.691256 0.000421345
           9     1.51333    0.678544 0.000500876
           9     1.53898    0.671736 0.000609502
           9     1.56463    0.671332 0.000656609
           9     1.59028    0.676237 0.000540318
           9     1.61593    0.686079 0.000512416
           9     1.64158    0.701783 0.000365741
           9     1.66723    0.722758  0.00034581
           9     1.69288    0.748754  0.00044396
           9     1.71853    0.779868  0.00040056
           9     1.74418    0.815022 0.000491273
           9     1.76983     0.85343  0.00038868
           9     1.79547    0.894741 0.000532943
           9     1.82112    0.936041 0.000535994
           9     1.84677    0.977709 0.000477984
           9     1.87242     1.01869 0.000410766
           9     1.89807     1.05795 0.000567192
           9     1.92372     1.09587 0.000678183
           9     1.94937     1.13048 0.000416615
           9     1.97502     1.16056 0.000506413
           9     2.00067     1.18542 0.000552536
           9     2.02632     1.20306 0.000443935
           9     2.05197      1.2143 0.000472418
           9     2.07762     1.21494 0.000454011
           9     2.10327     1.20876 0.000442866
           9     2.12892     1.19497 0.000651394
           9     2.15457     1.17482 0.000594907
           9     2.18022     1.15112 0.000484115
           9     2.20587     1.12382 0.000506812
           9     2.23152     1.09591 0.000425648
           9     2.25717     1.06672 0.000541294
           9     2.28282      1.0391 0.000392755
           9     2.30847     1.01259 0.000369448
           9     2.33412    0.988646 0.000317127
           9     2.35977    0.966141 0.000340307
           9     2.38542    0.947212 0.000300791
           9     2.41107    0.931714 0.000304371
           9     2.43672    0.918235 0.000342588
           9     2.46237    0.908629 0.000326801
           9     2.48802    0.895073 0.000333502
           9     2.51366    0.885681  0.00025908
           9     2.53931    0.885534 0.000348237
          10           0           0           0
          10   0.0256496           0           0
          10   0.0512993           0           0
          10   0.0769489           0           0
          10    0.102599           0           0
          10    0.128248           0           0
          10    0.153898           0           0
          10    0.179547           0           0
          10    0.205197           0           0
          10    0.230847           0           0
          10    0.256496           0           0
          10    0.282146           0           0
          10    0.307796           0           0
          10    0.333445           0           0
          10    0.359095           0           0
          10    0.384745           0           0
          10    0.410394           0           0
          10    0.436044           0           0
          10    0.461694           0           0
          10    0.487343           0           0
          10    0.512993           0           0
          10    0.538642           0           0
          10    0.564292           0           0
          10    0.589942           0           0
          10    0.615591           0           0
          10    0.641241           0           0
          10    0.666891           0           0
          10     0.69254           0           0
          10     0.71819           0           0
          10     0.74384           0           0
          10    0.769489           0           0
          10    0.795139           0           0
          10    0.820788           0           0
          10    0.846438 1.24495e-05 2.09508e-06
          10    0.872088  0.00129323 1.03877e-05
          10    0.897737   0.0242446 0.000114809
          10    0.923387    0.165923 0.000321843
          10    0.949037    0.564269 0.000632227
          10    0.974686     1.20118  0.00123254
          10     1.00034     1.86126  0.00070841
          10     1.02599     2.33767  0.00084471
          10     1.05164     2.55035 0.000720537
          10     1.07728     2.54886 0.000948605
          10     1.10293     2.40854  0.00116412
          10     1.12858     2.19906  0.00094365
          10     1.15423     1.97342 0.000723841
          10     1.17988     1.75583 0.000615121
          10     1.20553     1.55916  0.00101041
          10     1.23118     1.38993 0.000754426
          10     1.25683     1.24468 0.000345458
          10     1.28248     1.12447 0.000522922
          10     1.30813     1.02392 0.000645808
          10     1.33378    0.940807 0.000716205
          10     1.35943    0.872348 0.000365554
          10     1.38508      0.8176 0.000479153
          10     1.41073    0.772549 0.000753898
          10     1.43638    0.738093 0.000423651
          10     1.46203    0.711047 0.000522149
          10     1.48768    0.691357 0.000390198
          10     1.51333    0.678674   0.0004664
          10     1.53898    0.671694 0.000546814
          10     1.56463     0.67123 0.000596141
          10     1.59028    0.676254 0.000483567
          10     1.61593    0.686052 0.000459116
          10     1.64158    0.701902 0.000348073
          10     1.66723    0.722651 0.000327083
          10     1.69288    0.748839 0.000406134
          10     1.71853    0.779996 0.000380572
          10     1.74418    0.815047 0.000440106
          10     1.76983    0.853568 0.000373987
          10     1.79547     0.89466 0.000483448
          10     1.82112    0.936048 0.000479453
          10     1.84677     0.97778 0.000433506
          10     1.87242     1.01863 0.000371675
          10     1.89807     1.05803 0.000513632
          10     1.92372     1.09594 0.000610349
          10     1.94937     1.13045 0.000374224
          10     1.97502     1.16067 0.000465665
          10     2.00067     1.18538 0.000495684
          10     2.02632     1.20308 0.000397678
          10     2.05197      1.2142 0.000433385
          10     2.07762     1.21488 0.000411551
          10     2.10327     1.20857 0.000440211
          10     2.12892      1.1949 0.000587375
          10     2.15457     1.17474 0.000538092
          10     2.18022       1.151 0.000450854
          10     2.20587      1.1238 0.000453521
          10     2.23152     1.09594 0.000381696
          10     2.25717     1.06671 0.000484328
          10     2.28282     1.03929 0.000403695
          10     2.30847     1.01267 0.000339799
          10     2.33412    0.988635 0.000283876
          10     2.35977    0.966228 0.000316572
          10     2.38542    0.947136 0.000279344
          10     2.41107    0.931746 0.000274107
          10     2.43672     0.91831 0.000315529
          10     2.46237    0.908574 0.000297542
          10     2.48802    0.895056 0.000298831
          10     2.51366    0.885728  0.00023637
          10     2.53931    0.885579 0.000314646
           1           0           0           0
           1    0.064633           0           0
           1    0.129266           0           0
           1    0.193899           0           0
           1    0.258532           0           0
           1    0.323165           0           0
           1    0.387798           0           0
           1    0.452431           0           0
           1    0.517064           0           0
           1    0.581697           0           0
           1     0.64633           0           0
           1    0.710963           0           0
           1    0.775596           0           0
           1     0.84023  0.00102973           0
           1    0.904863    0.148014           0
           1    0.969496     1.06175           0
           1     1.03413     2.03901           0
           1     1.09876     2.26606           0
           1     1.16339     2.09321           0
           1     1.22803     1.83153           0
           1     1.29266     1.61786           0
           1     1.35729     1.45593           0
           1     1.42193     1.33303           0
           1     1.48656     1.25425           0
           1     1.55119      1.1896           0
           1     1.61583     1.14089           0
           1     1.68046     1.11651           0
           1     1.74509     1.08568           0
           1     1.80973     1.07778           0
           1     1.87436     1.06427           0
           1     1.93899     1.05574           0
           1     2.00362     1.05802           0
           1     2.06826     1.05696           0
           1     2.13289     1.05007           0
           1     2.19752     1.04776           0
           1     2.26216     1.04398           0
           1     2.32679     1.04007           0
           1     2.39142     1.03212           0
           1     2.45606     1.02391           0
           1     2.52069     1.02108           0
           1     2.58532     1.01612           0
           1     2.64995     1.01292           0
           1     2.71459     1.00931           0
           1     2.77922     1.00918           0
           1     2.84385     1.00314           0
           1     2.90849     1.00379           0
           1     2.97312     1.00099           0
           1     3.03775     1.00027           0
           1     3.10239      1.0005           0
           1     3.16702    0.996452           0
           1     3.23165    0.994678           0
           1     3.29629    0.997828           0
           1     3.36092    0.994718           0
           1     3.42555    0.993829           0
           1     3.49018     0.99443           0
           1     3.55482    0.994636           0
           1     3.61945    0.992451           0
           1     3.68408    0.992754           0
           1     3.74872    0.990731           0
           1     3.81335    0.990867           0
           1     3.87798    0.989931           0
           1     3.94262    0.988622           0
           1     4.00725    0.989519           0
           1     4.07188    0.988331           0
           1     4.13651       0.989           0
           1     4.20115    0.988925           0
           1     4.26578    0.988428           0
           1     4.33041    0.987722           0
           1     4.39505    0.988785           0
           1     4.45968    0.988705           0
           1     4.52431    0.987503           0
           1     4.58895    0.987276           0
           1     4.65358    0.987161           0
           1     4.71821    0.986185           0
           1     4.78285    0.987405           0
           1     4.84748    0.986291           0
           1     4.91211    0.986797           0
           1     4.97674    0.986968           0
           1     5.04138    0.986438           0
           1     5.10601    0.986273           0
           1     5.17064    0.987205           0
           1     5.23528    0.988049           0
           1     5.29991    0.986585           0
           1     5.36454    0.986541           0
           1     5.42918    0.986191           0
           1     5.49381    0.985988           0
           1     5.55844    0.986729           0
           1     5.62307    0.987382           0
           1     5.68771     0.98626           0
           1     5.75234    0.986556           0
           1     5.81697    0.986395           0
           1     5.88161    0.986423           0
           1     5.94624    0.986436           0
           1     6.01087     0.98609           0
           1     6.07551    0.985967           0
           1     6.14014    0.987143           0
           1     6.20477    0.984869           0
           1      6.2694    0.986453           0
           1     6.33404    0.986243           0
           1     6.39867    0.986338           0
           2           0           0           0
           2    0.064633           0           0
           2    0.129266           0           0
           2    0.193899           0           0
           2    0.258532           0           0
           2    0.323165           0           0
           2    0.387798           0           0
           2    0.452431           0           0
           2    0.517064           0           0
           2    0.581697           0           0
           2     0.64633           0           0
           2    0.710963           0           0
           2    0.775596           0           0
           2     0.84023  0.00107164 4.19078e-05
           2    0.904863    0.146094  0.00192024
           2    0.969496     1.06425  0.00249811
           2     1.03413     2.04405  0.00504246
           2     1.09876     2.26811   0.0020561
           2     1.16339     2.09373 0.000522946
           2     1.22803     1.83219 0.000662995
           2     1.29266     1.61888  0.00102581
           2     1.35729     1.45717  0.00124192
           2     1.42193     1.33707   0.0040466
           2     1.48656     1.25418 6.91719e-05
           2     1.55119     1.18849  0.00111099
           2     1.61583     1.14255  0.00166174
           2     1.68046      1.1143  0.00221169
           2     1.74509     1.08983  0.00414797
           2     1.80973     1.07771 6.98766e-05
           2     1.87436     1.06538   0.0011125
           2     1.93899     1.05801  0.00227276
           2     2.00362     1.05677  0.00124634
           2     2.06826     1.05478  0.00217424
           2     2.13289     1.05245  0.00237902
           2     2.19752       1.047 0.000759319
           2     2.26216     1.04416 0.000181019
           2     2.32679     1.03872  0.00135023
           2     2.39142      1.0312 0.000915141
           2     2.45606     1.02404 0.000130344
           2     2.52069     1.02145 0.000366587
           2     2.58532     1.01685 0.000732686
           2     2.64995     1.01314 0.000219291
           2     2.71459      1.0092 0.000108777
           2     2.77922     1.00936 0.000186323
           2     2.84385     1.00533  0.00218393
           2     2.90849     1.00284 0.000949063
           2     2.97312     1.00187 0.000878394
           2     3.03775     1.00037 9.86937e-05
           2     3.10239    0.999611 0.000892366
           2     3.16702    0.997341 0.000888751
           2     3.23165    0.995161 0.000483664
           2     3.29629    0.996384  0.00144417
           2     3.36092    0.995152 0.000434052
           2     3.42555    0.994338 0.000509505
           2     3.49018    0.993628 0.000801885
           2     3.55482    0.994474 0.000161596
           2     3.61945    0.991073  0.00137803
           2     3.68408    0.991693  0.00106078
           2     3.74872     0.99018 0.000550849
           2     3.81335    0.991023 0.000156016
           2     3.87798    0.989803 0.000128236
           2     3.94262    0.990235  0.00161301
           2     4.00725    0.988883 0.000636012
           2     4.07188    0.988793 0.000461833
           2     4.13651    0.988982 1.73172e-05
           2     4.20115    0.988757 0.000167671
           2     4.26578     0.98786 0.000567973
           2     4.33041       0.988 0.000277671
           2     4.39505    0.988238 0.000547156
           2     4.45968    0.988677 2.87005e-05
           2     4.52431    0.987423 7.95034e-05
           2     4.58895     0.98677 0.000505408
           2     4.65358    0.987116 4.54804e-05
           2     4.71821    0.987273   0.0010883
           2     4.78285    0.986679 0.000725721
           2     4.84748    0.986777 0.000485828
           2     4.91211     0.98678 1.69736e-05
           2     4.97674    0.986485 0.000482159
           2     5.04138    0.986084 0.000354103
           2     5.10601    0.986084 0.000189465
           2     5.17064    0.986856  0.00034835
           2     5.23528    0.987295 0.000754483
           2     5.29991    0.986634 4.90762e-05
           2     5.36454    0.986248 0.000292613
           2     5.42918     0.98574 0.000451142
           2     5.49381    0.986167 0.000179784
           2     5.55844    0.986531 0.000197681
           2     5.62307    0.986141  0.00124068
           2     5.68771    0.985951 0.000308985
           2     5.75234     0.98576 0.000796111
           2     5.81697    0.986242 0.000152604
           2     5.88161    0.985919 0.000503142
           2     5.94624    0.986129 0.000307462
           2     6.01087    0.986077 1.26112e-05
           2     6.07551    0.985936 3.10476e-05
           2     6.14014    0.986536 0.000607059
           2     6.20477    0.985116 0.000246867
           2      6.2694    0.985307   0.0011461
           2     6.33404    0.986054 0.000188227
           2     6.39867    0.985973 0.000364956
           3           0           0           0
           3    0.064633           0           0
           3    0.129266           0           0
           3    0.193899           0           0
           3    0.258532           0           0
           3    0.323165           0           0
           3    0.387798           0           0
           3    0.452431           0           0
           3    0.517064           0           0
           3    0.581697           0           0
           3     0.64633           0           0
           3    0.710963           0           0
           3    0.775596           0           0
           3     0.84023  0.00102175 5.54477e-05
           3    0.904863    0.147046  0.00146096
           3    0.969496      1.0637  0.00154291
           3     1.03413     2.04296  0.00310872
           3     1.09876     2.26545  0.00291241
           3     1.16339     2.09262  0.00115411
           3     1.22803     1.83172 0.000607436
           3     1.29266     1.61793  0.00111918
           3     1.35729     1.45752 0.000798329
           3     1.42193     1.33539   0.0028815
           3     1.48656     1.25365 0.000538389
           3     1.55119     1.19097  0.00255534
           3     1.61583     1.14354  0.00138125
           3     1.68046     1.11234  0.00234004
           3     1.74509     1.08992  0.00239651
           3     1.80973     1.07672 0.000991635
           3     1.87436      1.0662  0.00104018
           3     1.93899      1.0588  0.00153267
           3     2.00362     1.05735 0.000920374
           3     2.06826     1.05461  0.00126659
           3     2.13289     1.05195  0.00145991
           3     2.19752     1.04717  0.00046844
           3     2.26216     1.04445 0.000305683
           3     2.32679     1.03887 0.000795484
           3     2.39142     1.03105  0.00055091
           3     2.45606     1.02427 0.000242935
           3     2.52069     1.02133 0.000244158
           3     2.58532     1.01815  0.00136425
           3     2.64995     1.01318 0.000130934
           3     2.71459     1.00977 0.000576324
           3     2.77922     1.00895 0.000427364
           3     2.84385     1.00571  0.00131786
           3     2.90849      1.0037  0.00102251
           3     2.97312     1.00166 0.000548903
           3     3.03775     1.00006 0.000313241
           3     3.10239    0.999539 0.000520162
           3     3.16702    0.998228  0.00102496
           3     3.23165    0.995581 0.000504147
           3     3.29629    0.996651 0.000875529
           3     3.36092    0.995008 0.000289236
           3     3.42555    0.994525 0.000348773
           3     3.49018     0.99444 0.000934863
           3     3.55482    0.994058 0.000426371
           3     3.61945    0.991605 0.000956996
           3     3.68408    0.991315 0.000719716
           3     3.74872    0.991097 0.000970602
           3     3.81335    0.990945 0.000118958
           3     3.87798    0.989905 0.000125871
           3     3.94262    0.990044 0.000950533
           3     4.00725     0.98964 0.000841454
           3     4.07188     0.98936 0.000626285
           3     4.13651    0.989343 0.000361351
           3     4.20115      0.9884 0.000369861
           3     4.26578     0.98798 0.000349033
           3     4.33041    0.987974 0.000162401
           3     4.39505    0.988898 0.000731341
           3     4.45968     0.98891 0.000233883
           3     4.52431    0.987884  0.00046334
           3     4.58895    0.987268 0.000576827
           3     4.65358    0.987172 6.19781e-05
           3     4.71821    0.987703 0.000761294
           3     4.78285    0.986577 0.000431296
           3     4.84748    0.987326  0.00061641
           3     4.91211    0.987186 0.000405683
           3     4.97674    0.986483 0.000278386
           3     5.04138    0.986427 0.000398903
           3     5.10601    0.986362 0.000299505
           3     5.17064    0.986658 0.000282374
           3     5.23528    0.986904 0.000585028
           3     5.29991    0.986823 0.000190829
           3     5.36454    0.986388 0.000219222
           3     5.42918    0.986254 0.000575615
           3     5.49381    0.986536 0.000383059
           3     5.55844    0.986289 0.000268207
           3     5.62307    0.986044 0.000722865
           3     5.68771    0.985722  0.00028976
           3     5.75234    0.985864 0.000471319
           3     5.81697    0.986259 8.96509e-05
           3     5.88161    0.985676 0.000378773
           3     5.94624     0.98644  0.00035783
           3     6.01087    0.985693 0.000384024
           3     6.07551       0.986 6.65905e-05
           3     6.14014    0.985984 0.000654343
           3     6.20477    0.985283 0.000219553
           3      6.2694    0.985567 0.000710954
           3     6.33404    0.985951 0.000150002
           3     6.39867    0.986113 0.000253319
           4           0           0           0
           4    0.064633           0           0
           4    0.129266           0           0
           4    0.193899           0           0
           4    0.258532           0           0
           4    0.323165           0           0
           4    0.387798           0           0
           4    0.452431           0           0
           4    0.517064           0           0
           4    0.581697           0           0
           4     0.64633           0           0
           4    0.710963           0           0
           4    0.775596           0           0
           4     0.84023 0.000984833 5.38537e-05
           4    0.904863     0.14775  0.00125018
           4    0.969496     1.06227  0.00179864
           4     1.03413     2.04404   0.0024484
           4     1.09876     2.26477  0.00216857
           4     1.16339      2.0922 0.000915567
           4     1.22803     1.83094 0.000892707
           4     1.29266     1.61888  0.00123416
           4     1.35729      1.4566  0.00107639
           4     1.42193     1.33687  0.00252128
           4     1.48656     1.25224  0.00145361
           4     1.55119     1.19113   0.0018144
           4     1.61583     1.14381  0.00101228
           4     1.68046     1.11393  0.00229603
           4     1.74509     1.09137    0.002232
           4     1.80973     1.07704  0.00077171
           4     1.87436     1.06602  0.00075868
           4     1.93899     1.05942  0.00124863
           4     2.00362     1.05768 0.000733629
           4     2.06826     1.05543  0.00121348
           4     2.13289     1.05273  0.00129164
           4     2.19752     1.04713 0.000333576
           4     2.26216     1.04473 0.000353418
           4     2.32679     1.03891 0.000563629
           4     2.39142      1.0311 0.000392562
           4     2.45606     1.02538  0.00112468
           4     2.52069     1.02199 0.000679225
           4     2.58532     1.01821  0.00096676
           4     2.64995     1.01368 0.000517182
           4     2.71459     1.01004 0.000485774
           4     2.77922     1.00872 0.000381793
           4     2.84385     1.00587 0.000945823
           4     2.90849     1.00384 0.000735821
           4     2.97312     1.00213 0.000612464
           4     3.03775     1.00006 0.000221495
           4     3.10239    0.999706 0.000403843
           4     3.16702     0.99818 0.000726354
           4     3.23165    0.996117 0.000643743
           4     3.29629    0.996792 0.000635029
           4     3.36092    0.994741 0.000335904
           4     3.42555    0.994253 0.000367613
           4     3.49018    0.994256 0.000686209
           4     3.55482    0.993629 0.000524032
           4     3.61945    0.991643 0.000677736
           4     3.68408    0.991074 0.000563171
           4     3.74872     0.99102 0.000690682
           4     3.81335    0.990663 0.000294544
           4     3.87798    0.989638 0.000281312
           4     3.94262    0.990134 0.000678063
           4     4.00725    0.989865  0.00063597
           4     4.07188    0.989221 0.000464101
           4     4.13651    0.989253 0.000271046
           4     4.20115    0.987795 0.000659611
           4     4.26578    0.988331 0.000429625
           4     4.33041    0.987873 0.000152709
           4     4.39505    0.988788 0.000528705
           4     4.45968    0.988706 0.000262813
           4     4.52431    0.987681 0.000385426
           4     4.58895    0.987304 0.000409475
           4     4.65358    0.987049 0.000130585
           4     4.71821    0.987549 0.000559754
           4     4.78285    0.986525 0.000309394
           4     4.84748     0.98736 0.000437224
           4     4.91211    0.987068 0.000310126
           4     4.97674    0.986479 0.000196885
           4     5.04138    0.986416 0.000282265
           4     5.10601     0.98612 0.000321604
           4     5.17064    0.986571 0.000217891
           4     5.23528    0.986847 0.000417661
           4     5.29991    0.986675 0.000200144
           4     5.36454    0.986573 0.000241602
           4     5.42918    0.986462 0.000457421
           4     5.49381    0.986493  0.00027424
           4     5.55844    0.986305 0.000190362
           4     5.62307    0.985986 0.000514349
           4     5.68771    0.985838  0.00023504
           4     5.75234    0.985928 0.000339312
           4     5.81697    0.986218 7.50438e-05
           4     5.88161    0.985919 0.000361384
           4     5.94624    0.986295  0.00029139
           4     6.01087    0.986174 0.000552117
           4     6.07551    0.985949 6.92278e-05
           4     6.14014    0.985649 0.000570945
           4     6.20477    0.985304 0.000156648
           4      6.2694    0.985389 0.000533541
           4     6.33404    0.985779 0.000202145
           4     6.39867    0.986109 0.000179182
           5           0           0           0
           5    0.064633           0           0
           5    0.129266           0           0
           5    0.193899           0           0
           5    0.258532           0           0
           5    0.323165           0           0
           5    0.387798           0           0
           5    0.452431           0           0
           5    0.517064           0           0
           5    0.581697           0           0
           5     0.64633           0           0
           5    0.710963           0           0
           5    0.775596           0           0
           5     0.84023  0.00102255 5.62379e-05
           5    0.904863    0.147896 0.000979381
           5    0.969496     1.06253   0.0014165
           5     1.03413     2.04105  0.00353483
           5     1.09876      2.2624  0.00291105
           5     1.16339     2.09054  0.00180841
           5     1.22803      1.8303 0.000941062
           5     1.29266     1.61943  0.00110422
           5     1.35729     1.45618 0.000932532
           5     1.42193     1.33555  0.00235967
           5     1.48656     1.25184  0.00119484
           5     1.55119     1.19092  0.00142042
           5     1.61583     1.14342 0.000874962
           5     1.68046     1.11344  0.00184519
           5     1.74509     1.09084  0.00180734
           5     1.80973     1.07674 0.000669576
           5     1.87436     1.06669 0.000891972
           5     1.93899     1.05965 0.000994341
           5     2.00362     1.05729 0.000692704
           5     2.06826     1.05438   0.0014109
           5     2.13289     1.05202  0.00122903
           5     2.19752     1.04678 0.000430735
           5     2.26216     1.04375  0.00101486
           5     2.32679     1.03835 0.000712857
           5     2.39142     1.03116  0.00031157
           5     2.45606     1.02567 0.000917938
           5     2.52069     1.02173 0.000586169
           5     2.58532     1.01776 0.000874098
           5     2.64995      1.0132 0.000625283
           5     2.71459     1.00976 0.000464935
           5     2.77922     1.00824 0.000558397
           5     2.84385     1.00593 0.000734862
           5     2.90849      1.0037 0.000587181
           5     2.97312     1.00116  0.00108463
           5     3.03775     0.99987 0.000255989
           5     3.10239    0.999622 0.000324016
           5     3.16702    0.997832 0.000661589
           5     3.23165    0.995998 0.000512543
           5     3.29629    0.995865  0.00104982
           5     3.36092    0.994409 0.000421992
           5     3.42555     0.99441 0.000325206
           5     3.49018    0.994107 0.000552219
           5     3.55482    0.993288 0.000530195
           5     3.61945    0.991624 0.000525295
           5     3.68408    0.990913 0.000465067
           5     3.74872    0.991027 0.000535054
           5     3.81335    0.990545 0.000256719
           5     3.87798    0.989514 0.000250524
           5     3.94262    0.989837 0.000603157
           5     4.00725    0.990001 0.000511013
           5     4.07188    0.989123 0.000372503
           5     4.13651     0.98948 0.000309293
           5     4.20115     0.98795 0.000533985
           5     4.26578    0.988421 0.000344727
           5     4.33041    0.987795 0.000141549
           5     4.39505    0.988364 0.000589335
           5     4.45968    0.988537 0.000264535
           5     4.52431    0.987663 0.000299089
           5     4.58895    0.987494 0.000369476
           5     4.65358    0.987311 0.000281042
           5     4.71821     0.98755 0.000433584
           5     4.78285    0.986483 0.000243248
           5     4.84748    0.987153 0.000397167
           5     4.91211    0.987258 0.000306448
           5     4.97674    0.986319 0.000220898
           5     5.04138    0.986468 0.000224652
           5     5.10601    0.986279 0.000295029
           5     5.17064    0.986532 0.000173269
           5     5.23528    0.986806 0.000326111
           5     5.29991    0.986679 0.000155093
           5     5.36454    0.986593 0.000188138
           5     5.42918    0.986451 0.000354499
           5     5.49381    0.986283 0.000298836
           5     5.55844    0.986315 0.000147757
           5     5.62307    0.986196  0.00045001
           5     5.68771    0.985709 0.000223083
           5     5.75234    0.986071 0.000299008
           5     5.81697    0.986152 8.84294e-05
           5     5.88161    0.985892 0.000281226
           5     5.94624    0.986344 0.000230834
           5     6.01087    0.986244  0.00043333
           5     6.07551    0.985904 7.04262e-05
           5     6.14014    0.985769 0.000458121
           5     6.20477    0.985396 0.000152512
           5      6.2694    0.985399 0.000413405
           5     6.33404    0.985732 0.000163339
           5     6.39867    0.985832 0.000309445
           6           0           0           0
           6    0.064633           0           0
           6    0.129266           0           0
           6    0.193899           0           0
           6    0.258532           0           0
           6    0.323165           0           0
           6    0.387798           0           0
           6    0.452431           0           0
           6    0.517064           0           0
           6    0.581697           0           0
           6     0.64633           0           0
           6    0.710963           0           0
           6    0.775596           0           0
           6     0.84023  0.00102375 4.59337e-05
           6    0.904863    0.147431 0.000924863
           6    0.969496     1.06255  0.00115675
           6     1.03413     2.03897  0.00356121
           6     1.09876     2.26248  0.00237847
           6     1.16339     2.09044  0.00148018
           6     1.22803     1.82976    0.000941
           6     1.29266     1.61978 0.000965673
           6     1.35729     1.45491  0.00148489
           6     1.42193     1.33539  0.00193294
           6     1.48656     1.25158  0.00101151
           6     1.55119     1.19061  0.00120269
           6     1.61583     1.14288 0.000893329
           6     1.68046     1.11313  0.00153849
           6     1.74509     1.08948  0.00200938
           6     1.80973     1.07595  0.00095716
           6     1.87436     1.06624 0.000856023
           6     1.93899     1.05926 0.000902638
           6     2.00362     1.05693  0.00066856
           6     2.06826     1.05438  0.00115199
           6     2.13289     1.05161  0.00108246
           6     2.19752     1.04664 0.000379977
           6     2.26216     1.04396 0.000855902
           6     2.32679     1.03734  0.00116036
           6     2.39142     1.03084 0.000413517
           6     2.45606     1.02602 0.000829777
           6     2.52069      1.0216  0.00049536
           6     2.58532     1.01743 0.000787451
           6     2.64995     1.01294 0.000575185
           6     2.71459     1.00982  0.00038397
           6     2.77922     1.00787 0.000587532
           6     2.84385     1.00581 0.000611371
           6     2.90849     1.00326 0.000648348
           6     2.97312     1.00123 0.000888197
           6     3.03775     1.00006 0.000283598
           6     3.10239    0.998927 0.000743063
           6     3.16702    0.997392  0.00069676
           6     3.23165    0.995591 0.000584098
           6     3.29629    0.995869  0.00085719
           6     3.36092    0.994568 0.000379514
           6     3.42555    0.994227 0.000322385
           6     3.49018    0.993614 0.000668029
           6     3.55482    0.993188 0.000444367
           6     3.61945    0.991307 0.000533499
           6     3.68408    0.991349 0.000578724
           6     3.74872    0.990621 0.000596237
           6     3.81335    0.990262 0.000352575
           6     3.87798    0.989276 0.000314037
           6     3.94262    0.989543  0.00057375
           6     4.00725     0.98954 0.000621329
           6     4.07188    0.988892 0.000382093
           6     4.13651    0.989547 0.000261321
           6     4.20115     0.98796 0.000436112
           6     4.26578     0.98846 0.000284088
           6     4.33041    0.987741 0.000127628
           6     4.39505    0.988136  0.00053218
           6     4.45968    0.988294 0.000325183
           6     4.52431    0.987719 0.000250421
           6     4.58895    0.987578 0.000313244
           6     4.65358    0.987281 0.000231471
           6     4.71821    0.987402 0.000383448
           6     4.78285    0.986373 0.000226807
           6     4.84748    0.987084 0.000331556
           6     4.91211    0.987273 0.000250671
           6     4.97674    0.986601 0.000334155
           6     5.04138    0.986696 0.000292969
           6     5.10601    0.986286 0.000241018
           6     5.17064    0.986513 0.000142744
           6     5.23528    0.986804 0.000266279
           6     5.29991    0.986695  0.00012759
           6     5.36454     0.98659  0.00015364
           6     5.42918    0.986479 0.000290827
           6     5.49381     0.98601 0.000366424
           6     5.55844     0.98624 0.000141879
           6     5.62307    0.986293 0.000380153
           6     5.68771    0.985629 0.000198847
           6     5.75234    0.986105 0.000246545
           6     5.81697    0.986222 0.000100885
           6     5.88161    0.986142 0.000339527
           6     5.94624    0.986394 0.000195197
           6     6.01087    0.986362 0.000373226
           6     6.07551    0.985941 6.84424e-05
           6     6.14014    0.985719 0.000377325
           6     6.20477    0.985399 0.000124571
           6      6.2694     0.98547 0.000344884
           6     6.33404    0.985787 0.000144217
           6     6.39867    0.986041  0.00032789
           7           0           0           0
           7    0.064633           0           0
           7    0.129266           0           0
           7    0.193899           0           0
           7    0.258532           0           0
           7    0.323165           0           0
           7    0.387798           0           0
           7    0.452431           0           0
           7    0.517064           0           0
           7    0.581697           0           0
           7     0.64633           0           0
           7    0.710963           0           0
           7    0.775596           0           0
           7     0.84023  0.00101776   3.928e-05
           7    0.904863    0.147358 0.000785137
           7    0.969496     1.06262 0.000980077
           7     1.03413     2.03789  0.00319579
           7     1.09876     2.26311  0.00210645
           7     1.16339     2.09026  0.00126292
           7     1.22803     1.83078  0.00129339
           7     1.29266     1.61842  0.00158171
           7     1.35729     1.45512  0.00127307
           7     1.42193     1.33467  0.00178691
           7     1.48656     1.25188  0.00090594
           7     1.55119     1.19024  0.00107935
           7     1.61583     1.14249  0.00085102
           7     1.68046      1.1131   0.0013005
           7     1.74509     1.08951  0.00169841
           7     1.80973     1.07533  0.00101847
           7     1.87436     1.06567  0.00091663
           7     1.93899     1.05966 0.000861738
           7     2.00362      1.0572 0.000626879
           7     2.06826     1.05457 0.000991387
           7     2.13289     1.05101  0.00109451
           7     2.19752     1.04692 0.000427132
           7     2.26216     1.04299  0.00121609
           7     2.32679     1.03758  0.00100813
           7     2.39142     1.03127 0.000557919
           7     2.45606     1.02615 0.000711607
           7     2.52069     1.02159 0.000418854
           7     2.58532     1.01741   0.0006657
           7     2.64995     1.01263 0.000578613
           7     2.71459      1.0101 0.000429838
           7     2.77922     1.00785 0.000496892
           7     2.84385     1.00576 0.000518844
           7     2.90849     1.00312 0.000565376
           7     2.97312     1.00152 0.000804416
           7     3.03775    0.999952 0.000263531
           7     3.10239    0.998829 0.000635597
           7     3.16702    0.997388  0.00058888
           7     3.23165    0.995591 0.000493653
           7     3.29629    0.995696 0.000744844
           7     3.36092     0.99435 0.000387758
           7     3.42555    0.994508 0.000391219
           7     3.49018    0.993569 0.000566317
           7     3.55482    0.993312 0.000395653
           7     3.61945     0.99125 0.000454456
           7     3.68408    0.991599  0.00054903
           7     3.74872     0.99063 0.000503988
           7     3.81335    0.990601 0.000451029
           7     3.87798    0.989183 0.000281204
           7     3.94262    0.989773 0.000536821
           7     4.00725    0.989685 0.000544644
           7     4.07188     0.98889 0.000322933
           7     4.13651    0.989404 0.000263041
           7     4.20115     0.98817 0.000424192
           7     4.26578    0.988217 0.000341637
           7     4.33041    0.987866  0.00016484
           7     4.39505    0.988218 0.000457158
           7     4.45968     0.98812  0.00032543
           7     4.52431    0.987788 0.000222541
           7     4.58895    0.987432 0.000302515
           7     4.65358    0.987162 0.000228952
           7     4.71821    0.987597 0.000378057
           7     4.78285    0.986453 0.000207584
           7     4.84748    0.986761 0.000427487
           7     4.91211    0.987168 0.000236402
           7     4.97674    0.986663   0.0002893
           7     5.04138    0.986667 0.000249267
           7     5.10601    0.985999 0.000351992
           7     5.17064    0.986636 0.000172333
           7     5.23528    0.986706 0.000245387
           7     5.29991     0.98644 0.000276564
           7     5.36454    0.986746  0.00020264
           7     5.42918    0.986341 0.000281883
           7     5.49381    0.986029  0.00031032
           7     5.55844    0.986126 0.000165641
           7     5.62307    0.986388 0.000334945
           7     5.68771    0.985568 0.000178716
           7     5.75234    0.985964 0.000251576
           7     5.81697    0.986067 0.000177034
           7     5.88161    0.986235  0.00030166
           7     5.94624     0.98627 0.000206487
           7     6.01087    0.986158 0.000375634
           7     6.07551    0.985737 0.000211559
           7     6.14014    0.985804 0.000330004
           7     6.20477    0.985361  0.00011206
           7      6.2694    0.985327 0.000324358
           7     6.33404    0.985836 0.000131344
           7     6.39867    0.985976 0.000284662
           8           0           0           0
           8    0.064633           0           0
           8    0.129266           0           0
           8    0.193899           0           0
           8    0.258532           0           0
           8    0.323165           0           0
           8    0.387798           0           0
           8    0.452431           0           0
           8    0.517064           0           0
           8    0.581697           0           0
           8     0.64633           0           0
           8    0.710963           0           0
           8    0.775596           0           0
           8     0.84023 0.000983336 4.83964e-05
           8    0.904863    0.147501 0.000694842
           8    0.969496      1.0625  0.00085715
           8     1.03413      2.0378  0.00276928
           8     1.09876      2.2654  0.00292183
           8     1.16339     2.08877  0.00184891
           8     1.22803     1.83114  0.00117641
           8     1.29266      1.6188  0.00141956
           8     1.35729     1.45486  0.00113284
           8     1.42193     1.33518  0.00162941
           8     1.48656     1.25228 0.000883715
           8     1.55119     1.18982  0.00102478
           8     1.61583      1.1429 0.000843186
           8     1.68046     1.11277  0.00117362
           8     1.74509     1.09005  0.00156956
           8     1.80973     1.07541 0.000885656
           8     1.87436     1.06496  0.00106626
           8     1.93899     1.06032 0.000996212
           8     2.00362     1.05748 0.000609876
           8     2.06826     1.05516  0.00104363
           8     2.13289     1.05125 0.000977885
           8     2.19752     1.04709 0.000406317
           8     2.26216     1.04291  0.00105628
           8     2.32679     1.03739 0.000892549
           8     2.39142     1.03152  0.00054478
           8     2.45606     1.02605 0.000623413
           8     2.52069     1.02135 0.000432842
           8     2.58532     1.01738 0.000577494
           8     2.64995     1.01237 0.000561891
           8     2.71459     1.01016 0.000376727
           8     2.77922     1.00803 0.000465165
           8     2.84385     1.00552 0.000509716
           8     2.90849     1.00338 0.000549879
           8     2.97312     1.00186 0.000775637
           8     3.03775    0.999707 0.000335151
           8     3.10239    0.998931  0.00055974
           8     3.16702    0.997699 0.000597324
           8     3.23165    0.995863 0.000507025
           8     3.29629     0.99534 0.000736749
           8     3.36092    0.994494 0.000365264
           8     3.42555     0.99447  0.00034094
           8     3.49018     0.99362 0.000493051
           8     3.55482    0.993235  0.00035123
           8     3.61945    0.991476 0.000453746
           8     3.68408    0.991571   0.0004763
           8     3.74872    0.990854 0.000490296
           8     3.81335    0.990659 0.000394986
           8     3.87798      0.9892  0.00024415
           8     3.94262     0.98981 0.000466394
           8     4.00725    0.989327 0.000591979
           8     4.07188    0.989008 0.000303499
           8     4.13651    0.989277 0.000260825
           8     4.20115    0.988172 0.000367367
           8     4.26578    0.988264 0.000299669
           8     4.33041    0.987852 0.000143414
           8     4.39505    0.988237  0.00039637
           8     4.45968    0.988095  0.00028286
           8     4.52431    0.987818 0.000195169
           8     4.58895    0.987227 0.000332736
           8     4.65358    0.987226 0.000208399
           8     4.71821     0.98743 0.000367572
           8     4.78285    0.986595 0.000228793
           8     4.84748    0.986545 0.000428807
           8     4.91211    0.987012 0.000257638
           8     4.97674    0.986499 0.000299609
           8     5.04138    0.986733 0.000225694
           8     5.10601    0.985983 0.000305258
           8     5.17064    0.986476 0.000218736
           8     5.23528    0.986592 0.000240809
           8     5.29991    0.986244 0.000309726
           8     5.36454    0.986608 0.000223257
           8     5.42918    0.986174  0.00029572
           8     5.49381    0.986001 0.000270299
           8     5.55844    0.986053 0.000160829
           8     5.62307    0.986397 0.000290215
           8     5.68771    0.985484  0.00017608
           8     5.75234    0.985972 0.000218007
           8     5.81697    0.985922 0.000211264
           8     5.88161    0.986256 0.000262043
           8     5.94624    0.986206 0.000189839
           8     6.01087    0.986051 0.000342579
           8     6.07551    0.985629 0.000212868
           8     6.14014     0.98566 0.000320191
           8     6.20477    0.985476 0.000150174
           8      6.2694    0.985376 0.000285044
           8     6.33404    0.985619 0.000245405
           8     6.39867    0.985965 0.000246749
           9           0           0           0
           9    0.064633           0           0
           9    0.129266           0           0
           9    0.193899           0           0
           9    0.258532           0           0
           9    0.323165           0           0
           9    0.387798           0           0
           9    0.452431           0           0
           9    0.517064           0           0
           9    0.581697           0           0
           9     0.64633           0           0
           9    0.710963           0           0
           9    0.775596           0           0
           9     0.84023 0.000997804 4.50672e-05
           9    0.904863    0.147923  0.00074443
           9    0.969496     1.06187 0.000980788
           9     1.03413     2.03863  0.00258088
           9     1.09876     2.26519   0.0025851
           9     1.16339      2.0884  0.00167158
           9     1.22803     1.83092  0.00106051
           9     1.29266     1.61903  0.00127305
           9     1.35729     1.45466  0.00101888
           9     1.42193     1.33512  0.00143839
           9     1.48656     1.25145   0.0011382
           9     1.55119      1.1896 0.000929883
           9     1.61583     1.14319 0.000799483
           9     1.68046     1.11325  0.00114094
           9     1.74509     1.08999   0.0013856
           9     1.80973     1.07555 0.000793153
           9     1.87436     1.06486   0.0009455
           9     1.93899     1.05996 0.000949158
           9     2.00362     1.05802 0.000759414
           9     2.06826     1.05555 0.000999269
           9     2.13289     1.05176   0.0010043
           9     2.19752     1.04763 0.000650089
           9     2.26216     1.04322 0.000982087
           9     2.32679     1.03767 0.000836191
           9     2.39142     1.03151 0.000480762
           9     2.45606     1.02617 0.000562273
           9     2.52069     1.02172 0.000527689
           9     2.58532     1.01759 0.000551631
           9     2.64995      1.0127 0.000595138
           9     2.71459     1.01027 0.000350372
           9     2.77922     1.00804 0.000410301
           9     2.84385     1.00562 0.000458942
           9     2.90849     1.00357 0.000523298
           9     2.97312     1.00208  0.00072069
           9     3.03775    0.999981  0.00040273
           9     3.10239    0.999073 0.000513755
           9     3.16702    0.997614  0.00053359
           9     3.23165    0.995803 0.000451139
           9     3.29629    0.995447 0.000658458
           9     3.36092    0.994804 0.000447285
           9     3.42555    0.994648 0.000349766
           9     3.49018    0.993703 0.000442708
           9     3.55482    0.993354 0.000331902
           9     3.61945    0.991577 0.000412755
           9     3.68408    0.991545 0.000420851
           9     3.74872    0.990984 0.000451802
           9     3.81335    0.990819 0.000383447
           9     3.87798     0.98946  0.00033763
           9     3.94262    0.989822 0.000411478
           9     4.00725     0.98942 0.000530328
           9     4.07188    0.989099 0.000282832
           9     4.13651    0.989076 0.000305788
           9     4.20115     0.98827 0.000338556
           9     4.26578    0.988269 0.000264332
           9     4.33041    0.988021 0.000211095
           9     4.39505    0.988398 0.000384556
           9     4.45968    0.988061 0.000251787
           9     4.52431    0.987896 0.000188837
           9     4.58895    0.987374  0.00032856
           9     4.65358    0.987325 0.000208847
           9     4.71821    0.987518 0.000335926
           9     4.78285    0.986662 0.000212824
           9     4.84748    0.986501 0.000380692
           9     4.91211    0.986987 0.000228581
           9     4.97674    0.986529 0.000265919
           9     5.04138    0.986866 0.000239577
           9     5.10601    0.986005 0.000270106
           9     5.17064    0.986418 0.000201516
           9     5.23528    0.986518 0.000224906
           9     5.29991    0.986209 0.000275366
           9     5.36454     0.98661 0.000196915
           9     5.42918    0.986257 0.000273543
           9     5.49381     0.98594 0.000245915
           9     5.55844    0.985927 0.000189724
           9     5.62307    0.986328 0.000264961
           9     5.68771    0.985575 0.000180007
           9     5.75234    0.986018  0.00019782
           9     5.81697    0.985911 0.000186622
           9     5.88161    0.986195  0.00023895
           9     5.94624    0.986132 0.000183015
           9     6.01087    0.986175 0.000326674
           9     6.07551    0.985619 0.000187997
           9     6.14014    0.985749 0.000296282
           9     6.20477    0.985512 0.000137245
           9      6.2694    0.985392 0.000251924
           9     6.33404    0.985605 0.000216848
           9     6.39867    0.985981 0.000218188
          10           0           0           0
          10    0.064633           0           0
          10    0.129266           0           0
          10    0.193899           0           0
          10    0.258532           0           0
          10    0.323165           0           0
          10    0.387798           0           0
          10    0.452431           0           0
          10    0.517064           0           0
          10    0.581697           0           0
          10     0.64633           0           0
          10    0.710963           0           0
          10    0.775596           0           0
          10     0.84023  0.00100818 4.16236e-05
          10    0.904863    0.147782 0.000680686
          10    0.969496     1.06239  0.00101943
          10     1.03413     2.04031  0.00285645
          10     1.09876     2.26613  0.00249511
          10     1.16339      2.0877   0.0016541
          10     1.22803     1.83105 0.000957672
          10     1.29266     1.61768  0.00176575
          10     1.35729     1.45486 0.000931978
          10     1.42193     1.33491  0.00130358
          10     1.48656     1.25064  0.00130087
          10     1.55119     1.18946 0.000844172
          10     1.61583       1.143  0.00074132
          10     1.68046     1.11296  0.00106223
          10     1.74509     1.08943  0.00136058
          10     1.80973     1.07485 0.000996435
          10     1.87436     1.06506 0.000867223
          10     1.93899     1.06008 0.000857399
          10     2.00362     1.05801  0.00067925
          10     2.06826      1.0555 0.000895078
          10     2.13289     1.05193  0.00091349
          10     2.19752     1.04764  0.00058148
          10     2.26216     1.04332 0.000884598
          10     2.32679      1.0378 0.000758275
          10     2.39142     1.03152 0.000430321
          10     2.45606     1.02642 0.000561122
          10     2.52069     1.02152 0.000511331
          10     2.58532     1.01748 0.000504507
          10     2.64995     1.01268 0.000532954
          10     2.71459     1.00988  0.00049757
          10     2.77922     1.00793 0.000382954
          10     2.84385     1.00546 0.000439205
          10     2.90849     1.00351 0.000472034
          10     2.97312     1.00191 0.000668954
          10     3.03775     1.00036 0.000521589
          10     3.10239    0.998892 0.000494011
          10     3.16702    0.997647 0.000478398
          10     3.23165    0.995959 0.000432449
          10     3.29629     0.99524 0.000624452
          10     3.36092    0.994755 0.000403065
          10     3.42555    0.994605 0.000315845
          10     3.49018    0.993569 0.000418262
          10     3.55482     0.99312 0.000377994
          10     3.61945    0.991833 0.000448982
          10     3.68408    0.991444 0.000389761
          10     3.74872    0.991001 0.000404425
          10     3.81335    0.990654 0.000380755
          10     3.87798    0.989303 0.000340596
          10     3.94262    0.989736 0.000377997
          10     4.00725    0.989463 0.000476252
          10     4.07188    0.989066 0.000255223
          10     4.13651    0.989027 0.000277839
          10     4.20115    0.988194 0.000312291
          10     4.26578    0.988135 0.000272106
          10     4.33041    0.988065 0.000193884
          10     4.39505    0.988209  0.00039242
          10     4.45968    0.987953 0.000250079
          10     4.52431    0.987969 0.000184154
          10     4.58895    0.987366 0.000294002
          10     4.65358    0.987368  0.00019162
          10     4.71821    0.987409 0.000319674
          10     4.78285     0.98663 0.000193007
          10     4.84748    0.986578 0.000349049
          10     4.91211    0.987031 0.000209166
          10     4.97674    0.986547 0.000238502
          10     5.04138    0.986799 0.000224662
          10     5.10601    0.985949 0.000247958
          10     5.17064    0.986198 0.000283715
          10     5.23528    0.986544 0.000202745
          10     5.29991    0.986165 0.000250287
          10     5.36454    0.986413 0.000264906
          10     5.42918    0.986267  0.00024489
          10     5.49381    0.985984 0.000224367
          10     5.55844    0.985941 0.000170262
          10     5.62307    0.986264 0.000245667
          10     5.68771    0.985622 0.000167581
          10     5.75234    0.986004  0.00017753
          10     5.81697    0.985924 0.000167391
          10     5.88161    0.986269 0.000226374
          10     5.94624    0.986166 0.000167176
          10     6.01087    0.986055 0.000316132
          10     6.07551    0.985668 0.000175112
          10     6.14014     0.98586 0.000287341
          10     6.20477    0.985607 0.000155469
          10      6.2694    0.985518 0.000257912
          10     6.33404    0.985536 0.000205811
          10     6.39867    0.985821  0.00025241
           1           0           0           0
           1   0.0230664           0           0
           1   0.0461329           0           0
           1   0.0691993           0           0
           1   0.0922657           0           0
           1    0.115332           0           0
           1    0.138399           0           0
           1    0.161465           0           0
           1    0.184531           0           0
           1    0.207598           0           0
           1    0.230664           0           0
           1    0.253731           0           0
           1    0.276797           0           0
           1    0.299864           0           0
           1     0.32293           0           0
           1    0.345996           0           0
           1    0.369063           0           0
           1    0.392129           0           0
           1    0.415196           0           0
           1    0.438262           0           0
           1    0.461329           0           0
           1    0.484395           0           0
           1    0.507461           0           0
           1    0.530528           0           0
           1    0.553594           0           0
           1    0.576661           0           0
           1    0.599727           0           0
           1    0.622794           0           0
           1     0.64586           0           0
           1    0.668926           0           0
           1    0.691993           0           0
           1    0.715059           0           0
           1    0.738126           0           0
           1    0.761192           0           0
           1    0.784259           0           0
           1    0.807325           0           0
           1    0.830391           0           0
           1    0.853458           0           0
           1    0.876524 5.30212e-05           0
           1    0.899591  0.00341261           0
           1    0.922657   0.0472659           0
           1    0.945724     0.29232           0
           1     0.96879     1.01015           0
           1    0.991856     2.24673           0
           1     1.01492     3.62526           0
           1     1.03799     4.62077           0
           1     1.06106     4.89101           0
           1     1.08412     4.48616           0
           1     1.10719      3.6578           0
           1     1.13026     2.69017           0
           1     1.15332     1.81303           0
           1     1.17639     1.13115           0
           1     1.19945    0.657203           0
           1     1.22252    0.353611           0
           1     1.24559    0.180972           0
           1     1.26865   0.0903781           0
           1     1.29172   0.0503539           0
           1     1.31479   0.0430606           0
           1     1.33785   0.0613238           0
           1     1.36092    0.107083           0
           1     1.38399    0.184103           0
           1     1.40705    0.300232           0
           1     1.43012    0.452985           0
           1     1.45319    0.627955           0
           1     1.47625    0.797309           0
           1     1.49932    0.921141           0
           1     1.52238     0.96825           0
           1     1.54545    0.928795           0
           1     1.56852    0.807477           0
           1     1.59158    0.640039           0
           1     1.61465    0.466859           0
           1     1.63772    0.317272           0
           1     1.66078    0.221146           0
           1     1.68385    0.192905           0
           1     1.70692    0.257179           0
           1     1.72998    0.435944           0
           1     1.75305    0.751457           0
           1     1.77612     1.19834           0
           1     1.79918      1.7268           0
           1     1.82225     2.23647           0
           1     1.84531     2.59558           0
           1     1.86838     2.70827           0
           1     1.89145     2.55297           0
           1     1.91451     2.17845           0
           1     1.93758     1.68793           0
           1     1.96065     1.19917           0
           1     1.98371    0.803313           0
           1     2.00678    0.545082           0
           1     2.02985     0.43709           0
           1     2.05291    0.463317           0
           1     2.07598    0.588604           0
           1     2.09905    0.759567           0
           1     2.12211    0.916796           0
           1     2.14518     1.01342           0
           1     2.16824     1.01945           0
           1     2.19131    0.918408           0
           1     2.21438    0.780335           0
           1     2.23744    0.655476           0
           1     2.26051    0.573716           0
           1     2.28358    0.573885           0
           2           0           0           0
           2   0.0230664           0           0
           2   0.0461329           0           0
           2   0.0691993           0           0
           2   0.0922657           0           0
           2    0.115332           0           0
           2    0.138399           0           0
           2    0.161465           0           0
           2    0.184531           0           0
           2    0.207598           0           0
           2    0.230664           0           0
           2    0.253731           0           0
           2    0.276797           0           0
           2    0.299864           0           0
           2     0.32293           0           0
           2    0.345996           0           0
           2    0.369063           0           0
           2    0.392129           0           0
           2    0.415196           0           0
           2    0.438262           0           0
           2    0.461329           0           0
           2    0.484395           0           0
           2    0.507461           0           0
           2    0.530528           0           0
           2    0.553594           0           0
           2    0.576661           0           0
           2    0.599727           0           0
           2    0.622794           0           0
           2     0.64586           0           0
           2    0.668926           0           0
           2    0.691993           0           0
           2    0.715059           0           0
           2    0.738126           0           0
           2    0.761192           0           0
           2    0.784259           0           0
           2    0.807325           0           0
           2    0.830391           0           0
           2    0.853458           0           0
           2    0.876524 6.48036e-05 1.17825e-05
           2    0.899591  0.00328389 0.000128725
           2    0.922657   0.0470423 0.000223599
           2    0.945724    0.291716 0.000604636
           2     0.96879     1.00597  0.00418066
           2    0.991856     2.24221  0.00451791
           2     1.01492     3.62731  0.00204061
           2     1.03799     4.62217  0.00140039
           2     1.06106     4.89612  0.00511185
           2     1.08412     4.48994  0.00377842
           2     1.10719     3.65886  0.00105896
           2     1.13026     2.69192  0.00174944
           2     1.15332     1.81466  0.00162605
           2     1.17639     1.12979   0.0013635
           2     1.19945    0.654555  0.00264787
           2     1.22252    0.352647 0.000964094
           2     1.24559    0.180112 0.000859583
           2     1.26865   0.0896409 0.000737103
           2     1.29172   0.0498841  0.00046983
           2     1.31479   0.0428252 0.000235399
           2     1.33785   0.0608795 0.000444315
           2     1.36092    0.105846  0.00123703
           2     1.38399    0.183257  0.00084606
           2     1.40705    0.299912 0.000320351
           2     1.43012    0.452598 0.000387029
           2     1.45319    0.627978 2.35519e-05
           2     1.47625     0.79787 0.000560973
           2     1.49932    0.922455  0.00131389
           2     1.52238    0.970685  0.00243456
           2     1.54545    0.929719 0.000923574
           2     1.56852     0.80864  0.00116224
           2     1.59158    0.640439 0.000399999
           2     1.61465    0.466305 0.000553449
           2     1.63772    0.316491 0.000781065
           2     1.66078    0.219789  0.00135693
           2     1.68385    0.192068 0.000836732
           2     1.70692    0.255375  0.00180408
           2     1.72998    0.433389  0.00255572
           2     1.75305    0.749774  0.00168356
           2     1.77612     1.19804 0.000293148
           2     1.79918     1.72755 0.000748241
           2     1.82225     2.23726 0.000793612
           2     1.84531     2.59738  0.00180627
           2     1.86838     2.71218  0.00391522
           2     1.89145     2.55592  0.00294794
           2     1.91451     2.17992  0.00146995
           2     1.93758     1.68813  0.00020562
           2     1.96065     1.20014 0.000967759
           2     1.98371    0.801929  0.00138406
           2     2.00678    0.542919  0.00216314
           2     2.02985    0.434517  0.00257334
           2     2.05291    0.462063  0.00125358
           2     2.07598    0.587183  0.00142049
           2     2.09905    0.759108 0.000458682
           2     2.12211    0.917164 0.000368317
           2     2.14518       1.014 0.000587233
           2     2.16824      1.0215  0.00205024
           2     2.19131    0.919903  0.00149563
           2     2.21438    0.781141 0.000806009
           2     2.23744     0.65416  0.00131593
           2     2.26051    0.572168  0.00154745
           2     2.28358     0.57202  0.00186503
           3           0           0           0
           3   0.0230664           0           0
           3   0.0461329           0           0
           3   0.0691993           0           0
           3   0.0922657           0           0
           3    0.115332           0           0
           3    0.138399           0           0
           3    0.161465           0           0
           3    0.184531           0           0
           3    0.207598           0           0
           3    0.230664           0           0
           3    0.253731           0           0
           3    0.276797           0           0
           3    0.299864           0           0
           3     0.32293           0           0
           3    0.345996           0           0
           3    0.369063           0           0
           3    0.392129           0           0
           3    0.415196           0           0
           3    0.438262           0           0
           3    0.461329           0           0
           3    0.484395           0           0
           3    0.507461           0           0
           3    0.530528           0           0
           3    0.553594           0           0
           3    0.576661           0           0
           3    0.599727           0           0
           3    0.622794           0           0
           3     0.64586           0           0
           3    0.668926           0           0
           3    0.691993           0           0
           3    0.715059           0           0
           3    0.738126           0           0
           3    0.761192           0           0
           3    0.784259           0           0
           3    0.807325           0           0
           3    0.830391           0           0
           3    0.853458           0           0
           3    0.876524 6.87311e-05 7.85499e-06
           3    0.899591  0.00329741 7.55402e-05
           3    0.922657   0.0471643 0.000177624
           3    0.945724    0.292323 0.000700004
           3     0.96879     1.00658  0.00248949
           3    0.991856     2.24229  0.00260948
           3     1.01492     3.62625  0.00158346
           3     1.03799     4.62326  0.00135658
           3     1.06106     4.89552  0.00301038
           3     1.08412     4.48839  0.00267704
           3     1.10719     3.65896 0.000619354
           3     1.13026     2.69123  0.00122092
           3     1.15332     1.81473 0.000941455
           3     1.17639     1.13062  0.00114882
           3     1.19945    0.655047  0.00160609
           3     1.22252    0.352681 0.000557631
           3     1.24559    0.180327 0.000540651
           3     1.26865     0.08952 0.000442423
           3     1.29172   0.0498857 0.000271261
           3     1.31479   0.0425319 0.000323246
           3     1.33785   0.0607903 0.000271593
           3     1.36092    0.105728 0.000723946
           3     1.38399    0.183639 0.000619997
           3     1.40705    0.300109 0.000270232
           3     1.43012     0.45249 0.000248002
           3     1.45319    0.627868 0.000110657
           3     1.47625    0.797777 0.000337176
           3     1.49932    0.922463  0.00075862
           3     1.52238    0.971303  0.00153545
           3     1.54545    0.929895 0.000561549
           3     1.56852    0.808294 0.000754904
           3     1.59158    0.640363 0.000243291
           3     1.61465      0.4657 0.000684575
           3     1.63772    0.316587 0.000461041
           3     1.66078    0.219684 0.000790351
           3     1.68385     0.19204  0.00048388
           3     1.70692    0.255568   0.0010594
           3     1.72998     0.43394  0.00157534
           3     1.75305    0.749526  0.00100298
           3     1.77612     1.19843 0.000423879
           3     1.79918     1.72775 0.000473666
           3     1.82225     2.23692 0.000569165
           3     1.84531     2.59815   0.0012953
           3     1.86838     2.71228  0.00226241
           3     1.89145     2.55451  0.00221107
           3     1.91451     2.17974 0.000867556
           3     1.93758     1.68798 0.000197323
           3     1.96065     1.20015 0.000558835
           3     1.98371    0.802034 0.000806018
           3     2.00678    0.542985  0.00125061
           3     2.02985    0.434767   0.0015067
           3     2.05291    0.462455 0.000822951
           3     2.07598    0.587458 0.000864911
           3     2.09905    0.758798 0.000408079
           3     2.12211    0.917339 0.000275124
           3     2.14518     1.01384 0.000378317
           3     2.16824      1.0212  0.00122099
           3     2.19131    0.919841   0.0008657
           3     2.21438    0.780936 0.000508589
           3     2.23744    0.654278 0.000768929
           3     2.26051    0.572319 0.000905962
           3     2.28358    0.572537  0.00119465
           4           0           0           0
           4   0.0230664           0           0
           4   0.0461329           0           0
           4   0.0691993           0           0
           4   0.0922657           0           0
           4    0.115332           0           0
           4    0.138399           0           0
           4    0.161465           0           0
           4    0.184531           0           0
           4    0.207598           0           0
           4    0.230664           0           0
           4    0.253731           0           0
           4    0.276797           0           0
           4    0.299864           0           0
           4     0.32293           0           0
           4    0.345996           0           0
           4    0.369063           0           0
           4    0.392129           0           0
           4    0.415196           0           0
           4    0.438262           0           0
           4    0.461329           0           0
           4    0.484395           0           0
           4    0.507461           0           0
           4    0.530528           0           0
           4    0.553594           0           0
           4    0.576661           0           0
           4    0.599727           0           0
           4    0.622794           0           0
           4     0.64586           0           0
           4    0.668926           0           0
           4    0.691993           0           0
           4    0.715059           0           0
           4    0.738126           0           0
           4    0.761192           0           0
           4    0.784259           0           0
           4    0.807325           0           0
           4    0.830391           0           0
           4    0.853458           0           0
           4    0.876524 7.76907e-05 1.05416e-05
           4    0.899591  0.00333461 6.50894e-05
           4    0.922657   0.0472316 0.000142505
           4    0.945724     0.29295 0.000799269
           4     0.96879     1.00678  0.00177088
           4    0.991856     2.24299  0.00197477
           4     1.01492     3.62559  0.00129813
           4     1.03799     4.62156  0.00194841
           4     1.06106     4.89578  0.00214386
           4     1.08412     4.48861  0.00190553
           4     1.10719     3.65811 0.000955006
           4     1.13026     2.69077 0.000978803
           4     1.15332       1.815 0.000719867
           4     1.17639      1.1306 0.000812665
           4     1.19945    0.655398  0.00118867
           4     1.22252    0.353309 0.000741458
           4     1.24559    0.180599 0.000469122
           4     1.26865    0.089605  0.00032418
           4     1.29172   0.0499875 0.000217171
           4     1.31479    0.042555 0.000229729
           4     1.33785   0.0608927 0.000217659
           4     1.36092    0.106085 0.000624213
           4     1.38399      0.1841 0.000636142
           4     1.40705    0.300583 0.000511186
           4     1.43012    0.453144 0.000676329
           4     1.45319    0.627815  9.4743e-05
           4     1.47625    0.797154 0.000667006
           4     1.49932    0.921702 0.000931342
           4     1.52238    0.970145  0.00158726
           4     1.54545    0.928814  0.00115171
           4     1.56852    0.808108 0.000565259
           4     1.59158    0.640702 0.000380271
           4     1.61465    0.465973 0.000555757
           4     1.63772    0.316983 0.000513351
           4     1.66078    0.219935 0.000612473
           4     1.68385    0.192352 0.000463172
           4     1.70692    0.256032 0.000881125
           4     1.72998    0.434437  0.00121941
           4     1.75305    0.749964  0.00083354
           4     1.77612     1.19888 0.000536547
           4     1.79918     1.72832 0.000664108
           4     1.82225     2.23616 0.000865961
           4     1.84531     2.59715  0.00135842
           4     1.86838     2.71097  0.00206404
           4     1.89145     2.55323   0.0020166
           4     1.91451     2.17919 0.000820244
           4     1.93758     1.68837 0.000422486
           4     1.96065      1.2007 0.000677159
           4     1.98371    0.802707 0.000881956
           4     2.00678    0.543488  0.00101761
           4     2.02985    0.435281  0.00118282
           4     2.05291    0.462624 0.000605978
           4     2.07598    0.587542 0.000617324
           4     2.09905    0.758832 0.000290638
           4     2.12211    0.917314  0.00019606
           4     2.14518     1.01382 0.000268115
           4     2.16824     1.02086 0.000926651
           4     2.19131    0.919818 0.000612604
           4     2.21438    0.781062 0.000380936
           4     2.23744    0.654517 0.000593778
           4     2.26051    0.572861 0.000839372
           4     2.28358    0.573348  0.00117104
           5           0           0           0
           5   0.0230664           0           0
           5   0.0461329           0           0
           5   0.0691993           0           0
           5   0.0922657           0           0
           5    0.115332           0           0
           5    0.138399           0           0
           5    0.161465           0           0
           5    0.184531           0           0
           5    0.207598           0           0
           5    0.230664           0           0
           5    0.253731           0           0
           5    0.276797           0           0
           5    0.299864           0           0
           5     0.32293           0           0
           5    0.345996           0           0
           5    0.369063           0           0
           5    0.392129           0           0
           5    0.415196           0           0
           5    0.438262           0           0
           5    0.461329           0           0
           5    0.484395           0           0
           5    0.507461           0           0
           5    0.530528           0           0
           5    0.553594           0           0
           5    0.576661           0           0
           5    0.599727           0           0
           5    0.622794           0           0
           5     0.64586           0           0
           5    0.668926           0           0
           5    0.691993           0           0
           5    0.715059           0           0
           5    0.738126           0           0
           5    0.761192           0           0
           5    0.784259           0           0
           5    0.807325           0           0
           5    0.830391           0           0
           5    0.853458           0           0
           5    0.876524 7.92372e-05 8.31062e-06
           5    0.899591  0.00330795 5.70301e-05
           5    0.922657   0.0471035 0.000169101
           5    0.945724     0.29261  0.00070628
           5     0.96879     1.00666  0.00137627
           5    0.991856     2.24259  0.00158015
           5     1.01492     3.62445  0.00151781
           5     1.03799     4.62028  0.00197956
           5     1.06106     4.89746  0.00236071
           5     1.08412     4.49003  0.00204843
           5     1.10719     3.65863 0.000900856
           5     1.13026     2.69245  0.00183766
           5     1.15332     1.81553 0.000765463
           5     1.17639     1.13031  0.00069442
           5     1.19945    0.654379  0.00137315
           5     1.22252    0.353203 0.000583903
           5     1.24559    0.180026 0.000678173
           5     1.26865   0.0894691 0.000285493
           5     1.29172   0.0497525 0.000289018
           5     1.31479   0.0424288 0.000218127
           5     1.33785   0.0607641 0.000212068
           5     1.36092    0.106085 0.000483514
           5     1.38399    0.183998 0.000503114
           5     1.40705    0.300663 0.000404038
           5     1.43012     0.45311 0.000524952
           5     1.45319    0.627912 0.000121652
           5     1.47625    0.797001 0.000538763
           5     1.49932    0.921646  0.00072354
           5     1.52238    0.970191  0.00123035
           5     1.54545      0.9294  0.00106754
           5     1.56852    0.808085 0.000438432
           5     1.59158    0.640969 0.000397516
           5     1.61465    0.465936 0.000432053
           5     1.63772    0.316887 0.000409029
           5     1.66078    0.219743  0.00051182
           5     1.68385     0.19228 0.000365936
           5     1.70692    0.255542 0.000840293
           5     1.72998    0.433824  0.00112604
           5     1.75305    0.749517 0.000785495
           5     1.77612     1.19824 0.000757156
           5     1.79918     1.72793 0.000647038
           5     1.82225     2.23585 0.000739057
           5     1.84531     2.59756    0.001131
           5     1.86838     2.71206  0.00193154
           5     1.89145     2.55555  0.00279203
           5     1.91451     2.18021  0.00119876
           5     1.93758     1.68891 0.000629133
           5     1.96065     1.20036 0.000625459
           5     1.98371      0.8023 0.000795218
           5     2.00678    0.542776  0.00106266
           5     2.02985    0.434535  0.00118167
           5     2.05291     0.46212 0.000688441
           5     2.07598    0.587224 0.000574139
           5     2.09905    0.758641 0.000295341
           5     2.12211    0.917131 0.000238012
           5     2.14518      1.0142 0.000430047
           5     2.16824     1.02158  0.00101945
           5     2.19131    0.920006 0.000510567
           5     2.21438    0.781109 0.000298837
           5     2.23744    0.654428 0.000468366
           5     2.26051     0.57258 0.000708408
           5     2.28358    0.572923   0.0010017
           6           0           0           0
           6   0.0230664           0           0
           6   0.0461329           0           0
           6   0.0691993           0           0
           6   0.0922657           0           0
           6    0.115332           0           0
           6    0.138399           0           0
           6    0.161465           0           0
           6    0.184531           0           0
           6    0.207598           0           0
           6    0.230664           0           0
           6    0.253731           0           0
           6    0.276797           0           0
           6    0.299864           0           0
           6     0.32293           0           0
           6    0.345996           0           0
           6    0.369063           0           0
           6    0.392129           0           0
           6    0.415196           0           0
           6    0.438262           0           0
           6    0.461329           0           0
           6    0.484395           0           0
           6    0.507461           0           0
           6    0.530528           0           0
           6    0.553594           0           0
           6    0.576661           0           0
           6    0.599727           0           0
           6    0.622794           0           0
           6     0.64586           0           0
           6    0.668926           0           0
           6    0.691993           0           0
           6    0.715059           0           0
           6    0.738126           0           0
           6    0.761192           0           0
           6    0.784259           0           0
           6    0.807325           0           0
           6    0.830391           0           0
           6    0.853458           0           0
           6    0.876524 7.56042e-05 7.69691e-06
           6    0.899591  0.00329112 4.95154e-05
           6    0.922657   0.0470052  0.00016947
           6    0.945724    0.292461 0.000595736
           6     0.96879     1.00627  0.00119176
           6    0.991856     2.24269  0.00129372
           6     1.01492     3.62476  0.00127612
           6     1.03799     4.61954  0.00177769
           6     1.06106     4.89754  0.00192944
           6     1.08412     4.49071   0.0018072
           6     1.10719     3.65905 0.000848285
           6     1.13026     2.69314  0.00165453
           6     1.15332     1.81542 0.000633351
           6     1.17639     1.13021 0.000576198
           6     1.19945    0.654049  0.00116895
           6     1.22252    0.353132 0.000482044
           6     1.24559    0.179768 0.000610679
           6     1.26865   0.0894998 0.000235109
           6     1.29172   0.0497266 0.000237404
           6     1.31479    0.042446 0.000178924
           6     1.33785   0.0606293 0.000219421
           6     1.36092    0.106067 0.000395159
           6     1.38399    0.183981  0.00041116
           6     1.40705    0.300765 0.000345155
           6     1.43012    0.453337 0.000484769
           6     1.45319    0.628154 0.000262007
           6     1.47625    0.796854 0.000463684
           6     1.49932    0.921735 0.000597396
           6     1.52238    0.970058   0.0010134
           6     1.54545    0.929063 0.000934647
           6     1.56852    0.807855 0.000425807
           6     1.59158    0.640838 0.000350083
           6     1.61465    0.466092  0.00038556
           6     1.63772    0.317113 0.000403048
           6     1.66078    0.219877 0.000438787
           6     1.68385    0.192065 0.000368064
           6     1.70692    0.255115 0.000807851
           6     1.72998    0.433779 0.000920496
           6     1.75305    0.749321 0.000670624
           6     1.77612      1.1982 0.000619388
           6     1.79918     1.72779 0.000546497
           6     1.82225     2.23617 0.000682593
           6     1.84531     2.59755 0.000923504
           6     1.86838     2.71303  0.00185029
           6     1.89145     2.55626  0.00238732
           6     1.91451     2.18031  0.00098425
           6     1.93758     1.68866 0.000572764
           6     1.96065     1.20019 0.000538328
           6     1.98371    0.801828  0.00080312
           6     2.00678    0.542676 0.000873422
           6     2.02985    0.434404 0.000973569
           6     2.05291    0.461961 0.000584164
           6     2.07598    0.587085 0.000489068
           6     2.09905    0.758569 0.000251861
           6     2.12211    0.917316 0.000268451
           6     2.14518     1.01428 0.000360624
           6     2.16824     1.02167 0.000836712
           6     2.19131    0.920148 0.000440379
           6     2.21438     0.78124 0.000276926
           6     2.23744    0.654413 0.000382736
           6     2.26051    0.572469  0.00058899
           6     2.28358    0.572944 0.000818141
           7           0           0           0
           7   0.0230664           0           0
           7   0.0461329           0           0
           7   0.0691993           0           0
           7   0.0922657           0           0
           7    0.115332           0           0
           7    0.138399           0           0
           7    0.161465           0           0
           7    0.184531           0           0
           7    0.207598           0           0
           7    0.230664           0           0
           7    0.253731           0           0
           7    0.276797           0           0
           7    0.299864           0           0
           7     0.32293           0           0
           7    0.345996           0           0
           7    0.369063           0           0
           7    0.392129           0           0
           7    0.415196           0           0
           7    0.438262           0           0
           7    0.461329           0           0
           7    0.484395           0           0
           7    0.507461           0           0
           7    0.530528           0           0
           7    0.553594           0           0
           7    0.576661           0           0
           7    0.599727           0           0
           7    0.622794           0           0
           7     0.64586           0           0
           7    0.668926           0           0
           7    0.691993           0           0
           7    0.715059           0           0
           7    0.738126           0           0
           7    0.761192           0           0
           7    0.784259           0           0
           7    0.807325           0           0
           7    0.830391           0           0
           7    0.853458           0           0
           7    0.876524 7.19573e-05 7.45763e-06
           7    0.899591  0.00328669  4.2082e-05
           7    0.922657   0.0472106 0.000250336
           7    0.945724    0.293152 0.000855473
           7     0.96879     1.00716  0.00134552
           7    0.991856     2.24335  0.00127917
           7     1.01492     3.62481  0.00107973
           7     1.03799     4.61872  0.00170917
           7     1.06106     4.89653  0.00191838
           7     1.08412     4.48978  0.00179158
           7     1.10719     3.65742  0.00178416
           7     1.13026     2.69267  0.00147597
           7     1.15332     1.81585 0.000681425
           7     1.17639     1.13101 0.000940428
           7     1.19945    0.654383  0.00104295
           7     1.22252    0.353427 0.000503171
           7     1.24559     0.17997 0.000554253
           7     1.26865   0.0896591 0.000254665
           7     1.29172   0.0497882 0.000209909
           7     1.31479   0.0425398  0.00017797
           7     1.33785   0.0607721 0.000234039
           7     1.36092    0.106156 0.000345484
           7     1.38399     0.18429 0.000464982
           7     1.40705    0.300905 0.000323577
           7     1.43012    0.453347 0.000409846
           7     1.45319    0.628255 0.000243356
           7     1.47625    0.796677 0.000430119
           7     1.49932    0.921378 0.000618233
           7     1.52238    0.969581 0.000979999
           7     1.54545    0.928685  0.00087565
           7     1.56852    0.807889 0.000361517
           7     1.59158    0.640865 0.000297142
           7     1.61465    0.466047  0.00032893
           7     1.63772    0.317236 0.000362095
           7     1.66078    0.220027 0.000400082
           7     1.68385    0.192393 0.000451556
           7     1.70692    0.255442 0.000756767
           7     1.72998    0.434262 0.000915661
           7     1.75305    0.749846 0.000772469
           7     1.77612     1.19867 0.000703535
           7     1.79918     1.72737 0.000623737
           7     1.82225     2.23595 0.000616015
           7     1.84531     2.59676  0.00110952
           7     1.86838     2.71237  0.00169453
           7     1.89145     2.55577  0.00207647
           7     1.91451     2.17982 0.000967914
           7     1.93758     1.68858 0.000491218
           7     1.96065     1.20032 0.000473911
           7     1.98371    0.802249 0.000798592
           7     2.00678    0.543009 0.000810219
           7     2.02985    0.434837 0.000929796
           7     2.05291    0.462235 0.000564529
           7     2.07598    0.587434 0.000541347
           7     2.09905    0.758539 0.000214854
           7     2.12211    0.917156 0.000277737
           7     2.14518     1.01407 0.000370123
           7     2.16824     1.02124 0.000829422
           7     2.19131     0.92001 0.000396802
           7     2.21438    0.781179 0.000241902
           7     2.23744    0.654593  0.00037008
           7     2.26051    0.572809 0.000603054
           7     2.28358    0.573254 0.000757567
           8           0           0           0
           8   0.0230664           0           0
           8   0.0461329           0           0
           8   0.0691993           0           0
           8   0.0922657           0           0
           8    0.115332           0           0
           8    0.138399           0           0
           8    0.161465           0           0
           8    0.184531           0           0
           8    0.207598           0           0
           8    0.230664           0           0
           8    0.253731           0           0
           8    0.276797           0           0
           8    0.299864           0           0
           8     0.32293           0           0
           8    0.345996           0           0
           8    0.369063           0           0
           8    0.392129           0           0
           8    0.415196           0           0
           8    0.438262           0           0
           8    0.461329           0           0
           8    0.484395           0           0
           8    0.507461           0           0
           8    0.530528           0           0
           8    0.553594           0           0
           8    0.576661           0           0
           8    0.599727           0           0
           8    0.622794           0           0
           8     0.64586           0           0
           8    0.668926           0           0
           8    0.691993           0           0
           8    0.715059           0           0
           8    0.738126           0           0
           8    0.761192           0           0
           8    0.784259           0           0
           8    0.807325           0           0
           8    0.830391           0           0
           8    0.853458           0           0
           8    0.876524 7.17995e-05 6.46043e-06
           8    0.899591  0.00329596 3.76045e-05
           8    0.922657   0.0472504 0.000220431
           8    0.945724    0.293265 0.000749418
           8     0.96879     1.00684  0.00120712
           8    0.991856     2.24378   0.0011889
           8     1.01492     3.62482 0.000935159
           8     1.03799     4.61872  0.00148019
           8     1.06106     4.89537  0.00202552
           8     1.08412     4.48983  0.00155255
           8     1.10719     3.65683  0.00165227
           8     1.13026     2.69346  0.00150497
           8     1.15332      1.8163 0.000744809
           8     1.17639     1.13133 0.000873709
           8     1.19945    0.654368 0.000903341
           8     1.22252    0.353482 0.000439123
           8     1.24559    0.179946 0.000480622
           8     1.26865   0.0895195 0.000261008
           8     1.29172    0.049712 0.000197127
           8     1.31479   0.0425366 0.000154161
           8     1.33785   0.0608449 0.000215358
           8     1.36092    0.106176 0.000299887
           8     1.38399    0.184304 0.000402943
           8     1.40705    0.300901 0.000280247
           8     1.43012    0.453597 0.000433708
           8     1.45319    0.628352 0.000231984
           8     1.47625    0.796681 0.000372515
           8     1.49932    0.920996 0.000657575
           8     1.52238    0.969263  0.00090644
           8     1.54545    0.928583 0.000765186
           8     1.56852    0.807893 0.000313107
           8     1.59158    0.640963 0.000275329
           8     1.61465    0.466075 0.000286242
           8     1.63772    0.317305 0.000321059
           8     1.66078    0.220087 0.000351569
           8     1.68385    0.192615 0.000449678
           8     1.70692    0.255543 0.000663077
           8     1.72998    0.434455 0.000816078
           8     1.75305    0.749853 0.000669011
           8     1.77612     1.19871 0.000610046
           8     1.79918     1.72717 0.000574036
           8     1.82225     2.23539 0.000772992
           8     1.84531     2.59666 0.000965919
           8     1.86838     2.71219  0.00147858
           8     1.89145     2.55581  0.00179879
           8     1.91451     2.17989 0.000841152
           8     1.93758     1.68876 0.000464789
           8     1.96065     1.20051 0.000449168
           8     1.98371    0.802393 0.000706463
           8     2.00678    0.543131 0.000712069
           8     2.02985    0.434886 0.000806664
           8     2.05291    0.462224 0.000489025
           8     2.07598     0.58733  0.00048026
           8     2.09905    0.758517 0.000187375
           8     2.12211     0.91704 0.000267247
           8     2.14518     1.01389 0.000366874
           8     2.16824     1.02129 0.000720601
           8     2.19131    0.920081 0.000350711
           8     2.21438    0.781355 0.000273691
           8     2.23744     0.65459 0.000320508
           8     2.26051    0.572732  0.00052783
           8     2.28358    0.573464 0.000688921
           9           0           0           0
           9   0.0230664           0           0
           9   0.0461329           0           0
           9   0.0691993           0           0
           9   0.0922657           0           0
           9    0.115332           0           0
           9    0.138399           0           0
           9    0.161465           0           0
           9    0.184531           0           0
           9    0.207598           0           0
           9    0.230664           0           0
           9    0.253731           0           0
           9    0.276797           0           0
           9    0.299864           0           0
           9     0.32293           0           0
           9    0.345996           0           0
           9    0.369063           0           0
           9    0.392129           0           0
           9    0.415196           0           0
           9    0.438262           0           0
           9    0.461329           0           0
           9    0.484395           0           0
           9    0.507461           0           0
           9    0.530528           0           0
           9    0.553594           0           0
           9    0.576661           0           0
           9    0.599727           0           0
           9    0.622794           0           0
           9     0.64586           0           0
           9    0.668926           0           0
           9    0.691993           0           0
           9    0.715059           0           0
           9    0.738126           0           0
           9    0.761192           0           0
           9    0.784259           0           0
           9    0.807325           0           0
           9    0.830391           0           0
           9    0.853458           0           0
           9    0.876524 6.93857e-05 6.18777e-06
           9    0.899591  0.00328373  3.5345e-05
           9    0.922657   0.0473348 0.000211927
           9    0.945724    0.293103 0.000680528
           9     0.96879     1.00671  0.00107303
           9    0.991856     2.24326  0.00117254
           9     1.01492     3.62533 0.000966891
           9     1.03799     4.61891  0.00131814
           9     1.06106      4.8953  0.00178778
           9     1.08412     4.49045  0.00150277
           9     1.10719     3.65658  0.00147878
           9     1.13026     2.69364  0.00133904
           9     1.15332     1.81614 0.000677302
           9     1.17639     1.13122 0.000777244
           9     1.19945    0.654403 0.000797432
           9     1.22252    0.353451 0.000388511
           9     1.24559    0.179933 0.000424054
           9     1.26865   0.0894619 0.000237288
           9     1.29172   0.0496626 0.000180738
           9     1.31479   0.0424489  0.00016175
           9     1.33785   0.0607882 0.000198217
           9     1.36092    0.106175 0.000264477
           9     1.38399    0.184224  0.00036427
           9     1.40705    0.300794 0.000269478
           9     1.43012    0.453687 0.000393046
           9     1.45319     0.62838 0.000206523
           9     1.47625    0.796742  0.00033421
           9     1.49932    0.921079 0.000585775
           9     1.52238    0.969288 0.000799778
           9     1.54545    0.928735 0.000691731
           9     1.56852    0.807958 0.000283793
           9     1.59158    0.641033 0.000252588
           9     1.61465    0.466129 0.000258162
           9     1.63772    0.317209 0.000298763
           9     1.66078    0.219959 0.000335226
           9     1.68385    0.192442 0.000432542
           9     1.70692    0.255382 0.000606323
           9     1.72998    0.434203 0.000762361
           9     1.75305    0.749804 0.000591965
           9     1.77612     1.19864 0.000542043
           9     1.79918     1.72718 0.000506254
           9     1.82225      2.2357 0.000749623
           9     1.84531      2.5969 0.000884486
           9     1.86838     2.71229  0.00130802
           9     1.89145     2.55604  0.00160375
           9     1.91451     2.17993  0.00074296
           9     1.93758     1.68917 0.000575838
           9     1.96065     1.20029 0.000452178
           9     1.98371    0.802336 0.000625646
           9     2.00678       0.543 0.000641542
           9     2.02985    0.434748 0.000724627
           9     2.05291    0.462054 0.000463547
           9     2.07598    0.587172 0.000451983
           9     2.09905    0.758415 0.000194203
           9     2.12211    0.917153 0.000261583
           9     2.14518     1.01396 0.000331921
           9     2.16824     1.02136 0.000639162
           9     2.19131    0.920067 0.000309573
           9     2.21438    0.781392 0.000244115
           9     2.23744    0.654487 0.000301032
           9     2.26051    0.572606 0.000482322
           9     2.28358    0.573391 0.000611954
          10           0           0           0
          10   0.0230664           0           0
          10   0.0461329           0           0
          10   0.0691993           0           0
          10   0.0922657           0           0
          10    0.115332           0           0
          10    0.138399           0           0
          10    0.161465           0           0
          10    0.184531           0           0
          10    0.207598           0           0
          10    0.230664           0           0
          10    0.253731           0           0
          10    0.276797           0           0
          10    0.299864           0           0
          10     0.32293           0           0
          10    0.345996           0           0
          10    0.369063           0           0
          10    0.392129           0           0
          10    0.415196           0           0
          10    0.438262           0           0
          10    0.461329           0           0
          10    0.484395           0           0
          10    0.507461           0           0
          10    0.530528           0           0
          10    0.553594           0           0
          10    0.576661           0           0
          10    0.599727           0           0
          10    0.622794           0           0
          10     0.64586           0           0
          10    0.668926           0           0
          10    0.691993           0           0
          10    0.715059           0           0
          10    0.738126           0           0
          10    0.761192           0           0
          10    0.784259           0           0
          10    0.807325           0           0
          10    0.830391           0           0
          10    0.853458           0           0
          10    0.876524  7.0253e-05 5.60206e-06
          10    0.899591  0.00330194 3.64806e-05
          10    0.922657   0.0472193 0.000221968
          10    0.945724    0.293032 0.000612873
          10     0.96879     1.00687 0.000972419
          10    0.991856      2.2429  0.00111014
          10     1.01492     3.62525 0.000868064
          10     1.03799      4.6193  0.00124258
          10     1.06106     4.89591  0.00171144
          10     1.08412     4.49001  0.00141464
          10     1.10719     3.65709  0.00141841
          10     1.13026     2.69333  0.00123859
          10     1.15332     1.81608 0.000608476
          10     1.17639     1.13121 0.000695288
          10     1.19945    0.654291 0.000722015
          10     1.22252    0.353485 0.000349205
          10     1.24559    0.179919 0.000379574
          10     1.26865   0.0893683 0.000231952
          10     1.29172   0.0495891 0.000177564
          10     1.31479    0.042379 0.000160677
          10     1.33785   0.0607388 0.000184044
          10     1.36092    0.106137 0.000239597
          10     1.38399    0.184225 0.000325815
          10     1.40705    0.300738 0.000247465
          10     1.43012    0.453645 0.000354016
          10     1.45319    0.628285 0.000207988
          10     1.47625    0.796768 0.000299988
          10     1.49932     0.92119 0.000535518
          10     1.52238    0.969392 0.000722964
          10     1.54545    0.929011 0.000677535
          10     1.56852     0.80828 0.000409918
          10     1.59158    0.640985 0.000230811
          10     1.61465    0.466139  0.00023114
          10     1.63772    0.317093 0.000291423
          10     1.66078    0.219857 0.000316657
          10     1.68385    0.192314 0.000407375
          10     1.70692    0.255325 0.000545298
          10     1.72998    0.433984 0.000716232
          10     1.75305    0.749643 0.000553631
          10     1.77612     1.19862 0.000485311
          10     1.79918     1.72698 0.000494868
          10     1.82225     2.23593 0.000709162
          10     1.84531     2.59712 0.000821216
          10     1.86838     2.71248  0.00118451
          10     1.89145     2.55604  0.00143444
          10     1.91451     2.18005 0.000674796
          10     1.93758     1.68931 0.000535245
          10     1.96065      1.2005  0.00045813
          10     1.98371    0.802232 0.000569066
          10     2.00678    0.542948 0.000576109
          10     2.02985    0.434666 0.000653328
          10     2.05291    0.461952 0.000427051
          10     2.07598    0.587088 0.000412863
          10     2.09905    0.758431 0.000174449
          10     2.12211    0.917131 0.000235028
          10     2.14518     1.01387 0.000310751
          10     2.16824      1.0214 0.000573279
          10     2.19131     0.91998 0.000290454
          10     2.21438    0.781309  0.00023355
          10     2.23744    0.654367 0.000294482
          10     2.26051    0.572589 0.000431741
          10     2.28358    0.573259 0.000562943
           1           0           0           0
           1   0.0256496           0           0
           1   0.0512993           0           0
           1   0.0769489           0           0
           1    0.102599           0           0
           1    0.128248           0           0
           1    0.153898           0           0
           1    0.179547           0           0
           1    0.205197           0           0
           1    0.230847           0           0
           1    0.256496           0           0
           1    0.282146           0           0
           1    0.307796           0           0
           1    0.333445           0           0
           1    0.359095           0           0
           1    0.384745           0           0
           1    0.410394           0           0
           1    0.436044           0           0
           1    0.461694           0           0
           1    0.487343           0           0
           1    0.512993           0           0
           1    0.538642           0           0
           1    0.564292           0           0
           1    0.589942           0           0
           1    0.615591           0           0
           1    0.641241           0           0
           1    0.666891           0           0
           1     0.69254           0           0
           1     0.71819           0           0
           1     0.74384           0           0
           1    0.769489           0           0
           1    0.795139           0           0
           1    0.820788           0           0
           1    0.846438 1.36166e-05           0
           1    0.872088  0.00128571           0
           1    0.897737   0.0242392           0
           1    0.923387    0.166257           0
           1    0.949037    0.563075           0
           1    0.974686     1.19663           0
           1     1.00034     1.86345           0
           1     1.02599     2.33806           0
           1     1.05164     2.55212           0
           1     1.07728     2.55383           0
           1     1.10293     2.40879           0
           1     1.12858     2.19991           0
           1     1.15423     1.97342           0
           1     1.17988     1.75581           0
           1     1.20553     1.55779           0
           1     1.23118     1.39196           0
           1     1.25683     1.24651           0
           1     1.28248     1.12194           0
           1     1.30813     1.02378           0
           1     1.33378    0.939011           0
           1     1.35943    0.872119           0
           1     1.38508    0.816337           0
           1     1.41073    0.770409           0
           1     1.43638    0.738368           0
           1     1.46203    0.710124           0
           1     1.48768    0.690689           0
           1     1.51333    0.679196           0
           1     1.53898    0.670994           0
           1     1.56463    0.673267           0
           1     1.59028    0.676979           0
           1     1.61593    0.687273           0
           1     1.64158    0.702886           0
           1     1.66723    0.722746           0
           1     1.69288     0.74988           0
           1     1.71853    0.780362           0
           1     1.74418    0.813385           0
           1     1.76983    0.853174           0
           1     1.79547    0.893952           0
           1     1.82112    0.934895           0
           1     1.84677    0.979006           0
           1     1.87242     1.01915           0
           1     1.89807     1.05728           0
           1     1.92372     1.09718           0
           1     1.94937     1.13153           0
           1     1.97502     1.16163           0
           1     2.00067     1.18606           0
           1     2.02632     1.20291           0
           1     2.05197     1.21425           0
           1     2.07762     1.21428           0
           1     2.10327     1.20964           0
           1     2.12892     1.19341           0
           1     2.15457     1.17461           0
           1     2.18022     1.15007           0
           1     2.20587     1.12356           0
           1     2.23152      1.0944           0
           1     2.25717     1.06672           0
           1     2.28282      1.0408           0
           1     2.30847     1.01268           0
           1     2.33412    0.988683           0
           1     2.35977    0.966559           0
           1     2.38542    0.947379           0
           1     2.41107    0.932252           0
           1     2.43672    0.918299           0
           1     2.46237     0.90905           0
           1     2.48802    0.895891           0
           1     2.51366    0.885426           0
           1     2.53931    0.885977           0
           2           0           0           0
           2   0.0256496           0           0
           2   0.0512993           0           0
           2   0.0769489           0           0
           2    0.102599           0           0
           2    0.128248           0           0
           2    0.153898           0           0
           2    0.179547           0           0
           2    0.205197           0           0
           2    0.230847           0           0
           2    0.256496           0           0
           2    0.282146           0           0
           2    0.307796           0           0
           2    0.333445           0           0
           2    0.359095           0           0
           2    0.384745           0           0
           2    0.410394           0           0
           2    0.436044           0           0
           2    0.461694           0           0
           2    0.487343           0           0
           2    0.512993           0           0
           2    0.538642           0           0
           2    0.564292           0           0
           2    0.589942           0           0
           2    0.615591           0           0
           2    0.641241           0           0
           2    0.666891           0           0
           2     0.69254           0           0
           2     0.71819           0           0
           2     0.74384           0           0
           2    0.769489           0           0
           2    0.795139           0           0
           2    0.820788           0           0
           2    0.846438 1.36166e-05           0
           2    0.872088  0.00129855 1.28387e-05
           2    0.897737   0.0244609 0.000221726
           2    0.923387    0.165979 0.000277747
           2    0.949037    0.564212  0.00113713
           2    0.974686     1.19966  0.00303399
           2     1.00034     1.86208   0.0013768
           2     1.02599     2.33717 0.000889738
           2     1.05164     2.55094  0.00117885
           2     1.07728     2.54955  0.00427615
           2     1.10293     2.41064  0.00185112
           2     1.12858     2.19906 0.000850531
           2     1.15423     1.97441 0.000990189
           2     1.17988     1.75455  0.00126055
           2     1.20553     1.55662  0.00116691
           2     1.23118      1.3897  0.00226363
           2     1.25683     1.24478  0.00173384
           2     1.28248     1.12354  0.00160337
           2     1.30813     1.02415 0.000369994
           2     1.33378    0.939541 0.000529892
           2     1.35943    0.872494 0.000374883
           2     1.38508    0.817882  0.00154534
           2     1.41073    0.772143  0.00173326
           2     1.43638     0.73806 0.000307407
           2     1.46203    0.711899  0.00177458
           2     1.48768      0.6909 0.000211472
           2     1.51333    0.678503 0.000692822
           2     1.53898    0.671322 0.000328344
           2     1.56463    0.672627 0.000639836
           2     1.59028    0.677278 0.000299563
           2     1.61593    0.687461 0.000188415
           2     1.64158    0.701773   0.0011125
           2     1.66723    0.723032 0.000285473
           2     1.69288    0.749933 5.28232e-05
           2     1.71853     0.78008 0.000281504
           2     1.74418    0.814038 0.000653004
           2     1.76983    0.852916 0.000257852
           2     1.79547    0.893694 0.000257398
           2     1.82112    0.936207  0.00131231
           2     1.84677    0.978077 0.000929751
           2     1.87242     1.01909 5.43543e-05
           2     1.89807     1.05854  0.00125851
           2     1.92372     1.09586  0.00131405
           2     1.94937     1.13104 0.000484402
           2     1.97502     1.16174 0.000104138
           2     2.00067     1.18597 8.55588e-05
           2     2.02632     1.20265 0.000265631
           2     2.05197     1.21377 0.000475696
           2     2.07762     1.21388 0.000393757
           2     2.10327     1.20841  0.00122995
           2     2.12892     1.19334 7.42101e-05
           2     2.15457     1.17343  0.00117746
           2     2.18022     1.14997 0.000101838
           2     2.20587     1.12288 0.000685683
           2     2.23152     1.09524 0.000831637
           2     2.25717      1.0668 7.60964e-05
           2     2.28282     1.03971  0.00108433
           2     2.30847     1.01276 8.10335e-05
           2     2.33412    0.988435 0.000247855
           2     2.35977    0.966471 8.81562e-05
           2     2.38542    0.947241 0.000138099
           2     2.41107      0.9323  4.7916e-05
           2     2.43672    0.918227 7.16933e-05
           2     2.46237    0.909467 0.000416837
           2     2.48802     0.89616 0.000268469
           2     2.51366    0.885844 0.000417745
           2     2.53931      0.8864 0.000423393
           3           0           0           0
           3   0.0256496           0           0
           3   0.0512993           0           0
           3   0.0769489           0           0
           3    0.102599           0           0
           3    0.128248           0           0
           3    0.153898           0           0
           3    0.179547           0           0
           3    0.205197           0           0
           3    0.230847           0           0
           3    0.256496           0           0
           3    0.282146           0           0
           3    0.307796           0           0
           3    0.333445           0           0
           3    0.359095           0           0
           3    0.384745           0           0
           3    0.410394           0           0
           3    0.436044           0           0
           3    0.461694           0           0
           3    0.487343           0           0
           3    0.512993           0           0
           3    0.538642           0           0
           3    0.564292           0           0
           3    0.589942           0           0
           3    0.615591           0           0
           3    0.641241           0           0
           3    0.666891           0           0
           3     0.69254           0           0
           3     0.71819           0           0
           3     0.74384           0           0
           3    0.769489           0           0
           3    0.795139           0           0
           3    0.820788           0           0
           3    0.846438  1.1023e-05 2.59364e-06
           3    0.872088   0.0012851 1.53574e-05
           3    0.897737   0.0244193 0.000134595
           3    0.923387    0.166051 0.000175709
           3    0.949037    0.563318  0.00110911
           3    0.974686     1.19949  0.00176003
           3     1.00034     1.86143   0.0010284
           3     1.02599      2.3369 0.000579073
           3     1.05164     2.55069  0.00072718
           3     1.07728       2.549  0.00252952
           3     1.10293      2.4091  0.00187326
           3     1.12858     2.20107   0.0020694
           3     1.15423     1.97512 0.000909666
           3     1.17988     1.75593  0.00156672
           3     1.20553     1.55948  0.00293971
           3     1.23118     1.39051  0.00154112
           3     1.25683     1.24479  0.00100113
           3     1.28248     1.12391 0.000995575
           3     1.30813     1.02364 0.000551848
           3     1.33378    0.940387 0.000899051
           3     1.35943    0.872042 0.000501534
           3     1.38508    0.817272  0.00108089
           3     1.41073    0.771771  0.00106735
           3     1.43638    0.737747  0.00035991
           3     1.46203    0.710954  0.00139368
           3     1.48768    0.690695  0.00023905
           3     1.51333    0.678877 0.000547334
           3     1.53898    0.671369 0.000195171
           3     1.56463    0.671672  0.00102377
           3     1.59028     0.67669 0.000613216
           3     1.61593    0.686666 0.000802396
           3     1.64158     0.70164 0.000655951
           3     1.66723    0.722688 0.000381286
           3     1.69288    0.749357 0.000577418
           3     1.71853    0.780306  0.00027792
           3     1.74418    0.814422 0.000538418
           3     1.76983    0.852839 0.000167565
           3     1.79547     0.89366  0.00015254
           3     1.82112     0.93625 0.000758872
           3     1.84677    0.978142 0.000540747
           3     1.87242     1.01918  9.4473e-05
           3     1.89807      1.0585  0.00072753
           3     1.92372     1.09603 0.000777858
           3     1.94937     1.13039 0.000710386
           3     1.97502     1.16134 0.000404266
           3     2.00067     1.18534 0.000640852
           3     2.02632     1.20279 0.000210321
           3     2.05197     1.21428 0.000577325
           3     2.07762     1.21442 0.000581884
           3     2.10327     1.20842 0.000710164
           3     2.12892     1.19441  0.00106819
           3     2.15457     1.17442   0.0011997
           3     2.18022     1.15086   0.0008923
           3     2.20587     1.12411  0.00129607
           3     2.23152     1.09625  0.00112351
           3     2.25717     1.06742 0.000627685
           3     2.28282     1.04004 0.000707101
           3     2.30847     1.01289 0.000136149
           3     2.33412    0.988456 0.000144606
           3     2.35977    0.965666  0.00080726
           3     2.38542    0.946779 0.000468414
           3     2.41107    0.931536 0.000764713
           3     2.43672    0.917674  0.00055399
           3     2.46237    0.908652 0.000849861
           3     2.48802    0.895355 0.000819585
           3     2.51366    0.885584 0.000355032
           3     2.53931    0.885638 0.000800631
           4           0           0           0
           4   0.0256496           0           0
           4   0.0512993           0           0
           4   0.0769489           0           0
           4    0.102599           0           0
           4    0.128248           0           0
           4    0.153898           0           0
           4    0.179547           0           0
           4    0.205197           0           0
           4    0.230847           0           0
           4    0.256496           0           0
           4    0.282146           0           0
           4    0.307796           0           0
           4    0.333445           0           0
           4    0.359095           0           0
           4    0.384745           0           0
           4    0.410394           0           0
           4    0.436044           0           0
           4    0.461694           0           0
           4    0.487343           0           0
           4    0.512993           0           0
           4    0.538642           0           0
           4    0.564292           0           0
           4    0.589942           0           0
           4    0.615591           0           0
           4    0.641241           0           0
           4    0.666891           0           0
           4     0.69254           0           0
           4     0.71819           0           0
           4     0.74384           0           0
           4    0.769489           0           0
           4    0.795139           0           0
           4    0.820788           0           0
           4    0.846438 1.11851e-05 1.84113e-06
           4    0.872088  0.00127333 1.60134e-05
           4    0.897737   0.0244691 0.000107416
           4    0.923387    0.165978 0.000143718
           4    0.949037    0.563866 0.000956377
           4    0.974686     1.20085  0.00184206
           4     1.00034     1.86135  0.00073098
           4     1.02599     2.33733 0.000597157
           4     1.05164     2.55096 0.000584343
           4     1.07728     2.54823  0.00194698
           4     1.10293      2.4087  0.00138444
           4     1.12858     2.20142  0.00150573
           4     1.15423     1.97419  0.00113431
           4     1.17988     1.75679  0.00139756
           4     1.20553      1.5606  0.00235808
           4     1.23118     1.39067  0.00110057
           4     1.25683     1.24444 0.000787803
           4     1.28248     1.12397  0.00070656
           4     1.30813     1.02316 0.000622082
           4     1.33378    0.939883  0.00081116
           4     1.35943     0.87173 0.000472362
           4     1.38508    0.817247 0.000764712
           4     1.41073    0.771901 0.000765773
           4     1.43638    0.738173 0.000496625
           4     1.46203    0.710824 0.000993997
           4     1.48768    0.690408 0.000332907
           4     1.51333    0.678127 0.000843895
           4     1.53898    0.670995 0.000398251
           4     1.56463    0.671386 0.000778383
           4     1.59028    0.676072 0.000755202
           4     1.61593    0.686481 0.000596775
           4     1.64158     0.70182 0.000497465
           4     1.66723    0.722745 0.000275533
           4     1.69288    0.748846 0.000654049
           4     1.71853    0.780052 0.000321394
           4     1.74418    0.814462 0.000382747
           4     1.76983    0.852725 0.000164849
           4     1.79547    0.894378 0.000725931
           4     1.82112    0.936272 0.000537084
           4     1.84677    0.978138 0.000382383
           4     1.87242     1.01909 0.000112016
           4     1.89807     1.05855 0.000516349
           4     1.92372     1.09653 0.000738236
           4     1.94937     1.13083 0.000665146
           4     1.97502     1.16153 0.000343517
           4     2.00067     1.18593 0.000750744
           4     2.02632     1.20287 0.000166399
           4     2.05197     1.21474 0.000612194
           4     2.07762      1.2151 0.000792107
           4     2.10327     1.20878 0.000618652
           4     2.12892     1.19456 0.000770974
           4     2.15457     1.17443 0.000848405
           4     2.18022     1.15094 0.000635772
           4     2.20587     1.12365  0.00102732
           4     2.23152     1.09603 0.000824107
           4     2.25717     1.06665 0.000895934
           4     2.28282      1.0396 0.000665853
           4     2.30847     1.01243  0.00046826
           4     2.33412    0.988355 0.000143222
           4     2.35977    0.965715 0.000572966
           4     2.38542    0.946637 0.000360453
           4     2.41107    0.931392 0.000559577
           4     2.43672     0.91788 0.000442344
           4     2.46237    0.908859 0.000635516
           4     2.48802    0.895396 0.000580979
           4     2.51366    0.885765 0.000309913
           4     2.53931    0.885484 0.000586606
           5           0           0           0
           5   0.0256496           0           0
           5   0.0512993           0           0
           5   0.0769489           0           0
           5    0.102599           0           0
           5    0.128248           0           0
           5    0.153898           0           0
           5    0.179547           0           0
           5    0.205197           0           0
           5    0.230847           0           0
           5    0.256496           0           0
           5    0.282146           0           0
           5    0.307796           0           0
           5    0.333445           0           0
           5    0.359095           0           0
           5    0.384745           0           0
           5    0.410394           0           0
           5    0.436044           0           0
           5    0.461694           0           0
           5    0.487343           0           0
           5    0.512993           0           0
           5    0.538642           0           0
           5    0.564292           0           0
           5    0.589942           0           0
           5    0.615591           0           0
           5    0.641241           0           0
           5    0.666891           0           0
           5     0.69254           0           0
           5     0.71819           0           0
           5     0.74384           0           0
           5    0.769489           0           0
           5    0.795139           0           0
           5    0.820788           0           0
           5    0.846438 1.32276e-05 2.49111e-06
           5    0.872088  0.00127324 1.24043e-05
           5    0.897737   0.0243462 0.000148418
           5    0.923387    0.166276 0.000317639
           5    0.949037    0.564167 0.000799889
           5    0.974686     1.20125  0.00148204
           5     1.00034     1.86145 0.000575181
           5     1.02599     2.33812  0.00091108
           5     1.05164     2.55129 0.000557525
           5     1.07728     2.54902  0.00169959
           5     1.10293     2.40974  0.00149173
           5     1.12858     2.20038  0.00156314
           5     1.15423     1.97345  0.00114932
           5     1.17988     1.75651  0.00111631
           5     1.20553     1.56031  0.00184921
           5     1.23118     1.38945  0.00148916
           5     1.25683      1.2444 0.000611511
           5     1.28248     1.12361 0.000654596
           5     1.30813     1.02256 0.000765963
           5     1.33378    0.939405 0.000789267
           5     1.35943    0.871912 0.000408633
           5     1.38508    0.816863 0.000705783
           5     1.41073    0.771407 0.000772251
           5     1.43638     0.73785   0.0005029
           5     1.46203    0.711061 0.000805612
           5     1.48768    0.690628 0.000339039
           5     1.51333    0.678408 0.000711486
           5     1.53898    0.671646 0.000720142
           5     1.56463    0.671993 0.000855244
           5     1.59028    0.676481 0.000713774
           5     1.61593    0.686663 0.000496609
           5     1.64158     0.70173  0.00039574
           5     1.66723     0.72305 0.000372102
           5     1.69288    0.749108 0.000570699
           5     1.71853    0.780068 0.000249482
           5     1.74418    0.814814 0.000460645
           5     1.76983    0.852933  0.00024401
           5     1.79547    0.894622 0.000613049
           5     1.82112    0.936576 0.000514914
           5     1.84677    0.978237 0.000312279
           5     1.87242     1.01905 9.77698e-05
           5     1.89807     1.05842 0.000421202
           5     1.92372     1.09645 0.000577571
           5     1.94937     1.13083 0.000515239
           5     1.97502     1.16144  0.00028075
           5     2.00067     1.18565 0.000645386
           5     2.02632     1.20318 0.000335792
           5     2.05197     1.21438 0.000595357
           5     2.07762     1.21485 0.000659433
           5     2.10327     1.20846 0.000579935
           5     2.12892     1.19454 0.000597496
           5     2.15457     1.17441 0.000657483
           5     2.18022     1.15081 0.000509805
           5     2.20587     1.12369   0.0007969
           5     2.23152     1.09576 0.000695545
           5     2.25717     1.06635 0.000754666
           5     2.28282     1.03913 0.000697276
           5     2.30847     1.01225 0.000402929
           5     2.33412    0.988053 0.000321588
           5     2.35977    0.965779  0.00044837
           5     2.38542    0.946749 0.000300968
           5     2.41107     0.93165 0.000504652
           5     2.43672    0.918124 0.000420595
           5     2.46237    0.908994 0.000510613
           5     2.48802    0.895441 0.000452312
           5     2.51366    0.885708 0.000246729
           5     2.53931    0.885504 0.000454788
           6           0           0           0
           6   0.0256496           0           0
           6   0.0512993           0           0
           6   0.0769489           0           0
           6    0.102599           0           0
           6    0.128248           0           0
           6    0.153898           0           0
           6    0.179547           0           0
           6    0.205197           0           0
           6    0.230847           0           0
           6    0.256496           0           0
           6    0.282146           0           0
           6    0.307796           0           0
           6    0.333445           0           0
           6    0.359095           0           0
           6    0.384745           0           0
           6    0.410394           0           0
           6    0.436044           0           0
           6    0.461694           0           0
           6    0.487343           0           0
           6    0.512993           0           0
           6    0.538642           0           0
           6    0.564292           0           0
           6    0.589942           0           0
           6    0.615591           0           0
           6    0.641241           0           0
           6    0.666891           0           0
           6     0.69254           0           0
           6     0.71819           0           0
           6     0.74384           0           0
           6    0.769489           0           0
           6    0.795139           0           0
           6    0.820788           0           0
           6    0.846438 1.16714e-05 2.56101e-06
           6    0.872088   0.0012802 1.22944e-05
           6    0.897737   0.0243096 0.000126591
           6    0.923387    0.166398 0.000286553
           6    0.949037    0.564091  0.00065751
           6    0.974686     1.20046  0.00144398
           6     1.00034     1.86125 0.000511379
           6     1.02599     2.33745 0.000997966
           6     1.05164     2.55118 0.000468325
           6     1.07728     2.54944  0.00144985
           6     1.10293     2.40908  0.00138682
           6     1.12858     2.20044   0.0012778
           6     1.15423     1.97325 0.000958635
           6     1.17988     1.75608  0.00100804
           6     1.20553     1.56037  0.00151121
           6     1.23118     1.38937  0.00121805
           6     1.25683     1.24448 0.000504558
           6     1.28248     1.12411 0.000730577
           6     1.30813     1.02339  0.00103514
           6     1.33378    0.939793 0.000752267
           6     1.35943    0.872198   0.0004394
           6     1.38508    0.817142 0.000639939
           6     1.41073    0.771956 0.000836021
           6     1.43638    0.738186  0.00053104
           6     1.46203    0.711099 0.000658868
           6     1.48768    0.690693 0.000284252
           6     1.51333    0.678397 0.000581026
           6     1.53898    0.671822 0.000613755
           6     1.56463    0.671661 0.000773354
           6     1.59028    0.676385  0.00059062
           6     1.61593    0.686628  0.00040699
           6     1.64158    0.701858 0.000347753
           6     1.66723    0.722933 0.000325492
           6     1.69288    0.748678 0.000634623
           6     1.71853    0.780003 0.000213682
           6     1.74418    0.814982 0.000411725
           6     1.76983    0.853018 0.000216869
           6     1.79547    0.894265 0.000614498
           6     1.82112    0.936295 0.000505447
           6     1.84677    0.977719 0.000577308
           6     1.87242     1.01874 0.000318901
           6     1.89807     1.05775 0.000749377
           6     1.92372     1.09622 0.000523203
           6     1.94937     1.13037 0.000624697
           6     1.97502     1.16129 0.000270495
           6     2.00067     1.18558 0.000531701
           6     2.02632     1.20333 0.000314622
           6     2.05197     1.21459  0.00053137
           6     2.07762     1.21519 0.000633493
           6     2.10327      1.2089 0.000650417
           6     2.12892     1.19533 0.000931762
           6     2.15457      1.1751 0.000869545
           6     2.18022     1.15119 0.000565298
           6     2.20587       1.124 0.000723744
           6     2.23152     1.09578  0.00056835
           6     2.25717      1.0665 0.000634085
           6     2.28282     1.03901 0.000582785
           6     2.30847     1.01236 0.000347572
           6     2.33412    0.988216 0.000308992
           6     2.35977    0.965759 0.000366647
           6     2.38542    0.946962 0.000325236
           6     2.41107    0.931502  0.00043797
           6     2.43672    0.917984 0.000370853
           6     2.46237    0.908831 0.000447833
           6     2.48802    0.895163 0.000462498
           6     2.51366    0.885602 0.000227806
           6     2.53931    0.885278 0.000434639
           7           0           0           0
           7   0.0256496           0           0
           7   0.0512993           0           0
           7   0.0769489           0           0
           7    0.102599           0           0
           7    0.128248           0           0
           7    0.153898           0           0
           7    0.179547           0           0
           7    0.205197           0           0
           7    0.230847           0           0
           7    0.256496           0           0
           7    0.282146           0           0
           7    0.307796           0           0
           7    0.333445           0           0
           7    0.359095           0           0
           7    0.384745           0           0
           7    0.410394           0           0
           7    0.436044           0           0
           7    0.461694           0           0
           7    0.487343           0           0
           7    0.512993           0           0
           7    0.538642           0           0
           7    0.564292           0           0
           7    0.589942           0           0
           7    0.615591           0           0
           7    0.641241           0           0
           7    0.666891           0           0
           7     0.69254           0           0
           7     0.71819           0           0
           7     0.74384           0           0
           7    0.769489           0           0
           7    0.795139           0           0
           7    0.820788           0           0
           7    0.846438 1.16714e-05 2.16445e-06
           7    0.872088  0.00128676 1.22831e-05
           7    0.897737   0.0243674 0.000121576
           7    0.923387    0.166428 0.000244052
           7    0.949037     0.56455  0.00072084
           7    0.974686     1.20112  0.00138666
           7     1.00034     1.86186 0.000744993
           7     1.02599     2.33759 0.000853897
           7     1.05164     2.55035 0.000914394
           7     1.07728     2.54901  0.00129658
           7     1.10293     2.40982  0.00139021
           7     1.12858     2.19976  0.00127489
           7     1.15423     1.97277  0.00094051
           7     1.17988     1.75583 0.000889054
           7     1.20553     1.55986   0.0013765
           7     1.23118     1.38945  0.00103201
           7     1.25683     1.24437 0.000439265
           7     1.28248     1.12424 0.000632069
           7     1.30813     1.02366 0.000915547
           7     1.33378    0.939972 0.000660404
           7     1.35943    0.872042 0.000402543
           7     1.38508     0.81706 0.000546966
           7     1.41073    0.772073 0.000716256
           7     1.43638     0.73786 0.000554724
           7     1.46203    0.710855 0.000608058
           7     1.48768    0.690695  0.00024025
           7     1.51333    0.678265 0.000508533
           7     1.53898     0.67175 0.000523702
           7     1.56463    0.671354 0.000721893
           7     1.59028     0.67642 0.000500426
           7     1.61593    0.686334 0.000452514
           7     1.64158    0.701735 0.000318791
           7     1.66723    0.723023 0.000289563
           7     1.69288    0.748874 0.000571344
           7     1.71853    0.780311 0.000356977
           7     1.74418    0.815403 0.000546449
           7     1.76983    0.853438 0.000458364
           7     1.79547    0.894709  0.00068289
           7     1.82112    0.936577 0.000511615
           7     1.84677    0.977954 0.000541488
           7     1.87242     1.01895 0.000346029
           7     1.89807     1.05801 0.000685073
           7     1.92372     1.09625  0.00044314
           7     1.94937      1.1305 0.000543798
           7     1.97502     1.16095 0.000416134
           7     2.00067      1.1856 0.000449657
           7     2.02632     1.20326 0.000275481
           7     2.05197     1.21418 0.000609755
           7     2.07762     1.21493 0.000594272
           7     2.10327     1.20881 0.000558327
           7     2.12892     1.19528 0.000789399
           7     2.15457     1.17484 0.000777054
           7     2.18022      1.1509 0.000557302
           7     2.20587     1.12376 0.000660533
           7     2.23152     1.09564 0.000500721
           7     2.25717     1.06636  0.00055335
           7     2.28282     1.03902 0.000492832
           7     2.30847      1.0122  0.00033729
           7     2.33412    0.988294 0.000272517
           7     2.35977    0.965786  0.00031107
           7     2.38542    0.946903 0.000281221
           7     2.41107    0.931564 0.000375267
           7     2.43672    0.918044 0.000319225
           7     2.46237    0.908719 0.000394514
           7     2.48802    0.895012 0.000419141
           7     2.51366    0.885476 0.000230231
           7     2.53931    0.885365 0.000377468
           8           0           0           0
           8   0.0256496           0           0
           8   0.0512993           0           0
           8   0.0769489           0           0
           8    0.102599           0           0
           8    0.128248           0           0
           8    0.153898           0           0
           8    0.179547           0           0
           8    0.205197           0           0
           8    0.230847           0           0
           8    0.256496           0           0
           8    0.282146           0           0
           8    0.307796           0           0
           8    0.333445           0           0
           8    0.359095           0           0
           8    0.384745           0           0
           8    0.410394           0           0
           8    0.436044           0           0
           8    0.461694           0           0
           8    0.487343           0           0
           8    0.512993           0           0
           8    0.538642           0           0
           8    0.564292           0           0
           8    0.589942           0           0
           8    0.615591           0           0
           8    0.641241           0           0
           8    0.666891           0           0
           8     0.69254           0           0
           8     0.71819           0           0
           8     0.74384           0           0
           8    0.769489           0           0
           8    0.795139           0           0
           8    0.820788           0           0
           8    0.846438 1.14282e-05 1.89017e-06
           8    0.872088  0.00129419  1.2978e-05
           8    0.897737    0.024318 0.000116288
           8    0.923387    0.166171 0.000332724
           8    0.949037    0.564398 0.000642694
           8    0.974686     1.20091  0.00121943
           8     1.00034     1.86157 0.000704364
           8     1.02599     2.33811 0.000906143
           8     1.05164     2.55004 0.000850764
           8     1.07728     2.54927  0.00115217
           8     1.10293     2.40945  0.00125992
           8     1.12858     2.19951  0.00113319
           8     1.15423       1.973   0.0008472
           8     1.17988     1.75576 0.000773003
           8     1.20553     1.55965  0.00120976
           8     1.23118     1.38969 0.000926327
           8     1.25683     1.24447  0.00039273
           8     1.28248      1.1246 0.000652407
           8     1.30813     1.02384 0.000814313
           8     1.33378    0.940526 0.000796443
           8     1.35943    0.872186 0.000377242
           8     1.38508    0.817248  0.00050952
           8     1.41073    0.772603  0.00081598
           8     1.43638    0.737815 0.000482531
           8     1.46203    0.711052  0.00056255
           8     1.48768    0.690952 0.000330801
           8     1.51333    0.678229 0.000441846
           8     1.53898    0.671397 0.000574377
           8     1.56463    0.671075 0.000684784
           8     1.59028    0.676046 0.000572874
           8     1.61593    0.685936 0.000558149
           8     1.64158    0.701559 0.000327471
           8     1.66723    0.722724 0.000390261
           8     1.69288    0.748793 0.000501491
           8     1.71853    0.780052 0.000403224
           8     1.74418    0.815234 0.000502602
           8     1.76983     0.85356 0.000415259
           8     1.79547    0.894807 0.000599583
           8     1.82112    0.936346 0.000499449
           8     1.84677    0.977948 0.000468978
           8     1.87242       1.019 0.000303385
           8     1.89807     1.05814 0.000606027
           8     1.92372     1.09643 0.000425486
           8     1.94937     1.13051 0.000471097
           8     1.97502     1.16095 0.000360427
           8     2.00067     1.18581 0.000442919
           8     2.02632     1.20342 0.000289825
           8     2.05197     1.21426 0.000533502
           8     2.07762     1.21494 0.000514793
           8     2.10327     1.20887 0.000487561
           8     2.12892     1.19521 0.000687225
           8     2.15457     1.17486 0.000673165
           8     2.18022     1.15089 0.000482748
           8     2.20587     1.12381 0.000574594
           8     2.23152     1.09575 0.000447829
           8     2.25717     1.06639 0.000479891
           8     2.28282     1.03899 0.000428361
           8     2.30847     1.01237 0.000336851
           8     2.33412     0.98845 0.000282752
           8     2.35977    0.965936  0.00030842
           8     2.38542    0.947038 0.000278502
           8     2.41107     0.93163 0.000331677
           8     2.43672    0.917997  0.00028041
           8     2.46237    0.908585 0.000367126
           8     2.48802    0.894983 0.000364083
           8     2.51366    0.885491 0.000200002
           8     2.53931     0.88534 0.000327819
           9           0           0           0
           9   0.0256496           0           0
           9   0.0512993           0           0
           9   0.0769489           0           0
           9    0.102599           0           0
           9    0.128248           0           0
           9    0.153898           0           0
           9    0.179547           0           0
           9    0.205197           0           0
           9    0.230847           0           0
           9    0.256496           0           0
           9    0.282146           0           0
           9    0.307796           0           0
           9    0.333445           0           0
           9    0.359095           0           0
           9    0.384745           0           0
           9    0.410394           0           0
           9    0.436044           0           0
           9    0.461694           0           0
           9    0.487343           0           0
           9    0.512993           0           0
           9    0.538642           0           0
           9    0.564292           0           0
           9    0.589942           0           0
           9    0.615591           0           0
           9    0.641241           0           0
           9    0.666891           0           0
           9     0.69254           0           0
           9     0.71819           0           0
           9     0.74384           0           0
           9    0.769489           0           0
           9    0.795139           0           0
           9    0.820788           0           0
           9    0.846438  1.1023e-05 1.71553e-06
           9    0.872088  0.00129243 1.15797e-05
           9    0.897737   0.0242409 0.000128296
           9    0.923387    0.165969 0.000356168
           9    0.949037    0.564052 0.000663802
           9    0.974686      1.2005  0.00114831
           9     1.00034     1.86111 0.000774451
           9     1.02599     2.33761 0.000941943
           9     1.05164     2.55009 0.000751611
           9     1.07728     2.54904  0.00104296
           9     1.10293     2.40897  0.00121155
           9     1.12858     2.19925  0.00103359
           9     1.15423     1.97325 0.000787452
           9     1.17988     1.75585 0.000687514
           9     1.20553     1.55934  0.00111284
           9     1.23118      1.3899 0.000842819
           9     1.25683     1.24463 0.000381918
           9     1.28248      1.1245 0.000583513
           9     1.30813     1.02392 0.000722015
           9     1.33378    0.940897 0.000794354
           9     1.35943    0.872413 0.000402306
           9     1.38508    0.817359 0.000463027
           9     1.41073    0.772864 0.000765623
           9     1.43638    0.737956 0.000448239
           9     1.46203    0.711255 0.000535741
           9     1.48768    0.691256 0.000421345
           9     1.51333    0.678544 0.000500876
           9     1.53898    0.671736 0.000609502
           9     1.56463    0.671332 0.000656609
           9     1.59028    0.676237 0.000540318
           9     1.61593    0.686079 0.000512416
           9     1.64158    0.701783 0.000365741
           9     1.66723    0.722758  0.00034581
           9     1.69288    0.748754  0.00044396
           9     1.71853    0.779868  0.00040056
           9     1.74418    0.815022 0.000491273
           9     1.76983     0.85343  0.00038868
           9     1.79547    0.894741 0.000532943
           9     1.82112    0.936041 0.000535994
           9     1.84677    0.977709 0.000477984
           9     1.87242     1.01869 0.000410766
           9     1.89807     1.05795 0.000567192
           9     1.92372     1.09587 0.000678183
           9     1.94937     1.13048 0.000416615
           9     1.97502     1.16056 0.000506413
           9     2.00067     1.18542 0.000552536
           9     2.02632     1.20306 0.000443935
           9     2.05197      1.2143 0.000472418
           9     2.07762     1.21494 0.000454011
           9     2.10327     1.20876 0.000442866
           9     2.12892     1.19497 0.000651394
           9     2.15457     1.17482 0.000594907
           9     2.18022     1.15112 0.000484115
           9     2.20587     1.12382 0.000506812
           9     2.23152     1.09591 0.000425648
           9     2.25717     1.06672 0.000541294
           9     2.28282      1.0391 0.000392755
           9     2.30847     1.01259 0.000369448
           9     2.33412    0.988646 0.000317127
           9     2.35977    0.966141 0.000340307
           9     2.38542    0.947212 0.000300791
           9     2.41107    0.931714 0.000304371
           9     2.43672    0.918235 0.000342588
           9     2.46237    0.908629 0.000326801
           9     2.48802    0.895073 0.000333502
           9     2.51366    0.885681  0.00025908
           9     2.53931    0.885534 0.000348237
          10           0           0           0
          10   0.0256496           0           0
          10   0.0512993           0           0
          10   0.0769489           0           0
          10    0.102599           0           0
          10    0.128248           0           0
          10    0.153898           0           0
          10    0.179547           0           0
          10    0.205197           0           0
          10    0.230847           0           0
          10    0.256496           0           0
          10    0.282146           0           0
          10    0.307796           0           0
          10    0.333445           0           0
          10    0.359095           0           0
          10    0.384745           0           0
          10    0.410394           0           0
          10    0.436044           0           0
          10    0.461694           0           0
          10    0.487343           0           0
          10    0.512993           0           0
          10    0.538642           0           0
          10    0.564292           0           0
          10    0.589942           0           0
          10    0.615591           0           0
          10    0.641241           0           0
          10    0.666891           0           0
          10     0.69254           0           0
          10     0.71819           0           0
          10     0.74384           0           0
          10    0.769489           0           0
          10    0.795139           0           0
          10    0.820788           0           0
          10    0.846438 1.24495e-05 2.09508e-06
          10    0.872088  0.00129323 1.03877e-05
          10    0.897737   0.0242446 0.000114809
          10    0.923387    0.165923 0.000321843
          10    0.949037    0.564269 0.000632227
          10    0.974686     1.20118  0.00123254
          10     1.00034     1.86126  0.00070841
          10     1.02599     2.33767  0.00084471
          10     1.05164     2.55035 0.000720537
          10     1.07728     2.54886 0.000948605
          10     1.10293     2.40854  0.00116412
          10     1.12858     2.19906  0.00094365
          10     1.15423     1.97342 0.000723841
          10     1.17988     1.75583 0.000615121
          10     1.20553     1.55916  0.00101041
          10     1.23118     1.38993 0.000754426
          10     1.25683     1.24468 0.000345458
          10     1.28248     1.12447 0.000522922
          10     1.30813     1.02392 0.000645808
          10     1.33378    0.940807 0.000716205
          10     1.35943    0.872348 0.000365554
          10     1.38508      0.8176 0.000479153
          10     1.41073    0.772549 0.000753898
          10     1.43638    0.738093 0.000423651
          10     1.46203    0.711047 0.000522149
          10     1.48768    0.691357 0.000390198
          10     1.51333    0.678674   0.0004664
          10     1.53898    0.671694 0.000546814
          10     1.56463     0.67123 0.000596141
          10     1.59028    0.676254 0.000483567
          10     1.61593    0.686052 0.000459116
          10     1.64158    0.701902 0.000348073
          10     1.66723    0.722651 0.000327083
          10     1.69288    0.748839 0.000406134
          10     1.71853    0.779996 0.000380572
          10     1.74418    0.815047 0.000440106
          10     1.76983    0.853568 0.000373987
          10     1.79547     0.89466 0.000483448
          10     1.82112    0.936048 0.000479453
          10     1.84677     0.97778 0.000433506
          10     1.87242     1.01863 0.000371675
          10     1.89807     1.05803 0.000513632
          10     1.92372     1.09594 0.000610349
          10     1.94937     1.13045 0.000374224
          10     1.97502     1.16067 0.000465665
          10     2.00067     1.18538 0.000495684
          10     2.02632     1.20308 0.000397678
          10     2.05197      1.2142 0.000433385
          10     2.07762     1.21488 0.000411551
          10     2.10327     1.20857 0.000440211
          10     2.12892      1.1949 0.000587375
          10     2.15457     1.17474 0.000538092
          10     2.18022       1.151 0.000450854
          10     2.20587      1.1238 0.000453521
          10     2.23152     1.09594 0.000381696
          10     2.25717     1.06671 0.000484328
          10     2.28282     1.03929 0.000403695
          10     2.30847     1.01267 0.000339799
          10     2.33412    0.988635 0.000283876
          10     2.35977    0.966228 0.000316572
          10     2.38542    0.947136 0.000279344
          10     2.41107    0.931746 0.000274107
          10     2.43672     0.91831 0.000315529
          10     2.46237    0.908574 0.000297542
          10     2.48802    0.895056 0.000298831
          10     2.51366    0.885728  0.00023637
          10     2.53931    0.885579 0.000314646
           1           0           0           0
           1    0.064633           0           0
           1    0.129266           0           0
           1    0.193899           0           0
           1    0.258532           0           0
           1    0.323165           0           0
           1    0.387798           0           0
           1    0.452431           0           0
           1    0.517064           0           0
           1    0.581697           0           0
           1     0.64633           0           0
           1    0.710963           0           0
           1    0.775596           0           0
           1     0.84023  0.00102973           0
           1    0.904863    0.148014           0
           1    0.969496     1.06175           0
           1     1.03413     2.03901           0
           1     1.09876     2.26606           0
           1     1.16339     2.09321           0
           1     1.22803     1.83153           0
           1     1.29266     1.61786           0
           1     1.35729     1.45593           0
           1     1.42193     1.33303           0
           1     1.48656     1.25425           0
           1     1.55119      1.1896           0
           1     1.61583     1.14089           0
           1     1.68046     1.11651           0
           1     1.74509     1.08568           0
           1     1.80973     1.07778           0
           1     1.87436     1.06427           0
           1     1.93899     1.05574           0
           1     2.00362     1.05802           0
           1     2.06826     1.05696           0
           1     2.13289     1.05007           0
           1     2.19752     1.04776           0
           1     2.26216     1.04398           0
           1     2.32679     1.04007           0
           1     2.39142     1.03212           0
           1     2.45606     1.02391           0
           1     2.52069     1.02108           0
           1     2.58532     1.01612           0
           1     2.64995     1.01292           0
           1     2.71459     1.00931           0
           1     2.77922     1.00918           0
           1     2.84385     1.00314           0
           1     2.90849     1.00379           0
           1     2.97312     1.00099           0
           1     3.03775     1.00027           0
           1     3.10239      1.0005           0
           1     3.16702    0.996452           0
           1     3.23165    0.994678           0
           1     3.29629    0.997828           0
           1     3.36092    0.994718           0
           1     3.42555    0.993829           0
           1     3.49018     0.99443           0
           1     3.55482    0.994636           0
           1     3.61945    0.992451           0
           1     3.68408    0.992754           0
           1     3.74872    0.990731           0
           1     3.81335    0.990867           0
           1     3.87798    0.989931           0
           1     3.94262    0.988622           0
           1     4.00725    0.989519           0
           1     4.07188    0.988331           0
           1     4.13651       0.989           0
           1     4.20115    0.988925           0
           1     4.26578    0.988428           0
           1     4.33041    0.987722           0
           1     4.39505    0.988785           0
           1     4.45968    0.988705           0
           1     4.52431    0.987503           0
           1     4.58895    0.987276           0
           1     4.65358    0.987161           0
           1     4.71821    0.986185           0
           1     4.78285    0.987405           0
           1     4.84748    0.986291           0
           1     4.91211    0.986797           0
           1     4.97674    0.986968           0
           1     5.04138    0.986438           0
           1     5.10601    0.986273           0
           1     5.17064    0.987205           0
           1     5.23528    0.988049           0
           1     5.29991    0.986585           0
           1     5.36454    0.986541           0
           1     5.42918    0.986191           0
           1     5.49381    0.985988           0
           1     5.55844    0.986729           0
           1     5.62307    0.987382           0
           1     5.68771     0.98626           0
           1     5.75234    0.986556           0
           1     5.81697    0.986395           0
           1     5.88161    0.986423           0
           1     5.94624    0.986436           0
           1     6.01087     0.98609           0
           1     6.07551    0.985967           0
           1     6.14014    0.987143           0
           1     6.20477    0.984869           0
           1      6.2694    0.986453           0
           1     6.33404    0.986243           0
           1     6.39867    0.986338           0
           2           0           0           0
           2    0.064633           0           0
           2    0.129266           0           0
           2    0.193899           0           0
           2    0.258532           0           0
           2    0.323165           0           0
           2    0.387798           0           0
           2    0.452431           0           0
           2    0.517064           0           0
           2    0.581697           0           0
           2     0.64633           0           0
           2    0.710963           0           0
           2    0.775596           0           0
           2     0.84023  0.00107164 4.19078e-05
           2    0.904863    0.146094  0.00192024
           2    0.969496     1.06425  0.00249811
           2     1.03413     2.04405  0.00504246
           2     1.09876     2.26811   0.0020561
           2     1.16339     2.09373 0.000522946
           2     1.22803     1.83219 0.000662995
           2     1.29266     1.61888  0.00102581
           2     1.35729     1.45717  0.00124192
           2     1.42193     1.33707   0.0040466
           2     1.48656     1.25418 6.91719e-05
           2     1.55119     1.18849  0.00111099
           2     1.61583     1.14255  0.00166174
           2     1.68046      1.1143  0.00221169
           2     1.74509     1.08983  0.00414797
           2     1.80973     1.07771 6.98766e-05
           2     1.87436     1.06538   0.0011125
           2     1.93899     1.05801  0.00227276
           2     2.00362     1.05677  0.00124634
           2     2.06826     1.05478  0.00217424
           2     2.13289     1.05245  0.00237902
           2     2.19752       1.047 0.000759319
           2     2.26216     1.04416 0.000181019
           2     2.32679     1.03872  0.00135023
           2     2.39142      1.0312 0.000915141
           2     2.45606     1.02404 0.000130344
           2     2.52069     1.02145 0.000366587
           2     2.58532     1.01685 0.000732686
           2     2.64995     1.01314 0.000219291
           2     2.71459      1.0092 0.000108777
           2     2.77922     1.00936 0.000186323
           2     2.84385     1.00533  0.00218393
           2     2.90849     1.00284 0.000949063
           2     2.97312     1.00187 0.000878394
           2     3.03775     1.00037 9.86937e-05
           2     3.10239    0.999611 0.000892366
           2     3.16702    0.997341 0.000888751
           2     3.23165    0.995161 0.000483664
           2     3.29629    0.996384  0.00144417
           2     3.36092    0.995152 0.000434052
           2     3.42555    0.994338 0.000509505
           2     3.49018    0.993628 0.000801885
           2     3.55482    0.994474 0.000161596
           2     3.61945    0.991073  0.00137803
           2     3.68408    0.991693  0.00106078
           2     3.74872     0.99018 0.000550849
           2     3.81335    0.991023 0.000156016
           2     3.87798    0.989803 0.000128236
           2     3.94262    0.990235  0.00161301
           2     4.00725    0.988883 0.000636012
           2     4.07188    0.988793 0.000461833
           2     4.13651    0.988982 1.73172e-05
           2     4.20115    0.988757 0.000167671
           2     4.26578     0.98786 0.000567973
           2     4.33041       0.988 0.000277671
           2     4.39505    0.988238 0.000547156
           2     4.45968    0.988677 2.87005e-05
           2     4.52431    0.987423 7.95034e-05
           2     4.58895     0.98677 0.000505408
           2     4.65358    0.987116 4.54804e-05
           2     4.71821    0.987273   0.0010883
           2     4.78285    0.986679 0.000725721
           2     4.84748    0.986777 0.000485828
           2     4.91211     0.98678 1.69736e-05
           2     4.97674    0.986485 0.000482159
           2     5.04138    0.986084 0.000354103
           2     5.10601    0.986084 0.000189465
           2     5.17064    0.986856  0.00034835
           2     5.23528    0.987295 0.000754483
           2     5.29991    0.986634 4.90762e-05
           2     5.36454    0.986248 0.000292613
           2     5.42918     0.98574 0.000451142
           2     5.49381    0.986167 0.000179784
           2     5.55844    0.986531 0.000197681
           2     5.62307    0.986141  0.00124068
           2     5.68771    0.985951 0.000308985
           2     5.75234     0.98576 0.000796111
           2     5.81697    0.986242 0.000152604
           2     5.88161    0.985919 0.000503142
           2     5.94624    0.986129 0.000307462
           2     6.01087    0.986077 1.26112e-05
           2     6.07551    0.985936 3.10476e-05
           2     6.14014    0.986536 0.000607059
           2     6.20477    0.985116 0.000246867
           2      6.2694    0.985307   0.0011461
           2     6.33404    0.986054 0.000188227
           2     6.39867    0.985973 0.000364956
           3           0           0           0
           3    0.064633           0           0
           3    0.129266           0           0
           3    0.193899           0           0
           3    0.258532           0           0
           3    0.323165           0           0
           3    0.387798           0           0
           3    0.452431           0           0
           3    0.517064           0           0
           3    0.581697           0           0
           3     0.64633           0           0
           3    0.710963           0           0
           3    0.775596           0           0
           3     0.84023  0.00102175 5.54477e-05
           3    0.904863    0.147046  0.00146096
           3    0.969496      1.0637  0.00154291
           3     1.03413     2.04296  0.00310872
           3     1.09876     2.26545  0.00291241
           3     1.16339     2.09262  0.00115411
           3     1.22803     1.83172 0.000607436
           3     1.29266     1.61793  0.00111918
           3     1.35729     1.45752 0.000798329
           3     1.42193     1.33539   0.0028815
           3     1.48656     1.25365 0.000538389
           3     1.55119     1.19097  0.00255534
           3     1.61583     1.14354  0.00138125
           3     1.68046     1.11234  0.00234004
           3     1.74509     1.08992  0.00239651
           3     1.80973     1.07672 0.000991635
           3     1.87436      1.0662  0.00104018
           3     1.93899      1.0588  0.00153267
           3     2.00362     1.05735 0.000920374
           3     2.06826     1.05461  0.00126659
           3     2.13289     1.05195  0.00145991
           3     2.19752     1.04717  0.00046844
           3     2.26216     1.04445 0.000305683
           3     2.32679     1.03887 0.000795484
           3     2.39142     1.03105  0.00055091
           3     2.45606     1.02427 0.000242935
           3     2.52069     1.02133 0.000244158
           3     2.58532     1.01815  0.00136425
           3     2.64995     1.01318 0.000130934
           3     2.71459     1.00977 0.000576324
           3     2.77922     1.00895 0.000427364
           3     2.84385     1.00571  0.00131786
           3     2.90849      1.0037  0.00102251
           3     2.97312     1.00166 0.000548903
           3     3.03775     1.00006 0.000313241
           3     3.10239    0.999539 0.000520162
           3     3.16702    0.998228  0.00102496
           3     3.23165    0.995581 0.000504147
           3     3.29629    0.996651 0.000875529
           3     3.36092    0.995008 0.000289236
           3     3.42555    0.994525 0.000348773
           3     3.49018     0.99444 0.000934863
           3     3.55482    0.994058 0.000426371
           3     3.61945    0.991605 0.000956996
           3     3.68408    0.991315 0.000719716
           3     3.74872    0.991097 0.000970602
           3     3.81335    0.990945 0.000118958
           3     3.87798    0.989905 0.000125871
           3     3.94262    0.990044 0.000950533
           3     4.00725     0.98964 0.000841454
           3     4.07188     0.98936 0.000626285
           3     4.13651    0.989343 0.000361351
           3     4.20115      0.9884 0.000369861
           3     4.26578     0.98798 0.000349033
           3     4.33041    0.987974 0.000162401
           3     4.39505    0.988898 0.000731341
           3     4.45968     0.98891 0.000233883
           3     4.52431    0.987884  0.00046334
           3     4.58895    0.987268 0.000576827
           3     4.65358    0.987172 6.19781e-05
           3     4.71821    0.987703 0.000761294
           3     4.78285    0.986577 0.000431296
           3     4.84748    0.987326  0.00061641
           3     4.91211    0.987186 0.000405683
           3     4.97674    0.986483 0.000278386
           3     5.04138    0.986427 0.000398903
           3     5.10601    0.986362 0.000299505
           3     5.17064    0.986658 0.000282374
           3     5.23528    0.986904 0.000585028
           3     5.29991    0.986823 0.000190829
           3     5.36454    0.986388 0.000219222
           3     5.42918    0.986254 0.000575615
           3     5.49381    0.986536 0.000383059
           3     5.55844    0.986289 0.000268207
           3     5.62307    0.986044 0.000722865
           3     5.68771    0.985722  0.00028976
           3     5.75234    0.985864 0.000471319
           3     5.81697    0.986259 8.96509e-05
           3     5.88161    0.985676 0.000378773
           3     5.94624     0.98644  0.00035783
           3     6.01087    0.985693 0.000384024
           3     6.07551       0.986 6.65905e-05
           3     6.14014    0.985984 0.000654343
           3     6.20477    0.985283 0.000219553
           3      6.2694    0.985567 0.000710954
           3     6.33404    0.985951 0.000150002
           3     6.39867    0.986113 0.000253319
           4           0           0           0
           4    0.064633           0           0
           4    0.129266           0           0
           4    0.193899           0           0
           4    0.258532           0           0
           4    0.323165           0           0
           4    0.387798           0           0
           4    0.452431           0           0
           4    0.517064           0           0
           4    0.581697           0           0
           4     0.64633           0           0
           4    0.710963           0           0
           4    0.775596           0           0
           4     0.84023 0.000984833 5.38537e-05
           4    0.904863     0.14775  0.00125018
           4    0.969496     1.06227  0.00179864
           4     1.03413     2.04404   0.0024484
           4     1.09876     2.26477  0.00216857
           4     1.16339      2.0922 0.000915567
           4     1.22803     1.83094 0.000892707
           4     1.29266     1.61888  0.00123416
           4     1.35729      1.4566  0.00107639
           4     1.42193     1.33687  0.00252128
           4     1.48656     1.25224  0.00145361
           4     1.55119     1.19113   0.0018144
           4     1.61583     1.14381  0.00101228
           4     1.68046     1.11393  0.00229603
           4     1.74509     1.09137    0.002232
           4     1.80973     1.07704  0.00077171
           4     1.87436     1.06602  0.00075868
           4     1.93899     1.05942  0.00124863
           4     2.00362     1.05768 0.000733629
           4     2.06826     1.05543  0.00121348
           4     2.13289     1.05273  0.00129164
           4     2.19752     1.04713 0.000333576
           4     2.26216     1.04473 0.000353418
           4     2.32679     1.03891 0.000563629
           4     2.39142      1.0311 0.000392562
           4     2.45606     1.02538  0.00112468
           4     2.52069     1.02199 0.000679225
           4     2.58532     1.01821  0.00096676
           4     2.64995     1.01368 0.000517182
           4     2.71459     1.01004 0.000485774
           4     2.77922     1.00872 0.000381793
           4     2.84385     1.00587 0.000945823
           4     2.90849     1.00384 0.000735821
           4     2.97312     1.00213 0.000612464
           4     3.03775     1.00006 0.000221495
           4     3.10239    0.999706 0.000403843
           4     3.16702     0.99818 0.000726354
           4     3.23165    0.996117 0.000643743
           4     3.29629    0.996792 0.000635029
           4     3.36092    0.994741 0.000335904
           4     3.42555    0.994253 0.000367613
           4     3.49018    0.994256 0.000686209
           4     3.55482    0.993629 0.000524032
           4     3.61945    0.991643 0.000677736
           4     3.68408    0.991074 0.000563171
           4     3.74872     0.99102 0.000690682
           4     3.81335    0.990663 0.000294544
           4     3.87798    0.989638 0.000281312
           4     3.94262    0.990134 0.000678063
           4     4.00725    0.989865  0.00063597
           4     4.07188    0.989221 0.000464101
           4     4.13651    0.989253 0.000271046
           4     4.20115    0.987795 0.000659611
           4     4.26578    0.988331 0.000429625
           4     4.33041    0.987873 0.000152709
           4     4.39505    0.988788 0.000528705
           4     4.45968    0.988706 0.000262813
           4     4.52431    0.987681 0.000385426
           4     4.58895    0.987304 0.000409475
           4     4.65358    0.987049 0.000130585
           4     4.71821    0.987549 0.000559754
           4     4.78285    0.986525 0.000309394
           4     4.84748     0.98736 0.000437224
           4     4.91211    0.987068 0.000310126
           4     4.97674    0.986479 0.000196885
           4     5.04138    0.986416 0.000282265
           4     5.10601     0.98612 0.000321604
           4     5.17064    0.986571 0.000217891
           4     5.23528    0.986847 0.000417661
           4     5.29991    0.986675 0.000200144
           4     5.36454    0.986573 0.000241602
           4     5.42918    0.986462 0.000457421
           4     5.49381    0.986493  0.00027424
           4     5.55844    0.986305 0.000190362
           4     5.62307    0.985986 0.000514349
           4     5.68771    0.985838  0.00023504
           4     5.75234    0.985928 0.000339312
           4     5.81697    0.986218 7.50438e-05
           4     5.88161    0.985919 0.000361384
           4     5.94624    0.986295  0.00029139
           4     6.01087    0.986174 0.000552117
           4     6.07551    0.985949 6.92278e-05
           4     6.14014    0.985649 0.000570945
           4     6.20477    0.985304 0.000156648
           4      6.2694    0.985389 0.000533541
           4     6.33404    0.985779 0.000202145
           4     6.39867    0.986109 0.000179182
           5           0           0           0
           5    0.064633           0           0
           5    0.129266           0           0
           5    0.193899           0           0
           5    0.258532           0           0
           5    0.323165           0           0
           5    0.387798           0           0
           5    0.452431           0           0
           5    0.517064           0           0
           5    0.581697           0           0
           5     0.64633           0           0
           5    0.710963           0           0
           5    0.775596           0           0
           5     0.84023  0.00102255 5.62379e-05
           5    0.904863    0.147896 0.000979381
           5    0.969496     1.06253   0.0014165
           5     1.03413     2.04105  0.00353483
           5     1.09876      2.2624  0.00291105
           5     1.16339     2.09054  0.00180841
           5     1.22803      1.8303 0.000941062
           5     1.29266     1.61943  0.00110422
           5     1.35729     1.45618 0.000932532
           5     1.42193     1.33555  0.00235967
           5     1.48656     1.25184  0.00119484
           5     1.55119     1.19092  0.00142042
           5     1.61583     1.14342 0.000874962
           5     1.68046     1.11344  0.00184519
           5     1.74509     1.09084  0.00180734
           5     1.80973     1.07674 0.000669576
           5     1.87436     1.06669 0.000891972
           5     1.93899     1.05965 0.000994341
           5     2.00362     1.05729 0.000692704
           5     2.06826     1.05438   0.0014109
           5     2.13289     1.05202  0.00122903
           5     2.19752     1.04678 0.000430735
           5     2.26216     1.04375  0.00101486
           5     2.32679     1.03835 0.000712857
           5     2.39142     1.03116  0.00031157
           5     2.45606     1.02567 0.000917938
           5     2.52069     1.02173 0.000586169
           5     2.58532     1.01776 0.000874098
           5     2.64995      1.0132 0.000625283
           5     2.71459     1.00976 0.000464935
           5     2.77922     1.00824 0.000558397
           5     2.84385     1.00593 0.000734862
           5     2.90849      1.0037 0.000587181
           5     2.97312     1.00116  0.00108463
           5     3.03775     0.99987 0.000255989
           5     3.10239    0.999622 0.000324016
           5     3.16702    0.997832 0.000661589
           5     3.23165    0.995998 0.000512543
           5     3.29629    0.995865  0.00104982
           5     3.36092    0.994409 0.000421992
           5     3.42555     0.99441 0.000325206
           5     3.49018    0.994107 0.000552219
           5     3.55482    0.993288 0.000530195
           5     3.61945    0.991624 0.000525295
           5     3.68408    0.990913 0.000465067
           5     3.74872    0.991027 0.000535054
           5     3.81335    0.990545 0.000256719
           5     3.87798    0.989514 0.000250524
           5     3.94262    0.989837 0.000603157
           5     4.00725    0.990001 0.000511013
           5     4.07188    0.989123 0.000372503
           5     4.13651     0.98948 0.000309293
           5     4.20115     0.98795 0.000533985
           5     4.26578    0.988421 0.000344727
           5     4.33041    0.987795 0.000141549
           5     4.39505    0.988364 0.000589335
           5     4.45968    0.988537 0.000264535
           5     4.52431    0.987663 0.000299089
           5     4.58895    0.987494 0.000369476
           5     4.65358    0.987311 0.000281042
           5     4.71821     0.98755 0.000433584
           5     4.78285    0.986483 0.000243248
           5     4.84748    0.987153 0.000397167
           5     4.91211    0.987258 0.000306448
           5     4.97674    0.986319 0.000220898
           5     5.04138    0.986468 0.000224652
           5     5.10601    0.986279 0.000295029
           5     5.17064    0.986532 0.000173269
           5     5.23528    0.986806 0.000326111
           5     5.29991    0.986679 0.000155093
           5     5.36454    0.986593 0.000188138
           5     5.42918    0.986451 0.000354499
           5     5.49381    0.986283 0.000298836
           5     5.55844    0.986315 0.000147757
           5     5.62307    0.986196  0.00045001
           5     5.68771    0.985709 0.000223083
           5     5.75234    0.986071 0.000299008
           5     5.81697    0.986152 8.84294e-05
           5     5.88161    0.985892 0.000281226
           5     5.94624    0.986344 0.000230834
           5     6.01087    0.986244  0.00043333
           5     6.07551    0.985904 7.04262e-05
           5     6.14014    0.985769 0.000458121
           5     6.20477    0.985396 0.000152512
           5      6.2694    0.985399 0.000413405
           5     6.33404    0.985732 0.000163339
           5     6.39867    0.985832 0.000309445
           6           0           0           0
           6    0.064633           0           0
           6    0.129266           0           0
           6    0.193899           0           0
           6    0.258532           0           0
           6    0.323165           0           0
           6    0.387798           0           0
           6    0.452431           0           0
           6    0.517064           0           0
           6    0.581697           0           0
           6     0.64633           0           0
           6    0.710963           0           0
           6    0.775596           0           0
           6     0.84023  0.00102375 4.59337e-05
           6    0.904863    0.147431 0.000924863
           6    0.969496     1.06255  0.00115675
           6     1.03413     2.03897  0.00356121
           6     1.09876     2.26248  0.00237847
           6     1.16339     2.09044  0.00148018
           6     1.22803     1.82976    0.000941
           6     1.29266     1.61978 0.000965673
           6     1.35729     1.45491  0.00148489
           6     1.42193     1.33539  0.00193294
           6     1.48656     1.25158  0.00101151
           6     1.55119     1.19061  0.00120269
           6     1.61583     1.14288 0.000893329
           6     1.68046     1.11313  0.00153849
           6     1.74509     1.08948  0.00200938
           6     1.80973     1.07595  0.00095716
           6     1.87436     1.06624 0.000856023
           6     1.93899     1.05926 0.000902638
           6     2.00362     1.05693  0.00066856
           6     2.06826     1.05438  0.00115199
           6     2.13289     1.05161  0.00108246
           6     2.19752     1.04664 0.000379977
           6     2.26216     1.04396 0.000855902
           6     2.32679     1.03734  0.00116036
           6     2.39142     1.03084 0.000413517
           6     2.45606     1.02602 0.000829777
           6     2.52069      1.0216  0.00049536
           6     2.58532     1.01743 0.000787451
           6     2.64995     1.01294 0.000575185
           6     2.71459     1.00982  0.00038397
           6     2.77922     1.00787 0.000587532
           6     2.84385     1.00581 0.000611371
           6     2.90849     1.00326 0.000648348
           6     2.97312     1.00123 0.000888197
           6     3.03775     1.00006 0.000283598
           6     3.10239    0.998927 0.000743063
           6     3.16702    0.997392  0.00069676
           6     3.23165    0.995591 0.000584098
           6     3.29629    0.995869  0.00085719
           6     3.36092    0.994568 0.000379514
           6     3.42555    0.994227 0.000322385
           6     3.49018    0.993614 0.000668029
           6     3.55482    0.993188 0.000444367
           6     3.61945    0.991307 0.000533499
           6     3.68408    0.991349 0.000578724
           6     3.74872    0.990621 0.000596237
           6     3.81335    0.990262 0.000352575
           6     3.87798    0.989276 0.000314037
           6     3.94262    0.989543  0.00057375
           6     4.00725     0.98954 0.000621329
           6     4.07188    0.988892 0.000382093
           6     4.13651    0.989547 0.000261321
           6     4.20115     0.98796 0.000436112
           6     4.26578     0.98846 0.000284088
           6     4.33041    0.987741 0.000127628
           6     4.39505    0.988136  0.00053218
           6     4.45968    0.988294 0.000325183
           6     4.52431    0.987719 0.000250421
           6     4.58895    0.987578 0.000313244
           6     4.65358    0.987281 0.000231471
           6     4.71821    0.987402 0.000383448
           6     4.78285    0.986373 0.000226807
           6     4.84748    0.987084 0.000331556
           6     4.91211    0.987273 0.000250671
           6     4.97674    0.986601 0.000334155
           6     5.04138    0.986696 0.000292969
           6     5.10601    0.986286 0.000241018
           6     5.17064    0.986513 0.000142744
           6     5.23528    0.986804 0.000266279
           6     5.29991    0.986695  0.00012759
           6     5.36454     0.98659  0.00015364
           6     5.42918    0.986479 0.000290827
           6     5.49381     0.98601 0.000366424
           6     5.55844     0.98624 0.000141879
           6     5.62307    0.986293 0.000380153
           6     5.68771    0.985629 0.000198847
           6     5.75234    0.986105 0.000246545
           6     5.81697    0.986222 0.000100885
           6     5.88161    0.986142 0.000339527
           6     5.94624    0.986394 0.000195197
           6     6.01087    0.986362 0.000373226
           6     6.07551    0.985941 6.84424e-05
           6     6.14014    0.985719 0.000377325
           6     6.20477    0.985399 0.000124571
           6      6.2694     0.98547 0.000344884
           6     6.33404    0.985787 0.000144217
           6     6.39867    0.986041  0.00032789
           7           0           0           0
           7    0.064633           0           0
           7    0.129266           0           0
           7    0.193899           0           0
           7    0.258532           0           0
           7    0.323165           0           0
           7    0.387798           0           0
           7    0.452431           0           0
           7    0.517064           0           0
           7    0.581697           0           0
           7     0.64633           0           0
           7    0.710963           0           0
           7    0.775596           0           0
           7     0.84023  0.00101776   3.928e-05
           7    0.904863    0.147358 0.000785137
           7    0.969496     1.06262 0.000980077
           7     1.03413     2.03789  0.00319579
           7     1.09876     2.26311  0.00210645
           7     1.16339     2.09026  0.00126292
           7     1.22803     1.83078  0.00129339
           7     1.29266     1.61842  0.00158171
           7     1.35729     1.45512  0.00127307
           7     1.42193     1.33467  0.00178691
           7     1.48656     1.25188  0.00090594
           7     1.55119     1.19024  0.00107935
           7     1.61583     1.14249  0.00085102
           7     1.68046      1.1131   0.0013005
           7     1.74509     1.08951  0.00169841
           7     1.80973     1.07533  0.00101847
           7     1.87436     1.06567  0.00091663
           7     1.93899     1.05966 0.000861738
           7     2.00362      1.0572 0.000626879
           7     2.06826     1.05457 0.000991387
           7     2.13289     1.05101  0.00109451
           7     2.19752     1.04692 0.000427132
           7     2.26216     1.04299  0.00121609
           7     2.32679     1.03758  0.00100813
           7     2.39142     1.03127 0.000557919
           7     2.45606     1.02615 0.000711607
           7     2.52069     1.02159 0.000418854
           7     2.58532     1.01741   0.0006657
           7     2.64995     1.01263 0.000578613
           7     2.71459      1.0101 0.000429838
           7     2.77922     1.00785 0.000496892
           7     2.84385     1.00576 0.000518844
           7     2.90849     1.00312 0.000565376
           7     2.97312     1.00152 0.000804416
           7     3.03775    0.999952 0.000263531
           7     3.10239    0.998829 0.000635597
           7     3.16702    0.997388  0.00058888
           7     3.23165    0.995591 0.000493653
           7     3.29629    0.995696 0.000744844
           7     3.36092     0.99435 0.000387758
           7     3.42555    0.994508 0.000391219
           7     3.49018    0.993569 0.000566317
           7     3.55482    0.993312 0.000395653
           7     3.61945     0.99125 0.000454456
           7     3.68408    0.991599  0.00054903
           7     3.74872     0.99063 0.000503988
           7     3.81335    0.990601 0.000451029
           7     3.87798    0.989183 0.000281204
           7     3.94262    0.989773 0.000536821
           7     4.00725    0.989685 0.000544644
           7     4.07188     0.98889 0.000322933
           7     4.13651    0.989404 0.000263041
           7     4.20115     0.98817 0.000424192
           7     4.26578    0.988217 0.000341637
           7     4.33041    0.987866  0.00016484
           7     4.39505    0.988218 0.000457158
           7     4.45968     0.98812  0.00032543
           7     4.52431    0.987788 0.000222541
           7     4.58895    0.987432 0.000302515
           7     4.65358    0.987162 0.000228952
           7     4.71821    0.987597 0.000378057
           7     4.78285    0.986453 0.000207584
           7     4.84748    0.986761 0.000427487
           7     4.91211    0.987168 0.000236402
           7     4.97674    0.986663   0.0002893
           7     5.04138    0.986667 0.000249267
           7     5.10601    0.985999 0.000351992
           7     5.17064    0.986636 0.000172333
           7     5.23528    0.986706 0.000245387
           7     5.29991     0.98644 0.000276564
           7     5.36454    0.986746  0.00020264
           7     5.42918    0.986341 0.000281883
           7     5.49381    0.986029  0.00031032
           7     5.55844    0.986126 0.000165641
           7     5.62307    0.986388 0.000334945
           7     5.68771    0.985568 0.000178716
           7     5.75234    0.985964 0.000251576
           7     5.81697    0.986067 0.000177034
           7     5.88161    0.986235  0.00030166
           7     5.94624     0.98627 0.000206487
           7     6.01087    0.986158 0.000375634
           7     6.07551    0.985737 0.000211559
           7     6.14014    0.985804 0.000330004
           7     6.20477    0.985361  0.00011206
           7      6.2694    0.985327 0.000324358
           7     6.33404    0.985836 0.000131344
           7     6.39867    0.985976 0.000284662
           8           0           0           0
           8    0.064633           0           0
           8    0.129266           0           0
           8    0.193899           0           0
           8    0.258532           0           0
           8    0.323165           0           0
           8    0.387798           0           0
           8    0.452431           0           0
           8    0.517064           0           0
           8    0.581697           0           0
           8     0.64633           0           0
           8    0.710963           0           0
           8    0.775596           0           0
           8     0.84023 0.000983336 4.83964e-05
           8    0.904863    0.147501 0.000694842
           8    0.969496      1.0625  0.00085715
           8     1.03413      2.0378  0.00276928
           8     1.09876      2.2654  0.00292183
           8     1.16339     2.08877  0.00184891
           8     1.22803     1.83114  0.00117641
           8     1.29266      1.6188  0.00141956
           8     1.35729     1.45486  0.00113284
           8     1.42193     1.33518  0.00162941
           8     1.48656     1.25228 0.000883715
           8     1.55119     1.18982  0.00102478
           8     1.61583      1.1429 0.000843186
           8     1.68046     1.11277  0.00117362
           8     1.74509     1.09005  0.00156956
           8     1.80973     1.07541 0.000885656
           8     1.87436     1.06496  0.00106626
           8     1.93899     1.06032 0.000996212
           8     2.00362     1.05748 0.000609876
           8     2.06826     1.05516  0.00104363
           8     2.13289     1.05125 0.000977885
           8     2.19752     1.04709 0.000406317
           8     2.26216     1.04291  0.00105628
           8     2.32679     1.03739 0.000892549
           8     2.39142     1.03152  0.00054478
           8     2.45606     1.02605 0.000623413
           8     2.52069     1.02135 0.000432842
           8     2.58532     1.01738 0.000577494
           8     2.64995     1.01237 0.000561891
           8     2.71459     1.01016 0.000376727
           8     2.77922     1.00803 0.000465165
           8     2.84385     1.00552 0.000509716
           8     2.90849     1.00338 0.000549879
           8     2.97312     1.00186 0.000775637
           8     3.03775    0.999707 0.000335151
           8     3.10239    0.998931  0.00055974
           8     3.16702    0.997699 0.000597324
           8     3.23165    0.995863 0.000507025
           8     3.29629     0.99534 0.000736749
           8     3.36092    0.994494 0.000365264
           8     3.42555     0.99447  0.00034094
           8     3.49018     0.99362 0.000493051
           8     3.55482    0.993235  0.00035123
           8     3.61945    0.991476 0.000453746
           8     3.68408    0.991571   0.0004763
           8     3.74872    0.990854 0.000490296
           8     3.81335    0.990659 0.000394986
           8     3.87798      0.9892  0.00024415
           8     3.94262     0.98981 0.000466394
           8     4.00725    0.989327 0.000591979
           8     4.07188    0.989008 0.000303499
           8     4.13651    0.989277 0.000260825
           8     4.20115    0.988172 0.000367367
           8     4.26578    0.988264 0.000299669
           8     4.33041    0.987852 0.000143414
           8     4.39505    0.988237  0.00039637
           8     4.45968    0.988095  0.00028286
           8     4.52431    0.987818 0.000195169
           8     4.58895    0.987227 0.000332736
           8     4.65358    0.987226 0.000208399
           8     4.71821     0.98743 0.000367572
           8     4.78285    0.986595 0.000228793
           8     4.84748    0.986545 0.000428807
           8     4.91211    0.987012 0.000257638
           8     4.97674    0.986499 0.000299609
           8     5.04138    0.986733 0.000225694
           8     5.10601    0.985983 0.000305258
           8     5.17064    0.986476 0.000218736
           8     5.23528    0.986592 0.000240809
           8     5.29991    0.986244 0.000309726
           8     5.36454    0.986608 0.000223257
           8     5.42918    0.986174  0.00029572
           8     5.49381    0.986001 0.000270299
           8     5.55844    0.986053 0.000160829
           8     5.62307    0.986397 0.000290215
           8     5.68771    0.985484  0.00017608
           8     5.75234    0.985972 0.000218007
           8     5.81697    0.985922 0.000211264
           8     5.88161    0.986256 0.000262043
           8     5.94624    0.986206 0.000189839
           8     6.01087    0.986051 0.000342579
           8     6.07551    0.985629 0.000212868
           8     6.14014     0.98566 0.000320191
           8     6.20477    0.985476 0.000150174
           8      6.2694    0.985376 0.000285044
           8     6.33404    0.985619 0.000245405
           8     6.39867    0.985965 0.000246749
           9           0           0           0
           9    0.064633           0           0
           9    0.129266           0           0
           9    0.193899           0           0
           9    0.258532           0           0
           9    0.323165           0           0
           9    0.387798           0           0
           9    0.452431           0           0
           9    0.517064           0           0
           9    0.581697           0           0
           9     0.64633           0           0
           9    0.710963           0           0
           9    0.775596           0           0
           9     0.84023 0.000997804 4.50672e-05
           9    0.904863    0.147923  0.00074443
           9    0.969496     1.06187 0.000980788
           9     1.03413     2.03863  0.00258088
           9     1.09876     2.26519   0.0025851
           9     1.16339      2.0884  0.00167158
           9     1.22803     1.83092  0.00106051
           9     1.29266     1.61903  0.00127305
           9     1.35729     1.45466  0.00101888
           9     1.42193     1.33512  0.00143839
           9     1.48656     1.25145   0.0011382
           9     1.55119      1.1896 0.000929883
           9     1.61583     1.14319 0.000799483
           9     1.68046     1.11325  0.00114094
           9     1.74509     1.08999   0.0013856
           9     1.80973     1.07555 0.000793153
           9     1.87436     1.06486   0.0009455
           9     1.93899     1.05996 0.000949158
           9     2.00362     1.05802 0.000759414
           9     2.06826     1.05555 0.000999269
           9     2.13289     1.05176   0.0010043
           9     2.19752     1.04763 0.000650089
           9     2.26216     1.04322 0.000982087
           9     2.32679     1.03767 0.000836191
           9     2.39142     1.03151 0.000480762
           9     2.45606     1.02617 0.000562273
           9     2.52069     1.02172 0.000527689
           9     2.58532     1.01759 0.000551631
           9     2.64995      1.0127 0.000595138
           9     2.71459     1.01027 0.000350372
           9     2.77922     1.00804 0.000410301
           9     2.84385     1.00562 0.000458942
           9     2.90849     1.00357 0.000523298
           9     2.97312     1.00208  0.00072069
           9     3.03775    0.999981  0.00040273
           9     3.10239    0.999073 0.000513755
           9     3.16702    0.997614  0.00053359
           9     3.23165    0.995803 0.000451139
           9     3.29629    0.995447 0.000658458
           9     3.36092    0.994804 0.000447285
           9     3.42555    0.994648 0.000349766
           9     3.49018    0.993703 0.000442708
           9     3.55482    0.993354 0.000331902
           9     3.61945    0.991577 0.000412755
           9     3.68408    0.991545 0.000420851
           9     3.74872    0.990984 0.000451802
           9     3.81335    0.990819 0.000383447
           9     3.87798     0.98946  0.00033763
           9     3.94262    0.989822 0.000411478
           9     4.00725     0.98942 0.000530328
           9     4.07188    0.989099 0.000282832
           9     4.13651    0.989076 0.000305788
           9     4.20115     0.98827 0.000338556
           9     4.26578    0.988269 0.000264332
           9     4.33041    0.988021 0.000211095
           9     4.39505    0.988398 0.000384556
           9     4.45968    0.988061 0.000251787
           9     4.52431    0.987896 0.000188837
           9     4.58895    0.987374  0.00032856
           9     4.65358    0.987325 0.000208847
           9     4.71821    0.987518 0.000335926
           9     4.78285    0.986662 0.000212824
           9     4.84748    0.986501 0.000380692
           9     4.91211    0.986987 0.000228581
           9     4.97674    0.986529 0.000265919
           9     5.04138    0.986866 0.000239577
           9     5.10601    0.986005 0.000270106
           9     5.17064    0.986418 0.000201516
           9     5.23528    0.986518 0.000224906
           9     5.29991    0.986209 0.000275366
           9     5.36454     0.98661 0.000196915
           9     5.42918    0.986257 0.000273543
           9     5.49381     0.98594 0.000245915
           9     5.55844    0.985927 0.000189724
           9     5.62307    0.986328 0.000264961
           9     5.68771    0.985575 0.000180007
           9     5.75234    0.986018  0.00019782
           9     5.81697    0.985911 0.000186622
           9     5.88161    0.986195  0.00023895
           9     5.94624    0.986132 0.000183015
           9     6.01087    0.986175 0.000326674
           9     6.07551    0.985619 0.000187997
           9     6.14014    0.985749 0.000296282
           9     6.20477    0.985512 0.000137245
           9      6.2694    0.985392 0.000251924
           9     6.33404    0.985605 0.000216848
           9     6.39867    0.985981 0.000218188
          10           0           0           0
          10    0.064633           0           0
          10    0.129266           0           0
          10    0.193899           0           0
          10    0.258532           0           0
          10    0.323165           0           0
          10    0.387798           0           0
          10    0.452431           0           0
          10    0.517064           0           0
          10    0.581697           0           0
          10     0.64633           0           0
          10    0.710963           0           0
          10    0.775596           0           0
          10     0.84023  0.00100818 4.16236e-05
          10    0.904863    0.147782 0.000680686
          10    0.969496     1.06239  0.00101943
          10     1.03413     2.04031  0.00285645
          10     1.09876     2.26613  0.00249511
          10     1.16339      2.0877   0.0016541
          10     1.22803     1.83105 0.000957672
          10     1.29266     1.61768  0.00176575
          10     1.35729     1.45486 0.000931978
          10     1.42193     1.33491  0.00130358
          10     1.48656     1.25064  0.00130087
          10     1.55119     1.18946 0.000844172
          10     1.61583       1.143  0.00074132
          10     1.68046     1.11296  0.00106223
          10     1.74509     1.08943  0.00136058
          10     1.80973     1.07485 0.000996435
          10     1.87436     1.06506 0.000867223
          10     1.93899     1.06008 0.000857399
          10     2.00362     1.05801  0.00067925
          10     2.06826      1.0555 0.000895078
          10     2.13289     1.05193  0.00091349
          10     2.19752     1.04764  0.00058148
          10     2.26216     1.04332 0.000884598
          10     2.32679      1.0378 0.000758275
          10     2.39142     1.03152 0.000430321
          10     2.45606     1.02642 0.000561122
          10     2.52069     1.02152 0.000511331
          10     2.58532     1.01748 0.000504507
          10     2.64995     1.01268 0.000532954
          10     2.71459     1.00988  0.00049757
          10     2.77922     1.00793 0.000382954
          10     2.84385     1.00546 0.000439205
          10     2.90849     1.00351 0.000472034
          10     2.97312     1.00191 0.000668954
          10     3.03775     1.00036 0.000521589
          10     3.10239    0.998892 0.000494011
          10     3.16702    0.997647 0.000478398
          10     3.23165    0.995959 0.000432449
          10     3.29629     0.99524 0.000624452
          10     3.36092    0.994755 0.000403065
          10     3.42555    0.994605 0.000315845
          10     3.49018    0.993569 0.000418262
          10     3.55482     0.99312 0.000377994
          10     3.61945    0.991833 0.000448982
          10     3.68408    0.991444 0.000389761
          10     3.74872    0.991001 0.000404425
          10     3.81335    0.990654 0.000380755
          10     3.87798    0.989303 0.000340596
          10     3.94262    0.989736 0.000377997
          10     4.00725    0.989463 0.000476252
          10     4.07188    0.989066 0.000255223
          10     4.13651    0.989027 0.000277839
          10     4.20115    0.988194 0.000312291
          10     4.26578    0.988135 0.000272106
          10     4.33041    0.988065 0.000193884
          10     4.39505    0.988209  0.00039242
          10     4.45968    0.987953 0.000250079
          10     4.52431    0.987969 0.000184154
          10     4.58895    0.987366 0.000294002
          10     4.65358    0.987368  0.00019162
          10     4.71821    0.987409 0.000319674
          10     4.78285     0.98663 0.000193007
          10     4.84748    0.986578 0.000349049
          10     4.91211    0.987031 0.000209166
          10     4.97674    0.986547 0.000238502
          10     5.04138    0.986799 0.000224662
          10     5.10601    0.985949 0.000247958
          10     5.17064    0.986198 0.000283715
          10     5.23528    0.986544 0.000202745
          10     5.29991    0.986165 0.000250287
          10     5.36454    0.986413 0.000264906
          10     5.42918    0.986267  0.00024489
          10     5.49381    0.985984 0.000224367
          10     5.55844    0.985941 0.000170262
          10     5.62307    0.986264 0.000245667
          10     5.68771    0.985622 0.000167581
          10     5.75234    0.986004  0.00017753
          10     5.81697    0.985924 0.000167391
          10     5.88161    0.986269 0.000226374
          10     5.94624    0.986166 0.000167176
          10     6.01087    0.986055 0.000316132
          10     6.07551    0.985668 0.000175112
          10     6.14014     0.98586 0.000287341
          10     6.20477    0.985607 0.000155469
          10      6.2694    0.985518 0.000257912
          10     6.33404    0.985536 0.000205811
          10     6.39867    0.985821  0.00025241
           1           0           0           0
           1   0.0230664           0           0
           1   0.0461329           0           0
           1   0.0691993           0           0
           1   0.0922657           0           0
           1    0.115332           0           0
           1    0.138399           0           0
           1    0.161465           0           0
           1    0.184531           0           0
           1    0.207598           0           0
           1    0.230664           0           0
           1    0.253731           0           0
           1    0.276797           0           0
           1    0.299864           0           0
           1     0.32293           0           0
           1    0.345996           0           0
           1    0.369063           0           0
           1    0.392129           0           0
           1    0.415196           0           0
           1    0.438262           0           0
           1    0.461329           0           0
           1    0.484395           0           0
           1    0.507461           0           0
           1    0.530528           0           0
           1    0.553594           0           0
           1    0.576661           0           0
           1    0.599727           0           0
           1    0.622794           0           0
           1     0.64586           0           0
           1    0.668926           0           0
           1    0.691993           0           0
           1    0.715059           0           0
           1    0.738126           0           0
           1    0.761192           0           0
           1    0.784259           0           0
           1    0.807325           0           0
           1    0.830391           0           0
           1    0.853458           0           0
           1    0.876524 5.30212e-05           0
           1    0.899591  0.00341261           0
           1    0.922657   0.0472659           0
           1    0.945724     0.29232           0
           1     0.96879     1.01015           0
           1    0.991856     2.24673           0
           1     1.01492     3.62526           0
           1     1.03799     4.62077           0
           1     1.06106     4.89101           0
           1     1.08412     4.48616           0
           1     1.10719      3.6578           0
           1     1.13026     2.69017           0
           1     1.15332     1.81303           0
           1     1.17639     1.13115           0
           1     1.19945    0.657203           0
           1     1.22252    0.353611           0
           1     1.24559    0.180972           0
           1     1.26865   0.0903781           0
           1     1.29172   0.0503539           0
           1     1.31479   0.0430606           0
           1     1.33785   0.0613238           0
           1     1.36092    0.107083           0
           1     1.38399    0.184103           0
           1     1.40705    0.300232           0
           1     1.43012    0.452985           0
           1     1.45319    0.627955           0
           1     1.47625    0.797309           0
           1     1.49932    0.921141           0
           1     1.52238     0.96825           0
           1     1.54545    0.928795           0
           1     1.56852    0.807477           0
           1     1.59158    0.640039           0
           1     1.61465    0.466859           0
           1     1.63772    0.317272           0
           1     1.66078    0.221146           0
           1     1.68385    0.192905           0
           1     1.70692    0.257179           0
           1     1.72998    0.435944           0
           1     1.75305    0.751457           0
           1     1.77612     1.19834           0
           1     1.79918      1.7268           0
           1     1.82225     2.23647           0
           1     1.84531     2.59558           0
           1     1.86838     2.70827           0
           1     1.89145     2.55297           0
           1     1.91451     2.17845           0
           1     1.93758     1.68793           0
           1     1.96065     1.19917           0
           1     1.98371    0.803313           0
           1     2.00678    0.545082           0
           1     2.02985     0.43709           0
           1     2.05291    0.463317           0
           1     2.07598    0.588604           0
           1     2.09905    0.759567           0
           1     2.12211    0.916796           0
           1     2.14518     1.01342           0
           1     2.16824     1.01945           0
           1     2.19131    0.918408           0
           1     2.21438    0.780335           0
           1     2.23744    0.655476           0
           1     2.26051    0.573716           0
           1     2.28358    0.573885           0
           2           0           0           0
           2   0.0230664           0           0
           2   0.0461329           0           0
           2   0.0691993           0           0
           2   0.0922657           0           0
           2    0.115332           0           0
           2    0.138399           0           0
           2    0.161465           0           0
           2    0.184531           0           0
           2    0.207598           0           0
           2    0.230664           0           0
           2    0.253731           0           0
           2    0.276797           0           0
           2    0.299864           0           0
           2     0.32293           0           0
           2    0.345996           0           0
           2    0.369063           0           0
           2    0.392129           0           0
           2    0.415196           0           0
           2    0.438262           0           0
           2    0.461329           0           0
           2    0.484395           0           0
           2    0.507461           0           0
           2    0.530528           0           0
           2    0.553594           0           0
           2    0.576661           0           0
           2    0.599727           0           0
           2    0.622794           0           0
           2     0.64586           0           0
           2    0.668926           0           0
           2    0.691993           0           0
           2    0.715059           0           0
           2    0.738126           0           0
           2    0.761192           0           0
           2    0.784259           0           0
           2    0.807325           0           0
           2    0.830391           0           0
           2    0.853458           0           0
           2    0.876524 6.48036e-05 1.17825e-05
           2    0.899591  0.00328389 0.000128725
           2    0.922657   0.0470423 0.000223599
           2    0.945724    0.291716 0.000604636
           2     0.96879     1.00597  0.00418066
           2    0.991856     2.24221  0.00451791
           2     1.01492     3.62731  0.00204061
           2     1.03799     4.62217  0.00140039
           2     1.06106     4.89612  0.00511185
           2     1.08412     4.48994  0.00377842
           2     1.10719     3.65886  0.00105896
           2     1.13026     2.69192  0.00174944
           2     1.15332     1.81466  0.00162605
           2     1.17639     1.12979   0.0013635
           2     1.19945    0.654555  0.00264787
           2     1.22252    0.352647 0.000964094
           2     1.24559    0.180112 0.000859583
           2     1.26865   0.0896409 0.000737103
           2     1.29172   0.0498841  0.00046983
           2     1.31479   0.0428252 0.000235399
           2     1.33785   0.0608795 0.000444315
           2     1.36092    0.105846  0.00123703
           2     1.38399    0.183257  0.00084606
           2     1.40705    0.299912 0.000320351
           2     1.43012    0.452598 0.000387029
           2     1.45319    0.627978 2.35519e-05
           2     1.47625     0.79787 0.000560973
           2     1.49932    0.922455  0.00131389
           2     1.52238    0.970685  0.00243456
           2     1.54545    0.929719 0.000923574
           2     1.56852     0.80864  0.00116224
           2     1.59158    0.640439 0.000399999
           2     1.61465    0.466305 0.000553449
           2     1.63772    0.316491 0.000781065
           2     1.66078    0.219789  0.00135693
           2     1.68385    0.192068 0.000836732
           2     1.70692    0.255375  0.00180408
           2     1.72998    0.433389  0.00255572
           2     1.75305    0.749774  0.00168356
           2     1.77612     1.19804 0.000293148
           2     1.79918     1.72755 0.000748241
           2     1.82225     2.23726 0.000793612
           2     1.84531     2.59738  0.00180627
           2     1.86838     2.71218  0.00391522
           2     1.89145     2.55592  0.00294794
           2     1.91451     2.17992  0.00146995
           2     1.93758     1.68813  0.00020562
           2     1.96065     1.20014 0.000967759
           2     1.98371    0.801929  0.00138406
           2     2.00678    0.542919  0.00216314
           2     2.02985    0.434517  0.00257334
           2     2.05291    0.462063  0.00125358
           2     2.07598    0.587183  0.00142049
           2     2.09905    0.759108 0.000458682
           2     2.12211    0.917164 0.000368317
           2     2.14518       1.014 0.000587233
           2     2.16824      1.0215  0.00205024
           2     2.19131    0.919903  0.00149563
           2     2.21438    0.781141 0.000806009
           2     2.23744     0.65416  0.00131593
           2     2.26051    0.572168  0.00154745
           2     2.28358     0.57202  0.00186503
           3           0           0           0
           3   0.0230664           0           0
           3   0.0461329           0           0
           3   0.0691993           0           0
           3   0.0922657           0           0
           3    0.115332           0           0
           3    0.138399           0           0
           3    0.161465           0           0
           3    0.184531           0           0
           3    0.207598           0           0
           3    0.230664           0           0
           3    0.253731           0           0
           3    0.276797           0           0
           3    0.299864           0           0
           3     0.32293           0           0
           3    0.345996           0           0
           3    0.369063           0           0
           3    0.392129           0           0
           3    0.415196           0           0
           3    0.438262           0           0
           3    0.461329           0           0
           3    0.484395           0           0
           3    0.507461           0           0
           3    0.530528           0           0
           3    0.553594           0           0
           3    0.576661           0           0
           3    0.599727           0           0
           3    0.622794           0           0
           3     0.64586           0           0
           3    0.668926           0           0
           3    0.691993           0           0
           3    0.715059           0           0
           3    0.738126           0           0
           3    0.761192           0           0
           3    0.784259           0           0
           3    0.807325           0           0
           3    0.830391           0           0
           3    0.853458           0           0
           3    0.876524 6.87311e-05 7.85499e-06
           3    0.899591  0.00329741 7.55402e-05
           3    0.922657   0.0471643 0.000177624
           3    0.945724    0.292323 0.000700004
           3     0.96879     1.00658  0.00248949
           3    0.991856     2.24229  0.00260948
           3     1.01492     3.62625  0.00158346
           3     1.03799     4.62326  0.00135658
           3     1.06106     4.89552  0.00301038
           3     1.08412     4.48839  0.00267704
           3     1.10719     3.65896 0.000619354
           3     1.13026     2.69123  0.00122092
           3     1.15332     1.81473 0.000941455
           3     1.17639     1.13062  0.00114882
           3     1.19945    0.655047  0.00160609
           3     1.22252    0.352681 0.000557631
           3     1.24559    0.180327 0.000540651
           3     1.26865     0.08952 0.000442423
           3     1.29172   0.0498857 0.000271261
           3     1.31479   0.0425319 0.000323246
           3     1.33785   0.0607903 0.000271593
           3     1.36092    0.105728 0.000723946
           3     1.38399    0.183639 0.000619997
           3     1.40705    0.300109 0.000270232
           3     1.43012     0.45249 0.000248002
           3     1.45319    0.627868 0.000110657
           3     1.47625    0.797777 0.000337176
           3     1.49932    0.922463  0.00075862
           3     1.52238    0.971303  0.00153545
           3     1.54545    0.929895 0.000561549
           3     1.56852    0.808294 0.000754904
           3     1.59158    0.640363 0.000243291
           3     1.61465      0.4657 0.000684575
           3     1.63772    0.316587 0.000461041
           3     1.66078    0.219684 0.000790351
           3     1.68385     0.19204  0.00048388
           3     1.70692    0.255568   0.0010594
           3     1.72998     0.43394  0.00157534
           3     1.75305    0.749526  0.00100298
           3     1.77612     1.19843 0.000423879
           3     1.79918     1.72775 0.000473666
           3     1.82225     2.23692 0.000569165
           3     1.84531     2.59815   0.0012953
           3     1.86838     2.71228  0.00226241
           3     1.89145     2.55451  0.00221107
           3     1.91451     2.17974 0.000867556
           3     1.93758     1.68798 0.000197323
           3     1.96065     1.20015 0.000558835
           3     1.98371    0.802034 0.000806018
           3     2.00678    0.542985  0.00125061
           3     2.02985    0.434767   0.0015067
           3     2.05291    0.462455 0.000822951
           3     2.07598    0.587458 0.000864911
           3     2.09905    0.758798 0.000408079
           3     2.12211    0.917339 0.000275124
           3     2.14518     1.01384 0.000378317
           3     2.16824      1.0212  0.00122099
           3     2.19131    0.919841   0.0008657
           3     2.21438    0.780936 0.000508589
           3     2.23744    0.654278 0.000768929
           3     2.26051    0.572319 0.000905962
           3     2.28358    0.572537  0.00119465
           4           0           0           0
           4   0.0230664           0           0
           4   0.0461329           0           0
           4   0.0691993           0           0
           4   0.0922657           0           0
           4    0.115332           0           0
           4    0.138399           0           0
           4    0.161465           0           0
           4    0.184531           0           0
           4    0.207598           0           0
           4    0.230664           0           0
           4    0.253731           0           0
           4    0.276797           0           0
           4    0.299864           0           0
           4     0.32293           0           0
           4    0.345996           0           0
           4    0.369063           0           0
           4    0.392129           0           0
           4    0.415196           0           0
           4    0.438262           0           0
           4    0.461329           0           0
           4    0.484395           0           0
           4    0.507461           0           0
           4    0.530528           0           0
           4    0.553594           0           0
           4    0.576661           0           0
           4    0.599727           0           0
           4    0.622794           0           0
           4     0.64586           0           0
           4    0.668926           0           0
           4    0.691993           0           0
           4    0.715059           0           0
           4    0.738126           0           0
           4    0.761192           0           0
           4    0.784259           0           0
           4    0.807325           0           0
           4    0.830391           0           0
           4    0.853458           0           0
           4    0.876524 7.76907e-05 1.05416e-05
           4    0.899591  0.00333461 6.50894e-05
           4    0.922657   0.0472316 0.000142505
           4    0.945724     0.29295 0.000799269
           4     0.96879     1.00678  0.00177088
           4    0.991856     2.24299  0.00197477
           4     1.01492     3.62559  0.00129813
           4     1.03799     4.62156  0.00194841
           4     1.06106     4.89578  0.00214386
           4     1.08412     4.48861  0.00190553
           4     1.10719     3.65811 0.000955006
           4     1.13026     2.69077 0.000978803
           4     1.15332       1.815 0.000719867
           4     1.17639      1.1306 0.000812665
           4     1.19945    0.655398  0.00118867
           4     1.22252    0.353309 0.000741458
           4     1.24559    0.180599 0.000469122
           4     1.26865    0.089605  0.00032418
           4     1.29172   0.0499875 0.000217171
           4     1.31479    0.042555 0.000229729
           4     1.33785   0.0608927 0.000217659
           4     1.36092    0.106085 0.000624213
           4     1.38399      0.1841 0.000636142
           4     1.40705    0.300583 0.000511186
           4     1.43012    0.453144 0.000676329
           4     1.45319    0.627815  9.4743e-05
           4     1.47625    0.797154 0.000667006
           4     1.49932    0.921702 0.000931342
           4     1.52238    0.970145  0.00158726
           4     1.54545    0.928814  0.00115171
           4     1.56852    0.808108 0.000565259
           4     1.59158    0.640702 0.000380271
           4     1.61465    0.465973 0.000555757
           4     1.63772    0.316983 0.000513351
           4     1.66078    0.219935 0.000612473
           4     1.68385    0.192352 0.000463172
           4     1.70692    0.256032 0.000881125
           4     1.72998    0.434437  0.00121941
           4     1.75305    0.749964  0.00083354
           4     1.77612     1.19888 0.000536547
           4     1.79918     1.72832 0.000664108
           4     1.82225     2.23616 0.000865961
           4     1.84531     2.59715  0.00135842
           4     1.86838     2.71097  0.00206404
           4     1.89145     2.55323   0.0020166
           4     1.91451     2.17919 0.000820244
           4     1.93758     1.68837 0.000422486
           4     1.96065      1.2007 0.000677159
           4     1.98371    0.802707 0.000881956
           4     2.00678    0.543488  0.00101761
           4     2.02985    0.435281  0.00118282
           4     2.05291    0.462624 0.000605978
           4     2.07598    0.587542 0.000617324
           4     2.09905    0.758832 0.000290638
           4     2.12211    0.917314  0.00019606
           4     2.14518     1.01382 0.000268115
           4     2.16824     1.02086 0.000926651
           4     2.19131    0.919818 0.000612604
           4     2.21438    0.781062 0.000380936
           4     2.23744    0.654517 0.000593778
           4     2.26051    0.572861 0.000839372
           4     2.28358    0.573348  0.00117104
           5           0           0           0
           5   0.0230664           0           0
           5   0.0461329           0           0
           5   0.0691993           0           0
           5   0.0922657           0           0
           5    0.115332           0           0
           5    0.138399           0           0
           5    0.161465           0           0
           5    0.184531           0           0
           5    0.207598           0           0
           5    0.230664           0           0
           5    0.253731           0           0
           5    0.276797           0           0
           5    0.299864           0           0
           5     0.32293           0           0
           5    0.345996           0           0
           5    0.369063           0           0
           5    0.392129           0           0
           5    0.415196           0           0
           5    0.438262           0           0
           5    0.461329           0           0
           5    0.484395           0           0
           5    0.507461           0           0
           5    0.530528           0           0
           5    0.553594           0           0
           5    0.576661           0           0
           5    0.599727           0           0
           5    0.622794           0           0
           5     0.64586           0           0
           5    0.668926           0           0
           5    0.691993           0           0
           5    0.715059           0           0
           5    0.738126           0           0
           5    0.761192           0           0
           5    0.784259           0           0
           5    0.807325           0           0
           5    0.830391           0           0
           5    0.853458           0           0
           5    0.876524 7.92372e-05 8.31062e-06
           5    0.899591  0.00330795 5.70301e-05
           5    0.922657   0.0471035 0.000169101
           5    0.945724     0.29261  0.00070628
           5     0.96879     1.00666  0.00137627
           5    0.991856     2.24259  0.00158015
           5     1.01492     3.62445  0.00151781
           5     1.03799     4.62028  0.00197956
           5     1.06106     4.89746  0.00236071
           5     1.08412     4.49003  0.00204843
           5     1.10719     3.65863 0.000900856
           5     1.13026     2.69245  0.00183766
           5     1.15332     1.81553 0.000765463
           5     1.17639     1.13031  0.00069442
           5     1.19945    0.654379  0.00137315
           5     1.22252    0.353203 0.000583903
           5     1.24559    0.180026 0.000678173
           5     1.26865   0.0894691 0.000285493
           5     1.29172   0.0497525 0.000289018
           5     1.31479   0.0424288 0.000218127
           5     1.33785   0.0607641 0.000212068
           5     1.36092    0.106085 0.000483514
           5     1.38399    0.183998 0.000503114
           5     1.40705    0.300663 0.000404038
           5     1.43012     0.45311 0.000524952
           5     1.45319    0.627912 0.000121652
           5     1.47625    0.797001 0.000538763
           5     1.49932    0.921646  0.00072354
           5     1.52238    0.970191  0.00123035
           5     1.54545      0.9294  0.00106754
           5     1.56852    0.808085 0.000438432
           5     1.59158    0.640969 0.000397516
           5     1.61465    0.465936 0.000432053
           5     1.63772    0.316887 0.000409029
           5     1.66078    0.219743  0.00051182
           5     1.68385     0.19228 0.000365936
           5     1.70692    0.255542 0.000840293
           5     1.72998    0.433824  0.00112604
           5     1.75305    0.749517 0.000785495
           5     1.77612     1.19824 0.000757156
           5     1.79918     1.72793 0.000647038
           5     1.82225     2.23585 0.000739057
           5     1.84531     2.59756    0.001131
           5     1.86838     2.71206  0.00193154
           5     1.89145     2.55555  0.00279203
           5     1.91451     2.18021  0.00119876
           5     1.93758     1.68891 0.000629133
           5     1.96065     1.20036 0.000625459
           5     1.98371      0.8023 0.000795218
           5     2.00678    0.542776  0.00106266
           5     2.02985    0.434535  0.00118167
           5     2.05291     0.46212 0.000688441
           5     2.07598    0.587224 0.000574139
           5     2.09905    0.758641 0.000295341
           5     2.12211    0.917131 0.000238012
           5     2.14518      1.0142 0.000430047
           5     2.16824     1.02158  0.00101945
           5     2.19131    0.920006 0.000510567
           5     2.21438    0.781109 0.000298837
           5     2.23744    0.654428 0.000468366
           5     2.26051     0.57258 0.000708408
           5     2.28358    0.572923   0.0010017
           6           0           0           0
           6   0.0230664           0           0
           6   0.0461329           0           0
           6   0.0691993           0           0
           6   0.0922657           0           0
           6    0.115332           0           0
           6    0.138399           0           0
           6    0.161465           0           0
           6    0.184531           0           0
           6    0.207598           0           0
           6    0.230664           0           0
           6    0.253731           0           0
           6    0.276797           0           0
           6    0.299864           0           0
           6     0.32293           0           0
           6    0.345996           0           0
           6    0.369063           0           0
           6    0.392129           0           0
           6    0.415196           0           0
           6    0.438262           0           0
           6    0.461329           0           0
           6    0.484395           0           0
           6    0.507461           0           0
           6    0.530528           0           0
           6    0.553594           0           0
           6    0.576661           0           0
           6    0.599727           0           0
           6    0.622794           0           0
           6     0.64586           0           0
           6    0.668926           0           0
           6    0.691993           0           0
           6    0.715059           0           0
           6    0.738126           0           0
           6    0.761192           0           0
           6    0.784259           0           0
           6    0.807325           0           0
           6    0.830391           0           0
           6    0.853458           0           0
           6    0.876524 7.56042e-05 7.69691e-06
           6    0.899591  0.00329112 4.95154e-05
           6    0.922657   0.0470052  0.00016947
           6    0.945724    0.292461 0.000595736
           6     0.96879     1.00627  0.00119176
           6    0.991856     2.24269  0.00129372
           6     1.01492     3.62476  0.00127612
           6     1.03799     4.61954  0.00177769
           6     1.06106     4.89754  0.00192944
           6     1.08412     4.49071   0.0018072
           6     1.10719     3.65905 0.000848285
           6     1.13026     2.69314  0.00165453
           6     1.15332     1.81542 0.000633351
           6     1.17639     1.13021 0.000576198
           6     1.19945    0.654049  0.00116895
           6     1.22252    0.353132 0.000482044
           6     1.24559    0.179768 0.000610679
           6     1.26865   0.0894998 0.000235109
           6     1.29172   0.0497266 0.000237404
           6     1.31479    0.042446 0.000178924
           6     1.33785   0.0606293 0.000219421
           6     1.36092    0.106067 0.000395159
           6     1.38399    0.183981  0.00041116
           6     1.40705    0.300765 0.000345155
           6     1.43012    0.453337 0.000484769
           6     1.45319    0.628154 0.000262007
           6     1.47625    0.796854 0.000463684
           6     1.49932    0.921735 0.000597396
           6     1.52238    0.970058   0.0010134
           6     1.54545    0.929063 0.000934647
           6     1.56852    0.807855 0.000425807
           6     1.59158    0.640838 0.000350083
           6     1.61465    0.466092  0.00038556
           6     1.63772    0.317113 0.000403048
           6     1.66078    0.219877 0.000438787
           6     1.68385    0.192065 0.000368064
           6     1.70692    0.255115 0.000807851
           6     1.72998    0.433779 0.000920496
           6     1.75305    0.749321 0.000670624
           6     1.77612      1.1982 0.000619388
           6     1.79918     1.72779 0.000546497
           6     1.82225     2.23617 0.000682593
           6     1.84531     2.59755 0.000923504
           6     1.86838     2.71303  0.00185029
           6     1.89145     2.55626  0.00238732
           6     1.91451     2.18031  0.00098425
           6     1.93758     1.68866 0.000572764
           6     1.96065     1.20019 0.000538328
           6     1.98371    0.801828  0.00080312
           6     2.00678    0.542676 0.000873422
           6     2.02985    0.434404 0.000973569
           6     2.05291    0.461961 0.000584164
           6     2.07598    0.587085 0.000489068
           6     2.09905    0.758569 0.000251861
           6     2.12211    0.917316 0.000268451
           6     2.14518     1.01428 0.000360624
           6     2.16824     1.02167 0.000836712
           6     2.19131    0.920148 0.000440379
           6     2.21438     0.78124 0.000276926
           6     2.23744    0.654413 0.000382736
           6     2.26051    0.572469  0.00058899
           6     2.28358    0.572944 0.000818141
           7           0           0           0
           7   0.0230664           0           0
           7   0.0461329           0           0
           7   0.0691993           0           0
           7   0.0922657           0           0
           7    0.115332           0           0
           7    0.138399           0           0
           7    0.161465           0           0
           7    0.184531           0           0
           7    0.207598           0           0
           7    0.230664           0           0
           7    0.253731           0           0
           7    0.276797           0           0
           7    0.299864           0           0
           7     0.32293           0           0
           7    0.345996           0           0
           7    0.369063           0           0
           7    0.392129           0           0
           7    0.415196           0           0
           7    0.438262           0           0
           7    0.461329           0           0
           7    0.484395           0           0
           7    0.507461           0           0
           7    0.530528           0           0
           7    0.553594           0           0
           7    0.576661           0           0
           7    0.599727           0           0
           7    0.622794           0           0
           7     0.64586           0           0
           7    0.668926           0           0
           7    0.691993           0           0
           7    0.715059           0           0
           7    0.738126           0           0
           7    0.761192           0           0
           7    0.784259           0           0
           7    0.807325           0           0
           7    0.830391           0           0
           7    0.853458           0           0
           7    0.876524 7.19573e-05 7.45763e-06
           7    0.899591  0.00328669  4.2082e-05
           7    0.922657   0.0472106 0.000250336
           7    0.945724    0.293152 0.000855473
           7     0.96879     1.00716  0.00134552
           7    0.991856     2.24335  0.00127917
           7     1.01492     3.62481  0.00107973
           7     1.03799     4.61872  0.00170917
           7     1.06106     4.89653  0.00191838
           7     1.08412     4.48978  0.00179158
           7     1.10719     3.65742  0.00178416
           7     1.13026     2.69267  0.00147597
           7     1.15332     1.81585 0.000681425
           7     1.17639     1.13101 0.000940428
           7     1.19945    0.654383  0.00104295
           7     1.22252    0.353427 0.000503171
           7     1.24559     0.17997 0.000554253
           7     1.26865   0.0896591 0.000254665
           7     1.29172   0.0497882 0.000209909
           7     1.31479   0.0425398  0.00017797
           7     1.33785   0.0607721 0.000234039
           7     1.36092    0.106156 0.000345484
           7     1.38399     0.18429 0.000464982
           7     1.40705    0.300905 0.000323577
           7     1.43012    0.453347 0.000409846
           7     1.45319    0.628255 0.000243356
           7     1.47625    0.796677 0.000430119
           7     1.49932    0.921378 0.000618233
           7     1.52238    0.969581 0.000979999
           7     1.54545    0.928685  0.00087565
           7     1.56852    0.807889 0.000361517
           7     1.59158    0.640865 0.000297142
           7     1.61465    0.466047  0.00032893
           7     1.63772    0.317236 0.000362095
           7     1.66078    0.220027 0.000400082
           7     1.68385    0.192393 0.000451556
           7     1.70692    0.255442 0.000756767
           7     1.72998    0.434262 0.000915661
           7     1.75305    0.749846 0.000772469
           7     1.77612     1.19867 0.000703535
           7     1.79918     1.72737 0.000623737
           7     1.82225     2.23595 0.000616015
           7     1.84531     2.59676  0.00110952
           7     1.86838     2.71237  0.00169453
           7     1.89145     2.55577  0.00207647
           7     1.91451     2.17982 0.000967914
           7     1.93758     1.68858 0.000491218
           7     1.96065     1.20032 0.000473911
           7     1.98371    0.802249 0.000798592
           7     2.00678    0.543009 0.000810219
           7     2.02985    0.434837 0.000929796
           7     2.05291    0.462235 0.000564529
           7     2.07598    0.587434 0.000541347
           7     2.09905    0.758539 0.000214854
           7     2.12211    0.917156 0.000277737
           7     2.14518     1.01407 0.000370123
           7     2.16824     1.02124 0.000829422
           7     2.19131     0.92001 0.000396802
           7     2.21438    0.781179 0.000241902
           7     2.23744    0.654593  0.00037008
           7     2.26051    0.572809 0.000603054
           7     2.28358    0.573254 0.000757567
           8           0           0           0
           8   0.0230664           0           0
           8   0.0461329           0           0
           8   0.0691993           0           0
           8   0.0922657           0           0
           8    0.115332           0           0
           8    0.138399           0           0
           8    0.161465           0           0
           8    0.184531           0           0
           8    0.207598           0           0
           8    0.230664           0           0
           8    0.253731           0           0
           8    0.276797           0           0
           8    0.299864           0           0
           8     0.32293           0           0
           8    0.345996           0           0
           8    0.369063           0           0
           8    0.392129           0           0
           8    0.415196           0           0
           8    0.438262           0           0
           8    0.461329           0           0
           8    0.484395           0           0
           8    0.507461           0           0
           8    0.530528           0           0
           8    0.553594           0           0
           8    0.576661           0           0
           8    0.599727           0           0
           8    0.622794           0           0
           8     0.64586           0           0
           8    0.668926           0           0
           8    0.691993           0           0
           8    0.715059           0           0
           8    0.738126           0           0
           8    0.761192           0           0
           8    0.784259           0           0
           8    0.807325           0           0
           8    0.830391           0           0
           8    0.853458           0           0
           8    0.876524 7.17995e-05 6.46043e-06
           8    0.899591  0.00329596 3.76045e-05
           8    0.922657   0.0472504 0.000220431
           8    0.945724    0.293265 0.000749418
           8     0.96879     1.00684  0.00120712
           8    0.991856     2.24378   0.0011889
           8     1.01492     3.62482 0.000935159
           8     1.03799     4.61872  0.00148019
           8     1.06106     4.89537  0.00202552
           8     1.08412     4.48983  0.00155255
           8     1.10719     3.65683  0.00165227
           8     1.13026     2.69346  0.00150497
           8     1.15332      1.8163 0.000744809
           8     1.17639     1.13133 0.000873709
           8     1.19945    0.654368 0.000903341
           8     1.22252    0.353482 0.000439123
           8     1.24559    0.179946 0.000480622
           8     1.26865   0.0895195 0.000261008
           8     1.29172    0.049712 0.000197127
           8     1.31479   0.0425366 0.000154161
           8     1.33785   0.0608449 0.000215358
           8     1.36092    0.106176 0.000299887
           8     1.38399    0.184304 0.000402943
           8     1.40705    0.300901 0.000280247
           8     1.43012    0.453597 0.000433708
           8     1.45319    0.628352 0.000231984
           8     1.47625    0.796681 0.000372515
           8     1.49932    0.920996 0.000657575
           8     1.52238    0.969263  0.00090644
           8     1.54545    0.928583 0.000765186
           8     1.56852    0.807893 0.000313107
           8     1.59158    0.640963 0.000275329
           8     1.61465    0.466075 0.000286242
           8     1.63772    0.317305 0.000321059
           8     1.66078    0.220087 0.000351569
           8     1.68385    0.192615 0.000449678
           8     1.70692    0.255543 0.000663077
           8     1.72998    0.434455 0.000816078
           8     1.75305    0.749853 0.000669011
           8     1.77612     1.19871 0.000610046
           8     1.79918     1.72717 0.000574036
           8     1.82225     2.23539 0.000772992
           8     1.84531     2.59666 0.000965919
           8     1.86838     2.71219  0.00147858
           8     1.89145     2.55581  0.00179879
           8     1.91451     2.17989 0.000841152
           8     1.93758     1.68876 0.000464789
           8     1.96065     1.20051 0.000449168
           8     1.98371    0.802393 0.000706463
           8     2.00678    0.543131 0.000712069
           8     2.02985    0.434886 0.000806664
           8     2.05291    0.462224 0.000489025
           8     2.07598     0.58733  0.00048026
           8     2.09905    0.758517 0.000187375
           8     2.12211     0.91704 0.000267247
           8     2.14518     1.01389 0.000366874
           8     2.16824     1.02129 0.000720601
           8     2.19131    0.920081 0.000350711
           8     2.21438    0.781355 0.000273691
           8     2.23744     0.65459 0.000320508
           8     2.26051    0.572732  0.00052783
           8     2.28358    0.573464 0.000688921
           9           0           0           0
           9   0.0230664           0           0
           9   0.0461329           0           0
           9   0.0691993           0           0
           9   0.0922657           0           0
           9    0.115332           0           0
           9    0.138399           0           0
           9    0.161465           0           0
           9    0.184531           0           0
           9    0.207598           0           0
           9    0.230664           0           0
           9    0.253731           0           0
           9    0.276797           0           0
           9    0.299864           0           0
           9     0.32293           0           0
           9    0.345996           0           0
           9    0.369063           0           0
           9    0.392129           0           0
           9    0.415196           0           0
           9    0.438262           0           0
           9    0.461329           0           0
           9    0.484395           0           0
           9    0.507461           0           0
           9    0.530528           0           0
           9    0.553594           0           0
           9    0.576661           0           0
           9    0.599727           0           0
           9    0.622794           0           0
           9     0.64586           0           0
           9    0.668926           0           0
           9    0.691993           0           0
           9    0.715059           0           0
           9    0.738126           0           0
           9    0.761192           0           0
           9    0.784259           0           0
           9    0.807325           0           0
           9    0.830391           0           0
           9    0.853458           0           0
           9    0.876524 6.93857e-05 6.18777e-06
           9    0.899591  0.00328373  3.5345e-05
           9    0.922657   0.0473348 0.000211927
           9    0.945724    0.293103 0.000680528
           9     0.96879     1.00671  0.00107303
           9    0.991856     2.24326  0.00117254
           9     1.01492     3.62533 0.000966891
           9     1.03799     4.61891  0.00131814
           9     1.06106      4.8953  0.00178778
           9     1.08412     4.49045  0.00150277
           9     1.10719     3.65658  0.00147878
           9     1.13026     2.69364  0.00133904
           9     1.15332     1.81614 0.000677302
           9     1.17639     1.13122 0.000777244
           9     1.19945    0.654403 0.000797432
           9     1.22252    0.353451 0.000388511
           9     1.24559    0.179933 0.000424054
           9     1.26865   0.0894619 0.000237288
           9     1.29172   0.0496626 0.000180738
           9     1.31479   0.0424489  0.00016175
           9     1.33785   0.0607882 0.000198217
           9     1.36092    0.106175 0.000264477
           9     1.38399    0.184224  0.00036427
           9     1.40705    0.300794 0.000269478
           9     1.43012    0.453687 0.000393046
           9     1.45319     0.62838 0.000206523
           9     1.47625    0.796742  0.00033421
           9     1.49932    0.921079 0.000585775
           9     1.52238    0.969288 0.000799778
           9     1.54545    0.928735 0.000691731
           9     1.56852    0.807958 0.000283793
           9     1.59158    0.641033 0.000252588
           9     1.61465    0.466129 0.000258162
           9     1.63772    0.317209 0.000298763
           9     1.66078    0.219959 0.000335226
           9     1.68385    0.192442 0.000432542
           9     1.70692    0.255382 0.000606323
           9     1.72998    0.434203 0.000762361
           9     1.75305    0.749804 0.000591965
           9     1.77612     1.19864 0.000542043
           9     1.79918     1.72718 0.000506254
           9     1.82225      2.2357 0.000749623
           9     1.84531      2.5969 0.000884486
           9     1.86838     2.71229  0.00130802
           9     1.89145     2.55604  0.00160375
           9     1.91451     2.17993  0.00074296
           9     1.93758     1.68917 0.000575838
           9     1.96065     1.20029 0.000452178
           9     1.98371    0.802336 0.000625646
           9     2.00678       0.543 0.000641542
           9     2.02985    0.434748 0.000724627
           9     2.05291    0.462054 0.000463547
           9     2.07598    0.587172 0.000451983
           9     2.09905    0.758415 0.000194203
           9     2.12211    0.917153 0.000261583
           9     2.14518     1.01396 0.000331921
           9     2.16824     1.02136 0.000639162
           9     2.19131    0.920067 0.000309573
           9     2.21438    0.781392 0.000244115
           9     2.23744    0.654487 0.000301032
           9     2.26051    0.572606 0.000482322
           9     2.28358    0.573391 0.000611954
          10           0           0           0
          10   0.0230664           0           0
          10   0.0461329           0           0
          10   0.0691993           0           0
          10   0.0922657           0           0
          10    0.115332           0           0
          10    0.138399           0           0
          10    0.161465           0           0
          10    0.184531           0           0
          10    0.207598           0           0
          10    0.230664           0           0
          10    0.253731           0           0
          10    0.276797           0           0
          10    0.299864           0           0
          10     0.32293           0           0
          10    0.345996           0           0
          10    0.369063           0           0
          10    0.392129           0           0
          10    0.415196           0           0
          10    0.438262           0           0
          10    0.461329           0           0
          10    0.484395           0           0
          10    0.507461           0           0
          10    0.530528           0           0
          10    0.553594           0           0
          10    0.576661           0           0
          10    0.599727           0           0
          10    0.622794           0           0
          10     0.64586           0           0
          10    0.668926           0           0
          10    0.691993           0           0
          10    0.715059           0           0
          10    0.738126           0           0
          10    0.761192           0           0
          10    0.784259           0           0
          10    0.807325           0           0
          10    0.830391           0           0
          10    0.853458           0           0
          10    0.876524  7.0253e-05 5.60206e-06
          10    0.899591  0.00330194 3.64806e-05
          10    0.922657   0.0472193 0.000221968
          10    0.945724    0.293032 0.000612873
          10     0.96879     1.00687 0.000972419
          10    0.991856      2.2429  0.00111014
          10     1.01492     3.62525 0.000868064
          10     1.03799      4.6193  0.00124258
          10     1.06106     4.89591  0.00171144
          10     1.08412     4.49001  0.00141464
          10     1.10719     3.65709  0.00141841
          10     1.13026     2.69333  0.00123859
          10     1.15332     1.81608 0.000608476
          10     1.17639     1.13121 0.000695288
          10     1.19945    0.654291 0.000722015
          10     1.22252    0.353485 0.000349205
          10     1.24559    0.179919 0.000379574
          10     1.26865   0.0893683 0.000231952
          10     1.29172   0.0495891 0.000177564
          10     1.31479    0.042379 0.000160677
          10     1.33785   0.0607388 0.000184044
          10     1.36092    0.106137 0.000239597
          10     1.38399    0.184225 0.000325815
          10     1.40705    0.300738 0.000247465
          10     1.43012    0.453645 0.000354016
          10     1.45319    0.628285 0.000207988
          10     1.47625    0.796768 0.000299988
          10     1.49932     0.92119 0.000535518
          10     1.52238    0.969392 0.000722964
          10     1.54545    0.929011 0.000677535
          10     1.56852     0.80828 0.000409918
          10     1.59158    0.640985 0.000230811
          10     1.61465    0.466139  0.00023114
          10     1.63772    0.317093 0.000291423
          10     1.66078    0.219857 0.000316657
          10     1.68385    0.192314 0.000407375
          10     1.70692    0.255325 0.000545298
          10     1.72998    0.433984 0.000716232
          10     1.75305    0.749643 0.000553631
          10     1.77612     1.19862 0.000485311
          10     1.79918     1.72698 0.000494868
          10     1.82225     2.23593 0.000709162
          10     1.84531     2.59712 0.000821216
          10     1.86838     2.71248  0.00118451
          10     1.89145     2.55604  0.00143444
          10     1.91451     2.18005 0.000674796
          10     1.93758     1.68931 0.000535245
          10     1.96065      1.2005  0.00045813
          10     1.98371    0.802232 0.000569066
          10     2.00678    0.542948 0.000576109
          10     2.02985    0.434666 0.000653328
          10     2.05291    0.461952 0.000427051
          10     2.07598    0.587088 0.000412863
          10     2.09905    0.758431 0.000174449
          10     2.12211    0.917131 0.000235028
          10     2.14518     1.01387 0.000310751
          10     2.16824      1.0214 0.000573279
          10     2.19131     0.91998 0.000290454
          10     2.21438    0.781309  0.00023355
          10     2.23744    0.654367 0.000294482
          10     2.26051    0.572589 0.000431741
          10     2.28358    0.573259 0.000562943
           1           0           0           0
           1   0.0256496           0           0
           1   0.0512993           0           0
           1   0.0769489           0           0
           1    0.102599           0           0
           1    0.128248           0           0
           1    0.153898           0           0
           1    0.179547           0           0
           1    0.205197           0           0
           1    0.230847           0           0
           1    0.256496           0           0
           1    0.282146           0           0
           1    0.307796           0           0
           1    0.333445           0           0
           1    0.359095           0           0
           1    0.384745           0           0
           1    0.410394           0           0
           1    0.436044           0           0
           1    0.461694           0           0
           1    0.487343           0           0
           1    0.512993           0           0
           1    0.538642           0           0
           1    0.564292           0           0
           1    0.589942           0           0
           1    0.615591           0           0
           1    0.641241           0           0
           1    0.666891           0           0
           1     0.69254           0           0
           1     0.71819           0           0
           1     0.74384           0           0
           1    0.769489           0           0
           1    0.795139           0           0
           1    0.820788           0           0
           1    0.846438 1.36166e-05           0
           1    0.872088  0.00128571           0
           1    0.897737   0.0242392           0
           1    0.923387    0.166257           0
           1    0.949037    0.563075           0
           1    0.974686     1.19663           0
           1     1.00034     1.86345           0
           1     1.02599     2.33806           0
           1     1.05164     2.55212           0
           1     1.07728     2.55383           0
           1     1.10293     2.40879           0
           1     1.12858     2.19991           0
           1     1.15423     1.97342           0
           1     1.17988     1.75581           0
           1     1.20553     1.55779           0
           1     1.23118     1.39196           0
           1     1.25683     1.24651           0
           1     1.28248     1.12194           0
           1     1.30813     1.02378           0
           1     1.33378    0.939011           0
           1     1.35943    0.872119           0
           1     1.38508    0.816337           0
           1     1.41073    0.770409           0
           1     1.43638    0.738368           0
           1     1.46203    0.710124           0
           1     1.48768    0.690689           0
           1     1.51333    0.679196           0
           1     1.53898    0.670994           0
           1     1.56463    0.673267           0
           1     1.59028    0.676979           0
           1     1.61593    0.687273           0
           1     1.64158    0.702886           0
           1     1.66723    0.722746           0
           1     1.69288     0.74988           0
           1     1.71853    0.780362           0
           1     1.74418    0.813385           0
           1     1.76983    0.853174           0
           1     1.79547    0.893952           0
           1     1.82112    0.934895           0
           1     1.84677    0.979006           0
           1     1.87242     1.01915           0
           1     1.89807     1.05728           0
           1     1.92372     1.09718           0
           1     1.94937     1.13153           0
           1     1.97502     1.16163           0
           1     2.00067     1.18606           0
           1     2.02632     1.20291           0
           1     2.05197     1.21425           0
           1     2.07762     1.21428           0
           1     2.10327     1.20964           0
           1     2.12892     1.19341           0
           1     2.15457     1.17461           0
           1     2.18022     1.15007           0
           1     2.20587     1.12356           0
           1     2.23152      1.0944           0
           1     2.25717     1.06672           0
           1     2.28282      1.0408           0
           1     2.30847     1.01268           0
           1     2.33412    0.988683           0
           1     2.35977    0.966559           0
           1     2.38542    0.947379           0
           1     2.41107    0.932252           0
           1     2.43672    0.918299           0
           1     2.46237     0.90905           0
           1     2.48802    0.895891           0
           1     2.51366    0.885426           0
           1     2.53931    0.885977           0
           2           0           0           0
           2   0.0256496           0           0
           2   0.0512993           0           0
           2   0.0769489           0           0
           2    0.102599           0           0
           2    0.128248           0           0
           2    0.153898           0           0
           2    0.179547           0           0
           2    0.205197           0           0
           2    0.230847           0           0
           2    0.256496           0           0
           2    0.282146           0           0
           2    0.307796           0           0
           2    0.333445           0           0
           2    0.359095           0           0
           2    0.384745           0           0
           2    0.410394           0           0
           2    0.436044           0           0
           2    0.461694           0           0
           2    0.487343           0           0
           2    0.512993           0           0
           2    0.538642           0           0
           2    0.564292           0           0
           2    0.589942           0           0
           2    0.615591           0           0
           2    0.641241           0           0
           2    0.666891           0           0
           2     0.69254           0           0
           2     0.71819           0           0
           2     0.74384           0           0
           2    0.769489           0           0
           2    0.795139           0           0
           2    0.820788           0           0
           2    0.846438 1.36166e-05           0
           2    0.872088  0.00129855 1.28387e-05
           2    0.897737   0.0244609 0.000221726
           2    0.923387    0.165979 0.000277747
           2    0.949037    0.564212  0.00113713
           2    0.974686     1.19966  0.00303399
           2     1.00034     1.86208   0.0013768
           2     1.02599     2.33717 0.000889738
           2     1.05164     2.55094  0.00117885
           2     1.07728     2.54955  0.00427615
           2     1.10293     2.41064  0.00185112
           2     1.12858     2.19906 0.000850531
           2     1.15423     1.97441 0.000990189
           2     1.17988     1.75455  0.00126055
           2     1.20553     1.55662  0.00116691
           2     1.23118      1.3897  0.00226363
           2     1.25683     1.24478  0.00173384
           2     1.28248     1.12354  0.00160337
           2     1.30813     1.02415 0.000369994
           2     1.33378    0.939541 0.000529892
           2     1.35943    0.872494 0.000374883
           2     1.38508    0.817882  0.00154534
           2     1.41073    0.772143  0.00173326
           2     1.43638     0.73806 0.000307407
           2     1.46203    0.711899  0.00177458
           2     1.48768      0.6909 0.000211472
           2     1.51333    0.678503 0.000692822
           2     1.53898    0.671322 0.000328344
           2     1.56463    0.672627 0.000639836
           2     1.59028    0.677278 0.000299563
           2     1.61593    0.687461 0.000188415
           2     1.64158    0.701773   0.0011125
           2     1.66723    0.723032 0.000285473
           2     1.69288    0.749933 5.28232e-05
           2     1.71853     0.78008 0.000281504
           2     1.74418    0.814038 0.000653004
           2     1.76983    0.852916 0.000257852
           2     1.79547    0.893694 0.000257398
           2     1.82112    0.936207  0.00131231
           2     1.84677    0.978077 0.000929751
           2     1.87242     1.01909 5.43543e-05
           2     1.89807     1.05854  0.00125851
           2     1.92372     1.09586  0.00131405
           2     1.94937     1.13104 0.000484402
           2     1.97502     1.16174 0.000104138
           2     2.00067     1.18597 8.55588e-05
           2     2.02632     1.20265 0.000265631
           2     2.05197     1.21377 0.000475696
           2     2.07762     1.21388 0.000393757
           2     2.10327     1.20841  0.00122995
           2     2.12892     1.19334 7.42101e-05
           2     2.15457     1.17343  0.00117746
           2     2.18022     1.14997 0.000101838
           2     2.20587     1.12288 0.000685683
           2     2.23152     1.09524 0.000831637
           2     2.25717      1.0668 7.60964e-05
           2     2.28282     1.03971  0.00108433
           2     2.30847     1.01276 8.10335e-05
           2     2.33412    0.988435 0.000247855
           2     2.35977    0.966471 8.81562e-05
           2     2.38542    0.947241 0.000138099
           2     2.41107      0.9323  4.7916e-05
           2     2.43672    0.918227 7.16933e-05
           2     2.46237    0.909467 0.000416837
           2     2.48802     0.89616 0.000268469
           2     2.51366    0.885844 0.000417745
           2     2.53931      0.8864 0.000423393
           3           0           0           0
           3   0.0256496           0           0
           3   0.0512993           0           0
           3   0.0769489           0           0
           3    0.102599           0           0
           3    0.128248           0           0
           3    0.153898           0           0
           3    0.179547           0           0
           3    0.205197           0           0
           3    0.230847           0           0
           3    0.256496           0           0
           3    0.282146           0           0
           3    0.307796           0           0
           3    0.333445           0           0
           3    0.359095           0           0
           3    0.384745           0           0
           3    0.410394           0           0
           3    0.436044           0           0
           3    0.461694           0           0
           3    0.487343           0           0
           3    0.512993           0           0
           3    0.538642           0           0
           3    0.564292           0           0
           3    0.589942           0           0
           3    0.615591           0           0
           3    0.641241           0           0
           3    0.666891           0           0
           3     0.69254           0           0
           3     0.71819           0           0
           3     0.74384           0           0
           3    0.769489           0           0
           3    0.795139           0           0
           3    0.820788           0           0
           3    0.846438  1.1023e-05 2.59364e-06
           3    0.872088   0.0012851 1.53574e-05
           3    0.897737   0.0244193 0.000134595
           3    0.923387    0.166051 0.000175709
           3    0.949037    0.563318  0.00110911
           3    0.974686     1.19949  0.00176003
           3     1.00034     1.86143   0.0010284
           3     1.02599      2.3369 0.000579073
           3     1.05164     2.55069  0.00072718
           3     1.07728       2.549  0.00252952
           3     1.10293      2.4091  0.00187326
           3     1.12858     2.20107   0.0020694
           3     1.15423     1.97512 0.000909666
           3     1.17988     1.75593  0.00156672
           3     1.20553     1.55948  0.00293971
           3     1.23118     1.39051  0.00154112
           3     1.25683     1.24479  0.00100113
           3     1.28248     1.12391 0.000995575
           3     1.30813     1.02364 0.000551848
           3     1.33378    0.940387 0.000899051
           3     1.35943    0.872042 0.000501534
           3     1.38508    0.817272  0.00108089
           3     1.41073    0.771771  0.00106735
           3     1.43638    0.737747  0.00035991
           3     1.46203    0.710954  0.00139368
           3     1.48768    0.690695  0.00023905
           3     1.51333    0.678877 0.000547334
           3     1.53898    0.671369 0.000195171
           3     1.56463    0.671672  0.00102377
           3     1.59028     0.67669 0.000613216
           3     1.61593    0.686666 0.000802396
           3     1.64158     0.70164 0.000655951
           3     1.66723    0.722688 0.000381286
           3     1.69288    0.749357 0.000577418
           3     1.71853    0.780306  0.00027792
           3     1.74418    0.814422 0.000538418
           3     1.76983    0.852839 0.000167565
           3     1.79547     0.89366  0.00015254
           3     1.82112     0.93625 0.000758872
           3     1.84677    0.978142 0.000540747
           3     1.87242     1.01918  9.4473e-05
           3     1.89807      1.0585  0.00072753
           3     1.92372     1.09603 0.000777858
           3     1.94937     1.13039 0.000710386
           3     1.97502     1.16134 0.000404266
           3     2.00067     1.18534 0.000640852
           3     2.02632     1.20279 0.000210321
           3     2.05197     1.21428 0.000577325
           3     2.07762     1.21442 0.000581884
           3     2.10327     1.20842 0.000710164
           3     2.12892     1.19441  0.00106819
           3     2.15457     1.17442   0.0011997
           3     2.18022     1.15086   0.0008923
           3     2.20587     1.12411  0.00129607
           3     2.23152     1.09625  0.00112351
           3     2.25717     1.06742 0.000627685
           3     2.28282     1.04004 0.000707101
           3     2.30847     1.01289 0.000136149
           3     2.33412    0.988456 0.000144606
           3     2.35977    0.965666  0.00080726
           3     2.38542    0.946779 0.000468414
           3     2.41107    0.931536 0.000764713
           3     2.43672    0.917674  0.00055399
           3     2.46237    0.908652 0.000849861
           3     2.48802    0.895355 0.000819585
           3     2.51366    0.885584 0.000355032
           3     2.53931    0.885638 0.000800631
           4           0           0           0
           4   0.0256496           0           0
           4   0.0512993           0           0
           4   0.0769489           0           0
           4    0.102599           0           0
           4    0.128248           0           0
           4    0.153898           0           0
           4    0.179547           0           0
           4    0.205197           0           0
           4    0.230847           0           0
           4    0.256496           0           0
           4    0.282146           0           0
           4    0.307796           0           0
           4    0.333445           0           0
           4    0.359095           0           0
           4    0.384745           0           0
           4    0.410394           0           0
           4    0.436044           0           0
           4    0.461694           0           0
           4    0.487343           0           0
           4    0.512993           0           0
           4    0.538642           0           0
           4    0.564292           0           0
           4    0.589942           0           0
           4    0.615591           0           0
           4    0.641241           0           0
           4    0.666891           0           0
           4     0.69254           0           0
           4     0.71819           0           0
           4     0.74384           0           0
           4    0.769489           0           0
           4    0.795139           0           0
           4    0.820788           0           0
           4    0.846438 1.11851e-05 1.84113e-06
           4    0.872088  0.00127333 1.60134e-05
           4    0.897737   0.0244691 0.000107416
           4    0.923387    0.165978 0.000143718
           4    0.949037    0.563866 0.000956377
           4    0.974686     1.20085  0.00184206
           4     1.00034     1.86135  0.00073098
           4     1.02599     2.33733 0.000597157
           4     1.05164     2.55096 0.000584343
           4     1.07728     2.54823  0.00194698
           4     1.10293      2.4087  0.00138444
           4     1.12858     2.20142  0.00150573
           4     1.15423     1.97419  0.00113431
           4     1.17988     1.75679  0.00139756
           4     1.20553      1.5606  0.00235808
           4     1.23118     1.39067  0.00110057
           4     1.25683     1.24444 0.000787803
           4     1.28248     1.12397  0.00070656
           4     1.30813     1.02316 0.000622082
           4     1.33378    0.939883  0.00081116
           4     1.35943     0.87173 0.000472362
           4     1.38508    0.817247 0.000764712
           4     1.41073    0.771901 0.000765773
           4     1.43638    0.738173 0.000496625
           4     1.46203    0.710824 0.000993997
           4     1.48768    0.690408 0.000332907
           4     1.51333    0.678127 0.000843895
           4     1.53898    0.670995 0.000398251
           4     1.56463    0.671386 0.000778383
           4     1.59028    0.676072 0.000755202
           4     1.61593    0.686481 0.000596775
           4     1.64158     0.70182 0.000497465
           4     1.66723    0.722745 0.000275533
           4     1.69288    0.748846 0.000654049
           4     1.71853    0.780052 0.000321394
           4     1.74418    0.814462 0.000382747
           4     1.76983    0.852725 0.000164849
           4     1.79547    0.894378 0.000725931
           4     1.82112    0.936272 0.000537084
           4     1.84677    0.978138 0.000382383
           4     1.87242     1.01909 0.000112016
           4     1.89807     1.05855 0.000516349
           4     1.92372     1.09653 0.000738236
           4     1.94937     1.13083 0.000665146
           4     1.97502     1.16153 0.000343517
           4     2.00067     1.18593 0.000750744
           4     2.02632     1.20287 0.000166399
           4     2.05197     1.21474 0.000612194
           4     2.07762      1.2151 0.000792107
           4     2.10327     1.20878 0.000618652
           4     2.12892     1.19456 0.000770974
           4     2.15457     1.17443 0.000848405
           4     2.18022     1.15094 0.000635772
           4     2.20587     1.12365  0.00102732
           4     2.23152     1.09603 0.000824107
           4     2.25717     1.06665 0.000895934
           4     2.28282      1.0396 0.000665853
           4     2.30847     1.01243  0.00046826
           4     2.33412    0.988355 0.000143222
           4     2.35977    0.965715 0.000572966
           4     2.38542    0.946637 0.000360453
           4     2.41107    0.931392 0.000559577
           4     2.43672     0.91788 0.000442344
           4     2.46237    0.908859 0.000635516
           4     2.48802    0.895396 0.000580979
           4     2.51366    0.885765 0.000309913
           4     2.53931    0.885484 0.000586606
           5           0           0           0
           5   0.0256496           0           0
           5   0.0512993           0           0
           5   0.0769489           0           0
           5    0.102599           0           0
           5    0.128248           0           0
           5    0.153898           0           0
           5    0.179547           0           0
           5    0.205197           0           0
           5    0.230847           0           0
           5    0.256496           0           0
           5    0.282146           0           0
           5    0.307796           0           0
           5    0.333445           0           0
           5    0.359095           0           0
           5    0.384745           0           0
           5    0.410394           0           0
           5    0.436044           0           0
           5    0.461694           0           0
           5    0.487343           0           0
           5    0.512993           0           0
           5    0.538642           0           0
           5    0.564292           0           0
           5    0.589942           0           0
           5    0.615591           0           0
           5    0.641241           0           0
           5    0.666891           0           0
           5     0.69254           0           0
           5     0.71819           0           0
           5     0.74384           0           0
           5    0.769489           0           0
           5    0.795139           0           0
           5    0.820788           0           0
           5    0.846438 1.32276e-05 2.49111e-06
           5    0.872088  0.00127324 1.24043e-05
           5    0.897737   0.0243462 0.000148418
           5    0.923387    0.166276 0.000317639
           5    0.949037    0.564167 0.000799889
           5    0.974686     1.20125  0.00148204
           5     1.00034     1.86145 0.000575181
           5     1.02599     2.33812  0.00091108
           5     1.05164     2.55129 0.000557525
           5     1.07728     2.54902  0.00169959
           5     1.10293     2.40974  0.00149173
           5     1.12858     2.20038  0.00156314
           5     1.15423     1.97345  0.00114932
           5     1.17988     1.75651  0.00111631
           5     1.20553     1.56031  0.00184921
           5     1.23118     1.38945  0.00148916
           5     1.25683      1.2444 0.000611511
           5     1.28248     1.12361 0.000654596
           5     1.30813     1.02256 0.000765963
           5     1.33378    0.939405 0.000789267
           5     1.35943    0.871912 0.000408633
           5     1.38508    0.816863 0.000705783
           5     1.41073    0.771407 0.000772251
           5     1.43638     0.73785   0.0005029
           5     1.46203    0.711061 0.000805612
           5     1.48768    0.690628 0.000339039
           5     1.51333    0.678408 0.000711486
           5     1.53898    0.671646 0.000720142
           5     1.56463    0.671993 0.000855244
           5     1.59028    0.676481 0.000713774
           5     1.61593    0.686663 0.000496609
           5     1.64158     0.70173  0.00039574
           5     1.66723     0.72305 0.000372102
           5     1.69288    0.749108 0.000570699
           5     1.71853    0.780068 0.000249482
           5     1.74418    0.814814 0.000460645
           5     1.76983    0.852933  0.00024401
           5     1.79547    0.894622 0.000613049
           5     1.82112    0.936576 0.000514914
           5     1.84677    0.978237 0.000312279
           5     1.87242     1.01905 9.77698e-05
           5     1.89807     1.05842 0.000421202
           5     1.92372     1.09645 0.000577571
           5     1.94937     1.13083 0.000515239
           5     1.97502     1.16144  0.00028075
           5     2.00067     1.18565 0.000645386
           5     2.02632     1.20318 0.000335792
           5     2.05197     1.21438 0.000595357
           5     2.07762     1.21485 0.000659433
           5     2.10327     1.20846 0.000579935
           5     2.12892     1.19454 0.000597496
           5     2.15457     1.17441 0.000657483
           5     2.18022     1.15081 0.000509805
           5     2.20587     1.12369   0.0007969
           5     2.23152     1.09576 0.000695545
           5     2.25717     1.06635 0.000754666
           5     2.28282     1.03913 0.000697276
           5     2.30847     1.01225 0.000402929
           5     2.33412    0.988053 0.000321588
           5     2.35977    0.965779  0.00044837
           5     2.38542    0.946749 0.000300968
           5     2.41107     0.93165 0.000504652
           5     2.43672    0.918124 0.000420595
           5     2.46237    0.908994 0.000510613
           5     2.48802    0.895441 0.000452312
           5     2.51366    0.885708 0.000246729
           5     2.53931    0.885504 0.000454788
           6           0           0           0
           6   0.0256496           0           0
           6   0.0512993           0           0
           6   0.0769489           0           0
           6    0.102599           0           0
           6    0.128248           0           0
           6    0.153898           0           0
           6    0.179547           0           0
           6    0.205197           0           0
           6    0.230847           0           0
           6    0.256496           0           0
           6    0.282146           0           0
           6    0.307796           0           0
           6    0.333445           0           0
           6    0.359095           0           0
           6    0.384745           0           0
           6    0.410394           0           0
           6    0.436044           0           0
           6    0.461694           0           0
           6    0.487343           0           0
           6    0.512993           0           0
           6    0.538642           0           0
           6    0.564292           0           0
           6    0.589942           0           0
           6    0.615591           0           0
           6    0.641241           0           0
           6    0.666891           0           0
           6     0.69254           0           0
           6     0.71819           0           0
           6     0.74384           0           0
           6    0.769489           0           0
           6    0.795139           0           0
           6    0.820788           0           0
           6    0.846438 1.16714e-05 2.56101e-06
           6    0.872088   0.0012802 1.22944e-05
           6    0.897737   0.0243096 0.000126591
           6    0.923387    0.166398 0.000286553
           6    0.949037    0.564091  0.00065751
           6    0.974686     1.20046  0.00144398
           6     1.00034     1.86125 0.000511379
           6     1.02599     2.33745 0.000997966
           6     1.05164     2.55118 0.000468325
           6     1.07728     2.54944  0.00144985
           6     1.10293     2.40908  0.00138682
           6     1.12858     2.20044   0.0012778
           6     1.15423     1.97325 0.000958635
           6     1.17988     1.75608  0.00100804
           6     1.20553     1.56037  0.00151121
           6     1.23118     1.38937  0.00121805
           6     1.25683     1.24448 0.000504558
           6     1.28248     1.12411 0.000730577
           6     1.30813     1.02339  0.00103514
           6     1.33378    0.939793 0.000752267
           6     1.35943    0.872198   0.0004394
           6     1.38508    0.817142 0.000639939
           6     1.41073    0.771956 0.000836021
           6     1.43638    0.738186  0.00053104
           6     1.46203    0.711099 0.000658868
           6     1.48768    0.690693 0.000284252
           6     1.51333    0.678397 0.000581026
           6     1.53898    0.671822 0.000613755
           6     1.56463    0.671661 0.000773354
           6     1.59028    0.676385  0.00059062
           6     1.61593    0.686628  0.00040699
           6     1.64158    0.701858 0.000347753
           6     1.66723    0.722933 0.000325492
           6     1.69288    0.748678 0.000634623
           6     1.71853    0.780003 0.000213682
           6     1.74418    0.814982 0.000411725
           6     1.76983    0.853018 0.000216869
           6     1.79547    0.894265 0.000614498
           6     1.82112    0.936295 0.000505447
           6     1.84677    0.977719 0.000577308
           6     1.87242     1.01874 0.000318901
           6     1.89807     1.05775 0.000749377
           6     1.92372     1.09622 0.000523203
           6     1.94937     1.13037 0.000624697
           6     1.97502     1.16129 0.000270495
           6     2.00067     1.18558 0.000531701
           6     2.02632     1.20333 0.000314622
           6     2.05197     1.21459  0.00053137
           6     2.07762     1.21519 0.000633493
           6     2.10327      1.2089 0.000650417
           6     2.12892     1.19533 0.000931762
           6     2.15457      1.1751 0.000869545
           6     2.18022     1.15119 0.000565298
           6     2.20587       1.124 0.000723744
           6     2.23152     1.09578  0.00056835
           6     2.25717      1.0665 0.000634085
           6     2.28282     1.03901 0.000582785
           6     2.30847     1.01236 0.000347572
           6     2.33412    0.988216 0.000308992
           6     2.35977    0.965759 0.000366647
           6     2.38542    0.946962 0.000325236
           6     2.41107    0.931502  0.00043797
           6     2.43672    0.917984 0.000370853
           6     2.46237    0.908831 0.000447833
           6     2.48802    0.895163 0.000462498
           6     2.51366    0.885602 0.000227806
           6     2.53931    0.885278 0.000434639
           7           0           0           0
           7   0.0256496           0           0
           7   0.0512993           0           0
           7   0.0769489           0           0
           7    0.102599           0           0
           7    0.128248           0           0
           7    0.153898           0           0
           7    0.179547           0           0
           7    0.205197           0           0
           7    0.230847           0           0
           7    0.256496           0           0
           7    0.282146           0           0
           7    0.307796           0           0
           7    0.333445           0           0
           7    0.359095           0           0
           7    0.384745           0           0
           7    0.410394           0           0
           7    0.436044           0           0
           7    0.461694           0           0
           7    0.487343           0           0
           7    0.512993           0           0
           7    0.538642           0           0
           7    0.564292           0           0
           7    0.589942           0           0
           7    0.615591           0           0
           7    0.641241           0           0
           7    0.666891           0           0
           7     0.69254           0           0
           7     0.71819           0           0
           7     0.74384           0           0
           7    0.769489           0           0
           7    0.795139           0           0
           7    0.820788           0           0
           7    0.846438 1.16714e-05 2.16445e-06
           7    0.872088  0.00128676 1.22831e-05
           7    0.897737   0.0243674 0.000121576
           7    0.923387    0.166428 0.000244052
           7    0.949037     0.56455  0.00072084
           7    0.974686     1.20112  0.00138666
           7     1.00034     1.86186 0.000744993
           7     1.02599     2.33759 0.000853897
           7     1.05164     2.55035 0.000914394
           7     1.07728     2.54901  0.00129658
           7     1.10293     2.40982  0.00139021
           7     1.12858     2.19976  0.00127489
           7     1.15423     1.97277  0.00094051
           7     1.17988     1.75583 0.000889054
           7     1.20553     1.55986   0.0013765
           7     1.23118     1.38945  0.00103201
           7     1.25683     1.24437 0.000439265
           7     1.28248     1.12424 0.000632069
           7     1.30813     1.02366 0.000915547
           7     1.33378    0.939972 0.000660404
           7     1.35943    0.872042 0.000402543
           7     1.38508     0.81706 0.000546966
           7     1.41073    0.772073 0.000716256
           7     1.43638     0.73786 0.000554724
           7     1.46203    0.710855 0.000608058
           7     1.48768    0.690695  0.00024025
           7     1.51333    0.678265 0.000508533
           7     1.53898     0.67175 0.000523702
           7     1.56463    0.671354 0.000721893
           7     1.59028     0.67642 0.000500426
           7     1.61593    0.686334 0.000452514
           7     1.64158    0.701735 0.000318791
           7     1.66723    0.723023 0.000289563
           7     1.69288    0.748874 0.000571344
           7     1.71853    0.780311 0.000356977
           7     1.74418    0.815403 0.000546449
           7     1.76983    0.853438 0.000458364
           7     1.79547    0.894709  0.00068289
           7     1.82112    0.936577 0.000511615
           7     1.84677    0.977954 0.000541488
           7     1.87242     1.01895 0.000346029
           7     1.89807     1.05801 0.000685073
           7     1.92372     1.09625  0.00044314
           7     1.94937      1.1305 0.000543798
           7     1.97502     1.16095 0.000416134
           7     2.00067      1.1856 0.000449657
           7     2.02632     1.20326 0.000275481
           7     2.05197     1.21418 0.000609755
           7     2.07762     1.21493 0.000594272
           7     2.10327     1.20881 0.000558327
           7     2.12892     1.19528 0.000789399
           7     2.15457     1.17484 0.000777054
           7     2.18022      1.1509 0.000557302
           7     2.20587     1.12376 0.000660533
           7     2.23152     1.09564 0.000500721
           7     2.25717     1.06636  0.00055335
           7     2.28282     1.03902 0.000492832
           7     2.30847      1.0122  0.00033729
           7     2.33412    0.988294 0.000272517
           7     2.35977    0.965786  0.00031107
           7     2.38542    0.946903 0.000281221
           7     2.41107    0.931564 0.000375267
           7     2.43672    0.918044 0.000319225
           7     2.46237    0.908719 0.000394514
           7     2.48802    0.895012 0.000419141
           7     2.51366    0.885476 0.000230231
           7     2.53931    0.885365 0.000377468
           8           0           0           0
           8   0.0256496           0           0
           8   0.0512993           0           0
           8   0.0769489           0           0
           8    0.102599           0           0
           8    0.128248           0           0
           8    0.153898           0           0
           8    0.179547           0           0
           8    0.205197           0           0
           8    0.230847           0           0
           8    0.256496           0           0
           8    0.282146           0           0
           8    0.307796           0           0
           8    0.333445           0           0
           8    0.359095           0           0
           8    0.384745           0           0
           8    0.410394           0           0
           8    0.436044           0           0
           8    0.461694           0           0
           8    0.487343           0           0
           8    0.512993           0           0
           8    0.538642           0           0
           8    0.564292           0           0
           8    0.589942           0           0
           8    0.615591           0           0
           8    0.641241           0           0
           8    0.666891           0           0
           8     0.69254           0           0
           8     0.71819           0           0
           8     0.74384           0           0
           8    0.769489           0           0
           8    0.795139           0           0
           8    0.820788           0           0
           8    0.846438 1.14282e-05 1.89017e-06
           8    0.872088  0.00129419  1.2978e-05
           8    0.897737    0.024318 0.000116288
           8    0.923387    0.166171 0.000332724
           8    0.949037    0.564398 0.000642694
           8    0.974686     1.20091  0.00121943
           8     1.00034     1.86157 0.000704364
           8     1.02599     2.33811 0.000906143
           8     1.05164     2.55004 0.000850764
           8     1.07728     2.54927  0.00115217
           8     1.10293     2.40945  0.00125992
           8     1.12858     2.19951  0.00113319
           8     1.15423       1.973   0.0008472
           8     1.17988     1.75576 0.000773003
           8     1.20553     1.55965  0.00120976
           8     1.23118     1.38969 0.000926327
           8     1.25683     1.24447  0.00039273
           8     1.28248      1.1246 0.000652407
           8     1.30813     1.02384 0.000814313
           8     1.33378    0.940526 0.000796443
           8     1.35943    0.872186 0.000377242
           8     1.38508    0.817248  0.00050952
           8     1.41073    0.772603  0.00081598
           8     1.43638    0.737815 0.000482531
           8     1.46203    0.711052  0.00056255
           8     1.48768    0.690952 0.000330801
           8     1.51333    0.678229 0.000441846
           8     1.53898    0.671397 0.000574377
           8     1.56463    0.671075 0.000684784
           8     1.59028    0.676046 0.000572874
           8     1.61593    0.685936 0.000558149
           8     1.64158    0.701559 0.000327471
           8     1.66723    0.722724 0.000390261
           8     1.69288    0.748793 0.000501491
           8     1.71853    0.780052 0.000403224
           8     1.74418    0.815234 0.000502602
           8     1.76983     0.85356 0.000415259
           8     1.79547    0.894807 0.000599583
           8     1.82112    0.936346 0.000499449
           8     1.84677    0.977948 0.000468978
           8     1.87242       1.019 0.000303385
           8     1.89807     1.05814 0.000606027
           8     1.92372     1.09643 0.000425486
           8     1.94937     1.13051 0.000471097
           8     1.97502     1.16095 0.000360427
           8     2.00067     1.18581 0.000442919
           8     2.02632     1.20342 0.000289825
           8     2.05197     1.21426 0.000533502
           8     2.07762     1.21494 0.000514793
           8     2.10327     1.20887 0.000487561
           8     2.12892     1.19521 0.000687225
           8     2.15457     1.17486 0.000673165
           8     2.18022     1.15089 0.000482748
           8     2.20587     1.12381 0.000574594
           8     2.23152     1.09575 0.000447829
           8     2.25717     1.06639 0.000479891
           8     2.28282     1.03899 0.000428361
           8     2.30847     1.01237 0.000336851
           8     2.33412     0.98845 0.000282752
           8     2.35977    0.965936  0.00030842
           8     2.38542    0.947038 0.000278502
           8     2.41107     0.93163 0.000331677
           8     2.43672    0.917997  0.00028041
           8     2.46237    0.908585 0.000367126
           8     2.48802    0.894983 0.000364083
           8     2.51366    0.885491 0.000200002
           8     2.53931     0.88534 0.000327819
           9           0           0           0
           9   0.0256496           0           0
           9   0.0512993           0           0
           9   0.0769489           0           0
           9    0.102599           0           0
           9    0.128248           0           0
           9    0.153898           0           0
           9    0.179547           0           0
           9    0.205197           0           0
           9    0.230847           0           0
           9    0.256496           0           0
           9    0.282146           0           0
           9    0.307796           0           0
           9    0.333445           0           0
           9    0.359095           0           0
           9    0.384745           0           0
           9    0.410394           0           0
           9    0.436044           0           0
           9    0.461694           0           0
           9    0.487343           0           0
           9    0.512993           0           0
           9    0.538642           0           0
           9    0.564292           0           0
           9    0.589942           0           0
           9    0.615591           0           0
           9    0.641241           0           0
           9    0.666891           0           0
           9     0.69254           0           0
           9     0.71819           0           0
           9     0.74384           0           0
           9    0.769489           0           0
           9    0.795139           0           0
           9    0.820788           0           0
           9    0.846438  1.1023e-05 1.71553e-06
           9    0.872088  0.00129243 1.15797e-05
           9    0.897737   0.0242409 0.000128296
           9    0.923387    0.165969 0.000356168
           9    0.949037    0.564052 0.000663802
           9    0.974686      1.2005  0.00114831
           9     1.00034     1.86111 0.000774451
           9     1.02599     2.33761 0.000941943
           9     1.05164     2.55009 0.000751611
           9     1.07728     2.54904  0.00104296
           9     1.10293     2.40897  0.00121155
           9     1.12858     2.19925  0.00103359
           9     1.15423     1.97325 0.000787452
           9     1.17988     1.75585 0.000687514
           9     1.20553     1.55934  0.00111284
           9     1.23118      1.3899 0.000842819
           9     1.25683     1.24463 0.000381918
           9     1.28248      1.1245 0.000583513
           9     1.30813     1.02392 0.000722015
           9     1.33378    0.940897 0.000794354
           9     1.35943    0.872413 0.000402306
           9     1.38508    0.817359 0.000463027
           9     1.41073    0.772864 0.000765623
           9     1.43638    0.737956 0.000448239
           9     1.46203    0.711255 0.000535741
           9     1.48768    0.691256 0.000421345
           9     1.51333    0.678544 0.000500876
           9     1.53898    0.671736 0.000609502
           9     1.56463    0.671332 0.000656609
           9     1.59028    0.676237 0.000540318
           9     1.61593    0.686079 0.000512416
           9     1.64158    0.701783 0.000365741
           9     1.66723    0.722758  0.00034581
           9     1.69288    0.748754  0.00044396
           9     1.71853    0.779868  0.00040056
           9     1.74418    0.815022 0.000491273
           9     1.76983     0.85343  0.00038868
           9     1.79547    0.894741 0.000532943
           9     1.82112    0.936041 0.000535994
           9     1.84677    0.977709 0.000477984
           9     1.87242     1.01869 0.000410766
           9     1.89807     1.05795 0.000567192
           9     1.92372     1.09587 0.000678183
           9     1.94937     1.13048 0.000416615
           9     1.97502     1.16056 0.000506413
           9     2.00067     1.18542 0.000552536
           9     2.02632     1.20306 0.000443935
           9     2.05197      1.2143 0.000472418
           9     2.07762     1.21494 0.000454011
           9     2.10327     1.20876 0.000442866
           9     2.12892     1.19497 0.000651394
           9     2.15457     1.17482 0.000594907
           9     2.18022     1.15112 0.000484115
           9     2.20587     1.12382 0.000506812
           9     2.23152     1.09591 0.000425648
           9     2.25717     1.06672 0.000541294
           9     2.28282      1.0391 0.000392755
           9     2.30847     1.01259 0.000369448
           9     2.33412    0.988646 0.000317127
           9     2.35977    0.966141 0.000340307
           9     2.38542    0.947212 0.000300791
           9     2.41107    0.931714 0.000304371
           9     2.43672    0.918235 0.000342588
           9     2.46237    0.908629 0.000326801
           9     2.48802    0.895073 0.000333502
           9     2.51366    0.885681  0.00025908
           9     2.53931    0.885534 0.000348237
          10           0           0           0
          10   0.0256496           0           0
          10   0.0512993           0           0
          10   0.0769489           0           0
          10    0.102599           0           0
          10    0.128248           0           0
          10    0.153898           0           0
          10    0.179547           0           0
          10    0.205197           0           0
          10    0.230847           0           0
          10    0.256496           0           0
          10    0.282146           0           0
          10    0.307796           0           0
          10    0.333445           0           0
          10    0.359095           0           0
          10    0.384745           0           0
          10    0.410394           0           0
          10    0.436044           0           0
          10    0.461694           0           0
          10    0.487343           0           0
          10    0.512993           0           0
          10    0.538642           0           0
          10    0.564292           0           0
          10    0.589942           0           0
          10    0.615591           0           0
          10    0.641241           0           0
          10    0.666891           0           0
          10     0.69254           0           0
          10     0.71819           0           0
          10     0.74384           0           0
          10    0.769489           0           0
          10    0.795139           0           0
          10    0.820788           0           0
          10    0.846438 1.24495e-05 2.09508e-06
          10    0.872088  0.00129323 1.03877e-05
          10    0.897737   0.0242446 0.000114809
          10    0.923387    0.165923 0.000321843
          10    0.949037    0.564269 0.000632227
          10    0.974686     1.20118  0.00123254
          10     1.00034     1.86126  0.00070841
          10     1.02599     2.33767  0.00084471
          10     1.05164     2.55035 0.000720537
          10     1.07728     2.54886 0.000948605
          10     1.10293     2.40854  0.00116412
          10     1.12858     2.19906  0.00094365
          10     1.15423     1.97342 0.000723841
          10     1.17988     1.75583 0.000615121
          10     1.20553     1.55916  0.00101041
          10     1.23118     1.38993 0.000754426
          10     1.25683     1.24468 0.000345458
          10     1.28248     1.12447 0.000522922
          10     1.30813     1.02392 0.000645808
          10     1.33378    0.940807 0.000716205
          10     1.35943    0.872348 0.000365554
          10     1.38508      0.8176 0.000479153
          10     1.41073    0.772549 0.000753898
          10     1.43638    0.738093 0.000423651
          10     1.46203    0.711047 0.000522149
          10     1.48768    0.691357 0.000390198
          10     1.51333    0.678674   0.0004664
          10     1.53898    0.671694 0.000546814
          10     1.56463     0.67123 0.000596141
          10     1.59028    0.676254 0.000483567
          10     1.61593    0.686052 0.000459116
          10     1.64158    0.701902 0.000348073
          10     1.66723    0.722651 0.000327083
          10     1.69288    0.748839 0.000406134
          10     1.71853    0.779996 0.000380572
          10     1.74418    0.815047 0.000440106
          10     1.76983    0.853568 0.000373987
          10     1.79547     0.89466 0.000483448
          10     1.82112    0.936048 0.000479453
          10     1.84677     0.97778 0.000433506
          10     1.87242     1.01863 0.000371675
          10     1.89807     1.05803 0.000513632
          10     1.92372     1.09594 0.000610349
          10     1.94937     1.13045 0.000374224
          10     1.97502     1.16067 0.000465665
          10     2.00067     1.18538 0.000495684
          10     2.02632     1.20308 0.000397678
          10     2.05197      1.2142 0.000433385
          10     2.07762     1.21488 0.000411551
          10     2.10327     1.20857 0.000440211
          10     2.12892      1.1949 0.000587375
          10     2.15457     1.17474 0.000538092
          10     2.18022       1.151 0.000450854
          10     2.20587      1.1238 0.000453521
          10     2.23152     1.09594 0.000381696
          10     2.25717     1.06671 0.000484328
          10     2.28282     1.03929 0.000403695
          10     2.30847     1.01267 0.000339799
          10     2.33412    0.988635 0.000283876
          10     2.35977    0.966228 0.000316572
          10     2.38542    0.947136 0.000279344
          10     2.41107    0.931746 0.000274107
          10     2.43672     0.91831 0.000315529
          10     2.46237    0.908574 0.000297542
          10     2.48802    0.895056 0.000298831
          10     2.51366    0.885728  0.00023637
          10     2.53931    0.885579 0.000314646
           1           0           0           0
           1    0.064633           0           0
           1    0.129266           0           0
           1    0.193899           0           0
           1    0.258532           0           0
           1    0.323165           0           0
           1    0.387798           0           0
           1    0.452431           0           0
           1    0.517064           0           0
           1    0.581697           0           0
           1     0.64633           0           0
           1    0.710963           0           0
           1    0.775596           0           0
           1     0.84023  0.00102973           0
           1    0.904863    0.148014           0
           1    0.969496     1.06175           0
           1     1.03413     2.03901           0
           1     1.09876     2.26606           0
           1     1.16339     2.09321           0
           1     1.22803     1.83153           0
           1     1.29266     1.61786           0
           1     1.35729     1.45593           0
           1     1.42193     1.33303           0
           1     1.48656     1.25425           0
           1     1.55119      1.1896           0
           1     1.61583     1.14089           0
           1     1.68046     1.11651           0
           1     1.74509     1.08568           0
           1     1.80973     1.07778           0
           1     1.87436     1.06427           0
           1     1.93899     1.05574           0
           1     2.00362     1.05802           0
           1     2.06826     1.05696           0
           1     2.13289     1.05007           0
           1     2.19752     1.04776           0
           1     2.26216     1.04398           0
           1     2.32679     1.04007           0
           1     2.39142     1.03212           0
           1     2.45606     1.02391           0
           1     2.52069     1.02108           0
           1     2.58532     1.01612           0
           1     2.64995     1.01292           0
           1     2.71459     1.00931           0
           1     2.77922     1.00918           0
           1     2.84385     1.00314           0
           1     2.90849     1.00379           0
           1     2.97312     1.00099           0
           1     3.03775     1.00027           0
           1     3.10239      1.0005           0
           1     3.16702    0.996452           0
           1     3.23165    0.994678           0
           1     3.29629    0.997828           0
           1     3.36092    0.994718           0
           1     3.42555    0.993829           0
           1     3.49018     0.99443           0
           1     3.55482    0.994636           0
           1     3.61945    0.992451           0
           1     3.68408    0.992754           0
           1     3.74872    0.990731           0
           1     3.81335    0.990867           0
           1     3.87798    0.989931           0
           1     3.94262    0.988622           0
           1     4.00725    0.989519           0
           1     4.07188    0.988331           0
           1     4.13651       0.989           0
           1     4.20115    0.988925           0
           1     4.26578    0.988428           0
           1     4.33041    0.987722           0
           1     4.39505    0.988785           0
           1     4.45968    0.988705           0
           1     4.52431    0.987503           0
           1     4.58895    0.987276           0
           1     4.65358    0.987161           0
           1     4.71821    0.986185           0
           1     4.78285    0.987405           0
           1     4.84748    0.986291           0
           1     4.91211    0.986797           0
           1     4.97674    0.986968           0
           1     5.04138    0.986438           0
           1     5.10601    0.986273           0
           1     5.17064    0.987205           0
           1     5.23528    0.988049           0
           1     5.29991    0.986585           0
           1     5.36454    0.986541           0
           1     5.42918    0.986191           0
           1     5.49381    0.985988           0
           1     5.55844    0.986729           0
           1     5.62307    0.987382           0
           1     5.68771     0.98626           0
           1     5.75234    0.986556           0
           1     5.81697    0.986395           0
           1     5.88161    0.986423           0
           1     5.94624    0.986436           0
           1     6.01087     0.98609           0
           1     6.07551    0.985967           0
           1     6.14014    0.987143           0
           1     6.20477    0.984869           0
           1      6.2694    0.986453           0
           1     6.33404    0.986243           0
           1     6.39867    0.986338           0
           2           0           0           0
           2    0.064633           0           0
           2    0.129266           0           0
           2    0.193899           0           0
           2    0.258532           0           0
           2    0.323165           0           0
           2    0.387798           0           0
           2    0.452431           0           0
           2    0.517064           0           0
           2    0.581697           0           0
           2     0.64633           0           0
           2    0.710963           0           0
           2    0.775596           0           0
           2     0.84023  0.00107164 4.19078e-05
           2    0.904863    0.146094  0.00192024
           2    0.969496     1.06425  0.00249811
           2     1.03413     2.04405  0.00504246
           2     1.09876     2.26811   0.0020561
           2     1.16339     2.09373 0.000522946
           2     1.22803     1.83219 0.000662995
           2     1.29266     1.61888  0.00102581
           2     1.35729     1.45717  0.00124192
           2     1.42193     1.33707   0.0040466
           2     1.48656     1.25418 6.91719e-05
           2     1.55119     1.18849  0.00111099
           2     1.61583     1.14255  0.00166174
           2     1.68046      1.1143  0.00221169
           2     1.74509     1.08983  0.00414797
           2     1.80973     1.07771 6.98766e-05
           2     1.87436     1.06538   0.0011125
           2     1.93899     1.05801  0.00227276
           2     2.00362     1.05677  0.00124634
           2     2.06826     1.05478  0.00217424
           2     2.13289     1.05245  0.00237902
           2     2.19752       1.047 0.000759319
           2     2.26216     1.04416 0.000181019
           2     2.32679     1.03872  0.00135023
           2     2.39142      1.0312 0.000915141
           2     2.45606     1.02404 0.000130344
           2     2.52069     1.02145 0.000366587
           2     2.58532     1.01685 0.000732686
           2     2.64995     1.01314 0.000219291
           2     2.71459      1.0092 0.000108777
           2     2.77922     1.00936 0.000186323
           2     2.84385     1.00533  0.00218393
           2     2.90849     1.00284 0.000949063
           2     2.97312     1.00187 0.000878394
           2     3.03775     1.00037 9.86937e-05
           2     3.10239    0.999611 0.000892366
           2     3.16702    0.997341 0.000888751
           2     3.23165    0.995161 0.000483664
           2     3.29629    0.996384  0.00144417
           2     3.36092    0.995152 0.000434052
           2     3.42555    0.994338 0.000509505
           2     3.49018    0.993628 0.000801885
           2     3.55482    0.994474 0.000161596
           2     3.61945    0.991073  0.00137803
           2     3.68408    0.991693  0.00106078
           2     3.74872     0.99018 0.000550849
           2     3.81335    0.991023 0.000156016
           2     3.87798    0.989803 0.000128236
           2     3.94262    0.990235  0.00161301
           2     4.00725    0.988883 0.000636012
           2     4.07188    0.988793 0.000461833
           2     4.13651    0.988982 1.73172e-05
           2     4.20115    0.988757 0.000167671
           2     4.26578     0.98786 0.000567973
           2     4.33041       0.988 0.000277671
           2     4.39505    0.988238 0.000547156
           2     4.45968    0.988677 2.87005e-05
           2     4.52431    0.987423 7.95034e-05
           2     4.58895     0.98677 0.000505408
           2     4.65358    0.987116 4.54804e-05
           2     4.71821    0.987273   0.0010883
           2     4.78285    0.986679 0.000725721
           2     4.84748    0.986777 0.000485828
           2     4.91211     0.98678 1.69736e-05
           2     4.97674    0.986485 0.000482159
           2     5.04138    0.986084 0.000354103
           2     5.10601    0.986084 0.000189465
           2     5.17064    0.986856  0.00034835
           2     5.23528    0.987295 0.000754483
           2     5.29991    0.986634 4.90762e-05
           2     5.36454    0.986248 0.000292613
           2     5.42918     0.98574 0.000451142
           2     5.49381    0.986167 0.000179784
           2     5.55844    0.986531 0.000197681
           2     5.62307    0.986141  0.00124068
           2     5.68771    0.985951 0.000308985
           2     5.75234     0.98576 0.000796111
           2     5.81697    0.986242 0.000152604
           2     5.88161    0.985919 0.000503142
           2     5.94624    0.986129 0.000307462
           2     6.01087    0.986077 1.26112e-05
           2     6.07551    0.985936 3.10476e-05
           2     6.14014    0.986536 0.000607059
           2     6.20477    0.985116 0.000246867
           2      6.2694    0.985307   0.0011461
           2     6.33404    0.986054 0.000188227
           2     6.39867    0.985973 0.000364956
           3           0           0           0
           3    0.064633           0           0
           3    0.129266           0           0
           3    0.193899           0           0
           3    0.258532           0           0
           3    0.323165           0           0
           3    0.387798           0           0
           3    0.452431           0           0
           3    0.517064           0           0
           3    0.581697           0           0
           3     0.64633           0           0
           3    0.710963           0           0
           3    0.775596           0           0
           3     0.84023  0.00102175 5.54477e-05
           3    0.904863    0.147046  0.00146096
           3    0.969496      1.0637  0.00154291
           3     1.03413     2.04296  0.00310872
           3     1.09876     2.26545  0.00291241
           3     1.16339     2.09262  0.00115411
           3     1.22803     1.83172 0.000607436
           3     1.29266     1.61793  0.00111918
           3     1.35729     1.45752 0.000798329
           3     1.42193     1.33539   0.0028815
           3     1.48656     1.25365 0.000538389
           3     1.55119     1.19097  0.00255534
           3     1.61583     1.14354  0.00138125
           3     1.68046     1.11234  0.00234004
           3     1.74509     1.08992  0.00239651
           3     1.80973     1.07672 0.000991635
           3     1.87436      1.0662  0.00104018
           3     1.93899      1.0588  0.00153267
           3     2.00362     1.05735 0.000920374
           3     2.06826     1.05461  0.00126659
           3     2.13289     1.05195  0.00145991
           3     2.19752     1.04717  0.00046844
           3     2.26216     1.04445 0.000305683
           3     2.32679     1.03887 0.000795484
           3     2.39142     1.03105  0.00055091
           3     2.45606     1.02427 0.000242935
           3     2.52069     1.02133 0.000244158
           3     2.58532     1.01815  0.00136425
           3     2.64995     1.01318 0.000130934
           3     2.71459     1.00977 0.000576324
           3     2.77922     1.00895 0.000427364
           3     2.84385     1.00571  0.00131786
           3     2.90849      1.0037  0.00102251
           3     2.97312     1.00166 0.000548903
           3     3.03775     1.00006 0.000313241
           3     3.10239    0.999539 0.000520162
           3     3.16702    0.998228  0.00102496
           3     3.23165    0.995581 0.000504147
           3     3.29629    0.996651 0.000875529
           3     3.36092    0.995008 0.000289236
           3     3.42555    0.994525 0.000348773
           3     3.49018     0.99444 0.000934863
           3     3.55482    0.994058 0.000426371
           3     3.61945    0.991605 0.000956996
           3     3.68408    0.991315 0.000719716
           3     3.74872    0.991097 0.000970602
           3     3.81335    0.990945 0.000118958
           3     3.87798    0.989905 0.000125871
           3     3.94262    0.990044 0.000950533
           3     4.00725     0.98964 0.000841454
           3     4.07188     0.98936 0.000626285
           3     4.13651    0.989343 0.000361351
           3     4.20115      0.9884 0.000369861
           3     4.26578     0.98798 0.000349033
           3     4.33041    0.987974 0.000162401
           3     4.39505    0.988898 0.000731341
           3     4.45968     0.98891 0.000233883
           3     4.52431    0.987884  0.00046334
           3     4.58895    0.987268 0.000576827
           3     4.65358    0.987172 6.19781e-05
           3     4.71821    0.987703 0.000761294
           3     4.78285    0.986577 0.000431296
           3     4.84748    0.987326  0.00061641
           3     4.91211    0.987186 0.000405683
           3     4.97674    0.986483 0.000278386
           3     5.04138    0.986427 0.000398903
           3     5.10601    0.986362 0.000299505
           3     5.17064    0.986658 0.000282374
           3     5.23528    0.986904 0.000585028
           3     5.29991    0.986823 0.000190829
           3     5.36454    0.986388 0.000219222
           3     5.42918    0.986254 0.000575615
           3     5.49381    0.986536 0.000383059
           3     5.55844    0.986289 0.000268207
           3     5.62307    0.986044 0.000722865
           3     5.68771    0.985722  0.00028976
           3     5.75234    0.985864 0.000471319
           3     5.81697    0.986259 8.96509e-05
           3     5.88161    0.985676 0.000378773
           3     5.94624     0.98644  0.00035783
           3     6.01087    0.985693 0.000384024
           3     6.07551       0.986 6.65905e-05
           3     6.14014    0.985984 0.000654343
           3     6.20477    0.985283 0.000219553
           3      6.2694    0.985567 0.000710954
           3     6.33404    0.985951 0.000150002
           3     6.39867    0.986113 0.000253319
           4           0           0           0
           4    0.064633           0           0
           4    0.129266           0           0
           4    0.193899           0           0
           4    0.258532           0           0
           4    0.323165           0           0
           4    0.387798           0           0
           4    0.452431           0           0
           4    0.517064           0           0
           4    0.581697           0           0
           4     0.64633           0           0
           4    0.710963           0           0
           4    0.775596           0           0
           4     0.84023 0.000984833 5.38537e-05
           4    0.904863     0.14775  0.00125018
           4    0.969496     1.06227  0.00179864
           4     1.03413     2.04404   0.0024484
           4     1.09876     2.26477  0.00216857
           4     1.16339      2.0922 0.000915567
           4     1.22803     1.83094 0.000892707
           4     1.29266     1.61888  0.00123416
           4     1.35729      1.4566  0.00107639
           4     1.42193     1.33687  0.00252128
           4     1.48656     1.25224  0.00145361
           4     1.55119     1.19113   0.0018144
           4     1.61583     1.14381  0.00101228
           4     1.68046     1.11393  0.00229603
           4     1.74509     1.09137    0.002232
           4     1.80973     1.07704  0.00077171
           4     1.87436     1.06602  0.00075868
           4     1.93899     1.05942  0.00124863
           4     2.00362     1.05768 0.000733629
           4     2.06826     1.05543  0.00121348
           4     2.13289     1.05273  0.00129164
           4     2.19752     1.04713 0.000333576
           4     2.26216     1.04473 0.000353418
           4     2.32679     1.03891 0.000563629
           4     2.39142      1.0311 0.000392562
           4     2.45606     1.02538  0.00112468
           4     2.52069     1.02199 0.000679225
           4     2.58532     1.01821  0.00096676
           4     2.64995     1.01368 0.000517182
           4     2.71459     1.01004 0.000485774
           4     2.77922     1.00872 0.000381793
           4     2.84385     1.00587 0.000945823
           4     2.90849     1.00384 0.000735821
           4     2.97312     1.00213 0.000612464
           4     3.03775     1.00006 0.000221495
           4     3.10239    0.999706 0.000403843
           4     3.16702     0.99818 0.000726354
           4     3.23165    0.996117 0.000643743
           4     3.29629    0.996792 0.000635029
           4     3.36092    0.994741 0.000335904
           4     3.42555    0.994253 0.000367613
           4     3.49018    0.994256 0.000686209
           4     3.55482    0.993629 0.000524032
           4     3.61945    0.991643 0.000677736
           4     3.68408    0.991074 0.000563171
           4     3.74872     0.99102 0.000690682
           4     3.81335    0.990663 0.000294544
           4     3.87798    0.989638 0.000281312
           4     3.94262    0.990134 0.000678063
           4     4.00725    0.989865  0.00063597
           4     4.07188    0.989221 0.000464101
           4     4.13651    0.989253 0.000271046
           4     4.20115    0.987795 0.000659611
           4     4.26578    0.988331 0.000429625
           4     4.33041    0.987873 0.000152709
           4     4.39505    0.988788 0.000528705
           4     4.45968    0.988706 0.000262813
           4     4.52431    0.987681 0.000385426
           4     4.58895    0.987304 0.000409475
           4     4.65358    0.987049 0.000130585
           4     4.71821    0.987549 0.000559754
           4     4.78285    0.986525 0.000309394
           4     4.84748     0.98736 0.000437224
           4     4.91211    0.987068 0.000310126
           4     4.97674    0.986479 0.000196885
           4     5.04138    0.986416 0.000282265
           4     5.10601     0.98612 0.000321604
           4     5.17064    0.986571 0.000217891
           4     5.23528    0.986847 0.000417661
           4     5.29991    0.986675 0.000200144
           4     5.36454    0.986573 0.000241602
           4     5.42918    0.986462 0.000457421
           4     5.49381    0.986493  0.00027424
           4     5.55844    0.986305 0.000190362
           4     5.62307    0.985986 0.000514349
           4     5.68771    0.985838  0.00023504
           4     5.75234    0.985928 0.000339312
           4     5.81697    0.986218 7.50438e-05
           4     5.88161    0.985919 0.000361384
           4     5.94624    0.986295  0.00029139
           4     6.01087    0.986174 0.000552117
           4     6.07551    0.985949 6.92278e-05
           4     6.14014    0.985649 0.000570945
           4     6.20477    0.985304 0.000156648
           4      6.2694    0.985389 0.000533541
           4     6.33404    0.985779 0.000202145
           4     6.39867    0.986109 0.000179182
           5           0           0           0
           5    0.064633           0           0
           5    0.129266           0           0
           5    0.193899           0           0
           5    0.258532           0           0
           5    0.323165           0           0
           5    0.387798           0           0
           5    0.452431           0           0
           5    0.517064           0           0
           5    0.581697           0           0
           5     0.64633           0           0
           5    0.710963           0           0
           5    0.775596           0           0
           5     0.84023  0.00102255 5.62379e-05
           5    0.904863    0.147896 0.000979381
           5    0.969496     1.06253   0.0014165
           5     1.03413     2.04105  0.00353483
           5     1.09876      2.2624  0.00291105
           5     1.16339     2.09054  0.00180841
           5     1.22803      1.8303 0.000941062
           5     1.29266     1.61943  0.00110422
           5     1.35729     1.45618 0.000932532
           5     1.42193     1.33555  0.00235967
           5     1.48656     1.25184  0.00119484
           5     1.55119     1.19092  0.00142042
           5     1.61583     1.14342 0.000874962
           5     1.68046     1.11344  0.00184519
           5     1.74509     1.09084  0.00180734
           5     1.80973     1.07674 0.000669576
           5     1.87436     1.06669 0.000891972
           5     1.93899     1.05965 0.000994341
           5     2.00362     1.05729 0.000692704
           5     2.06826     1.05438   0.0014109
           5     2.13289     1.05202  0.00122903
           5     2.19752     1.04678 0.000430735
           5     2.26216     1.04375  0.00101486
           5     2.32679     1.03835 0.000712857
           5     2.39142     1.03116  0.00031157
           5     2.45606     1.02567 0.000917938
           5     2.52069     1.02173 0.000586169
           5     2.58532     1.01776 0.000874098
           5     2.64995      1.0132 0.000625283
           5     2.71459     1.00976 0.000464935
           5     2.77922     1.00824 0.000558397
           5     2.84385     1.00593 0.000734862
           5     2.90849      1.0037 0.000587181
           5     2.97312     1.00116  0.00108463
           5     3.03775     0.99987 0.000255989
           5     3.10239    0.999622 0.000324016
           5     3.16702    0.997832 0.000661589
           5     3.23165    0.995998 0.000512543
           5     3.29629    0.995865  0.00104982
           5     3.36092    0.994409 0.000421992
           5     3.42555     0.99441 0.000325206
           5     3.49018    0.994107 0.000552219
           5     3.55482    0.993288 0.000530195
           5     3.61945    0.991624 0.000525295
           5     3.68408    0.990913 0.000465067
           5     3.74872    0.991027 0.000535054
           5     3.81335    0.990545 0.000256719
           5     3.87798    0.989514 0.000250524
           5     3.94262    0.989837 0.000603157
           5     4.00725    0.990001 0.000511013
           5     4.07188    0.989123 0.000372503
           5     4.13651     0.98948 0.000309293
           5     4.20115     0.98795 0.000533985
           5     4.26578    0.988421 0.000344727
           5     4.33041    0.987795 0.000141549
           5     4.39505    0.988364 0.000589335
           5     4.45968    0.988537 0.000264535
           5     4.52431    0.987663 0.000299089
           5     4.58895    0.987494 0.000369476
           5     4.65358    0.987311 0.000281042
           5     4.71821     0.98755 0.000433584
           5     4.78285    0.986483 0.000243248
           5     4.84748    0.987153 0.000397167
           5     4.91211    0.987258 0.000306448
           5     4.97674    0.986319 0.000220898
           5     5.04138    0.986468 0.000224652
           5     5.10601    0.986279 0.000295029
           5     5.17064    0.986532 0.000173269
           5     5.23528    0.986806 0.000326111
           5     5.29991    0.986679 0.000155093
           5     5.36454    0.986593 0.000188138
           5     5.42918    0.986451 0.000354499
           5     5.49381    0.986283 0.000298836
           5     5.55844    0.986315 0.000147757
           5     5.62307    0.986196  0.00045001
           5     5.68771    0.985709 0.000223083
           5     5.75234    0.986071 0.000299008
           5     5.81697    0.986152 8.84294e-05
           5     5.88161    0.985892 0.000281226
           5     5.94624    0.986344 0.000230834
           5     6.01087    0.986244  0.00043333
           5     6.07551    0.985904 7.04262e-05
           5     6.14014    0.985769 0.000458121
           5     6.20477    0.985396 0.000152512
           5      6.2694    0.985399 0.000413405
           5     6.33404    0.985732 0.000163339
           5     6.39867    0.985832 0.000309445
           6           0           0           0
           6    0.064633           0           0
           6    0.129266           0           0
           6    0.193899           0           0
           6    0.258532           0           0
           6    0.323165           0           0
           6    0.387798           0           0
           6    0.452431           0           0
           6    0.517064           0           0
           6    0.581697           0           0
           6     0.64633           0           0
           6    0.710963           0           0
           6    0.775596           0           0
           6     0.84023  0.00102375 4.59337e-05
           6    0.904863    0.147431 0.000924863
           6    0.969496     1.06255  0.00115675
           6     1.03413     2.03897  0.00356121
           6     1.09876     2.26248  0.00237847
           6     1.16339     2.09044  0.00148018
           6     1.22803     1.82976    0.000941
           6     1.29266     1.61978 0.000965673
           6     1.35729     1.45491  0.00148489
           6     1.42193     1.33539  0.00193294
           6     1.48656     1.25158  0.00101151
           6     1.55119     1.19061  0.00120269
           6     1.61583     1.14288 0.000893329
           6     1.68046     1.11313  0.00153849
           6     1.74509     1.08948  0.00200938
           6     1.80973     1.07595  0.00095716
           6     1.87436     1.06624 0.000856023
           6     1.93899     1.05926 0.000902638
           6     2.00362     1.05693  0.00066856
           6     2.06826     1.05438  0.00115199
           6     2.13289     1.05161  0.00108246
           6     2.19752     1.04664 0.000379977
           6     2.26216     1.04396 0.000855902
           6     2.32679     1.03734  0.00116036
           6     2.39142     1.03084 0.000413517
           6     2.45606     1.02602 0.000829777
           6     2.52069      1.0216  0.00049536
           6     2.58532     1.01743 0.000787451
           6     2.64995     1.01294 0.000575185
           6     2.71459     1.00982  0.00038397
           6     2.77922     1.00787 0.000587532
           6     2.84385     1.00581 0.000611371
           6     2.90849     1.00326 0.000648348
           6     2.97312     1.00123 0.000888197
           6     3.03775     1.00006 0.000283598
           6     3.10239    0.998927 0.000743063
           6     3.16702    0.997392  0.00069676
           6     3.23165    0.995591 0.000584098
           6     3.29629    0.995869  0.00085719
           6     3.36092    0.994568 0.000379514
           6     3.42555    0.994227 0.000322385
           6     3.49018    0.993614 0.000668029
           6     3.55482    0.993188 0.000444367
           6     3.61945    0.991307 0.000533499
           6     3.68408    0.991349 0.000578724
           6     3.74872    0.990621 0.000596237
           6     3.81335    0.990262 0.000352575
           6     3.87798    0.989276 0.000314037
           6     3.94262    0.989543  0.00057375
           6     4.00725     0.98954 0.000621329
           6     4.07188    0.988892 0.000382093
           6     4.13651    0.989547 0.000261321
           6     4.20115     0.98796 0.000436112
           6     4.26578     0.98846 0.000284088
           6     4.33041    0.987741 0.000127628
           6     4.39505    0.988136  0.00053218
           6     4.45968    0.988294 0.000325183
           6     4.52431    0.987719 0.000250421
           6     4.58895    0.987578 0.000313244
           6     4.65358    0.987281 0.000231471
           6     4.71821    0.987402 0.000383448
           6     4.78285    0.986373 0.000226807
           6     4.84748    0.987084 0.000331556
           6     4.91211    0.987273 0.000250671
           6     4.97674    0.986601 0.000334155
           6     5.04138    0.986696 0.000292969
           6     5.10601    0.986286 0.000241018
           6     5.17064    0.986513 0.000142744
           6     5.23528    0.986804 0.000266279
           6     5.29991    0.986695  0.00012759
           6     5.36454     0.98659  0.00015364
           6     5.42918    0.986479 0.000290827
           6     5.49381     0.98601 0.000366424
           6     5.55844     0.98624 0.000141879
           6     5.62307    0.986293 0.000380153
           6     5.68771    0.985629 0.000198847
           6     5.75234    0.986105 0.000246545
           6     5.81697    0.986222 0.000100885
           6     5.88161    0.986142 0.000339527
           6     5.94624    0.986394 0.000195197
           6     6.01087    0.986362 0.000373226
           6     6.07551    0.985941 6.84424e-05
           6     6.14014    0.985719 0.000377325
           6     6.20477    0.985399 0.000124571
           6      6.2694     0.98547 0.000344884
           6     6.33404    0.985787 0.000144217
           6     6.39867    0.986041  0.00032789
           7           0           0           0
           7    0.064633           0           0
           7    0.129266           0           0
           7    0.193899           0           0
           7    0.258532           0           0
           7    0.323165           0           0
           7    0.387798           0           0
           7    0.452431           0           0
           7    0.517064           0           0
           7    0.581697           0           0
           7     0.64633           0           0
           7    0.710963           0           0
           7    0.775596           0           0
           7     0.84023  0.00101776   3.928e-05
           7    0.904863    0.147358 0.000785137
           7    0.969496     1.06262 0.000980077
           7     1.03413     2.03789  0.00319579
           7     1.09876     2.26311  0.00210645
           7     1.16339     2.09026  0.00126292
           7     1.22803     1.83078  0.00129339
           7     1.29266     1.61842  0.00158171
           7     1.35729     1.45512  0.00127307
           7     1.42193     1.33467  0.00178691
           7     1.48656     1.25188  0.00090594
           7     1.55119     1.19024  0.00107935
           7     1.61583     1.14249  0.00085102
           7     1.68046      1.1131   0.0013005
           7     1.74509     1.08951  0.00169841
           7     1.80973     1.07533  0.00101847
           7     1.87436     1.06567  0.00091663
           7     1.93899     1.05966 0.000861738
           7     2.00362      1.0572 0.000626879
           7     2.06826     1.05457 0.000991387
           7     2.13289     1.05101  0.00109451
           7     2.19752     1.04692 0.000427132
           7     2.26216     1.04299  0.00121609
           7     2.32679     1.03758  0.00100813
           7     2.39142     1.03127 0.000557919
           7     2.45606     1.02615 0.000711607
           7     2.52069     1.02159 0.000418854
           7     2.58532     1.01741   0.0006657
           7     2.64995     1.01263 0.000578613
           7     2.71459      1.0101 0.000429838
           7     2.77922     1.00785 0.000496892
           7     2.84385     1.00576 0.000518844
           7     2.90849     1.00312 0.000565376
           7     2.97312     1.00152 0.000804416
           7     3.03775    0.999952 0.000263531
           7     3.10239    0.998829 0.000635597
           7     3.16702    0.997388  0.00058888
           7     3.23165    0.995591 0.000493653
           7     3.29629    0.995696 0.000744844
           7     3.36092     0.99435 0.000387758
           7     3.42555    0.994508 0.000391219
           7     3.49018    0.993569 0.000566317
           7     3.55482    0.993312 0.000395653
           7     3.61945     0.99125 0.000454456
           7     3.68408    0.991599  0.00054903
           7     3.74872     0.99063 0.000503988
           7     3.81335    0.990601 0.000451029
           7     3.87798    0.989183 0.000281204
           7     3.94262    0.989773 0.000536821
           7     4.00725    0.989685 0.000544644
           7     4.07188     0.98889 0.000322933
           7     4.13651    0.989404 0.000263041
           7     4.20115     0.98817 0.000424192
           7     4.26578    0.988217 0.000341637
           7     4.33041    0.987866  0.00016484
           7     4.39505    0.988218 0.000457158
           7     4.45968     0.98812  0.00032543
           7     4.52431    0.987788 0.000222541
           7     4.58895    0.987432 0.000302515
           7     4.65358    0.987162 0.000228952
           7     4.71821    0.987597 0.000378057
           7     4.78285    0.986453 0.000207584
           7     4.84748    0.986761 0.000427487
           7     4.91211    0.987168 0.000236402
           7     4.97674    0.986663   0.0002893
           7     5.04138    0.986667 0.000249267
           7     5.10601    0.985999 0.000351992
           7     5.17064    0.986636 0.000172333
           7     5.23528    0.986706 0.000245387
           7     5.29991     0.98644 0.000276564
           7     5.36454    0.986746  0.00020264
           7     5.42918    0.986341 0.000281883
           7     5.49381    0.986029  0.00031032
           7     5.55844    0.986126 0.000165641
           7     5.62307    0.986388 0.000334945
           7     5.68771    0.985568 0.000178716
           7     5.75234    0.985964 0.000251576
           7     5.81697    0.986067 0.000177034
           7     5.88161    0.986235  0.00030166
           7     5.94624     0.98627 0.000206487
           7     6.01087    0.986158 0.000375634
           7     6.07551    0.985737 0.000211559
           7     6.14014    0.985804 0.000330004
           7     6.20477    0.985361  0.00011206
           7      6.2694    0.985327 0.000324358
           7     6.33404    0.985836 0.000131344
           7     6.39867    0.985976 0.000284662
           8           0           0           0
           8    0.064633           0           0
           8    0.129266           0           0
           8    0.193899           0           0
           8    0.258532           0           0
           8    0.323165           0           0
           8    0.387798           0           0
           8    0.452431           0           0
           8    0.517064           0           0
           8    0.581697           0           0
           8     0.64633           0           0
           8    0.710963           0           0
           8    0.775596           0           0
           8     0.84023 0.000983336 4.83964e-05
           8    0.904863    0.147501 0.000694842
           8    0.969496      1.0625  0.00085715
           8     1.03413      2.0378  0.00276928
           8     1.09876      2.2654  0.00292183
           8     1.16339     2.08877  0.00184891
           8     1.22803     1.83114  0.00117641
           8     1.29266      1.6188  0.00141956
           8     1.35729     1.45486  0.00113284
           8     1.42193     1.33518  0.00162941
           8     1.48656     1.25228 0.000883715
           8     1.55119     1.18982  0.00102478
           8     1.61583      1.1429 0.000843186
           8     1.68046     1.11277  0.00117362
           8     1.74509     1.09005  0.00156956
           8     1.80973     1.07541 0.000885656
           8     1.87436     1.06496  0.00106626
           8     1.93899     1.06032 0.000996212
           8     2.00362     1.05748 0.000609876
           8     2.06826     1.05516  0.00104363
           8     2.13289     1.05125 0.000977885
           8     2.19752     1.04709 0.000406317
           8     2.26216     1.04291  0.00105628
           8     2.32679     1.03739 0.000892549
           8     2.39142     1.03152  0.00054478
           8     2.45606     1.02605 0.000623413
           8     2.52069     1.02135 0.000432842
           8     2.58532     1.01738 0.000577494
           8     2.64995     1.01237 0.000561891
           8     2.71459     1.01016 0.000376727
           8     2.77922     1.00803 0.000465165
           8     2.84385     1.00552 0.000509716
           8     2.90849     1.00338 0.000549879
           8     2.97312     1.00186 0.000775637
           8     3.03775    0.999707 0.000335151
           8     3.10239    0.998931  0.00055974
           8     3.16702    0.997699 0.000597324
           8     3.23165    0.995863 0.000507025
           8     3.29629     0.99534 0.000736749
           8     3.36092    0.994494 0.000365264
           8     3.42555     0.99447  0.00034094
           8     3.49018     0.99362 0.000493051
           8     3.55482    0.993235  0.00035123
           8     3.61945    0.991476 0.000453746
           8     3.68408    0.991571   0.0004763
           8     3.74872    0.990854 0.000490296
           8     3.81335    0.990659 0.000394986
           8     3.87798      0.9892  0.00024415
           8     3.94262     0.98981 0.000466394
           8     4.00725    0.989327 0.000591979
           8     4.07188    0.989008 0.000303499
           8     4.13651    0.989277 0.000260825
           8     4.20115    0.988172 0.000367367
           8     4.26578    0.988264 0.000299669
           8     4.33041    0.987852 0.000143414
           8     4.39505    0.988237  0.00039637
           8     4.45968    0.988095  0.00028286
           8     4.52431    0.987818 0.000195169
           8     4.58895    0.987227 0.000332736
           8     4.65358    0.987226 0.000208399
           8     4.71821     0.98743 0.000367572
           8     4.78285    0.986595 0.000228793
           8     4.84748    0.986545 0.000428807
           8     4.91211    0.987012 0.000257638
           8     4.97674    0.986499 0.000299609
           8     5.04138    0.986733 0.000225694
           8     5.10601    0.985983 0.000305258
           8     5.17064    0.986476 0.000218736
           8     5.23528    0.986592 0.000240809
           8     5.29991    0.986244 0.000309726
           8     5.36454    0.986608 0.000223257
           8     5.42918    0.986174  0.00029572
           8     5.49381    0.986001 0.000270299
           8     5.55844    0.986053 0.000160829
           8     5.62307    0.986397 0.000290215
           8     5.68771    0.985484  0.00017608
           8     5.75234    0.985972 0.000218007
           8     5.81697    0.985922 0.000211264
           8     5.88161    0.986256 0.000262043
           8     5.94624    0.986206 0.000189839
           8     6.01087    0.986051 0.000342579
           8     6.07551    0.985629 0.000212868
           8     6.14014     0.98566 0.000320191
           8     6.20477    0.985476 0.000150174
           8      6.2694    0.985376 0.000285044
           8     6.33404    0.985619 0.000245405
           8     6.39867    0.985965 0.000246749
           9           0           0           0
           9    0.064633           0           0
           9    0.129266           0           0
           9    0.193899           0           0
           9    0.258532           0           0
           9    0.323165           0           0
           9    0.387798           0           0
           9    0.452431           0           0
           9    0.517064           0           0
           9    0.581697           0           0
           9     0.64633           0           0
           9    0.710963           0           0
           9    0.775596           0           0
           9     0.84023 0.000997804 4.50672e-05
           9    0.904863    0.147923  0.00074443
           9    0.969496     1.06187 0.000980788
           9     1.03413     2.03863  0.00258088
           9     1.09876     2.26519   0.0025851
           9     1.16339      2.0884  0.00167158
           9     1.22803     1.83092  0.00106051
           9     1.29266     1.61903  0.00127305
           9     1.35729     1.45466  0.00101888
           9     1.42193     1.33512  0.00143839
           9     1.48656     1.25145   0.0011382
           9     1.55119      1.1896 0.000929883
           9     1.61583     1.14319 0.000799483
           9     1.68046     1.11325  0.00114094
           9     1.74509     1.08999   0.0013856
           9     1.80973     1.07555 0.000793153
           9     1.87436     1.06486   0.0009455
           9     1.93899     1.05996 0.000949158
           9     2.00362     1.05802 0.000759414
           9     2.06826     1.05555 0.000999269
           9     2.13289     1.05176   0.0010043
           9     2.19752     1.04763 0.000650089
           9     2.26216     1.04322 0.000982087
           9     2.32679     1.03767 0.000836191
           9     2.39142     1.03151 0.000480762
           9     2.45606     1.02617 0.000562273
           9     2.52069     1.02172 0.000527689
           9     2.58532     1.01759 0.000551631
           9     2.64995      1.0127 0.000595138
           9     2.71459     1.01027 0.000350372
           9     2.77922     1.00804 0.000410301
           9     2.84385     1.00562 0.000458942
           9     2.90849     1.00357 0.000523298
           9     2.97312     1.00208  0.00072069
           9     3.03775    0.999981  0.00040273
           9     3.10239    0.999073 0.000513755
           9     3.16702    0.997614  0.00053359
           9     3.23165    0.995803 0.000451139
           9     3.29629    0.995447 0.000658458
           9     3.36092    0.994804 0.000447285
           9     3.42555    0.994648 0.000349766
           9     3.49018    0.993703 0.000442708
           9     3.55482    0.993354 0.000331902
           9     3.61945    0.991577 0.000412755
           9     3.68408    0.991545 0.000420851
           9     3.74872    0.990984 0.000451802
           9     3.81335    0.990819 0.000383447
           9     3.87798     0.98946  0.00033763
           9     3.94262    0.989822 0.000411478
           9     4.00725     0.98942 0.000530328
           9     4.07188    0.989099 0.000282832
           9     4.13651    0.989076 0.000305788
           9     4.20115     0.98827 0.000338556
           9     4.26578    0.988269 0.000264332
           9     4.33041    0.988021 0.000211095
           9     4.39505    0.988398 0.000384556
           9     4.45968    0.988061 0.000251787
           9     4.52431    0.987896 0.000188837
           9     4.58895    0.987374  0.00032856
           9     4.65358    0.987325 0.000208847
           9     4.71821    0.987518 0.000335926
           9     4.78285    0.986662 0.000212824
           9     4.84748    0.986501 0.000380692
           9     4.91211    0.986987 0.000228581
           9     4.97674    0.986529 0.000265919
           9     5.04138    0.986866 0.000239577
           9     5.10601    0.986005 0.000270106
           9     5.17064    0.986418 0.000201516
           9     5.23528    0.986518 0.000224906
           9     5.29991    0.986209 0.000275366
           9     5.36454     0.98661 0.000196915
           9     5.42918    0.986257 0.000273543
           9     5.49381     0.98594 0.000245915
           9     5.55844    0.985927 0.000189724
           9     5.62307    0.986328 0.000264961
           9     5.68771    0.985575 0.000180007
           9     5.75234    0.986018  0.00019782
           9     5.81697    0.985911 0.000186622
           9     5.88161    0.986195  0.00023895
           9     5.94624    0.986132 0.000183015
           9     6.01087    0.986175 0.000326674
           9     6.07551    0.985619 0.000187997
           9     6.14014    0.985749 0.000296282
           9     6.20477    0.985512 0.000137245
           9      6.2694    0.985392 0.000251924
           9     6.33404    0.985605 0.000216848
           9     6.39867    0.985981 0.000218188
          10           0           0           0
          10    0.064633           0           0
          10    0.129266           0           0
          10    0.193899           0           0
          10    0.258532           0           0
          10    0.323165           0           0
          10    0.387798           0           0
          10    0.452431           0           0
          10    0.517064           0           0
          10    0.581697           0           0
          10     0.64633           0           0
          10    0.710963           0           0
          10    0.775596           0           0
          10     0.84023  0.00100818 4.16236e-05
          10    0.904863    0.147782 0.000680686
          10    0.969496     1.06239  0.00101943
          10     1.03413     2.04031  0.00285645
          10     1.09876     2.26613  0.00249511
          10     1.16339      2.0877   0.0016541
          10     1.22803     1.83105 0.000957672
          10     1.29266     1.61768  0.00176575
          10     1.35729     1.45486 0.000931978
          10     1.42193     1.33491  0.00130358
          10     1.48656     1.25064  0.00130087
          10     1.55119     1.18946 0.000844172
          10     1.61583       1.143  0.00074132
          10     1.68046     1.11296  0.00106223
          10     1.74509     1.08943  0.00136058
          10     1.80973     1.07485 0.000996435
          10     1.87436     1.06506 0.000867223
          10     1.93899     1.06008 0.000857399
          10     2.00362     1.05801  0.00067925
          10     2.06826      1.0555 0.000895078
          10     2.13289     1.05193  0.00091349
          10     2.19752     1.04764  0.00058148
          10     2.26216     1.04332 0.000884598
          10     2.32679      1.0378 0.000758275
          10     2.39142     1.03152 0.000430321
          10     2.45606     1.02642 0.000561122
          10     2.52069     1.02152 0.000511331
          10     2.58532     1.01748 0.000504507
          10     2.64995     1.01268 0.000532954
          10     2.71459     1.00988  0.00049757
          10     2.77922     1.00793 0.000382954
          10     2.84385     1.00546 0.000439205
          10     2.90849     1.00351 0.000472034
          10     2.97312     1.00191 0.000668954
          10     3.03775     1.00036 0.000521589
          10     3.10239    0.998892 0.000494011
          10     3.16702    0.997647 0.000478398
          10     3.23165    0.995959 0.000432449
          10     3.29629     0.99524 0.000624452
          10     3.36092    0.994755 0.000403065
          10     3.42555    0.994605 0.000315845
          10     3.49018    0.993569 0.000418262
          10     3.55482     0.99312 0.000377994
          10     3.61945    0.991833 0.000448982
          10     3.68408    0.991444 0.000389761
          10     3.74872    0.991001 0.000404425
          10     3.81335    0.990654 0.000380755
          10     3.87798    0.989303 0.000340596
          10     3.94262    0.989736 0.000377997
          10     4.00725    0.989463 0.000476252
          10     4.07188    0.989066 0.000255223
          10     4.13651    0.989027 0.000277839
          10     4.20115    0.988194 0.000312291
          10     4.26578    0.988135 0.000272106
          10     4.33041    0.988065 0.000193884
          10     4.39505    0.988209  0.00039242
          10     4.45968    0.987953 0.000250079
          10     4.52431    0.987969 0.000184154
          10     4.58895    0.987366 0.000294002
          10     4.65358    0.987368  0.00019162
          10     4.71821    0.987409 0.000319674
          10     4.78285     0.98663 0.000193007
          10     4.84748    0.986578 0.000349049
          10     4.91211    0.987031 0.000209166
          10     4.97674    0.986547 0.000238502
          10     5.04138    0.986799 0.000224662
          10     5.10601    0.985949 0.000247958
          10     5.17064    0.986198 0.000283715
          10     5.23528    0.986544 0.000202745
          10     5.29991    0.986165 0.000250287
          10     5.36454    0.986413 0.000264906
          10     5.42918    0.986267  0.00024489
          10     5.49381    0.985984 0.000224367
          10     5.55844    0.985941 0.000170262
          10     5.62307    0.986264 0.000245667
          10     5.68771    0.985622 0.000167581
          10     5.75234    0.986004  0.00017753
          10     5.81697    0.985924 0.000167391
          10     5.88161    0.986269 0.000226374
          10     5.94624    0.986166 0.000167176
          10     6.01087    0.986055 0.000316132
          10     6.07551    0.985668 0.000175112
          10     6.14014     0.98586 0.000287341
          10     6.20477    0.985607 0.000155469
          10      6.2694    0.985518 0.000257912
          10     6.33404    0.985536 0.000205811
          10     6.39867    0.985821  0.00025241
